Transcription Factor ID,Transcription Factor Name,Deficit,No. Search Sites,Mean Sites Per Search Gene,No. Background Sites,Mean Sites Per Background Gene,Site Representation,Mann-Whitney U,Site P-Value,Total No. Search Genes,No. Transcription Factor Search Genes,Total No. Background Genes,No. Transcription Factor Background Genes,Gene Representation,Gene P-Value,Average Log2 Proportion Bound,Log2 Enrichment,Significance Score
MA0067.1,Pax2,0.02,37,0.6,5083,0.4,Up,440297.5,0.038171775239358,63,30,12142,3880,Up,0.009882015167299,-1.351849187857234,0.587803677295908,2.005154483874113
MA0597.1,THAP1,0.08,723,11.5,121985,10,Up,440297,0.038173443441488,63,62,12142,12124,Down,0.093714884133821,-0.01252031748882,-0.020760169242518,-1.028191427427763
MA1642.1,NEUROG2(var.2),0.15,89,1.4,16069,1.3,Up,388923,0.817134434529439,63,41,12142,8582,Down,0.333293125054277,-0.557120442245853,-0.113049626358776,-0.477173644580648
MA1471.1,BARX2,0.14,130,2.1,37239,3.1,Down,482977,3.144888434157833E-4,63,42,12142,10261,Down,3.873132321007215E-4,-0.411058800570083,-0.336469900128761,-3.411937665600639
MA0885.1,Dlx2,0.05,225,3.6,49747,4.1,Down,441404,0.034628732514663,63,51,12142,10947,Down,0.030246237512577,-0.225824098080009,-0.152720123017876,-1.51932864181001
MA0647.1,GRHL1,0.1,0,0,971,0.1,Down,405121.5,0.41682170714349,63,0,12142,719,Down,0.052394331387742,-5.532805837971476,-2.911757697601379,-1.280715697371119
MA1655.1,ZNF341,0.15,88,1.4,15640,1.3,Up,410920,0.307812166168418,63,51,12142,8635,Up,0.094554491207909,-0.39694901393117,0.189529708684444,1.02431783794017
MA1485.1,FERD3L,0.04,1,0,39,0,Up,387377.5,0.860430581092793,63,1,12142,37,Up,0.17877371508791,-6.871340680733106,2.935236989364194,0.747696334709192
MA0900.2,HOXA2,0.15,200,3.2,43358,3.6,Down,431231,0.080468902020226,63,48,12142,10304,Down,0.075335855865574,-0.31278141376357,-0.151980861642935,-1.122998273490522
MA0894.1,HESX1,0.05,162,2.6,35419,2.9,Down,443427.5,0.028873030378964,63,46,12142,10231,Down,0.022640550637778,-0.348286846793713,-0.202478057740843,-1.645113014937803
MA0672.1,NKX2-3,0.05,98,1.6,22189,1.8,Down,422582,0.150460830825005,63,47,12142,10062,Down,0.09289962361364,-0.344952890787799,-0.147752375306838,-1.031986045563411
MA0593.1,FOXP2,0.03,10,0.2,2623,0.2,Down,400519,0.517665473586568,63,9,12142,2302,Down,0.421189031556396,-2.569774799130483,-0.341964748396194,-0.37552294707002
MA0052.4,MEF2A,0.11,32,0.5,11603,1,Down,468260.5,0.002101657399599,63,23,12142,6809,Down,0.002102878508953,-1.134270273370485,-0.599651123448086,-2.677185817382896
MA0463.2,BCL6,0.04,1,0,24,0,Up,387788,0.848884056378397,63,1,12142,24,Up,0.12147190049196,-7.178395103923442,3.549345835744866,0.91552417369251
MA0462.2,BATF::JUN,0.1,10,0.2,2789,0.2,Down,405281,0.413548127482439,63,9,12142,2454,Down,0.274034302851622,-2.523660793936808,-0.434192758783544,-0.56219507000181
MA1537.1,NR2F1(var.2),0.08,0,0,71,0,Down,384678,0.936993537895299,63,0,12142,70,Down,0.999999999954514,-7.208455600142227,0.439541826740125,0.000000000019754
MA0612.2,EMX1,0.1,149,2.4,33360,2.7,Down,447485,0.019770401406715,63,45,12142,10141,Down,0.015994319889639,-0.370342239975683,-0.221095613195573,-1.796034222254255
MA1514.1,KLF17,0.05,7,0.1,449,0,Up,411323.5,0.3010010893457,63,7,12142,432,Up,0.007231789724213,-3.946507817275323,1.72942745222335,2.140754210151854
MA0115.1,NR1H2::RXRA,0.14,0,0,61,0,Down,384363,0.945979547720626,63,0,12142,60,Down,0.9999999999749,-7.318799657704329,0.660229941864324,0.000000000010901
MA1112.2,NR4A1,0.14,40,0.6,11967,1,Down,457836.5,0.006896986064494,63,26,12142,7293,Down,0.002880876152276,-0.998073256593476,-0.525381951230981,-2.540475411465956
MA0696.1,ZIC1,0.13,4,0.1,1090,0.1,Down,400940.5,0.507933444525254,63,2,12142,1001,Down,0.170904000340602,-4.13329387599159,-1.066925431786427,-0.76724777165307
MA1104.2,GATA6,0.15,91,1.4,16721,1.4,Up,404906,0.421268820024338,63,40,12142,8360,Down,0.413082967062027,-0.593619519911009,-0.110430327953064,-0.383962712221379
MA0035.4,GATA1,0.01,13,0.2,1690,0.1,Up,411988,0.29000471844544,63,13,12142,1539,Up,0.083881798263142,-2.606664449237483,0.745734529257571,1.076332267675122
MA0059.1,MAX::MYC,0.02,1,0,112,0,Up,385636.5,0.909704468706111,63,1,12142,92,Up,0.383144411563184,-6.220059295722892,1.632674219343763,0.416637504558479
MA0862.1,GMEB2,0.04,11,0.2,834,0.1,Up,405619.5,0.406651383500987,63,7,12142,633,Up,0.045973432337004,-3.671185573966962,1.178782965606628,1.337493070985943
MA0477.2,FOSL1,0.13,41,0.7,10017,0.8,Down,414453.5,0.251588609313603,63,16,12142,4108,Down,0.182214641863323,-1.753836190949131,-0.380908752929162,-0.739416728213981
MA0474.2,ERG,0.11,39,0.6,11430,0.9,Down,443027,0.029941918838925,63,27,12142,6677,Down,0.057355595910569,-1.035005241818059,-0.344639462858894,-1.241424203664676
MA1154.1,ZNF282,0.09,2,0,104,0,Up,391339,0.750602017804246,63,2,12142,104,Up,0.103815785779013,-5.763587662857502,2.193662141945398,0.983736604527355
MA0050.2,IRF1,0.15,60,1,10867,0.9,Up,406084.5,0.397289995804098,63,27,12142,6461,Down,0.128147292679107,-1.058724718677438,-0.297200509140137,-0.892290564563189
MA1111.1,NR2F2,0.09,55,0.9,15024,1.2,Down,454587,0.009729902059064,63,34,12142,8577,Down,0.005307212241421,-0.690798295230032,-0.378723869527929,-2.275133544095699
MA0718.1,RAX,0.04,168,2.7,37783,3.1,Down,443338.5,0.029107679118332,63,46,12142,10353,Down,0.011407011385853,-0.339736404442047,-0.219578942444176,-1.9428281249636
MA1650.1,ZBTB14,0.14,68,1.1,8580,0.7,Up,469249.5,0.001864971453009,63,41,12142,5297,Up,8.045683624114961E-4,-0.905163577038397,0.583036643226311,3.094437048946276
MA0907.1,HOXC13,0.04,2,0,130,0,Up,390581,0.771302652780858,63,2,12142,128,Up,0.14488792722884,-5.614454954301006,1.895396724832404,0.838967800562861
MA1118.1,SIX1,0.02,3,0,307,0,Up,391225.5,0.753690653286955,63,3,12142,300,Up,0.205652187830604,-4.758943224957231,1.155226920485337,0.686866665888799
MA0691.1,TFAP4,0.06,31,0.5,4283,0.4,Up,419577,0.183460113351106,63,19,12142,2452,Up,0.058443759119943,-2.005511456357201,0.604457976894566,1.233261857889289
MA1123.2,TWIST1,0.15,83,1.3,15739,1.3,Up,388023,0.842288385697055,63,41,12142,8482,Down,0.410917309820143,-0.565574655868993,-0.096141199112496,-0.386245563773342
MA1150.1,RORB,0.15,111,1.8,30176,2.5,Down,480878,4.19005988079979E-4,63,50,12142,11004,Down,0.007157815954922,-0.236222546947361,-0.188501314146021,-2.145219472583276
MA1114.1,PBX3,0.15,8,0.1,2974,0.2,Down,417805,0.205280313844481,63,8,12142,2624,Down,0.0920181101103,-2.555586414611067,-0.691270861821519,-1.036126690622372
MA0669.1,NEUROG2,0.05,0,0,383,0,Down,392490,0.719513588989301,63,0,12142,318,Down,0.414599168844582,-6.120656495213476,-1.736056383117382,-0.3823715728803
MA1120.1,SOX13,0.14,134,2.1,32116,2.6,Down,439717,0.040150761527759,63,51,12142,10422,Down,0.275727065886329,-0.26127413690214,-0.081820045373614,-0.559520600640195
MA0902.2,HOXB2,0.07,152,2.4,32551,2.7,Down,432781.5,0.07130075128457,63,45,12142,9850,Down,0.053989064183536,-0.391343335930648,-0.179093421285644,-1.267694200282948
MA1585.1,ZKSCAN1,0.08,24,0.4,6174,0.5,Down,421715,0.15947966474243,63,18,12142,4696,Down,0.119175674701106,-1.574819446597237,-0.408823749091958,-0.923812380679397
MA0732.1,EGR3,0.11,42,0.7,4995,0.4,Up,427230,0.108595911546244,63,25,12142,3388,Up,0.047783692766889,-1.578803077298757,0.525087464996174,1.320720290619798
MA0505.1,Nr5a2,0.04,1,0,608,0.1,Down,394995,0.653494366744189,63,1,12142,590,Down,0.372436098476105,-4.882853401282468,-1.041737569537083,-0.428948231532837
MA1116.1,RBPJ,0.01,112,1.8,21197,1.7,Up,387986,0.843326131785042,63,53,12142,9853,Up,0.630317218193104,-0.274287507675336,0.054139614608635,0.200440829215621
MA0092.1,Hand1::Tcf3,0.06,134,2.1,26640,2.2,Down,388264.5,0.835521795069826,63,52,12142,10641,Down,0.246106764488154,-0.232401565752489,-0.084075206707108,-0.608876449119205
MA0878.2,CDX1,0.1,36,0.6,6180,0.5,Up,410952.5,0.30725981908771,63,29,12142,4519,Up,0.15264417444983,-1.265936022502895,0.319788770185141,0.816319765571479
MA0781.1,PAX9,0.15,0,0,50,0,Down,384048,0.954972435794962,63,0,12142,50,Down,0.999999999968626,-7.449125534965729,0.920881696387125,0.000000000013626
MA0461.2,Atoh1,0.15,132,2.1,28764,2.4,Down,418186,0.200436393939864,63,49,12142,10299,Down,0.156181948485365,-0.298409625542725,-0.121836882299663,-0.806369163328331
MA0641.1,ELF4,0.14,12,0.2,3847,0.3,Down,427729.5,0.104708474801621,63,8,12142,3087,Down,0.019602296286059,-2.438388145036754,-0.925667400970144,-1.707693050788915
MA0651.1,HOXC11,0.15,44,0.7,10990,0.9,Down,426586,0.113775449367167,63,30,12142,6810,Down,0.203201997555814,-0.946090105681644,-0.223714487055272,-0.692072027081016
MA0746.2,SP3,0.1,115,1.8,16700,1.4,Up,457138.5,0.007433910057519,63,50,12142,7630,Up,0.005891182431501,-0.500344595173835,0.339742782306929,2.229797528313512
MA0495.3,MAFF,0.12,10,0.2,3700,0.3,Down,427482,0.106620644163644,63,9,12142,3142,Down,0.042081132472908,-2.345419004965897,-0.790676336725366,-1.375912581113899
MA1527.1,NFIC(var.2),0.07,3,0,284,0,Up,387163,0.866476080643646,63,2,12142,239,Up,0.35429035920535,-5.165326306029854,0.997139428290101,0.45064066533796
MA1134.1,FOS::JUNB,0.1,34,0.5,8795,0.7,Down,415706,0.233496051479311,63,14,12142,3701,Down,0.171426283628675,-1.922293622154032,-0.416820138981124,-0.765922589882053
MA0744.2,SCRT2,0.01,1,0,65,0,Up,386496.5,0.885309161085654,63,1,12142,65,Up,0.289990919604355,-6.469038525212322,2.130632678322625,0.537615600816434
MA1564.1,SP9,0.06,71,1.1,10922,0.9,Up,442806.5,0.030544799110846,63,42,12142,6248,Up,0.01637769440171,-0.768888715237408,0.379189929205888,1.7857472368303
MA1562.1,SOX14,0.07,12,0.2,1552,0.1,Up,409552.5,0.331648523046733,63,12,12142,1431,Up,0.079036190030478,-2.714647203954586,0.739637413914291,1.102174003246092
MA0656.1,JDP2(var.2),0.1,19,0.3,1076,0.1,Up,424281,0.133921710248044,63,10,12142,604,Up,0.00110262672645,-3.462273300327683,1.731812072668556,2.957571484912171
MA0769.2,TCF7,0.04,54,0.9,12170,1,Down,406801.5,0.383112641700125,63,35,12142,7367,Down,0.438718657852611,-0.779877996583603,-0.118119141367762,-0.357813895501305
MA1633.1,BACH1,0.08,0,0,376,0,Down,394065,0.677722767245832,63,0,12142,368,Down,0.266411289311361,-6.015470871794091,-1.946427629956151,-0.574447375666354
MA0829.2,SREBF1(var.2),0.15,30,0.5,11473,0.9,Down,462987.5,0.003896260649139,63,17,12142,5638,Down,0.002147651438911,-1.483041917487055,-0.752719504680288,-2.668036202693581
MA0483.1,Gfi1b,0.09,36,0.6,11867,1,Down,468356,0.002077655477901,63,22,12142,6660,Down,0.002075168942973,-1.181597344010975,-0.630468492863033,-2.682946540872691
MA0903.1,HOXB3,0.05,423,6.7,95591,7.9,Down,455313,0.009019600228171,63,58,12142,11723,Down,0.067326987324205,-0.084491054573232,-0.067657825231058,-1.171810818440804
MA0738.1,HIC2,0.08,447,7.1,80455,6.6,Up,408410,0.352453856530733,63,62,12142,12081,Down,0.275061332365106,-0.015083151166964,-0.015634501886229,-0.560570457668414
MA0784.1,POU1F1,0.04,2,0,123,0,Up,390893,0.762761399153185,63,2,12142,118,Up,0.127364617734858,-5.672895604448815,2.012278025128023,0.894951203529047
MA0466.2,CEBPB,0.13,38,0.6,4685,0.4,Up,428644.5,0.097874616915316,63,25,12142,3433,Up,0.049938063758723,-1.569286481217456,0.506054272833572,1.301568300494963
MA1463.1,ARGFX,0.15,248,3.9,54049,4.5,Down,434445,0.062435034655892,63,50,12142,10915,Down,0.010831365223267,-0.242080236920878,-0.176785934198985,-1.965316799924649
MA0070.1,PBX1,0.11,3,0,1527,0.1,Down,406090.5,0.397170059286125,63,3,12142,1321,Down,0.152900932852183,-3.690573460492039,-0.981512608445047,-0.815589864938761
MA0737.1,GLIS3,0.13,2,0,176,0,Up,389224.5,0.808748443955321,63,2,12142,171,Up,0.224551692328801,-5.406234845811538,1.478956507853469,0.648683667538295
MA0501.1,MAF::NFE2,0.12,3,0,545,0,Up,383968.5,0.957243020987135,63,3,12142,530,Up,0.755247652930908,-4.348949344855441,0.335239160281758,0.121910615701473
MA0259.1,ARNT::HIF1A,0,4,0.1,482,0,Up,391898.5,0.735435758197138,63,4,12142,471,Up,0.310984619885169,-4.252711795282921,0.867904219906134,0.507261088993005
MA0147.3,MYC,0.03,17,0.3,3006,0.2,Up,396644,0.611432558422469,63,14,12142,2198,Up,0.411416273869975,-2.298088870171516,0.334770357053844,0.38571853346739
MA1574.1,THRB,0.15,3,0,1140,0.1,Down,396892.5,0.605199195271837,63,3,12142,1032,Down,0.369045801229705,-3.868590782159419,-0.625477965110285,-0.432919731437274
MA1587.1,ZNF135,0.09,1,0,1413,0.1,Down,417127,0.214109609265121,63,1,12142,1291,Down,0.012599102962811,-4.318334061922046,-2.170776248257926,-1.899660374895882
MA1419.1,IRF4,0.13,1,0,102,0,Up,385362,0.917510195496541,63,1,12142,101,Up,0.411436899149682,-6.15308206738846,1.498719762674898,0.385696761794241
MA0152.1,NFATC2,0.11,303,4.8,63050,5.2,Down,403369.5,0.453773747289397,63,59,12142,11920,Down,0.029151217767215,-0.060243829781686,-0.067246187365072,-1.535343298245102
MA1621.1,Rbpjl,0.01,7,0.1,2065,0.2,Down,408425.5,0.352166181607737,63,5,12142,1801,Down,0.153575120506057,-3.141023998809582,-0.776458138650574,-0.813679135229658
MA0667.1,MYF6,0.1,7,0.1,1428,0.1,Down,388573.5,0.826881709154016,63,7,12142,1124,Up,0.518613375361886,-3.257252005648457,0.35091582896962,0.285156286697108
MA0655.1,JDP2,0.15,23,0.4,4997,0.4,Down,398405.5,0.567878091953857,63,11,12142,2673,Down,0.447810383659591,-2.32419331761381,-0.281858826202687,-0.348905840382315
MA0048.2,NHLH1,0.07,38,0.6,6214,0.5,Up,419066.5,0.189562268063096,63,25,12142,3383,Up,0.047602179897081,-1.579868268751094,0.527217847900847,1.322373158716567
MA1110.1,NR1H4,0.09,12,0.2,3020,0.2,Down,398659.5,0.561722298466945,63,11,12142,2611,Down,0.538643376418375,-2.34111880412699,-0.248007853176326,-0.268698676211147
MA1483.1,ELF2,0.15,25,0.4,7053,0.6,Down,435549,0.057070311083609,63,16,12142,4915,Down,0.014444526009021,-1.62447298753044,-0.639635159766544,-1.840296704774718
MA0522.3,TCF3,0.01,26,0.4,6585,0.5,Down,412629.5,0.279648626209842,63,20,12142,4815,Down,0.244979369839835,-1.482720330271545,-0.296824703765075,-0.610870486827144
MA0733.1,EGR4,0.11,48,0.8,6147,0.5,Up,423057.5,0.145682471400677,63,28,12142,4063,Up,0.081019010376724,-1.367532679797669,0.42347601438049,1.091413065898824
MA0159.1,RARA::RXRA,0.15,15,0.2,2033,0.2,Up,408878.5,0.343824370403362,63,14,12142,1854,Up,0.157202961188916,-2.420833502526334,0.580259621763481,0.803539277533927
MA1557.1,SMAD5,0.08,4,0.1,350,0,Up,393851.5,0.683333397764101,63,3,12142,214,Up,0.101564089364423,-5.002136896563051,1.641614263696977,0.993259821064867
MA0657.1,KLF13,0.09,4,0.1,183,0,Up,401289.5,0.499948630145945,63,4,12142,173,Up,0.013108038632939,-4.973872849331339,2.310226328002969,1.882462287304361
MA0525.2,TP63,0.15,0,0,66,0,Down,384142.5,0.952273915080267,63,0,12142,53,Down,0.999999999932066,-7.407497783141052,0.837626192737772,0.000000000029503
MA1530.1,NKX6-3,0.11,106,1.7,27226,2.2,Down,458732,0.006259260103044,63,42,12142,9779,Down,0.009808955389936,-0.445763313003305,-0.267060875262318,-2.008377240585629
MA0682.2,PITX1,0.01,44,0.7,15589,1.3,Down,477210,6.829928798560703E-4,63,30,12142,7878,Down,0.005300423360838,-0.841009975804302,-0.433874746809955,-2.275689440600547
MA0621.1,mix-a,0.01,13,0.2,3523,0.3,Down,406403.5,0.390943695802223,63,8,12142,2346,Down,0.203732125327222,-2.636352483202324,-0.529738724639005,-0.690940484243375
MA0812.1,TFAP2B(var.2),0.04,45,0.7,6205,0.5,Up,437582,0.048193878364267,63,30,12142,4119,Up,0.031884930117614,-1.308735844012158,0.501576989605756,1.496414530521419
MA1531.1,NR1D1,0.13,0,0,321,0,Down,392364,0.722895380476134,63,0,12142,314,Down,0.413216361946101,-6.129773172901981,-1.717823027740371,-0.383822490244822
MA0695.1,ZBTB7C,0.15,395,6.3,75858,6.2,Up,383707,0.964714024106642,63,60,12142,12006,Down,0.034966462493069,-0.043035640890284,-0.053571617214575,-1.456348302419114
MA1534.1,NR1I3,0.15,155,2.5,38443,3.2,Down,460144.5,0.005360711880674,63,49,12142,11469,Down,8.008237483822386E-6,-0.220795526501638,-0.277065080381836,-5.096463056359868
MA1148.1,PPARA::RXRA,0.14,3,0,1409,0.1,Down,406209,0.394805790427832,63,3,12142,1328,Down,0.153191490802315,-3.68676255906757,-0.989134411293984,-0.814765357420345
MA1109.1,NEUROD1,0.11,38,0.6,8462,0.7,Down,411235.5,0.302477901440614,63,25,12142,5914,Down,0.165674319763139,-1.176998357441391,-0.278521974718558,-0.78074480388895
MA0838.1,CEBPG,0.07,5,0.1,378,0,Up,398178.5,0.573406702916254,63,4,12142,270,Up,0.052820038824672,-4.653526383707062,1.669533396754416,1.277201283906556
MA0485.2,HOXC9,0.15,39,0.6,10362,0.9,Down,435755.5,0.056110691678852,63,26,12142,6507,Down,0.057290927115435,-1.080327203414288,-0.360874057589357,-1.241914149685115
MA0794.1,PROX1,0.11,0,0,283,0,Down,390915,0.762160206503819,63,0,12142,268,Down,0.650221649034005,-6.243842137348919,-1.489685098846494,-0.18693857482838
MA0638.1,CREB3,0.14,20,0.3,2069,0.2,Up,422457,0.15173659218406,63,16,12142,1855,Up,0.03417558639451,-2.327238073813636,0.765895012799846,1.466284024946968
MA0792.1,POU5F1B,0.05,5,0.1,1275,0.1,Down,394190.5,0.674433012884256,63,4,12142,1154,Down,0.51934787935708,-3.606742546733412,-0.424034277192885,-0.284541637385597
MA0843.1,TEF,0.04,7,0.1,319,0,Up,399541,0.540612561448552,63,4,12142,235,Up,0.034765020613811,-4.753477150814078,1.869434930968447,1.458857508764723
MA0484.2,HNF4G,0.15,31,0.5,10222,0.8,Down,457702.5,0.006997277666408,63,26,12142,6828,Down,0.021311994919709,-1.04559455672671,-0.430339350964513,-1.671375896035626
MA1624.1,Stat5a,0.11,22,0.3,5444,0.4,Down,417213.5,0.212968154917021,63,16,12142,4284,Down,0.113006056333533,-1.723578648312915,-0.441423838201595,-0.946898280748868
MA0526.3,USF2,0.04,4,0.1,195,0,Up,400732.5,0.512723934717009,63,4,12142,191,Up,0.018091316011722,-4.90266848465799,2.167817598656274,1.742529840224707
MA0881.1,Dlx4,0.06,225,3.6,49747,4.1,Down,441404,0.034628732514663,63,51,12142,10947,Down,0.030246237512577,-0.225824098080009,-0.152720123017876,-1.51932864181001
MA1137.1,FOSL1::JUNB,0.15,155,2.5,31159,2.6,Down,406156,0.395862173290944,63,49,12142,10113,Down,0.237280201935887,-0.311555596462098,-0.095544940460916,-0.624738496711833
MA0476.1,FOS,0.08,37,0.6,9504,0.8,Down,415963.5,0.229893694393973,63,15,12142,3913,Down,0.176898047138052,-1.834011256378884,-0.400954240012814,-0.752276961447819
MA0116.1,Znf423,0.02,1,0,32,0,Up,387536,0.855968622380778,63,1,12142,32,Up,0.157183516904092,-6.974566119466821,3.14168786683162,0.803592998327936
MA0715.1,PROP1,0.08,1,0,772,0.1,Down,396611,0.612262463733491,63,1,12142,640,Down,0.261451373265763,-4.824222645810225,-1.158999080481572,-0.582609072709151
MA1149.1,RARA::RXRG,0.15,16,0.3,4831,0.4,Down,429738.5,0.090176805226994,63,12,12142,3852,Down,0.030001604142359,-2.000513560753189,-0.688629872488504,-1.522855523562024
MA0032.2,FOXC1,0.13,114,1.8,29652,2.4,Down,444002,0.027397196702637,63,45,12142,9579,Down,0.162902026367181,-0.411466635530997,-0.138846822084946,-0.788073513391849
MA1122.1,TFDP1,0.14,196,3.1,30909,2.5,Up,448080,0.018672390761442,63,56,12142,9815,Up,0.110475846667094,-0.237718772694021,0.138426096674086,0.956732661397822
MA0786.1,POU3F1,0.15,82,1.3,16578,1.4,Down,402516.5,0.472413011056104,63,36,12142,7771,Down,0.292519354537063,-0.721330312415998,-0.155059630952301,-0.533845393545687
MA0163.1,PLAG1,0.1,11,0.2,885,0.1,Up,418355,0.198314696839071,63,10,12142,787,Up,0.00726215626038,-3.271504508314925,1.350274488643038,2.138934410574538
MA0659.2,MAFG,0.09,10,0.2,3378,0.3,Down,419594,0.18325944090106,63,9,12142,2896,Down,0.076549903025771,-2.404220044783929,-0.673074257089303,-1.116055355134226
MA0019.1,Ddit3::Cebpa,0.14,128,2,31101,2.6,Down,443491,0.028706609560235,63,48,12142,10215,Down,0.117080396181281,-0.31903875605319,-0.139466177063696,-0.931515816652894
MA1544.1,OVOL1,0.14,9,0.1,2632,0.2,Down,411879.5,0.29178149720606,63,7,12142,2290,Down,0.144632478134306,-2.744062554778362,-0.675463072770571,-0.839734172527648
MA0634.1,ALX3,0.05,177,2.8,41342,3.4,Down,452047.5,0.012622633599844,63,45,12142,10508,Down,0.001409052959379,-0.344699390761533,-0.272381311623874,-2.85107268358761
MA0527.1,ZBTB33,0.14,69,1.1,7129,0.6,Up,478684,5.623344059454416E-4,63,38,12142,4301,Up,9.245099193696586E-5,-1.109525944779042,0.775255597403554,4.034088424792103
MA0806.1,TBX4,0.02,10,0.2,2919,0.2,Down,419113.5,0.188994288897211,63,7,12142,2562,Down,0.061487823175218,-2.66311783389728,-0.837352514532734,-1.211210881808584
MA1106.1,HIF1A,0.13,177,2.8,33498,2.8,Up,384820,0.932945255510719,63,48,12142,10126,Down,0.127711028230017,-0.325350853090621,-0.126841982988835,-0.893771598487236
MA1541.1,NR6A1,0.15,3,0,1802,0.1,Down,416805,0.21839749797626,63,3,12142,1662,Down,0.040915740458908,-3.524984502674866,-1.312690524079392,-1.388109584917847
MA0779.1,PAX1,0.14,0,0,61,0,Down,384394.5,0.945080618389388,63,0,12142,61,Down,0.999999999947726,-7.306974023672006,0.636578673799679,0.000000000022702
MA0106.3,TP53,0.14,1,0,74,0,Up,386895,0.874040382362639,63,1,12142,52,Up,0.240330967944514,-6.628627267147986,2.449810162193952,0.619190264398431
MA1153.1,Smad4,0.09,206,3.3,44029,3.6,Down,412898,0.275389627914236,63,58,12142,11719,Down,0.069501061178959,-0.084737216763206,-0.067165500851111,-1.158008564321429
MA0822.1,HES7,0.11,0,0,652,0.1,Down,393498,0.692661571782035,63,0,12142,350,Down,0.265609432516847,-6.051595959336314,-1.874177454871705,-0.575756506046199
MA0464.2,BHLHE40,0,1,0,61,0,Up,386653.5,0.880866616836715,63,1,12142,60,Up,0.27128092213554,-6.52631840734375,2.24519244258548,0.566580746977774
MA0895.1,HMBOX1,0.14,135,2.1,32779,2.7,Down,447681.5,0.019401702805385,63,46,12142,10398,Down,0.010222007178204,-0.3366079648411,-0.225835821646068,-1.990463818405907
MA0107.1,RELA,0.15,92,1.5,12286,1,Up,474382.5,9.843885836797739E-4,63,49,12142,7152,Up,0.001961239753769,-0.561437027696548,0.404217922007983,2.707469312311694
MA0079.4,SP1,0.13,95,1.5,14186,1.2,Up,449739.5,0.015887023768349,63,48,12142,6818,Up,0.001304638591322,-0.610655514888881,0.443767340607686,2.884509779155316
MA0090.3,TEAD1,0.01,2,0,267,0,Up,386326.5,0.890123623717535,63,2,12142,263,Up,0.398747339852957,-5.096437653079336,0.859362122389067,0.399302201216356
MA1579.1,ZBTB26,0.02,21,0.3,4756,0.4,Down,408849,0.34436372961261,63,15,12142,3858,Down,0.221407584777647,-1.844220925944156,-0.380534900882268,-0.654807505541053
MA0024.3,E2F1,0.06,13,0.2,637,0.1,Up,413969.5,0.258835429878154,63,7,12142,352,Up,0.002413038396652,-4.094046254894288,2.024504327461282,2.617435767473117
MA0796.1,TGIF1,0.13,3,0,261,0,Up,393400.5,0.695242701398905,63,3,12142,230,Up,0.118954517816097,-4.950242345098155,1.537825160767185,0.924619059088321
MA1600.1,ZNF684,0.13,1,0,83,0,Up,385929.5,0.90138229805195,63,1,12142,83,Up,0.353514495829729,-6.293897879744021,1.780351387386023,0.451592773296254
MA0774.1,MEIS2,0.02,49,0.8,7725,0.6,Up,414121,0.256551668235105,63,32,12142,5631,Up,0.527443599208323,-1.037395603436873,0.142157459386323,0.277823973683699
MA0871.2,TFEC,0.1,10,0.2,2622,0.2,Down,398929,0.555226334837409,63,7,12142,1898,Down,0.387146202532019,-2.879463836727821,-0.404660508871652,-0.412124996319029
MA0780.1,PAX3,0.05,4,0.1,333,0,Up,394975.5,0.653998762222741,63,3,12142,179,Up,0.067650111109822,-5.130633798401298,1.898608067373471,1.169731485772303
MA0132.2,PDX1,0.04,119,1.9,25971,2.1,Down,432712.5,0.071689712068497,63,39,12142,8788,Down,0.067416539311169,-0.575640284588522,-0.218527308013083,-1.171233544853281
MA0478.1,FOSL2,0.08,31,0.5,7673,0.6,Down,410086,0.322210943988287,63,14,12142,3601,Down,0.215618882375747,-1.942049684302053,-0.377308014685082,-0.666313209382746
MA1628.1,Zic1::Zic2,0.14,121,1.9,24207,2,Down,406839.5,0.382370011961961,63,46,12142,9796,Down,0.148142533985403,-0.37962652397235,-0.139798703383569,-0.829320230992202
MA0859.1,Rarg,0.09,1,0,27,0,Up,387693.5,0.851539370644276,63,1,12142,27,Up,0.135034950421546,-7.095070169218718,3.382695966335416,0.86955381068481
MA0686.1,SPDEF,0.08,1,0,635,0.1,Down,395318.5,0.64514981540579,63,1,12142,600,Down,0.374062433045399,-4.87073980812823,-1.06596475584556,-0.427055905649212
MA1606.1,Foxf1,0.01,10,0.2,2623,0.2,Down,400519,0.517665473586568,63,9,12142,2302,Down,0.421189031556396,-2.569774799130483,-0.341964748396194,-0.37552294707002
MA1105.2,GRHL2,0.01,1,0,673,0.1,Down,396795.5,0.607628951206208,63,1,12142,647,Down,0.261494637411811,-4.81638183469409,-1.174680702713842,-0.582537212977737
MA0078.1,Sox17,0.01,5,0.1,1758,0.1,Down,403098.5,0.459650096230666,63,5,12142,1607,Down,0.264586033498365,-3.223213955915321,-0.612078224439094,-0.577433084315857
MA0692.1,TFEB,0.12,89,1.4,20431,1.7,Down,419384,0.185749761638821,63,38,12142,8655,Down,0.068620902027886,-0.605137282770403,-0.233521726613722,-1.163543577402572
MA0618.1,LBX1,0.11,111,1.8,22418,1.8,Down,416980.5,0.216052877152249,63,34,12142,8268,Down,0.02078541679059,-0.717264089704385,-0.325792280579223,-1.682241262567994
MA0893.2,GSX2,0.08,315,5,69957,5.8,Down,451707.5,0.013062771784644,63,54,12142,11562,Down,0.00307081306586,-0.145556241363962,-0.149888241262554,-2.512746620201828
MA0028.2,ELK1,0.11,15,0.2,5933,0.5,Down,450665,0.014498080571705,63,11,12142,4272,Down,0.003238511508313,-1.986017910031368,-0.95820964136757,-2.48965455530668
MA0153.2,HNF1B,0.14,1,0,925,0.1,Down,397312.5,0.594729230461187,63,1,12142,660,Down,0.262097914090699,-4.802042650357634,-1.203359071386753,-0.581536435377336
MA0722.1,VAX1,0.11,216,3.4,46907,3.9,Down,436483,0.052836381076789,63,48,12142,10480,Down,0.026790538800207,-0.300564892421472,-0.176413904327132,-1.572018551953426
MA0877.2,BARHL1,0.01,29,0.5,3224,0.3,Up,433160.5,0.069195016831836,63,22,12142,2745,Up,0.023768570333706,-1.820878130204656,0.648093079524329,1.623996940057908
MA0630.1,SHOX,0.03,225,3.6,49747,4.1,Down,441404,0.034628732514663,63,51,12142,10947,Down,0.030246237512577,-0.225824098080009,-0.152720123017876,-1.51932864181001
MA1556.1,RXRG(var.2),0.15,3,0,1392,0.1,Down,405289.5,0.41337410163771,63,3,12142,1299,Down,0.152561166924591,-3.702683356076723,-0.957292817275678,-0.81655599807576
MA0730.1,RARA(var.2),0.12,0,0,57,0,Down,384142.5,0.952273915080267,63,0,12142,53,Down,0.999999999932066,-7.407497783141052,0.837626192737772,0.000000000029503
MA0665.1,MSC,0.12,26,0.4,2641,0.2,Up,428711,0.097392175349464,63,17,12142,1861,Up,0.020797534125736,-2.282464817443385,0.846126295232372,1.681988154415623
MA1563.1,SOX18,0.08,108,1.7,25506,2.1,Down,436097,0.054553219520268,63,50,12142,10398,Down,0.152070970418986,-0.277081629019219,-0.106783150002305,-0.817953682660434
MA0130.1,ZNF354C,0,33,0.5,9116,0.8,Down,420514.5,0.172634970819272,63,30,12142,6259,Down,0.613572723142294,-1.006946754567906,-0.102001189282747,-0.212133955532507
MA1524.1,MSGN1,0.09,406,6.4,79054,6.5,Down,390912,0.762242178878196,63,60,12142,11879,Down,0.157951551296771,-0.050706410243292,-0.038230078508559,-0.801476104381694
MA0604.1,Atf1,0.03,29,0.5,2851,0.2,Up,431939.5,0.076167161851311,63,19,12142,2230,Up,0.021770341811666,-2.073954450523714,0.741343965227592,1.662134752136904
MA0901.2,HOXB13,0.09,7,0.1,2846,0.2,Down,427661,0.105234955829657,63,5,12142,2446,Down,0.016673016076386,-2.920263683306456,-1.217978769656825,-1.777985831074822
MA0821.1,HES5,0.12,2,0,1481,0.1,Down,400182.5,0.525503626187112,63,1,12142,756,Down,0.184901400316714,-4.704151889872679,-1.399140592356663,-0.73305979977907
MA1560.1,SOHLH2,0.03,8,0.1,2345,0.2,Down,404965.5,0.420038189045564,63,5,12142,1714,Down,0.202777049427356,-3.176729372555159,-0.705047391159418,-0.692981200576823
MA0063.2,NKX2-5,0.13,82,1.3,22543,1.9,Down,470594,0.001582390299045,63,42,12142,10140,Down,9.9250593655146E-4,-0.41961522379999,-0.319357053668947,-3.003266886878369
MA0639.1,DBP,0.02,4,0.1,144,0,Up,392347,0.723352070309323,63,2,12142,72,Up,0.055872103440178,-6.027312683890477,2.721112184011347,1.252804978268147
MA1576.1,THRB(var.3),0.12,2,0,98,0,Up,391747.5,0.739519018495831,63,2,12142,91,Up,0.083214378980845,-5.859417309755924,2.385321435742239,1.07980162355928
MA0496.3,MAFK,0.03,0,0,288,0,Down,391324.5,0.750996379737544,63,0,12142,281,Down,0.406503067782892,-6.209735720301511,-1.557897932941311,-0.390936172539399
MA0156.2,FEV,0.08,19,0.3,5945,0.5,Down,430260.5,0.086679526706463,63,14,12142,4240,Down,0.034334261093735,-1.824231444501674,-0.612944494285841,-1.464272294603443
MA1473.1,CDX4,0.15,129,2,31914,2.6,Down,451165,0.013793187620736,63,48,12142,10270,Down,0.078685596369852,-0.315165456341415,-0.147212776487246,-1.104104759249502
MA0099.3,FOS::JUN,0.14,96,1.5,20174,1.7,Down,413867,0.260388515776375,63,38,12142,8366,Down,0.171674416874804,-0.629633754107647,-0.184528783939235,-0.76529441909604
MA0724.1,VENTX,0.1,87,1.4,21342,1.8,Down,445591.5,0.023648326011179,63,38,12142,9228,Down,0.00706852488399,-0.558897777995401,-0.326000736163726,-2.150671208775265
MA0004.1,Arnt,0.1,120,1.9,23126,1.9,Up,390196,0.781880572513175,63,45,12142,9176,Down,0.462588258188802,-0.442469813097701,-0.076840466951538,-0.334805395059842
MA1466.1,ATF6,0.13,0,0,319,0,Down,392427,0.721203803333053,63,0,12142,316,Down,0.413893662987892,-6.125200431627455,-1.726968510289423,-0.383111222911776
MA0858.1,Rarb(var.2),0.15,0,0,73,0,Down,384709.5,0.936095359121003,63,0,12142,71,Down,0.999999999953951,-7.198295607952431,0.41922184236053,0.000000000019999
MA0886.1,EMX2,0.11,260,4.1,58003,4.8,Down,445944.5,0.022878943747806,63,55,12142,11224,Down,0.144905253095011,-0.153841562916947,-0.080854515010226,-0.838915870230529
MA0608.1,Creb3l2,0.03,9,0.1,1026,0.1,Up,407623.5,0.367245924107301,63,9,12142,924,Up,0.055600062086355,-3.228002764917735,0.974491183178308,1.254924723458475
MA0892.1,GSX1,0.05,171,2.7,38284,3.2,Down,449551,0.016183845782699,63,43,12142,10167,Down,0.002963033479641,-0.400920843242513,-0.289640695361848,-2.528263441351176
MA1528.1,NFIX(var.2),0.02,1,0,120,0,Up,385323,0.918619869002789,63,1,12142,102,Up,0.414500559005708,-6.146009976228323,1.484575580354628,0.38247487941303
MA0755.1,CUX2,0.12,55,0.9,12210,1,Down,408383,0.352955322740027,63,29,12142,6573,Down,0.206999534564847,-0.995686746876077,-0.220709781068496,-0.684030631046202
MA0775.1,MEIS3,0.04,131,2.1,31048,2.6,Down,431350.5,0.079729812199144,63,52,12142,10959,Down,0.05228218412882,-0.211161337525086,-0.126555663161914,-1.281646277723458
MA1608.1,Isl1,0.14,129,2,31743,2.6,Down,458704.5,0.006278025809116,63,47,12142,10315,Down,0.032204674424463,-0.327040406688014,-0.183577343506408,-1.492081087018044
MA0014.3,PAX5,0.12,14,0.2,1697,0.1,Up,417900,0.204064622799552,63,14,12142,1544,Up,0.034862103469953,-2.55277870096402,0.844150018638853,1.457646412468901
MA0766.2,GATA5,0.07,128,2,25552,2.1,Down,423099,0.145271008577833,63,47,12142,9891,Down,0.191576961968311,-0.357316672059207,-0.123024812764022,-0.717656718073779
MA1484.1,ETS2,0.11,22,0.3,8002,0.7,Down,455345.5,0.008988914460062,63,17,12142,5424,Down,0.004925827907203,-1.510952543465928,-0.696898252722543,-2.307520765103006
MA0140.2,GATA1::TAL1,0.09,20,0.3,2969,0.2,Up,410008.5,0.323570927081527,63,18,12142,2575,Up,0.164260028820268,-2.008186181165505,0.457909720044578,0.784468105309495
MA0813.1,TFAP2B(var.3),0.1,80,1.3,11937,1,Up,420790,0.169546476327268,63,37,12142,6025,Up,0.165309203584637,-0.885389307710373,0.251046622868176,0.781702966424008
MA0479.1,FOXH1,0.01,6,0.1,613,0.1,Up,400102.5,0.527375971974818,63,6,12142,595,Up,0.130040642497106,-3.819032568339022,1.061575199415897,0.885920893434151
MA1474.1,CREB3L4,0.12,25,0.4,5764,0.5,Down,407992.5,0.360258414797736,63,18,12142,4317,Down,0.291516424302546,-1.635514362319007,-0.287433917648418,-0.53533697166647
MA1549.1,POU6F1(var.2),0,1,0,26,0,Up,387756,0.849783020005326,63,1,12142,25,Up,0.126016011352471,-7.1495373549953,3.49163033788858,0.899574270753475
MA0676.1,Nr2e1,0.05,8,0.1,3834,0.3,Down,439927,0.039425028123063,63,7,12142,3158,Down,0.005719756791714,-2.512274050097163,-1.13904008213297,-2.24262243733675
MA1572.1,TGIF2LY,0.14,17,0.3,1792,0.1,Up,411186,0.303310722795842,63,10,12142,1014,Up,0.039833818164348,-3.088795990073916,0.98485745216102,1.399748063456769
MA0047.3,FOXA2,0.07,16,0.3,4791,0.4,Down,417885,0.204256224958561,63,14,12142,3746,Down,0.170769452922732,-1.913576910710836,-0.434253561867517,-0.767589812883359
MA1512.1,KLF11,0.1,105,1.7,17779,1.5,Up,431701,0.077593799294899,63,51,12142,8395,Up,0.054253384761895,-0.417280746191612,0.230193173205328,1.265573161856242
MA1546.1,PAX3(var.2),0.12,3,0,161,0,Up,395704.5,0.635251332869586,63,3,12142,158,Up,0.050364459210561,-5.22038430024312,2.078109071057115,1.29787582493421
MA0699.1,LBX2,0.06,155,2.5,35918,3,Down,454556,0.009761312172398,63,46,12142,10294,Down,0.013808468568159,-0.343858800755239,-0.21133414981779,-1.859854484294482
MA1550.1,PPARD,0.09,0,0,55,0,Down,384174,0.951374528232166,63,0,12142,54,Down,0.999999999954216,-7.394139113953162,0.810908854361992,0.000000000019884
MA1583.1,ZFP57,0.07,5,0.1,2022,0.2,Down,410389.5,0.316921032762713,63,5,12142,1836,Down,0.154984897931768,-3.127143876657148,-0.804218382955441,-0.809710618374465
MA0904.2,HOXB5,0.14,348,5.5,76180,6.3,Down,436221.5,0.053994458882112,63,48,12142,10479,Down,0.026870775052038,-0.300633723291796,-0.176276242586485,-1.570719806735084
MA1497.1,HOXA6,0.08,228,3.6,50281,4.1,Down,442821.5,0.030503458855047,63,50,12142,10732,Down,0.045190084599923,-0.254276258798135,-0.152393890444473,-1.344956845629515
MA1632.1,ATF2,0.13,34,0.5,6686,0.6,Down,406443,0.390162175302197,63,19,12142,4726,Down,0.19461260466139,-1.532251897041153,-0.342061141737529,-0.710829034789095
MA0007.3,Ar,0.09,2,0,339,0,Up,388670,0.824187666661753,63,2,12142,184,Up,0.249391763067074,-5.353528725867746,1.373544267965885,0.603117894536675
MA0723.1,VAX2,0.15,412,6.5,93765,7.7,Down,455018,0.00930243887875,63,56,12142,11538,Down,0.0372472256962,-0.121057762137866,-0.094895924438224,-1.428906069484864
MA1548.1,PLAGL2,0.13,390,6.2,64414,5.3,Up,426342.5,0.115783812575588,63,60,12142,10578,Up,0.057523282575487,-0.134375931896521,0.1291089647979,1.240156338832696
MA0679.2,ONECUT1,0.06,1,0,867,0.1,Down,402004,0.483811547874957,63,1,12142,812,Down,0.127597990535434,-4.652638024579458,-1.502168322943105,-0.894156165005487
MA1652.1,ZKSCAN5,0.14,89,1.4,16399,1.4,Up,411090,0.30493023175456,63,51,12142,8374,Up,0.040599387063813,-0.419087341999284,0.233806364820673,1.391480522994554
MA0785.1,POU2F1,0.06,3,0,429,0,Up,387928.5,0.844939384640925,63,3,12142,404,Up,0.468482613391541,-4.544555869097835,0.726452208766545,0.329306522275089
MA0685.1,SP4,0.15,104,1.7,14363,1.2,Up,465809,0.002811851918671,63,47,12142,6697,Up,0.002071332497986,-0.63859999181128,0.439541826740125,2.683750180947281
MA0882.1,DLX6,0.05,183,2.9,42926,3.5,Down,450882,0.014188346380219,63,47,12142,10610,Down,0.006388219657447,-0.306700961319192,-0.224256234244052,-2.194620159162051
MA0109.1,HLTF,0.03,437,6.9,86289,7.1,Down,388565.5,0.827105141414943,63,63,12142,12092,Up,0.999999999968622,-0.00297647428893,0.005952948577859,0.000000000013627
MA1139.1,FOSL2::JUNB(var.2),0.15,38,0.6,2826,0.2,Up,439675.5,0.04029551320132,63,16,12142,1304,Up,8.461662372798897E-4,-2.581393602253673,1.27420606967992,3.072544307361574
MA1495.1,HOXA1,0.14,470,7.5,102590,8.4,Down,439342,0.041474905695498,63,51,12142,11230,Down,0.002402668397157,-0.207413742834332,-0.189540833509231,-2.619306163953629
MA0516.2,SP2,0.15,46,0.7,7841,0.6,Up,420863,0.16873509526003,63,33,12142,4956,Up,0.071799054739588,-1.107633673539683,0.37007635445058,1.143881273363317
MA0913.2,HOXD9,0.05,11,0.2,1549,0.1,Up,398704.5,0.560635078345813,63,10,12142,1416,Up,0.321713778231462,-2.848015121763196,0.503295715539581,0.492530338906061
MA0791.1,POU4F3,0.15,14,0.2,4510,0.4,Down,422382,0.152505993464393,63,9,12142,3081,Down,0.042385794747777,-2.359558981735528,-0.762396383186105,-1.372779669264056
MA0031.1,FOXD1,0.15,93,1.5,21909,1.8,Down,424118.5,0.135440044811962,63,44,12142,9272,Down,0.234684409718923,-0.45099323716324,-0.123916037285056,-0.629515759987825
MA0836.2,CEBPD,0.01,4,0.1,310,0,Up,397110,0.599766926160236,63,4,12142,306,Up,0.075837294728509,-4.563397143775079,1.489274916890449,1.120117167566559
MA0042.2,FOXI1,0.15,68,1.1,17465,1.4,Down,434891,0.060219555670409,63,39,12142,8499,Down,0.169298288156442,-0.599759772752,-0.170288331686125,-0.771347433196261
MA1599.1,ZNF682,0.14,43,0.7,5846,0.5,Up,421743.5,0.159176838368229,63,28,12142,4447,Up,0.237726521926924,-1.302396824181993,0.293204303149138,0.623922363564338
MA0006.1,Ahr::Arnt,0.01,97,1.5,15764,1.3,Up,421955.5,0.156937875790616,63,47,12142,7883,Up,0.113807304885855,-0.520993190664758,0.20432822444708,0.943829861229165
MA0905.1,HOXC10,0.09,28,0.4,7930,0.7,Down,435280,0.058340810009267,63,20,12142,5462,Down,0.041552994613521,-1.391782444394922,-0.478700475518321,-1.381397672306748
MA1507.1,HOXD4,0.11,293,4.7,66961,5.5,Down,456551,0.007914572906981,63,52,12142,11330,Down,0.002981228271339,-0.187146564338908,-0.174585209534271,-2.525604768956567
MA1639.1,MEIS1(var.2),0.01,1,0,143,0,Up,384070.5,0.954329882882155,63,1,12142,142,Up,0.524981722092858,-5.908340971454995,1.00923757080797,0.279855816846228
MA0661.1,MEOX1,0.13,222,3.5,47725,3.9,Down,430475.5,0.08527129242969,63,48,12142,10384,Down,0.046710580254062,-0.307202788479126,-0.163138112211825,-1.330584737731019
MA0809.2,TEAD4,0.08,19,0.3,4957,0.4,Down,411635,0.295812157959617,63,16,12142,3980,Down,0.228700467765126,-1.77666724309093,-0.335246648645565,-0.64073294712213
MA0814.2,TFAP2C(var.2),0.08,24,0.4,8455,0.7,Down,451144.5,0.013821482181484,63,22,12142,5915,Down,0.031547447046226,-1.267162528018487,-0.459338124848009,-1.501035779956995
MA0503.1,Nkx2-5(var.2),0.01,3,0,75,0,Up,398323.5,0.569872266281765,63,3,12142,75,Up,0.007573500107113,-5.755351445650284,3.148043361871443,2.120703364106575
MA1536.1,NR2C2(var.2),0.01,55,0.9,15044,1.2,Down,454876,0.00944138557366,63,34,12142,8581,Down,0.005265299547418,-0.690461983075006,-0.379396493837981,-2.278576916389212
MA1558.1,SNAI1,0.01,26,0.4,6587,0.5,Down,412649.5,0.279329847518882,63,20,12142,4815,Down,0.244979369839835,-1.482720330271545,-0.296824703765075,-0.610870486827144
MA1470.1,BACH2(var.2),0.12,2,0,36,0,Up,393786,0.685058221585965,63,2,12142,26,Up,0.009092041014974,-6.753307001616344,4.173100819463082,2.041338613803113
MA0506.1,NRF1,0.13,102,1.6,15582,1.3,Up,424623,0.130769246133037,63,37,12142,5994,Up,0.164378893423416,-0.889110076880618,0.258488161208665,0.784153947490697
MA0694.1,ZBTB7B,0.05,0,0,495,0,Down,397467,0.590898704751382,63,0,12142,476,Down,0.179644267199543,-5.830065074386654,-2.317239224771023,-0.745586637425822
MA0491.2,JUND,0.14,39,0.6,9745,0.8,Down,417301.5,0.211811421602108,63,15,12142,4023,Down,0.139418909245569,-1.814015462470509,-0.440945827829563,-0.8556783193221
MA0076.2,ELK4,0.06,12,0.2,5343,0.4,Down,453997,0.01034342571166,63,9,12142,3988,Down,0.001125432367704,-2.17345223833042,-1.13460986999632,-2.948680598589229
MA0083.3,SRF,0.03,4,0.1,4,0,Up,394552,0.664991854440533,63,2,12142,2,Up,1.56294827607846E-4,-8.456303181454262,7.579093179138919,3.80605539420436
MA1100.2,ASCL1,0.13,578,9.2,118676,9.8,Down,415699,0.233594535255094,63,60,12142,12009,Down,0.033090195816695,-0.042855424153726,-0.053932050687691,-1.480300662823272
MA0708.1,MSX2,0.09,225,3.6,49747,4.1,Down,441404,0.034628732514663,63,51,12142,10947,Down,0.030246237512577,-0.225824098080009,-0.152720123017876,-1.51932864181001
MA1489.1,FOXN3,0,0,0,814,0.1,Down,407326.5,0.372930926652736,63,0,12142,789,Down,0.033956529546853,-5.465833548411506,-3.045702276721318,-1.469076702281698
MA0873.1,HOXD12,0.15,31,0.5,7316,0.6,Down,414962.5,0.244121441432657,63,22,12142,5230,Down,0.204298295688849,-1.355938153427858,-0.281786874029267,-0.689735256353433
MA0899.1,HOXA10,0.14,362,5.7,80168,6.6,Down,440131.5,0.038729035068282,63,56,12142,11614,Down,0.019819319341978,-0.11632208136589,-0.104367285982176,-1.70291126463878
MA0702.2,LMX1A,0.01,13,0.2,3534,0.3,Down,406595,0.387163674434609,63,8,12142,2352,Down,0.203488661683689,-2.634510351908506,-0.533422987226641,-0.691459784499655
MA0087.1,Sox5,0.14,134,2.1,32186,2.7,Down,440258.5,0.038302081291807,63,51,12142,10427,Down,0.274791498960539,-0.260928166861722,-0.082511985454451,-0.560996706880447
MA0867.2,SOX4,0.07,96,1.5,19650,1.6,Down,396168.5,0.62343848069525,63,46,12142,9345,Down,0.454518729555518,-0.413623802130876,-0.071804147066517,-0.342448215907329
MA1623.1,Stat2,0.12,47,0.7,9116,0.8,Down,409674.5,0.329474746313441,63,22,12142,5692,Down,0.058768244666109,-1.294881392664796,-0.403900395555392,-1.230857280924322
MA1127.1,FOSB::JUN,0.12,26,0.4,1821,0.1,Up,438869,0.043197662088383,63,15,12142,1117,Up,5.055910074766198E-4,-2.738103563112847,1.407230373455113,3.29620065908883
MA1559.1,SNAI3,0,1,0,45,0,Up,387126.5,0.867505590286791,63,1,12142,45,Up,0.212191081663015,-6.731852705881699,2.656261039661379,0.673272873337286
MA1593.1,ZNF317,0.02,2,0,1024,0.1,Down,401306,0.499572780608793,63,2,12142,982,Down,0.239755159361573,-4.147110430324959,-1.039292323119688,-0.620232038346444
MA0135.1,Lhx3,0.15,34,0.5,8056,0.7,Down,412163,0.287154322507918,63,18,12142,4510,Down,0.190965641587244,-1.603968766879571,-0.350525108527291,-0.71904476370167
MA0795.1,SMAD3,0.01,1,0,65,0,Up,386837.5,0.875664845739439,63,1,12142,54,Up,0.248187625176343,-6.601657863592584,2.395871355083149,0.605219876550465
MA1140.2,JUNB(var.2),0.11,14,0.2,904,0.1,Up,414665.5,0.248459375405137,63,8,12142,512,Up,0.00506678582552,-3.733795758520051,1.66514782599645,2.295267453072805
MA0137.3,STAT1,0.11,35,0.6,4787,0.4,Up,449929.5,0.015592694885982,63,30,12142,3379,Up,0.001002511669155,-1.45156555808189,0.787236417745221,2.998910563525601
MA0714.1,PITX3,0.01,34,0.5,12736,1,Down,480171,4.609684761771593E-4,63,22,12142,7039,Down,2.839287668218578E-4,-1.141676105302078,-0.710310970280826,-3.546790603814112
MA0603.1,Arntl,0.07,26,0.4,5327,0.4,Down,393733,0.686455083825758,63,13,12142,3038,Down,0.469213333925606,-2.116215736987361,-0.235162895242672,-0.328629654766161
MA1503.1,HOXB9,0.15,48,0.8,13282,1.1,Down,446883.5,0.020937301124738,63,32,12142,7601,Down,0.066851152706712,-0.821013161045046,-0.290607425397331,-1.174891099847795
MA0114.4,HNF4A,0,1,0,0,0,Up,388544,0.82770568492157,63,1,12142,0,Up,0.005161818926823,-9.985750025981048,9.164055679860075,2.287197234286669
MA1504.1,HOXC4,0.1,293,4.7,66961,5.5,Down,456551,0.007914572906981,63,52,12142,11330,Down,0.002981228271339,-0.187146564338908,-0.174585209534271,-2.525604768956567
MA0788.1,POU3F3,0.03,1,0,79,0,Up,386055.5,0.89780675639298,63,1,12142,79,Up,0.339900191751788,-6.32930854833887,1.851172724575719,0.468648590413351
MA0789.1,POU3F4,0.02,3,0,429,0,Up,387928.5,0.844939384640925,63,3,12142,404,Up,0.468482613391541,-4.544555869097835,0.726452208766545,0.329306522275089
MA0497.1,MEF2C,0.09,29,0.5,10235,0.8,Down,460544,0.005128631701255,63,22,12142,6377,Down,0.007412492311785,-1.212917088931871,-0.567829003021241,-2.130035744076382
MA0670.1,NFIA,0,1,0,147,0,Up,383975.5,0.957043081048428,63,1,12142,145,Up,0.532386607135236,-5.893312354526905,0.979180336951791,0.273772878292072
MA1568.1,TCF21(var.2),0.14,24,0.4,5429,0.4,Down,402775.5,0.466709328592397,63,9,12142,2474,Down,0.273457349292298,-2.517806856186331,-0.445900634284499,-0.563110400268131
MA1144.1,FOSL2::JUND,0.12,45,0.7,11141,0.9,Down,418102,0.201497109039897,63,19,12142,4741,Down,0.156658309895238,-1.529966256597674,-0.346632422624488,-0.805046563144691
MA0611.1,Dux,0.02,50,0.8,8541,0.7,Up,411649.5,0.295572086090437,63,35,12142,5745,Up,0.207060263460177,-0.959249350091299,0.24062356564763,0.683903237735146
MA1418.1,IRF3,0.13,3,0,235,0,Up,387782.5,0.849038551800365,63,2,12142,220,Up,0.318348527573388,-5.224949806119183,1.11638642846876,0.497097154495699
MA1644.1,NFYC,0,2,0,104,0,Up,391430.5,0.748114964697211,63,2,12142,101,Up,0.098943592869079,-5.784599270305355,2.235685356841105,1.004612323455516
MA1567.1,TBX6,0.04,20,0.3,5651,0.5,Down,425794.5,0.120405552816539,63,16,12142,4424,Down,0.086968094769763,-1.700384859533268,-0.48781141576089,-1.060640044011137
MA0643.1,Esrrg,0.15,62,1,16383,1.3,Down,441000.5,0.035886781079552,63,40,12142,8857,Down,0.116642099111453,-0.551964352396475,-0.193740662982133,-0.933144673316929
MA0849.1,FOXO6,0.15,73,1.2,18107,1.5,Down,432766,0.071387975556584,63,41,12142,8674,Down,0.265496219250454,-0.549429116915841,-0.128432277018802,-0.575941659028298
MA1500.1,HOXB6,0.07,173,2.7,38614,3.2,Down,447738,0.019296808485668,63,47,12142,10340,Down,0.030812535313122,-0.325294309010191,-0.187069538862054,-1.511272565649358
MA0154.4,EBF1,0.12,35,0.6,4084,0.3,Up,436185,0.054157775130715,63,23,12142,2663,Up,0.008788785574707,-1.811383067722232,0.754574465255407,2.056071131142486
MA0855.1,RXRB,0.13,0,0,108,0,Down,385780.5,0.905613095723639,63,0,12142,105,Down,0.9999999999485,-6.917681681988032,-0.142006009568267,-0.000000000022366
MA0119.1,NFIC::TLX1,0.08,2,0,180,0,Up,383544,0.969372511324478,63,1,12142,161,Up,0.570001623274899,-5.818054848634085,0.82866532516615,0.244123907523426
MA0808.1,TEAD3,0.12,217,3.4,46951,3.9,Down,427020.5,0.110259992798706,63,58,12142,11763,Down,0.047745954915047,-0.08203404186712,-0.072571850643283,-1.321063416383673
MA1151.1,RORC,0.1,23,0.4,5562,0.5,Down,411423,0.299337079775684,63,18,12142,4393,Down,0.237761819387654,-1.622927104226889,-0.312608433832655,-0.623857884622936
MA0160.1,NR4A2,0.1,115,1.8,29972,2.5,Down,475496.5,8.533382260174083E-4,63,48,12142,11044,Down,4.220872638447307E-4,-0.262754611801184,-0.252034465567709,-3.374597752146477
MA0681.2,PHOX2B,0.12,4,0.1,1457,0.1,Down,398484.5,0.565960039322297,63,4,12142,1269,Down,0.406453734681662,-3.538246435796716,-0.561026499066275,-0.390988881597495
MA1517.1,KLF6,0.11,298,4.7,47376,3.9,Up,438108,0.046096134900154,63,60,12142,11197,Up,0.48377445316598,-0.093355134832798,0.047067370670453,0.315357069297795
MA0662.1,MIXL1,0.04,189,3,43347,3.6,Down,447456.5,0.019824381651002,63,49,12142,10675,Down,0.019804739908366,-0.27254495562634,-0.173566222132433,-1.703230856723619
MA0018.4,CREB1,0.07,22,0.3,2006,0.2,Up,416350,0.224561144164303,63,12,12142,1284,Up,0.038591322624446,-2.792807594003854,0.895958194012827,1.413510336778297
MA0486.2,HSF1,0.02,1,0,38,0,Up,387347,0.861289707459056,63,1,12142,38,Up,0.183025975783223,-6.852356755633597,2.897269139165174,0.737487269074233
MA1505.1,HOXC8,0.1,304,4.8,69222,5.7,Down,444542,0.026069792352905,63,43,12142,10039,Down,0.006635401068673,-0.410059628574035,-0.271363124698806,-2.178132821609303
MA0614.1,Foxj2,0,0,0,814,0.1,Down,407326.5,0.372930926652736,63,0,12142,789,Down,0.033956529546853,-5.465833548411506,-3.045702276721318,-1.469076702281698
MA0101.1,REL,0.02,14,0.2,1577,0.1,Up,415190.5,0.240827595319993,63,13,12142,1470,Up,0.050626648062204,-2.639741990816359,0.811889612415323,1.295620825847974
MA0093.3,USF1,0.04,4,0.1,149,0,Up,402122.5,0.481162795276302,63,4,12142,147,Up,0.007620566744813,-5.090983203495868,2.544447036332028,2.118012728792663
MA0520.1,Stat6,0.06,14,0.2,3800,0.3,Down,418558.5,0.195781726022695,63,7,12142,2597,Down,0.045457712510163,-2.653331961641579,-0.856924259044137,-1.342392422311204
MA1554.1,RFX7,0.1,99,1.6,22773,1.9,Down,440284.5,0.038215168645631,63,46,12142,10147,Down,0.038675873143331,-0.354233510995082,-0.190584729338106,-1.412559872921415
MA1480.1,DPRX,0.1,37,0.6,11487,0.9,Down,448251.5,0.018365977067406,63,24,12142,6484,Down,0.016138815875018,-1.139486543475491,-0.468976598362933,-1.792128333171016
MA0475.2,FLI1,0.1,16,0.3,5025,0.4,Down,427370,0.107494996514811,63,12,12142,3774,Down,0.040503177841648,-2.015268265950191,-0.659120462094499,-1.39251090110757
MA0666.1,MSX1,0.08,178,2.8,41460,3.4,Down,448027,0.018767984509305,63,48,12142,10596,Down,0.01342322961524,-0.292624753195109,-0.192294182779858,-1.87214298078912
MA0027.2,EN1,0.06,225,3.6,49747,4.1,Down,441404,0.034628732514663,63,51,12142,10947,Down,0.030246237512577,-0.225824098080009,-0.152720123017876,-1.51932864181001
MA0688.1,TBX2,0.06,15,0.2,4622,0.4,Down,432937.5,0.070427735795278,63,11,12142,3782,Down,0.019736678295625,-2.073888114761069,-0.782469231908168,-1.704725937748909
MA0009.2,TBXT,0.15,3,0,677,0.1,Down,388374,0.832457688744916,63,3,12142,379,Up,0.449694011190204,-4.59057577760509,0.818492025781056,0.347082896119775
MA0524.2,TFAP2C,0.01,2,0,131,0,Up,391495,0.746363368147056,63,2,12142,98,Up,0.094139671725674,-5.806241319169755,2.278969454569905,1.026227320454497
MA1596.1,ZNF460,0.13,53,0.8,16875,1.4,Down,465433,0.002938379644335,63,22,12142,6799,Down,8.669132780935122E-4,-1.166698254873217,-0.660266671138548,-3.062024345118013
MA0735.1,GLIS1,0.1,1,0,25,0,Up,387756.5,0.849768972193417,63,1,12142,25,Up,0.126016011352471,-7.1495373549953,3.49163033788858,0.899574270753475
MA0763.1,ETV3,0.09,8,0.1,2355,0.2,Down,407072.5,0.377835841688384,63,6,12142,1967,Down,0.171931029401817,-2.956937457073655,-0.662615023114838,-0.764645736565562
MA0736.1,GLIS2,0.06,2,0,167,0,Up,389415.5,0.803447204305341,63,2,12142,165,Up,0.213156432670632,-5.431923525494335,1.530333867219063,0.671301556607255
MA0742.1,Klf12,0.12,26,0.4,6383,0.5,Down,414510,0.250751964587551,63,19,12142,4676,Down,0.195184074195894,-1.539923430799858,-0.326718074220119,-0.709555620947025
MA0912.2,HOXD3,0.15,164,2.6,37602,3.1,Down,452620.5,0.011910521248073,63,49,12142,10548,Down,0.039841335908236,-0.281177845611472,-0.156300442162168,-1.399666107802354
MA0837.1,CEBPE,0.04,5,0.1,373,0,Up,397344.5,0.593934922025104,63,4,12142,299,Up,0.071015738685071,-4.580062679226076,1.522605987792445,1.148645391187922
MA0750.2,ZBTB7A,0.06,12,0.2,5310,0.4,Down,453374,0.011028411451359,63,9,12142,3969,Down,0.00167488741869,-2.176896729139832,-1.127720888377497,-2.776014379722672
MA1464.1,ARNT2,0.02,4,0.1,1591,0.1,Down,399376,0.544533545402516,63,3,12142,1114,Down,0.278230187995259,-3.813463364682947,-0.73573280006323,-0.555595750805184
MA0853.1,Alx4,0.09,28,0.4,6436,0.5,Down,405309,0.412975029766307,63,10,12142,2696,Down,0.286736561010165,-2.383636405696965,-0.425461716592881,-0.54251692779775
MA0632.2,TCFL5,0.1,301,4.8,37533,3.1,Up,481469,3.866946939692362E-4,63,56,12142,8835,Up,0.002674252442188,-0.31359376328044,0.290176077846924,2.572797598916044
MA1601.1,ZNF75D,0.07,50,0.8,9068,0.7,Up,391734.5,0.73987090288928,63,29,12142,6262,Down,0.448568594619917,-1.030648260175738,-0.150786754469173,-0.348171135703379
MA0754.1,CUX1,0.08,49,0.8,11136,0.9,Down,406179.5,0.395393566592709,63,28,12142,6215,Down,0.313216244918901,-1.060958900838357,-0.189671543538135,-0.50415572140439
MA1561.1,SOX12,0.12,12,0.2,1762,0.1,Up,403491,0.451152969037864,63,12,12142,1620,Up,0.192125958813228,-2.625191528795343,0.560726063595803,0.71641395212067
MA0697.1,ZIC3,0.09,0,0,485,0,Down,396994.5,0.602648901655143,63,0,12142,461,Down,0.176776875336649,-5.853137857518738,-2.271093658506856,-0.752574546848574
MA0622.1,Mlxip,0.01,20,0.3,4511,0.4,Down,396199,0.622665327867614,63,14,12142,3145,Down,0.566471818923863,-2.039703955368965,-0.181999472551258,-0.246821690726071
MA0844.1,XBP1,0.13,13,0.2,1455,0.1,Up,412817.5,0.276661862044941,63,12,12142,1352,Up,0.066768637571049,-2.755596742097174,0.821536490199466,1.175427485551934
MA1121.1,TEAD2,0.09,16,0.3,4835,0.4,Down,422878.5,0.147467444478857,63,14,12142,3927,Down,0.104336162556461,-1.87954299868706,-0.502321385915068,-0.981565140502288
MA1555.1,RXRB(var.2),0.13,0,0,604,0,Down,399577.5,0.539747102739871,63,0,12142,543,Down,0.116938050196191,-5.735163163827971,-2.50704304588839,-0.932044151785675
MA0074.1,RXRA::VDR,0.12,2,0,129,0,Up,390643,0.769603106798161,63,2,12142,126,Up,0.141342392960901,-5.625770441550789,1.918027699331971,0.849727560248429
MA0084.1,SRY,0.1,371,5.9,89819,7.4,Down,472113.5,0.001310787566792,63,60,12142,11923,Down,0.106881030038023,-0.048039576058489,-0.043563746878165,-0.971099369448677
MA0874.1,Arx,0.13,39,0.6,9628,0.8,Down,410818,0.309549951111511,63,15,12142,3836,Down,0.221306543261349,-1.848345601366855,-0.37228555003687,-0.655005745312293
MA0819.1,CLOCK,0.11,42,0.7,9186,0.8,Down,393349.5,0.696594241285923,63,17,12142,3633,Down,0.680414724262329,-1.800017672377001,-0.118767994900397,-0.167226296769215
MA1125.1,ZNF384,0.06,541,8.6,125529,10.3,Down,416584.5,0.221369145481147,63,51,12142,10403,Down,0.279633142476601,-0.262590338447418,-0.079187642283059,-0.553411356740029
MA1649.1,ZBTB12,0.08,53,0.8,16874,1.4,Down,472336,0.001274840712504,63,37,12142,8441,Down,0.074057670003026,-0.642180099113843,-0.235371794324885,-1.130429955812727
MA1581.1,ZBTB6,0.05,21,0.3,4971,0.4,Down,404959,0.420172524860092,63,17,12142,3958,Down,0.418825620349851,-1.738220699845429,-0.242361939963539,-0.37796675957143
MA0761.2,ETV1,0.1,49,0.8,8950,0.7,Up,400375.5,0.521000630522693,63,35,12142,6130,Up,0.450295149279124,-0.912463202218377,0.147051269901786,0.346502731368527
MA0716.1,PRRX1,0.03,191,3,43771,3.6,Down,447514,0.019715605928184,63,47,12142,10660,Down,0.003456888299737,-0.303309729834879,-0.231038697212677,-2.461314653315976
MA0869.1,Sox11,0.15,0,0,51,0,Down,384048,0.954972435794962,63,0,12142,50,Down,0.999999999968626,-7.449125534965729,0.920881696387125,0.000000000013626
MA1571.1,TGIF2LX,0.06,1,0,69,0,Up,387239.5,0.864319078050544,63,1,12142,41,Up,0.195653170559327,-6.798230310307585,2.789016248513151,0.708513109964868
MA0713.1,PHOX2A,0.15,79,1.3,19589,1.6,Down,432651,0.07203785821233,63,33,12142,7932,Down,0.034168031034339,-0.768406730710239,-0.308377531208309,-1.466380047117517
MA0883.1,Dmbx1,0.05,28,0.4,11253,0.9,Down,479419.5,5.09850375363774E-4,63,23,12142,6842,Down,0.002020670032006,-1.130782943376647,-0.606625783435763,-2.694504599388651
MA1126.1,FOS::JUN(var.2),0.11,19,0.3,1658,0.1,Up,415116,0.241900413166749,63,11,12142,1112,Up,0.044141597071027,-2.956655487942558,0.983065514454809,1.355151957839823
MA0139.1,CTCF,0.1,12,0.2,969,0.1,Up,415000,0.243577527566721,63,10,12142,916,Up,0.026290562561157,-3.162077029682302,1.131419531377793,1.580200120831928
MA1136.1,FOSB::JUNB(var.2),0.13,24,0.4,1844,0.2,Up,434477,0.06227386254808,63,14,12142,1024,Up,6.786916781270214E-4,-2.848888644272216,1.436369905255244,3.168327475938445
MA1509.1,IRF6,0.15,31,0.5,4817,0.4,Up,423889,0.137607008931822,63,28,12142,3921,Up,0.043286141680498,-1.393191326718662,0.474793308222475,1.363651123393274
MA1479.1,DMRTC2,0.12,19,0.3,5022,0.4,Down,420658,0.171021053566705,63,13,12142,3830,Down,0.07616091598099,-1.949129022305533,-0.569336324606328,-1.118267841368629
MA0492.1,JUND(var.2),0.15,65,1,14264,1.2,Down,409439,0.333679153396445,63,33,12142,7190,Down,0.304215386245178,-0.839248491944542,-0.166694008739703,-0.516818824496058
MA1636.1,CEBPG(var.2),0.15,25,0.4,5535,0.5,Down,406638,0.386317971349698,63,17,12142,4160,Down,0.28653416420058,-1.702319166141729,-0.314165007370941,-0.542823588568461
MA0677.1,Nr2f6,0.15,0,0,429,0,Down,395199,0.648227139634147,63,0,12142,404,Down,0.274497658348377,-5.948233330126636,-2.080902713291059,-0.561461356025241
MA0767.1,GCM2,0.11,96,1.5,14885,1.2,Up,439761.5,0.039996036134765,63,48,12142,8077,Up,0.109831306489491,-0.488428290171698,0.19931289117332,0.959273850252928
MA0471.2,E2F6,0.12,183,2.9,27656,2.3,Up,466456,0.002605721435878,63,57,12142,10047,Up,0.130557853009427,-0.208211772396384,0.130034273137186,0.884197000393411
MA0051.1,IRF2,0.07,3,0,290,0,Up,391974,0.733396919761859,63,3,12142,276,Up,0.174298733631851,-4.81898598019547,1.275312430961816,0.758705768246847
MA0468.1,DUX4,0.05,14,0.2,1366,0.1,Up,416268,0.225685047250196,63,12,12142,1239,Up,0.033594168797543,-2.818531903410902,0.947406812826922,1.473736099956184
MA1588.1,ZNF136,0.14,0,0,322,0,Down,392395.5,0.722049422025267,63,0,12142,315,Down,0.413551460350897,-6.127483178850351,-1.72240301584363,-0.383470441236281
MA1481.1,DRGX,0.12,247,3.9,53239,4.4,Down,436189.5,0.054137617998941,63,52,12142,11077,Down,0.023658224398393,-0.20343616432191,-0.142006009568267,-1.626017853237962
MA1533.1,NR1I2,0.15,3,0,1457,0.1,Down,407604,0.367617517146454,63,3,12142,1372,Down,0.111435689970557,-3.663258598366542,-1.036142332696039,-0.952975693588777
MA0111.1,Spz1,0.09,7,0.1,516,0,Up,403241.5,0.45654399674155,63,6,12142,504,Up,0.047200752937068,-3.9386561877179,1.300822438173654,1.326051073531047
MA1133.1,JUN::JUNB(var.2),0.07,13,0.2,926,0.1,Up,413649.5,0.263705414412815,63,8,12142,552,Up,0.007830111311552,-3.679584528577059,1.556725366110465,2.106232064040473
MA0865.1,E2F8,0.14,3,0,386,0,Up,388827,0.819809049733896,63,3,12142,376,Up,0.447595498628158,-4.596300787976859,0.829942046524594,0.349114289728098
MA0772.1,IRF7,0.11,7,0.1,875,0.1,Up,393036.5,0.704909952169361,63,6,12142,830,Up,0.445948121125216,-3.579093238289891,0.581696539317635,0.350715661511037
MA0671.1,NFIX,0.02,147,2.3,31014,2.6,Down,398726.5,0.560103919675218,63,54,12142,11153,Down,0.099623071433099,-0.17153467267977,-0.09793137863094,-1.001640072863788
MA0595.1,SREBF1,0.15,134,2.1,29032,2.4,Down,414021.5,0.258049981983168,63,53,12142,10617,Down,0.443522805484153,-0.22041953902367,-0.053596322694699,-0.353084044284823
MA1630.1,Znf281,0.12,59,0.9,8597,0.7,Up,447605,0.019544521627897,63,41,12142,5749,Up,0.005249644985201,-0.846101168907326,0.464911826964169,2.279870065390509
MA1604.1,Ebf2,0.14,57,0.9,8098,0.7,Up,437815,0.047254957152834,63,35,12142,5087,Up,0.030005429417558,-1.046987129568798,0.416099124602629,1.522800153522405
MA0060.3,NFYA,0.13,79,1.3,14865,1.2,Up,403353,0.45413031654376,63,48,12142,8080,Up,0.10995232712653,-0.488160429967936,0.198777170765795,0.958795574420378
MA1631.1,ASCL1(var.2),0.01,1,0,1107,0.1,Down,409036.5,0.340944786806978,63,1,12142,1035,Down,0.041382253855843,-4.477694106870791,-1.852056158360437,-1.383185859477459
MA1522.1,MAZ,0.13,137,2.2,20424,1.7,Up,470007.5,0.00170042543965,63,56,12142,8333,Up,3.086995003339138E-4,-0.355788381470062,0.374565314226168,3.510464073473524
MA0863.1,MTF1,0.12,0,0,62,0,Down,384394.5,0.945080618389388,63,0,12142,61,Down,0.999999999947726,-7.306974023672006,0.636578673799679,0.000000000022702
MA0141.3,ESRRB,0.04,0,0,361,0,Down,393624,0.689331240066731,63,0,12142,354,Down,0.265585968390149,-6.043410367721867,-1.890548638100598,-0.575794873625198
MA1502.1,HOXB8,0.06,122,1.9,27882,2.3,Down,443782.5,0.027953204187,63,38,12142,9252,Down,0.004736645596839,-0.557024248400383,-0.329747795353763,-2.324529108642388
MA0740.1,KLF14,0.08,23,0.4,2305,0.2,Up,437246.5,0.04957333807787,63,19,12142,1930,Up,0.00486633481351,-2.178150747439572,0.949736559059309,2.312798014053483
MA0105.4,NFKB1,0.1,2,0,291,0,Up,387527.5,0.856207791756295,63,2,12142,223,Up,0.324056981568803,-5.215201718306285,1.096890252842963,0.489378617555548
MA0480.1,Foxo1,0.03,2,0,1133,0.1,Down,404129.5,0.437522031139529,63,2,12142,1071,Down,0.174554132584796,-4.084559161559671,-1.164394860650266,-0.758069864767148
MA0680.1,PAX7,0.07,2,0,155,0,Up,390955.5,0.761053840942376,63,2,12142,115,Up,0.122214361184975,-5.691392708189915,2.049272232610224,0.912877757948411
MA0606.1,NFAT5,0.02,17,0.3,2768,0.2,Up,401985.5,0.484225778918827,63,16,12142,2424,Up,0.271275692460328,-2.134298447464234,0.380015760101042,0.566589119261977
MA1498.1,HOXA7,0.04,126,2,28532,2.3,Down,447444.5,0.019847148645658,63,37,12142,9386,Down,0.001262624363961,-0.565636132822695,-0.38845972690718,-2.898725834657165
MA1535.1,NR2C1,0.05,146,2.3,32710,2.7,Down,419563.5,0.183619586817627,63,52,12142,11199,Down,0.01483994478333,-0.195535165325544,-0.157808007560999,-1.828567714982851
MA0734.2,GLI2,0.15,3,0,1958,0.2,Down,420730.5,0.170209968740376,63,3,12142,1785,Down,0.020065173110622,-3.47349760601979,-1.415664317389543,-1.697557089074237
MA1511.1,KLF10,0.14,306,4.9,49195,4.1,Up,432276.5,0.074187872927315,63,61,12142,11190,Up,0.236624840033648,-0.081980584667516,0.071620806469181,0.625939666625727
MA1516.1,KLF3,0.02,9,0.1,759,0.1,Up,403938,0.441585168020553,63,7,12142,672,Up,0.086563347052161,-3.628090749815373,1.092593317303451,1.062665959513602
MA0818.1,BHLHE22,0.03,0,0,607,0,Down,394348.5,0.670300169664743,63,0,12142,377,Down,0.267657168965967,-5.998064859235405,-1.981239655073522,-0.572421119922378
MA0591.1,Bach1::Mafk,0.15,2,0,1154,0.1,Down,404021.5,0.439810862216918,63,2,12142,1067,Down,0.174044969278386,-4.087257051644017,-1.158999080481572,-0.759338525359943
MA1645.1,NKX2-2,0.13,60,1,9989,0.8,Up,430931,0.082348899200391,63,42,12142,6592,Up,0.056746931350358,-0.730230832896813,0.301874164524698,1.246057618428045
MA1654.1,ZNF16,0.05,1,0,4,0,Up,388418,0.831227163521052,63,1,12142,4,Up,0.025548166305235,-8.400787525259892,5.994130678417762,1.592640265474334
MA1622.1,Smad2::Smad3,0.12,40,0.6,9802,0.8,Down,412713.5,0.278311416555787,63,16,12142,3990,Down,0.228238278927212,-1.774857312344762,-0.338866510137902,-0.641611516216179
MA0117.2,Mafb,0.05,8,0.1,2235,0.2,Down,403887,0.442670889026825,63,7,12142,2041,Down,0.308810405636864,-2.827079052424791,-0.509430077477714,-0.510308074157117
MA1493.1,HES6,0.12,3,0,1554,0.1,Down,406171.5,0.39555305462696,63,3,12142,1321,Down,0.152900932852183,-3.690573460492039,-0.981512608445047,-0.815589864938761
MA1619.1,Ptf1a(var.2),0.03,46,0.7,7716,0.6,Up,399696,0.536942115647571,63,20,12142,3255,Up,0.392854284498283,-1.765123562444935,0.267981760581706,0.405768506045075
MA1521.1,MAFA,0.13,0,0,755,0.1,Down,397939.5,0.579255009299548,63,0,12142,491,Down,0.183551511280426,-5.807707473171335,-2.361954427201662,-0.736242035360225
MA1618.1,Ptf1a,0.15,262,4.2,49720,4.1,Up,383475,0.97134483308528,63,58,12142,11521,Down,0.256813418898721,-0.097028449041102,-0.042583036295318,-0.590382287451274
MA0493.1,Klf1,0.03,2,0,1103,0.1,Down,403118.5,0.459214966316165,63,2,12142,1039,Down,0.171483060215507,-4.106430207468759,-1.120652768832089,-0.76577877485321
MA0517.1,STAT1::STAT2,0.09,11,0.2,1406,0.1,Up,408485,0.351063262102004,63,11,12142,1274,Up,0.094669147897608,-2.858592469302018,0.78693947717373,1.023791531882647
MA0832.1,Tcf21,0.14,18,0.3,2026,0.2,Up,417241.5,0.212599609746028,63,13,12142,1373,Up,0.027415698671206,-2.688966927721963,0.910339486226531,1.562000681927753
MA0122.3,Nkx3-2,0.05,32,0.5,8114,0.7,Down,421836,0.158196978240655,63,24,12142,5651,Down,0.205781749455877,-1.238667295414739,-0.270615094484437,-0.68659314493837
MA0729.1,RARA,0.12,1,0,55,0,Up,386811.5,0.876399558154438,63,1,12142,55,Up,0.252085911566941,-6.588542092805994,2.369639813509969,0.59845142524663
MA0747.1,SP8,0.13,241,3.8,38844,3.2,Up,447947,0.018913087698283,63,59,12142,10524,Up,0.134007518063126,-0.15009035737185,0.112446867815255,0.872870836249068
MA0790.1,POU4F1,0.15,15,0.2,6132,0.5,Down,435279,0.058345576533533,63,10,12142,3568,Down,0.017940694753125,-2.181521536379099,-0.829691455228612,-1.746160742919239
MA0739.1,Hic1,0.01,0,0,509,0,Down,397971,0.578482607565864,63,0,12142,492,Down,0.183847639254124,-5.806241319169756,-2.36488673520482,-0.735541942436347
MA0908.1,HOXD11,0.13,30,0.5,8859,0.7,Down,436068.5,0.054681804763994,63,23,12142,5882,Down,0.076011874669636,-1.239830000446976,-0.388531669295104,-1.11911855639484
MA1130.1,FOSL2::JUN,0.09,39,0.6,9789,0.8,Down,414329,0.253439056383294,63,16,12142,3994,Down,0.228078527907747,-1.774134609696514,-0.340311915434399,-0.641915598765965
MA0801.1,MGA,0,7,0.1,1766,0.1,Down,407638.5,0.366960242637133,63,4,12142,1614,Down,0.133853482131847,-3.364832912813479,-0.90785354503275,-0.873370326374876
MA1475.1,CREB3L4(var.2),0.07,24,0.4,1645,0.1,Up,436924.5,0.050928287280016,63,14,12142,963,Up,3.683176053162675E-4,-2.893170350629979,1.524933317970769,3.433777521685489
MA0684.2,RUNX3,0.06,34,0.5,10119,0.8,Down,449370,0.016473433620721,63,26,12142,6838,Down,0.021221685344912,-1.044538951767065,-0.432450560883803,-1.67322012906188
MA0802.1,TBR1,0.11,18,0.3,5864,0.5,Down,442063.5,0.03265363054827,63,14,12142,4578,Down,0.012639091097925,-1.768911125169148,-0.723585132950892,-1.898284155907161
MA1589.1,ZNF140,0.14,1,0,80,0,Up,386055,0.897820940999613,63,1,12142,79,Up,0.339900191751788,-6.32930854833887,1.851172724575719,0.468648590413351
MA0753.2,ZNF740,0.15,114,1.8,14447,1.2,Up,458303.5,0.006557476773258,63,36,12142,4852,Up,0.006564690705651,-1.061062748101103,0.52440524041791,2.182785730807308
MA0848.1,FOXO4,0.12,72,1.1,16879,1.4,Down,420805,0.169379515823549,63,39,12142,8308,Down,0.278217182608323,-0.616154740310835,-0.137498396568455,-0.555616051620969
MA1138.1,FOSL2::JUNB,0.1,43,0.7,10779,0.9,Down,418293,0.199091155291009,63,18,12142,4543,Down,0.153690394064135,-1.598710411768886,-0.36104181874866,-0.813353275865966
MA0721.1,UNCX,0.05,225,3.6,49747,4.1,Down,441404,0.034628732514663,63,51,12142,10947,Down,0.030246237512577,-0.225824098080009,-0.152720123017876,-1.51932864181001
MA0150.2,Nfe2l2,0.11,5,0.1,672,0.1,Up,392329.5,0.723822295118904,63,5,12142,649,Up,0.389196107743018,-3.876922609299036,0.695339082328335,0.40983151165698
MA0068.2,PAX4,0.1,266,4.2,55865,4.6,Down,431161,0.080904420085251,63,51,12142,11003,Down,0.01549901336901,-0.222143577941476,-0.160081163294942,-1.809695947122137
MA0816.1,Ascl2,0.06,50,0.8,8269,0.7,Up,410852,0.308969970692332,63,26,12142,3980,Up,0.177954842457652,-1.434904075488557,0.348279686559181,0.749690189598753
MA0161.2,NFIC,0.12,79,1.3,17406,1.4,Down,424695,0.130112963289291,63,40,12142,9077,Down,0.057373313501063,-0.534266620055528,-0.229136127664026,-1.241290067431971
MA0745.2,SNAI2,0.1,109,1.7,23976,2,Down,420884.5,0.168496683189099,63,49,12142,9986,Down,0.325728935847041,-0.320671253599819,-0.077313626185476,-0.487143659548398
MA1147.1,NR4A2::RXRA,0.13,2,0,990,0.1,Down,399588.5,0.539486415645521,63,2,12142,927,Down,0.235888673199183,-4.188665493143861,-0.956182197481885,-0.627292912379321
MA1629.1,Zic2,0.09,19,0.3,3232,0.3,Up,397535.5,0.589204019806503,63,17,12142,2777,Up,0.45230016488466,-1.993804169730915,0.268804999807431,0.34457325393331
MA0815.1,TFAP2C(var.3),0.02,4,0.1,365,0,Up,388736.5,0.822332353099052,63,2,12142,187,Up,0.255142664736214,-5.341893836206323,1.350274488643038,0.593216912969133
MA1487.1,FOXE1,0.06,1,0,992,0.1,Down,405664.5,0.40573973101523,63,1,12142,928,Down,0.089785725466213,-4.556370976013337,-1.694702420075346,-1.046792703912089
MA0056.2,MZF1,0.15,220,3.5,37095,3.1,Up,418271,0.199367206160848,63,57,12142,11240,Down,0.469469943978824,-0.127276955616151,-0.031835360423279,-0.328392206554368
MA0847.2,FOXD2,0.06,1,0,800,0.1,Down,400297,0.522829759805063,63,1,12142,758,Down,0.185111983858489,-4.70224734085753,-1.402949690386959,-0.732565464795753
MA0872.1,TFAP2A(var.3),0.03,5,0.1,751,0.1,Up,395483,0.640923596335184,63,5,12142,535,Up,0.202905129539897,-4.016144084647848,0.97378203302596,0.692706973653137
MA0646.1,GCM1,0.07,0,0,285,0,Down,391261.5,0.752710568489001,63,0,12142,279,Down,0.406391142259905,-6.21487903992003,-1.547611293704272,-0.391055766544925
MA1152.1,SOX15,0.07,252,4,59260,4.9,Down,453883,0.010465863708677,63,56,12142,11674,Down,0.01090703083777,-0.112605223880802,-0.111801000952353,-1.962293458969116
MA0017.2,NR2F1,0.09,67,1.1,17217,1.4,Down,450933.5,0.014115700922923,63,36,12142,9119,Down,0.001920549865063,-0.605949491021121,-0.385821273742056,-2.716574412351647
MA0906.1,HOXC12,0.15,14,0.2,3955,0.3,Down,413082.5,0.272488842480021,63,12,12142,3275,Down,0.199229694277312,-2.11755346481171,-0.454550064371463,-0.700645931476157
MA0811.1,TFAP2B,0.01,2,0,134,0,Up,391614,0.743135183317343,63,2,12142,94,Up,0.087846256446923,-5.836146016787407,2.338778849805208,1.056276741158845
MA1467.1,ATOH1(var.2),0.07,14,0.2,1232,0.1,Up,426988,0.110519939273663,63,13,12142,1080,Up,0.003368193717041,-2.862045846830137,1.25649732444288,2.472602938602738
MA0693.2,VDR,0.04,36,0.6,12076,1,Down,474784.5,9.350863761596884E-4,63,25,12142,7420,Down,6.738330634919155E-4,-1.013368262915988,-0.605782163769365,-3.171447682966361
MA0033.2,FOXL1,0.12,137,2.2,30717,2.5,Down,429270,0.093411519922578,63,45,12142,9780,Down,0.078558971831511,-0.396487703557565,-0.168804686031809,-1.104804209167431
MA0864.2,E2F2,0.04,2,0,97,0,Up,391986.5,0.733059544653141,63,2,12142,83,Up,0.071260450120777,-5.925415082660918,2.51731698155223,1.147151438729992
MA0062.3,GABPA,0.1,28,0.4,6376,0.5,Down,403112,0.45935635822155,63,22,12142,4844,Down,0.442355419914657,-1.411238699335601,-0.17118578221378,-0.354228647211086
MA1634.1,BATF,0.1,20,0.3,5444,0.4,Down,404710,0.425337596367507,63,9,12142,2448,Down,0.274306578387728,-2.52542627926545,-0.430661788126262,-0.561763777071985
MA0776.1,MYBL1,0.07,2,0,193,0,Up,388901.5,0.817733253063664,63,2,12142,181,Up,0.243646083688022,-5.365354359900069,1.397195536030531,0.613240564977744
MA0615.1,Gmeb1,0.01,4,0.1,169,0,Up,396568,0.613344602270482,63,3,12142,131,Up,0.031869633478653,-5.355094320666672,2.347529111904219,1.496622931164296
MA0805.1,TBX1,0,7,0.1,1766,0.1,Down,407638.5,0.366960242637133,63,4,12142,1614,Down,0.133853482131847,-3.364832912813479,-0.90785354503275,-0.873370326374876
MA0703.2,LMX1B,0.07,15,0.2,3930,0.3,Down,406236.5,0.394258339654946,63,8,12142,2354,Down,0.203417395443286,-2.633897352066692,-0.53464898691027,-0.691611910695505
MA1519.1,LHX5,0.08,126,2,27160,2.2,Down,425931,0.119241043542567,63,39,12142,9080,Down,0.028002382715258,-0.552062890477796,-0.265682096234534,-1.552805013084139
MA0490.2,JUNB,0.14,39,0.6,9745,0.8,Down,417301.5,0.211811421602108,63,15,12142,4023,Down,0.139418909245569,-1.814015462470509,-0.440945827829563,-0.8556783193221
MA0605.2,ATF3,0.15,29,0.5,2170,0.2,Up,435860,0.05563021655533,63,15,12142,1205,Up,0.001104550265711,-2.683425153346924,1.297873553923268,2.956814515533508
MA1646.1,OSR2,0.02,38,0.6,4934,0.4,Up,435029.5,0.059544974746327,63,29,12142,4011,Up,0.031962744027873,-1.35194671070077,0.49181014658089,1.495355943218902
MA0108.2,TBP,0.02,18,0.3,2320,0.2,Up,420393.5,0.174004663510041,63,17,12142,2037,Up,0.041037542170602,-2.217297595866241,0.715791852078083,1.386818657976877
MA0909.2,HOXD13,0.12,19,0.3,4700,0.4,Down,424878.5,0.128451912761263,63,12,12142,3766,Down,0.04063460657525,-2.016798774457935,-0.656059445079013,-1.391103940735197
MA0887.1,EVX1,0.07,297,4.7,68710,5.7,Down,454996,0.009323845680166,63,55,12142,11425,Down,0.032139508237596,-0.141038502621663,-0.106460635600793,-1.4929607726048
MA0058.3,MAX,0.02,42,0.7,9186,0.8,Down,393349.5,0.696594241285923,63,17,12142,3633,Down,0.680414724262329,-1.800017672377001,-0.118767994900397,-0.167226296769215
MA0100.3,MYB,0,1,0,67,0,Up,386464.5,0.886215094960745,63,1,12142,66,Up,0.293675784268727,-6.458108808230453,2.108773244358885,0.53213186277937
MA0890.1,GBX2,0.06,225,3.6,49578,4.1,Down,440684.5,0.036899042004038,63,51,12142,10945,Down,0.030365853740277,-0.225955893178434,-0.152456532821028,-1.517614504118921
MA0823.1,HEY1,0.02,1,0,1302,0.1,Down,404372.5,0.432397299769509,63,1,12142,882,Down,0.088188488204579,-4.593023791901776,-1.621396788298468,-1.05458810234576
MA0507.1,POU2F2,0.15,36,0.6,9191,0.8,Down,422113.5,0.155284802793071,63,24,12142,5873,Down,0.12875721063948,-1.210873983464722,-0.326201718384471,-0.890228440319784
MA0652.1,IRF8,0.15,3,0,362,0,Up,389644.5,0.797103187359225,63,3,12142,350,Up,0.431081358802575,-4.647918498307512,0.933177467185899,0.365440756882176
MA1529.1,NHLH2,0.04,1,0,12,0,Up,388290,0.834808011239841,63,1,12142,8,Up,0.045523251238883,-7.942018605355877,5.076592838609735,1.341766728496044
MA1101.2,BACH2,0.1,6,0.1,619,0.1,Up,394358,0.670051992096437,63,4,12142,392,Up,0.147496624487219,-4.384994353730975,1.132469336802241,0.831217918555981
MA0725.1,VSX1,0.09,147,2.3,33700,2.8,Down,448903,0.01724172143322,63,40,12142,9749,Down,0.002133750619902,-0.482750016266231,-0.332169335242621,-2.670856339704892
MA0620.3,MITF,0.12,32,0.5,13880,1.1,Down,459404.5,0.005815790426841,63,14,12142,4953,Down,0.002819941785362,-1.712124510382874,-0.837158362523439,-2.549759857126441
MA0770.1,HSF2,0.01,1,0,38,0,Up,387347,0.861289707459056,63,1,12142,38,Up,0.183025975783223,-6.852356755633597,2.897269139165174,0.737487269074233
MA0879.1,Dlx1,0.03,173,2.7,40843,3.4,Down,453643.5,0.010727299152875,63,45,12142,10449,Down,0.002771115454297,-0.348760810375627,-0.264258472395685,-2.557345379623925
MA0851.1,Foxj3,0.03,0,0,672,0.1,Down,403137,0.458812676674632,63,0,12142,656,Down,0.049500262402513,-5.598905675895182,-2.779558021753968,-1.305392498851054
MA1647.1,PRDM4,0.09,86,1.4,13871,1.1,Up,430408.5,0.085708139649078,63,46,12142,8120,Up,0.348442027935131,-0.514975448168066,0.130899145007862,0.457869467328293
MA0644.1,ESX1,0.05,160,2.5,37836,3.1,Down,449762.5,0.015851136478108,63,44,12142,10301,Down,0.002358358499923,-0.375081159418255,-0.275740192775026,-2.62739017604158
MA0596.1,SREBF2,0.11,57,0.9,10082,0.8,Up,409419.5,0.334028833911604,63,41,12142,6740,Up,0.161524587535612,-0.731391612191004,0.235492713531525,0.791761359287865
MA0642.1,EN2,0.03,32,0.5,7235,0.6,Down,421363,0.163255845679485,63,19,12142,5047,Down,0.072955584196979,-1.484853521801083,-0.436857892217669,-1.136941460547548
MA0668.1,NEUROD2,0.01,2,0,70,0,Up,387106,0.868083906710427,63,1,12142,46,Up,0.216272993160203,-6.716170620427032,2.624896868752044,0.664997709196067
MA0743.2,SCRT1,0.02,2,0,203,0,Up,388281.5,0.835045924093178,63,2,12142,201,Up,0.282006376794252,-5.28994921463396,1.246385245498314,0.549741071201048
MA0726.1,VSX2,0.15,348,5.5,76555,6.3,Down,441166.5,0.035364577436404,63,51,12142,10947,Down,0.030246237512577,-0.225824098080009,-0.152720123017876,-1.51932864181001
MA1653.1,ZNF148,0.09,78,1.2,12424,1,Up,448924.5,0.017205672189048,63,46,12142,6284,Up,8.691965138870618E-4,-0.699860744854055,0.500669738379841,3.060882024186129
MA1578.1,VEZF1,0,4,0.1,108,0,Up,403536,0.450184488530333,63,4,12142,102,Up,0.002160708272513,-5.353528725867746,3.069538081075784,2.665403865319534
MA0442.2,SOX10,0,1,0,113,0,Up,384984.5,0.92825769423598,63,1,12142,113,Up,0.447182128293088,-6.07247578233559,1.33750719256916,0.349515561424827
MA1545.1,OVOL2,0.04,9,0.1,2610,0.2,Down,411309.5,0.301235714892133,63,7,12142,2272,Down,0.144510097855126,-2.749753688996631,-0.664080804334032,-0.840101804882956
MA1539.1,NR2F6(var.3),0.11,1,0,82,0,Up,386333,0.889939465644782,63,1,12142,70,Up,0.30822796639222,-6.41597434978165,2.024504327461281,0.511127959067311
MA0145.3,TFCP2,0.11,9,0.1,1378,0.1,Up,398376,0.568595123635864,63,9,12142,1209,Up,0.286585409027814,-3.03416999262987,0.586825638602579,0.542745924685416
MA0623.2,NEUROG1,0.1,24,0.4,5662,0.5,Down,401296.5,0.499789160503046,63,9,12142,2389,Down,0.341349138345232,-2.543020993496599,-0.395472359663962,-0.466801189084117
MA0870.1,Sox1,0.15,0,0,327,0,Down,392364,0.722895380476134,63,0,12142,314,Down,0.413216361946101,-6.129773172901981,-1.717823027740371,-0.383822490244822
MA0891.1,GSC2,0.02,42,0.7,15190,1.3,Down,479254.5,5.212108799619308E-4,63,29,12142,7774,Down,0.003703847343116,-0.874642662107777,-0.462797950605096,-2.431346921398498
MA0146.2,Zfx,0.15,405,6.4,83192,6.9,Down,402056,0.482648253070987,63,60,12142,11948,Down,0.081444911768487,-0.046528710223716,-0.046585478547712,-1.089136042845899
MA1592.1,ZNF274,0.12,14,0.2,1258,0.1,Up,419083.5,0.189356683761913,63,12,12142,1173,Up,0.018384142395991,-2.858002118192678,1.026347242390473,1.735556624776672
MA0857.1,Rarb,0.12,1,0,42,0,Up,387221,0.864840614078722,63,1,12142,42,Up,0.199819400122207,-6.781054557912196,2.754664743722373,0.699362349158047
MA1643.1,NFIB,0.14,9,0.1,924,0.1,Up,394397.5,0.669020482299,63,5,12142,583,Up,0.230301661345258,-3.954221044169302,0.849935952068868,0.637702929120113
MA1141.1,FOS::JUND,0.09,10,0.2,2682,0.2,Down,402665,0.469138067790211,63,9,12142,2373,Down,0.341645343934009,-2.547867352405116,-0.385779641846928,-0.466424493622829
MA0687.1,SPIC,0.14,25,0.4,7308,0.6,Down,428514.5,0.098823249593621,63,21,12142,5316,Down,0.099375401976586,-1.376968360710732,-0.370903142718671,-1.002721101597257
MA1124.1,ZNF24,0.08,8,0.1,720,0.1,Up,404801.5,0.423435293302791,63,6,12142,442,Up,0.027582688534172,-4.033244594785899,1.489999252309651,1.559363404634106
MA0876.1,BSX,0.02,67,1.1,15517,1.3,Down,435348.5,0.058015072267825,63,33,12142,8156,Down,0.015315787339056,-0.748319430566775,-0.348552131495237,-1.814860672496432
MA0136.2,ELF5,0.04,12,0.2,4200,0.3,Down,430571.5,0.084648501549573,63,10,12142,3412,Down,0.034070746439614,-2.213765899604956,-0.765202728776898,-1.467618351578747
MA0777.1,MYBL2,0.14,9,0.1,583,0,Up,406050,0.397980054556998,63,6,12142,412,Up,0.020441769839302,-4.08388626270449,1.591282588146833,1.689481505887227
MA0799.1,RFX4,0.15,1,0,1231,0.1,Down,407347.5,0.372527174906817,63,1,12142,979,Down,0.060618228465231,-4.517799184847254,-1.771846002407512,-1.217396759803048
MA0515.1,Sox6,0,2,0,66,0,Up,392566.5,0.717463028814309,63,2,12142,65,Up,0.046789852290224,-6.100555728129219,2.867598272488831,1.329848325819616
MA1547.1,PITX2,0.01,31,0.5,12798,1.1,Down,483733.5,2.832194300992352E-4,63,22,12142,6985,Down,4.610105419593191E-4,-1.147230894406046,-0.699201392072891,-3.336289143455441
MA0888.1,EVX2,0.07,269,4.3,62198,5.1,Down,455340,0.0089941008737,63,54,12142,11310,Down,0.038820754416896,-0.161451570408646,-0.118097583173187,-1.410936029073584
MA1478.1,DMRTA2,0.08,103,1.6,23296,1.9,Down,433532.5,0.067178118689646,63,46,12142,9711,Down,0.204967362501304,-0.385912655535054,-0.127226440258161,-0.688315287305374
MA1607.1,Foxl2,0.11,13,0.2,4190,0.3,Down,426134.5,0.117521353165203,63,10,12142,3356,Down,0.046533830351003,-2.225701601414377,-0.741331325158056,-1.332231197803325
MA0131.2,HINFP,0.15,128,2,19735,1.6,Up,425576.5,0.122283795474952,63,50,12142,8587,Up,0.164245098279742,-0.415114295669315,0.169282183297888,0.784507582631655
MA1494.1,HNF4A(var.2),0.15,0,0,392,0,Down,394632,0.662909619646526,63,0,12142,386,Down,0.269435347853779,-5.981068974379201,-2.015231424785929,-0.569545428765937
MA0502.2,NFYB,0.1,38,0.6,4802,0.4,Up,451572.5,0.013241263026172,63,31,12142,3709,Up,0.00228698056378,-1.36108680203612,0.699364077527741,2.640737526289171
MA1594.1,ZNF382,0.05,0,0,4,0,Down,382599,0.996395892959037,63,0,12142,4,Down,0.999999999976326,-9.193268775620469,4.409168177696607,0.000000000010282
MA0518.1,Stat4,0.13,147,2.3,27476,2.3,Up,405093.5,0.417397952338875,63,60,12142,10121,Up,0.009608124698654,-0.166231911737675,0.192820924480207,2.017361369095378
MA0098.3,ETS1,0.09,17,0.3,5819,0.5,Down,437079.5,0.050272237272824,63,13,12142,4235,Down,0.016942179918032,-1.876629238180654,-0.714335892856087,-1.771030710565941
MA0482.2,GATA4,0.1,19,0.3,4871,0.4,Down,422438.5,0.151926102622658,63,13,12142,3923,Down,0.057572096983678,-1.931824782828375,-0.603944803560644,-1.239787951683411
MA0508.3,PRDM1,0.13,117,1.9,19891,1.6,Up,400462.5,0.518977299220844,63,55,12142,9554,Up,0.121136360261412,-0.27004101234482,0.151544383845521,0.91672547955939
MA1580.1,ZBTB32,0.09,7,0.1,2717,0.2,Down,419359,0.186047887081633,63,6,12142,2333,Down,0.053559596901124,-2.833871541289008,-0.908746854684133,-1.271162700223811
MA0073.1,RREB1,0.14,15,0.2,1040,0.1,Up,426417,0.115166406995316,63,12,12142,931,Up,0.002845326700513,-3.024597201983444,1.359537409972006,2.545867860698073
MA0854.1,Alx1,0.03,0,0,429,0,Down,394411.5,0.668655033637709,63,0,12142,379,Down,0.268007127732889,-5.994253238633892,-1.988862896276548,-0.571853655620843
MA1523.1,MSANTD3,0.03,39,0.6,5201,0.4,Up,440721,0.036780890820156,63,30,12142,4032,Up,0.021808798635642,-1.32413319853868,0.5323716986588,1.661368257405323
MA0003.4,TFAP2A,0.06,24,0.4,8456,0.7,Down,451155.5,0.013806293368559,63,22,12142,5915,Down,0.031547447046226,-1.267162528018487,-0.459338124848009,-1.501035779956995
MA1597.1,ZNF528,0.12,0,0,45,0,Down,383890.5,0.959471102280862,63,0,12142,45,Down,0.999999999956655,-7.524333956242277,1.071298538940223,0.000000000018824
MA1128.1,FOSL1::JUN,0.14,95,1.5,19296,1.6,Down,408555.5,0.349759278489694,63,38,12142,8186,Down,0.228205256160397,-0.645322471789159,-0.153151348576212,-0.641674356871495
MA0663.1,MLX,0.01,1,0,85,0,Up,386269.5,0.891738801209686,63,1,12142,72,Up,0.315393004532633,-6.39579548097358,1.98414658984514,0.501147943621473
MA0151.1,Arid3a,0.04,121,1.9,26948,2.2,Down,434104,0.064174048192842,63,41,12142,9635,Down,0.007822311199544,-0.47363965234158,-0.280011206167322,-2.106664910250893
MA0704.1,Lhx4,0.1,300,4.8,67219,5.5,Down,447046,0.020616281308249,63,54,12142,11341,Down,0.035522735707993,-0.159477194009731,-0.122046335971017,-1.449493595338969
MA1540.1,NR5A1,0.02,8,0.1,2741,0.2,Down,415320.5,0.238963598707417,63,7,12142,2395,Down,0.110256246441142,-2.711730429471171,-0.740127323384951,-0.957596796707537
MA0512.2,Rxra,0.1,0,0,54,0,Down,384142.5,0.952273915080267,63,0,12142,53,Down,0.999999999932066,-7.407497783141052,0.837626192737772,0.000000000029503
MA0850.1,FOXP3,0.14,317,5,67620,5.6,Down,417845,0.204767803843109,63,59,12142,11708,Down,0.288995167126555,-0.073188074387702,-0.04135769815304,-0.539109419900264
MA0709.1,Msx3,0.07,225,3.6,49747,4.1,Down,441404,0.034628732514663,63,51,12142,10947,Down,0.030246237512577,-0.225824098080009,-0.152720123017876,-1.51932864181001
MA1638.1,HAND2,0.01,63,1,12345,1,Down,390548,0.772207698223823,63,38,12142,7555,Down,0.794884028599758,-0.703182247804503,-0.037431796545522,-0.099696229095878
MA0157.2,FOXO3,0.01,1,0,1444,0.1,Down,418846.5,0.192237623733669,63,1,12142,1346,Down,0.013203570231736,-4.288250768730212,-2.230942834641597,-1.879308620135667
MA0102.4,CEBPA,0.01,1,0,43,0,Up,387189.5,0.865728770243461,63,1,12142,43,Up,0.203964390890237,-6.764278278056683,2.721112184011346,0.690445647229793
MA0834.1,ATF7,0.1,18,0.3,1088,0.1,Up,414477.5,0.251232982823872,63,8,12142,535,Up,0.006543018788229,-3.702128473341328,1.601813255639002,2.184221832626531
MA1648.1,TCF12(var.2),0.01,26,0.4,6585,0.5,Down,412629.5,0.279648626209842,63,20,12142,4815,Down,0.244979369839835,-1.482720330271545,-0.296824703765075,-0.610870486827144
MA1602.1,ZSCAN29,0.09,7,0.1,793,0.1,Up,401152.5,0.503075106851482,63,7,12142,752,Up,0.112339331478049,-3.547012092713834,0.930436003100373,0.949468164902266
MA0080.5,SPI1,0.07,3,0,214,0,Up,394035,0.678510076546485,63,3,12142,211,Up,0.098427275477276,-5.012296888752849,1.661934248076573,1.00688453624511
MA0500.2,MYOG,0.01,34,0.5,5312,0.4,Up,399646,0.538124760210457,63,15,12142,2315,Up,0.335627309214455,-2.212579100296341,0.356181447822101,0.47414270887251
MA1577.1,TLX2,0.03,225,3.6,49747,4.1,Down,441404,0.034628732514663,63,51,12142,10947,Down,0.030246237512577,-0.225824098080009,-0.152720123017876,-1.51932864181001
MA0619.1,LIN54,0.12,499,7.9,101334,8.3,Down,413318,0.268816688362642,63,56,12142,11429,Down,0.098027126295553,-0.127904459282954,-0.081202530148048,-1.008653728692021
MA0155.1,INSM1,0.09,27,0.4,3459,0.3,Up,426691,0.112917930145162,63,22,12142,2845,Up,0.036968421213927,-1.795071496110472,0.596479811335962,1.43216909615993
MA0817.1,BHLHE23,0.15,24,0.4,5566,0.5,Down,404871,0.421993707728215,63,9,12142,2545,Down,0.217034534680862,-2.497400844487923,-0.486712657681315,-0.663471155423334
MA0758.1,E2F7,0.13,0,0,69,0,Down,384646.5,0.937891796851871,63,0,12142,69,Down,0.999999999945785,-7.218760739979871,0.460152106415411,0.000000000023545
MA1569.1,TFAP2E,0.03,85,1.3,10526,0.9,Up,454530,0.00978772578546,63,34,12142,4600,Up,0.012726312106902,-1.140181571958453,0.520042683928912,1.895297430098427
MA0635.1,BARHL2,0.02,28,0.4,3224,0.3,Up,431810.5,0.076936122460929,63,22,12142,2745,Up,0.023768570333706,-1.820878130204656,0.648093079524329,1.623996940057908
MA0828.1,SREBF2(var.2),0,1,0,61,0,Up,386653.5,0.880866616836715,63,1,12142,60,Up,0.27128092213554,-6.52631840734375,2.24519244258548,0.566580746977774
MA0910.2,HOXD8,0.09,214,3.4,46824,3.9,Down,444224.5,0.02684335412658,63,49,12142,10922,Down,0.004734121967051,-0.25604522363603,-0.206565686113052,-2.324760557362771
MA0649.1,HEY2,0.12,53,0.8,8503,0.7,Up,414587.5,0.249607516569391,63,27,12142,4092,Up,0.141488279485892,-1.388168068898537,0.361686191302062,0.84927953445364
MA0861.1,TP73,0.13,6,0.1,901,0.1,Up,395322,0.64505977577518,63,6,12142,734,Up,0.279170440240519,-3.667702076992939,0.758914216723731,0.554130568570571
MA0866.1,SOX21,0.14,0,0,207,0,Down,388363.5,0.83275139761664,63,0,12142,187,Down,0.999999999966967,-6.502857883650004,-0.971653606244325,-0.000000000014346
MA1472.1,BHLHA15(var.2),0.13,562,8.9,113149,9.3,Down,403786.5,0.444814860159052,63,60,12142,11980,Down,0.053467138915032,-0.044599408170607,-0.050444082653929,-1.271913054849698
MA0810.1,TFAP2A(var.2),0.11,283,4.5,40648,3.3,Up,464520.5,0.003267336355621,63,61,12142,10376,Up,0.006312640782032,-0.136457881998121,0.18057540113039,2.199788923300566
MA0727.1,NR3C2,0.14,9,0.1,1069,0.1,Up,400263,0.523623016407074,63,7,12142,780,Up,0.124545445643094,-3.520658567548411,0.877728952769528,0.90467214904467
MA1143.1,FOSL1::JUND(var.2),0.07,19,0.3,1678,0.1,Up,416133,0.22754411299895,63,12,12142,1292,Up,0.039649100130799,-2.788328898853115,0.887000803711347,1.401766664907875
MA0610.1,DMRT3,0,1,0,21,0,Up,387882.5,0.846230455626005,63,1,12142,21,Up,0.107699603511685,-7.272617648629998,3.737790925157977,0.967785895522857
MA0613.1,FOXG1,0.01,1,0,1444,0.1,Down,418846.5,0.192237623733669,63,1,12142,1346,Down,0.013203570231736,-4.288250768730212,-2.230942834641597,-1.879308620135667
MA0103.3,ZEB1,0.01,94,1.5,19734,1.6,Down,403699.5,0.446675608384393,63,44,12142,9225,Down,0.299844753977441,-0.454658866573796,-0.116584778463944,-0.523103545087265
MA0594.2,HOXA9,0.1,133,2.1,25576,2.1,Up,387193,0.865630077829483,63,58,12142,10266,Up,0.114979676679445,-0.180220511957759,0.123801089537996,0.939378916915738
MA0711.1,OTX1,0.01,34,0.5,14223,1.2,Down,495110.5,5.389766202457125E-5,63,24,12142,7463,Down,2.250028229467695E-4,-1.038058042255945,-0.671833600802025,-3.647812033077465
MA1515.1,KLF2,0.03,153,2.4,24189,2,Up,436250,0.053867223944823,63,54,12142,9076,Up,0.057079318612969,-0.320178928925525,0.199357133860571,1.2435212199371
MA0601.1,Arid3b,0.08,175,2.8,42117,3.5,Down,442995.5,0.030027413354172,63,46,12142,10351,Down,0.01147231544044,-0.339875761606536,-0.219300228115197,-1.94034892023981
MA1135.1,FOSB::JUNB,0.13,87,1.4,18901,1.6,Down,410164.5,0.320837220660697,63,36,12142,7915,Down,0.186714822935624,-0.70808661244448,-0.181547030895337,-0.728821202867156
MA0510.2,RFX5,0.13,0,0,397,0,Down,390978,0.760439404301597,63,0,12142,270,Down,0.406347520079895,-6.238488884428218,-1.500391604687896,-0.391102386382182
MA0831.2,TFE3,0.04,7,0.1,2016,0.2,Down,396903.5,0.604923931032947,63,5,12142,1431,Down,0.435071644023112,-3.3068594895233,-0.444787157223137,-0.361439221109938
MA0700.2,LHX2,0.15,225,3.6,49669,4.1,Down,441050,0.035730380027031,63,51,12142,10944,Down,0.030426818963305,-0.226021799758694,-0.152324719660508,-1.516743449511609
MA0039.4,KLF4,0.15,375,6,58043,4.8,Up,448060.5,0.018707512399984,63,62,12142,11164,Up,0.060602829313879,-0.07202362334321,0.098246442466262,1.217507099815201
MA0884.1,DUXA,0.05,12,0.2,1088,0.1,Up,411919.5,0.291125614082169,63,10,12142,1013,Up,0.039650246418059,-3.089507378218796,0.98628022845078,1.401754109287849
MA1107.2,KLF9,0.05,0,0,284,0,Down,391009.5,0.759579446929697,63,0,12142,271,Down,0.406314374948112,-6.235827082439444,-1.505715208665443,-0.391137812548787
MA0897.1,Hmx2,0.04,1,0,136,0,Up,384322,0.947149685581022,63,1,12142,134,Up,0.50466651813221,-5.950018844702735,1.09259331730345,0.296995507378008
MA0467.1,Crx,0.14,82,1.3,21963,1.8,Down,454417,0.009903264868595,63,42,12142,9498,Down,0.032094143343976,-0.466793815189664,-0.224999870889601,-1.493574212001802
MA1627.1,Wt1,0.07,46,0.7,5238,0.4,Up,464714.5,0.003194713729559,63,33,12142,3748,Up,5.098059852467198E-4,-1.309137837708809,0.773084682788831,3.292595070113584
MA0124.2,Nkx3-1,0.03,7,0.1,2769,0.2,Down,417511.5,0.209069397591726,63,7,12142,2428,Down,0.082791489022663,-2.701861093025505,-0.759865996276285,-1.082014306457574
MA0914.1,ISL2,0.13,215,3.4,48558,4,Down,450672.5,0.01448727679696,63,54,12142,11550,Down,0.00351181999822,-0.146305271868277,-0.148390180253925,-2.454467752385344
MA0162.4,EGR1,0.12,257,4.1,34715,2.9,Up,466637.5,0.00255043082916,63,57,12142,9643,Up,0.02813891555409,-0.237815682810008,0.189242093964434,1.550692643857562
MA0494.1,Nr1h3::Rxra,0.15,14,0.2,4094,0.3,Down,420241.5,0.175736751949943,63,12,12142,3468,Down,0.122646116020893,-2.076255096832217,-0.537146800330449,-0.911346200555046
MA1520.1,MAF,0.15,0,0,982,0.1,Down,403389,0.45335255093317,63,0,12142,664,Down,0.049473720995332,-5.590168581703538,-2.797032210137256,-1.305625424445454
MA0712.2,OTX2,0.01,29,0.5,11820,1,Down,478360.5,5.869762017749469E-4,63,22,12142,6595,Down,0.002228727313081,-1.188671569209886,-0.61632004246521,-2.651943064614826
MA0626.1,Npas2,0.03,42,0.7,9186,0.8,Down,393349.5,0.696594241285923,63,17,12142,3633,Down,0.680414724262329,-1.800017672377001,-0.118767994900397,-0.167226296769215
MA1683.1,FOXA3,0.14,88,1.4,21356,1.8,Down,431042,0.081649191511364,63,44,12142,9127,Down,0.310405493682217,-0.462362536697303,-0.101177438216931,-0.508070601026095
MA0896.1,Hmx1,0.03,2,0,155,0,Up,389885,0.790454992031685,63,2,12142,150,Up,0.184977852932505,-5.500457390518093,1.667401597266579,0.732880265786036
MA0650.2,HOXA13,0.08,8,0.1,2587,0.2,Down,416781,0.218719545508936,63,6,12142,2292,Down,0.073389530539999,-2.84665840802987,-0.883173121202406,-1.134365890397385
MA0800.1,EOMES,0.1,14,0.2,3948,0.3,Down,419796,0.180887415609666,63,11,12142,3321,Down,0.088693943449478,-2.167640698773762,-0.594964063882782,-1.05210603536868
MA0164.1,Nr2e3,0.02,46,0.7,10028,0.8,Down,402066,0.48242471689814,63,17,12142,3984,Down,0.349815580077149,-1.733498276953205,-0.251806785747988,-0.456160851830322
MA0648.1,GSC,0.03,44,0.7,15572,1.3,Down,477046.5,6.97766523130805E-4,63,30,12142,7876,Down,0.005319164779157,-0.841193117035485,-0.43350846434759,-2.274156555727527
MA1637.1,EBF3,0.08,27,0.4,3370,0.3,Up,423780,0.138645516701813,63,20,12142,2554,Up,0.043883546757608,-1.940042663832734,0.617819963357303,1.357698279114426
MA1603.1,Dmrt1,0.07,11,0.2,920,0.1,Up,415938.5,0.230241695303747,63,10,12142,872,Up,0.023006288196365,-3.197566904403738,1.202399280820664,1.638153444167947
MA0148.4,FOXA1,0.15,58,0.9,16125,1.3,Down,443191,0.029500177411168,63,34,12142,8089,Down,0.043676525456857,-0.733051638336682,-0.294217183314629,-1.35975191780637
MA1108.2,MXI1,0.01,44,0.7,9198,0.8,Down,394406.5,0.668785542009894,63,29,12142,5957,Down,0.705110287546813,-1.066664086121888,-0.078755102576873,-0.151742948927807
MA0748.2,YY2,0.01,10,0.2,2536,0.2,Down,403946,0.441414997309438,63,8,12142,2264,Down,0.259054555150304,-2.6620114436914,-0.478420803660853,-0.586608766784509
MA1538.1,NR2F1(var.3),0.14,1,0,445,0,Down,389830,0.791974044151664,63,1,12142,426,Down,0.727075226030255,-5.117549060321902,-0.572346251458215,-0.138420653020355
MA0113.3,NR3C1,0.07,4,0.1,364,0,Up,388974.5,0.815700489851669,63,2,12142,179,Up,0.239819292273507,-5.373347211986419,1.41318124020323,0.620115882993162
MA0488.1,JUN,0.11,15,0.2,3546,0.3,Down,415946,0.230137255725091,63,9,12142,2859,Down,0.100281106774659,-2.413493924518189,-0.654526497620783,-0.998780881500075
MA1501.1,HOXB7,0.15,100,1.6,21306,1.8,Down,418457,0.197042119897499,63,40,12142,8962,Down,0.083420216074817,-0.543463525660998,-0.210742316453086,-1.078728689580342
MA0658.1,LHX6,0.15,209,3.3,42358,3.5,Down,417324.5,0.211509843434441,63,47,12142,9870,Down,0.193799126140152,-0.358849746002253,-0.119958664877931,-0.712648185558553
MA0752.1,ZNF410,0.13,1,0,55,0,Up,387252,0.86396672228718,63,1,12142,41,Up,0.195653170559327,-6.798230310307585,2.789016248513151,0.708513109964868
MA0624.1,NFATC1,0.02,136,2.2,26044,2.1,Up,387439,0.858698747596956,63,57,12142,10382,Up,0.367276469249577,-0.184553125213359,0.082716978771136,0.435006895238758
MA0720.1,Shox2,0.05,225,3.6,49747,4.1,Down,441404,0.034628732514663,63,51,12142,10947,Down,0.030246237512577,-0.225824098080009,-0.152720123017876,-1.51932864181001
MA0043.3,HLF,0.09,14,0.2,2799,0.2,Down,401672,0.491274468402427,63,9,12142,2379,Down,0.341494894577912,-2.546046150039586,-0.389422046577988,-0.466615784729783
MA0875.1,BARX1,0.02,67,1.1,15517,1.3,Down,435348.5,0.058015072267825,63,33,12142,8156,Down,0.015315787339056,-0.748319430566775,-0.348552131495237,-1.814860672496432
MA0598.3,EHF,0.01,3,0,128,0,Up,396654,0.611181170371537,63,3,12142,128,Up,0.030084371166628,-5.371741540715885,2.380823552002645,1.521659061842845
MA0698.1,ZBTB18,0.07,2,0,1697,0.1,Down,419784,0.1810276880068,63,2,12142,1566,Down,0.021065573902516,-3.810602701712417,-1.712307780344773,-1.676426704621598
MA1117.1,RELB,0.12,140,2.2,21284,1.8,Up,440612,0.037134684731018,63,54,12142,9729,Up,0.3415312273406,-0.270064138289284,0.099127552588089,0.466569581172243
MA0633.1,Twist2,0.1,42,0.7,10087,0.8,Down,414847.5,0.245794760373044,63,18,12142,4524,Down,0.190925071967836,-1.601733266410543,-0.354996109465347,-0.719137037021145
MA0465.2,CDX2,0.07,18,0.3,4492,0.4,Down,408861.5,0.34413512168585,63,14,12142,3591,Down,0.21609605398994,-1.944055378685975,-0.373296625917237,-0.665353163454755
MA0707.1,MNX1,0.08,123,2,25971,2.1,Down,423403.5,0.142279137189497,63,34,12142,8532,Down,0.008038376277165,-0.694592650959427,-0.37113515806914,-2.094831668301766
MA0826.1,OLIG1,0.15,24,0.4,5165,0.4,Down,401173.5,0.502595196455714,63,9,12142,2436,Down,0.342402611967276,-2.528970266023674,-0.423573814609811,-0.465462931031543
MA0860.1,Rarg(var.2),0.1,1,0,21,0,Up,387882.5,0.846230455626005,63,1,12142,21,Up,0.107699603511685,-7.272617648629998,3.737790925157977,0.967785895522857
MA0768.1,LEF1,0.09,0,0,382,0,Down,394191,0.674419918679931,63,0,12142,372,Down,0.266897822342951,-6.007682968666864,-1.962003436210605,-0.573654969668086
MA0040.1,Foxq1,0,1,0,31,0,Up,387567.5,0.855082404326946,63,1,12142,31,Up,0.152798922475669,-6.997110064231089,3.186775756360158,0.815879708355361
MA0158.2,HOXA5,0.1,202,3.2,44125,3.6,Down,431780.5,0.077115854398317,63,48,12142,10580,Down,0.021316787596879,-0.293714762405406,-0.190114164359265,-1.671278242143847
MA0504.1,NR2C2,0.13,1,0,898,0.1,Down,402482,0.473175654904019,63,1,12142,827,Down,0.128118722492111,-4.639442275133757,-1.528559821834505,-0.8923874004593
MA0825.1,MNT,0.15,42,0.7,9367,0.8,Down,396494.5,0.61519625571872,63,17,12142,3755,Down,0.585166448225735,-1.776195126462079,-0.166413086730241,-0.232720583039128
MA0835.2,BATF3,0.1,10,0.2,2776,0.2,Down,404984,0.419655986803656,63,9,12142,2445,Down,0.342926942994907,-2.526310644950937,-0.428893056755286,-0.464798392008608
MA0631.1,Six3,0.13,8,0.1,1254,0.1,Up,393697,0.687404507425373,63,8,12142,1176,Up,0.392286711359723,-3.134357053104307,0.466270415164961,0.406396403267079
MA0025.2,NFIL3,0.01,3,0,213,0,Up,388192.5,0.837537914213468,63,2,12142,207,Up,0.293509277545087,-5.268783465780801,1.204053747791995,0.532378166569835
MA0636.1,BHLHE41,0.13,16,0.3,4820,0.4,Down,405455.5,0.409984180236559,63,7,12142,2084,Down,0.242107284884787,-2.812043150133172,-0.539501882060952,-0.615992142662086
MA0609.2,CREM,0.15,36,0.6,3057,0.3,Up,453134.5,0.011302282402104,63,20,12142,1545,Up,7.17421487498658E-5,-2.302526304603472,1.342787244898779,4.144225619906574
MA0654.1,ISX,0.06,225,3.6,49747,4.1,Down,441404,0.034628732514663,63,51,12142,10947,Down,0.030246237512577,-0.225824098080009,-0.152720123017876,-1.51932864181001
MA0706.1,MEOX2,0.13,459,7.3,100153,8.2,Down,440126,0.038747616186108,63,53,12142,11415,Down,0.004214193274957,-0.168144567802161,-0.158146265137716,-2.37528555028403
MA0645.1,ETV6,0.07,34,0.5,7719,0.6,Down,419546.5,0.183820551294135,63,22,12142,5473,Down,0.127256281782925,-1.323180760023969,-0.347301660837044,-0.895320770277453
MA0830.2,TCF4,0.03,19,0.3,6335,0.5,Down,435313.5,0.058181318281832,63,16,12142,4649,Down,0.037505951616626,-1.664604284640951,-0.559372565545524,-1.425899810961136
MA1553.1,RARG(var.3),0.15,1,0,979,0.1,Down,400417,0.520034971813185,63,1,12142,759,Down,0.185221953137097,-4.701296948730006,-1.404850474642009,-0.732307540541391
MA0793.1,POU6F2,0.13,108,1.7,22331,1.8,Down,420658.5,0.171015449983577,63,36,12142,8227,Down,0.079317137546309,-0.680199793895761,-0.237320667992776,-1.100632967314366
MA0509.2,RFX1,0.15,19,0.3,4988,0.4,Down,407388.5,0.371739678686893,63,17,12142,3959,Down,0.418835885415369,-1.738038495368471,-0.242726348917457,-0.377956115507497
MA0846.1,FOXC2,0.13,114,1.8,27833,2.3,Down,435997.5,0.055003239541977,63,42,12142,9672,Down,0.01742594862168,-0.453699254107485,-0.251188993053958,-1.758803570765253
MA0731.1,BCL6B,0.15,0,0,25,0,Down,383260.5,0.977477246340469,63,0,12142,25,Down,0.999999999965335,-7.942018605355877,1.906667837167424,0.000000000015055
MA0144.2,STAT3,0.13,90,1.4,15225,1.3,Up,428773,0.096944094283489,63,53,12142,8166,Up,0.004249348414859,-0.409746690641171,0.325057980540303,2.371677658544028
MA0683.1,POU4F2,0.15,0,0,197,0,Down,388489.5,0.829228443499067,63,0,12142,191,Down,0.628238123867348,-6.487630985379147,-1.002107402786038,-0.201875712504789
MA0514.1,Sox3,0.13,155,2.5,35986,3,Down,448572,0.017805132022197,63,51,12142,11024,Down,0.014005986007069,-0.220768209998996,-0.162831899179902,-1.853686311877479
MA0803.1,TBX15,0.09,10,0.2,2919,0.2,Down,419113.5,0.188994288897211,63,7,12142,2562,Down,0.061487823175218,-2.66311783389728,-0.837352514532734,-1.211210881808584
MA0519.1,Stat5a::Stat5b,0.08,26,0.4,3981,0.3,Up,422482.5,0.151475670250935,63,22,12142,2819,Up,0.035574167748979,-1.801692914370102,0.609722647855222,1.448865251363256
MA0762.1,ETV2,0.05,1,0,527,0,Down,392257.5,0.725758029399156,63,1,12142,503,Down,0.522004684507246,-4.997826041977655,-0.81179228814671,-0.282325599590614
MA0798.2,RFX3,0.07,0,0,365,0,Down,393435,0.694328972909615,63,0,12142,348,Down,0.26566568238391,-6.055723853407414,-1.865921666729504,-0.575664542367572
MA1142.1,FOSL1::JUND,0.15,357,5.7,75408,6.2,Down,435767,0.056057647776198,63,59,12142,11960,Down,0.015472648088499,-0.057827354106352,-0.07207913871574,-1.810435351988835
MA1525.1,NFATC4,0.06,129,2,24823,2,Up,382610.5,0.996066949234383,63,57,12142,10218,Up,0.223956945218661,-0.19603834365099,0.105687415646398,0.649835464930077
MA0592.3,ESRRA,0.09,7,0.1,1999,0.2,Down,403493,0.45110990043792,63,6,12142,1838,Down,0.288322434223819,-3.005854686669431,-0.564780563923285,-0.540121564061501
MA0868.2,SOX8,0.01,8,0.1,494,0,Up,415837.5,0.231651431867346,63,8,12142,481,Up,0.003499776935773,-3.778803861794726,1.755164032545799,2.455959635264068
MA0856.1,RXRG,0.13,0,0,106,0,Down,385717.5,0.907402769674168,63,0,12142,103,Down,0.999999999946205,-6.931487797591963,-0.114393778360406,-0.000000000023363
MA1421.1,TCF7L1,0.11,1,0,775,0.1,Down,399853,0.533237125527323,63,1,12142,744,Down,0.183902514303666,-4.715686006689998,-1.376072358722025,-0.735412333074356
MA1099.2,HES1,0.14,547,8.7,72107,5.9,Up,479995,4.720077100607289E-4,63,59,12142,10762,Up,0.315407779191825,-0.133959586101869,0.080185325275293,0.501127599471225
MA0523.1,TCF7L2,0.11,46,0.7,10761,0.9,Down,426852.5,0.111608935555378,63,27,12142,6664,Down,0.057881768342969,-1.036410956213715,-0.341828034067582,-1.23745820924163
MA0675.1,NKX6-2,0.03,111,1.8,25345,2.1,Down,441364.5,0.034750200769267,63,33,12142,8500,Down,0.003536823089797,-0.718520687197398,-0.408149618233991,-2.45138666284473
MA1155.1,ZSCAN4,0.1,1,0,106,0,Up,385205,0.921978299319986,63,1,12142,106,Up,0.426599032739789,-6.118395215868127,1.429346059634236,0.369980133594158
MA1146.1,NR1H4::RXRA,0.1,1,0,72,0,Up,386741,0.878392293354103,63,1,12142,57,Up,0.259822901852312,-6.56300500050886,2.318565628915699,0.585322571085452
MA1641.1,MYF5,0.03,24,0.4,3354,0.3,Up,405360,0.411932382986735,63,12,12142,1566,Up,0.183444821535942,-2.649638654268736,0.60962031454259,0.736494543434377
MA0075.3,PRRX2,0.09,225,3.6,49747,4.1,Down,441404,0.034628732514663,63,51,12142,10947,Down,0.030246237512577,-0.225824098080009,-0.152720123017876,-1.51932864181001
MA1129.1,FOSL1::JUN(var.2),0.13,30,0.5,2272,0.2,Up,433814,0.065684264519869,63,14,12142,1076,Up,0.001098511488534,-2.813174476694222,1.364941570099257,2.959195396748982
MA0664.1,MLXIPL,0.05,27,0.4,6953,0.6,Down,405983,0.399322230298662,63,12,12142,3078,Down,0.309248402256569,-2.162297254846719,-0.365062484301444,-0.509692535491722
MA1651.1,ZFP42,0.15,23,0.4,5648,0.5,Down,413670,0.263391548721539,63,17,12142,4393,Down,0.148403210313742,-1.663012278568881,-0.392778782516638,-0.828556704134734
MA0749.1,ZBED1,0.12,2,0,181,0,Up,390231,0.780917241918234,63,2,12142,138,Up,0.16288429015353,-5.56039614587335,1.787279107977093,0.78812080045908
MA1565.1,TBX18,0.11,49,0.8,11670,1,Down,430335.5,0.08618616455076,63,30,12142,7317,Down,0.052072544185042,-0.894295044912126,-0.327304608594308,-1.283391202840306
MA0142.1,Pou5f1::Sox2,0.09,2,0,244,0,Up,387051,0.869635835301646,63,2,12142,240,Up,0.356166136642218,-5.162320687012923,0.991128190256239,0.44834737450932
MA0840.1,Creb5,0.08,16,0.3,967,0.1,Up,424147,0.135172794982403,63,10,12142,593,Up,9.607874382753761E-4,-3.475520455131292,1.758306382275773,3.01737268371022
MA1616.1,Prdm15,0.15,18,0.3,4721,0.4,Down,414220,0.255066889772585,63,15,12142,3852,Down,0.221336430778909,-1.845343500447114,-0.378289751876354,-0.654947097667418
MA0473.3,ELF1,0.13,48,0.8,9542,0.8,Down,402561,0.471430311601499,63,28,12142,6454,Down,0.205308065054487,-1.033741456424521,-0.244106432365806,-0.687593990035822
MA0600.2,RFX2,0.13,0,0,516,0,Down,390978,0.760439404301597,63,0,12142,270,Down,0.406347520079895,-6.238488884428218,-1.500391604687896,-0.391102386382182
MA0705.1,Lhx8,0.12,308,4.9,65324,5.4,Down,440838.5,0.036402727179344,63,49,12142,10565,Down,0.037959256489855,-0.280016255150408,-0.158623623084296,-1.420682302712491
MA0628.1,POU6F1,0.02,20,0.3,5938,0.5,Down,413532.5,0.265501683329107,63,7,12142,2396,Down,0.110286074454166,-2.711429366227885,-0.740729449871525,-0.957479321372288
MA0072.1,RORA(var.2),0.04,2,0,172,0,Up,389227.5,0.808665109826385,63,2,12142,171,Up,0.224551692328801,-5.406234845811538,1.478956507853469,0.648683667538295
MA1499.1,HOXB4,0.14,354,5.6,81254,6.7,Down,457744,0.006966078091314,63,54,12142,11648,Down,0.001039443641153,-0.14021083008155,-0.16057906382738,-2.983199053229908
MA0852.2,FOXK1,0.08,10,0.2,2722,0.2,Down,402883,0.464353238341803,63,9,12142,2375,Down,0.341589933462861,-2.54725977391441,-0.386994798828339,-0.466494936302555
MA1103.2,FOXK2,0.01,10,0.2,2623,0.2,Down,400519,0.517665473586568,63,9,12142,2302,Down,0.421189031556396,-2.569774799130483,-0.341964748396194,-0.37552294707002
MA0077.1,SOX9,0.01,6,0.1,689,0.1,Up,397936.5,0.57932859661195,63,6,12142,663,Up,0.158421660725231,-3.741035089585983,0.905580241909818,0.800185438338055
MA0660.1,MEF2B,0.13,10,0.2,1116,0.1,Up,410200.5,0.320208514695714,63,10,12142,1035,Up,0.064693083037142,-3.074016645841989,0.955298763697167,1.18914215147022
MA0911.1,Hoxa11,0.15,54,0.9,15505,1.3,Down,451317,0.01358498469088,63,36,12142,8112,Down,0.108798466273851,-0.690353568014685,-0.217013119754927,-0.963377226820727
MA0091.1,TAL1::TCF3,0.15,87,1.4,17300,1.4,Down,382702,0.993449729777003,63,47,12142,8313,Up,0.342276683799493,-0.482683338664787,0.127708520447137,0.465622684391514
MA0751.1,ZIC4,0.09,10,0.2,2448,0.2,Down,408923.5,0.343002658646738,63,6,12142,2067,Down,0.130415034503341,-2.921175610241761,-0.734138716778626,-0.884672339390421
MA0088.2,ZNF143,0.14,2,0,907,0.1,Down,397373.5,0.593215499488678,63,2,12142,857,Down,0.322935309305089,-4.245270798367857,-0.842971587033893,-0.490884467221936
MA1552.1,RARB(var.3),0.15,1,0,859,0.1,Down,401345,0.49868500568309,63,1,12142,791,Down,0.190347609336235,-4.671527255912457,-1.464389860277106,-0.720452573320856
MA0607.1,Bhlha15,0.13,207,3.3,41988,3.5,Down,413097,0.272261756942901,63,50,12142,10471,Down,0.139258264266176,-0.272035286541897,-0.116875834956948,-0.856179022231813
MA0839.1,CREB3L1,0.1,0,0,233,0,Down,389781,0.793328047243016,63,0,12142,232,Down,0.634879189961004,-6.34768782334393,-1.281993726856475,-0.19730890797561
MA0771.1,HSF4,0.15,32,0.5,5375,0.4,Up,407086.5,0.377564461411646,63,26,12142,4006,Up,0.179433418228202,-1.430207668381893,0.338886872345852,0.746096669427301
MA0521.1,Tcf12,0.01,17,0.3,2112,0.2,Up,415239.5,0.240123813038539,63,15,12142,1852,Up,0.076585109332605,-2.373504207551589,0.678031662332598,1.115855663309082
MA1131.1,FOSL2::JUN(var.2),0.12,26,0.4,1899,0.2,Up,436958.5,0.050783768919891,63,15,12142,1186,Up,9.398302078662852E-4,-2.694884928551214,1.320793104331846,3.026950600067696
MA0599.1,KLF5,0.04,261,4.1,37374,3.1,Up,457517.5,0.007137892189896,63,60,12142,9584,Up,5.190136362612079E-4,-0.205555929386696,0.271468959778249,3.284821231602027
MA1584.1,ZIC5,0.12,0,0,709,0.1,Down,403483.5,0.451314497010505,63,0,12142,667,Down,0.049493757001331,-5.586919263054168,-2.803530847435998,-1.305449578255583
MA0057.1,MZF1(var.2),0.07,266,4.2,41672,3.4,Up,471398,0.001432819506568,63,61,12142,11133,Up,0.170741532539116,-0.085664234373447,0.078988105881041,0.767660824763388
MA0841.1,NFE2,0.11,9,0.1,1274,0.1,Up,390175.5,0.782444964534295,63,6,12142,924,Up,0.478949663021832,-3.501746662568981,0.427003387875815,0.319710127964558
MA0782.2,PKNOX1,0.14,13,0.2,4514,0.4,Down,424775.5,0.129382232481016,63,13,12142,3711,Down,0.099680065023737,-1.971894198507923,-0.523805972201548,-1.001391687383931
MA1115.1,POU5F1,0.11,109,1.7,24648,2,Down,429084,0.094721281265054,63,44,12142,9659,Down,0.06120686380507,-0.421498161791346,-0.182906188028844,-1.2131998728623
MA1119.1,SIX2,0.03,1,0,34,0,Up,387473,0.85774160240183,63,1,12142,34,Up,0.165885816810394,-6.931487797591963,3.055531223081905,0.78019074444158
MA0143.4,SOX2,0,1,0,27,0,Up,387724.5,0.850668128119483,63,1,12142,26,Up,0.13053698937389,-7.121789798699449,3.436135225296876,0.884266407829594
MA0629.1,Rhox11,0.15,174,2.8,32900,2.7,Up,395181.5,0.64867830026952,63,62,12142,11133,Up,0.061751545712049,-0.074029344712023,0.102257885203888,1.209352167043005
MA0065.2,Pparg::Rxra,0.1,6,0.1,2072,0.2,Down,406081.5,0.397349972252999,63,6,12142,1889,Down,0.223551628605985,-2.986117015641098,-0.604255905979951,-0.650622161886237
MA0037.3,GATA3,0.04,121,1.9,23423,1.9,Down,418740.5,0.193536524492219,63,44,12142,9576,Down,0.088703128426285,-0.427723179025725,-0.170456153560087,-1.052061062983231
MA0112.3,ESR1,0.07,2,0,30,0,Up,388041,0.841783635156774,63,1,12142,16,Up,0.084272135930025,-7.463552966301821,4.119661560501622,1.074315998473823
MA1506.1,HOXD10,0.09,0,0,471,0,Down,396994.5,0.602648901655143,63,0,12142,461,Down,0.176776875336649,-5.853137857518738,-2.271093658506856,-0.752574546848574
MA0498.2,MEIS1,0.11,532,8.4,96142,7.9,Up,396255,0.621246851874329,63,62,12142,12121,Down,0.107699603511685,-0.012698824671231,-0.020403154877695,-0.967785895522857
MA0773.1,MEF2D,0.12,11,0.2,1049,0.1,Up,418323.5,0.19870891063104,63,11,12142,969,Up,0.015945510849035,-3.055901754259722,1.181558047089139,1.797361562632174
MA0701.2,LHX9,0.12,225,3.6,49747,4.1,Down,441404,0.034628732514663,63,51,12142,10947,Down,0.030246237512577,-0.225824098080009,-0.152720123017876,-1.51932864181001
MA0637.1,CENPB,0.15,23,0.4,2910,0.2,Up,420084.5,0.177539284249323,63,19,12142,2526,Up,0.085384916123279,-1.984067934601525,0.561570933383214,1.068618843866252
MA1468.1,ATOH7,0.12,58,0.9,14850,1.2,Down,435983,0.055069078011516,63,30,12142,7115,Down,0.094882160599256,-0.914487896609014,-0.286918905200532,-1.022815434375568
MA0689.1,TBX20,0.15,33,0.5,9360,0.8,Down,440841.5,0.036393115478477,63,24,12142,6407,Down,0.022491298767792,-1.148103425194551,-0.451742834924813,-1.647985465355853
MA1132.1,JUN::JUNB,0.06,11,0.2,3943,0.3,Down,427597,0.105728746776576,63,10,12142,3326,Down,0.046270355403295,-2.232177905761177,-0.728378716464458,-1.334697164664855
MA0898.1,Hmx3,0.05,2,0,225,0,Up,387710.5,0.851061569977303,63,2,12142,219,Up,0.316443414988077,-5.228228664130265,1.122944144490923,0.499703937322654
MA0528.2,ZNF263,0,1,0,84,0,Up,385960,0.900516603578214,63,1,12142,82,Up,0.350137052701661,-6.30258891885814,1.797733465614259,0.455761928274107
MA0616.2,HES2,0.03,0,0,880,0.1,Down,402570,0.471231700538453,63,0,12142,638,Down,0.078997550028567,-5.618959871490263,-2.739449630563805,-1.102386377387703
MA1640.1,MEIS2(var.2),0.13,39,0.6,6916,0.6,Up,402213.5,0.479134103591693,63,29,12142,4807,Up,0.303948140447985,-1.221374180547075,0.2306650862735,0.517200509281183
MA1145.1,FOSL2::JUND(var.2),0.11,25,0.4,1809,0.1,Up,438612.5,0.044156910831815,63,15,12142,1108,Up,4.64411983828175E-4,-2.743936593714534,1.418896434658487,3.333096582121882
MA0499.2,MYOD1,0.07,42,0.7,6796,0.6,Up,416874,0.217473509594703,63,33,12142,5072,Up,0.096475221624602,-1.090946058790728,0.336701124952669,1.015584215086382
MA0757.1,ONECUT3,0.15,9,0.1,2382,0.2,Down,404419,0.431420618365535,63,7,12142,2051,Down,0.30941618593699,-2.823554259091098,-0.516479664145098,-0.50945697156989
MA0046.2,HNF1A,0.15,1,0,1566,0.1,Down,411247,0.302284635644398,63,1,12142,1100,Down,0.042689438962146,-4.433778311035269,-1.939887750031482,-1.3696795527914
MA0002.2,RUNX1,0.03,6,0.1,2108,0.2,Down,411901,0.291428836699023,63,5,12142,1914,Down,0.115781995983703,-3.097139494597896,-0.864227147073945,-0.936358967835064
MA1573.1,THAP11,0.06,4,0.1,576,0,Up,390450,0.774897231770764,63,4,12142,514,Up,0.342933627776197,-4.189755142173485,0.741990913687262,0.464789926254049
MA0760.1,ERF,0.09,9,0.1,2510,0.2,Down,405598.5,0.407077239302282,63,7,12142,2111,Down,0.242188130623258,-2.802759712636715,-0.558068757053865,-0.615847144971398
MA1657.1,ZNF652,0.15,18,0.3,5724,0.5,Down,429847.5,0.089437300907923,63,15,12142,4263,Down,0.064266453201737,-1.772221850506949,-0.524533051756684,-1.192015667685971
MA1113.2,PBX2,0.15,66,1,11978,1,Up,401069.5,0.504974262613814,63,37,12142,6270,Up,0.312040329461888,-0.856639545816758,0.193547099080947,0.505789272228805
MA1491.1,GLI3,0.13,7,0.1,2227,0.2,Down,408528.5,0.350258312846351,63,6,12142,1995,Down,0.171676106692668,-2.946744135515444,-0.683001666231261,-0.765290144289255
MA0728.1,Nr2f6(var.2),0.15,0,0,105,0,Down,385749,0.906507873359192,63,0,12142,104,Down,0.999999999958931,-6.924551710301184,-0.128265952941964,-0.000000000017836
MA1476.1,DLX5,0.06,225,3.6,49747,4.1,Down,441404,0.034628732514663,63,51,12142,10947,Down,0.030246237512577,-0.225824098080009,-0.152720123017876,-1.51932864181001
MA0674.1,NKX6-1,0.15,368,5.8,82075,6.8,Down,440006,0.039154911828915,63,55,12142,11503,Down,0.017620291366453,-0.136130715658889,-0.116276209526341,-1.753986914437211
MA0717.1,RAX2,0.04,203,3.2,46307,3.8,Down,446264.5,0.022200372215684,63,49,12142,10807,Down,0.008430163196596,-0.263680358410187,-0.191295416564738,-2.07416401793814
MA0625.1,NFATC3,0.05,242,3.8,49310,4.1,Down,399721,0.536351283789347,63,60,12142,11704,Down,0.49701939239315,-0.061411815011676,-0.016819268971791,-0.303626665904432
MA0470.2,E2F4,0.07,5,0.1,220,0,Up,406304,0.392916545712184,63,5,12142,206,Up,0.004591945202939,-4.703516481313254,2.348526826356771,2.338003303145597
MA1420.1,IRF5,0.08,1,0,45,0,Up,387126.5,0.867505590286791,63,1,12142,45,Up,0.212191081663015,-6.731852705881699,2.656261039661379,0.673272873337286
MA0627.2,POU2F3,0.11,14,0.2,3873,0.3,Down,413010.5,0.27361835897225,63,11,12142,3128,Down,0.149364263535596,-2.21082260396345,-0.508600253503407,-0.825753298141761
MA0095.2,YY1,0.15,82,1.3,20586,1.7,Down,446262.5,0.022204558333229,63,39,12142,9633,Down,0.001538636778599,-0.509418736523,-0.350970404144125,-2.812863890674005
MA0678.1,OLIG2,0.14,27,0.4,6313,0.5,Down,404070.5,0.438771560577506,63,11,12142,2839,Down,0.299343002408394,-2.280739700100688,-0.36876606122893,-0.523830889684462
MA1496.1,HOXA4,0.14,277,4.4,63522,5.2,Down,457125.5,0.007444256231923,63,54,12142,11288,Down,0.041877466787474,-0.162856026398996,-0.115288671192487,-1.378019597133978
MA0066.1,PPARG,0.15,2,0,78,0,Up,392676.5,0.714518079308123,63,2,12142,61,Up,0.041872628124023,-6.146009976228323,2.958506768687042,1.378069779879221
MA0041.1,Foxd3,0.13,291,4.6,73919,6.1,Down,442479.5,0.031458049491664,63,44,12142,10052,Down,0.011196218632155,-0.392731203014565,-0.240440105582407,-1.950928629515315
MA0138.2,REST,0.14,2,0,104,0,Up,391369.5,0.749772710646868,63,2,12142,103,Up,0.102184332438088,-5.770523750148281,2.207534316526956,0.990615687932217
MA1635.1,BHLHE22(var.2),0,0,0,140,0,Down,384583.5,0.939688550757716,63,0,12142,67,Down,0.999999999977011,-7.23982347781621,0.502277582088087,0.000000000009984
MA0690.1,TBX21,0.12,14,0.2,3947,0.3,Down,419731,0.181648190510712,63,11,12142,3319,Down,0.088717217622224,-2.168075180052035,-0.594095101326236,-1.051992087127866
MA0089.2,NFE2L1,0.11,0,0,197,0,Down,388615.5,0.82570892010935,63,0,12142,195,Down,0.628227897594311,-6.472718877687949,-1.031931618168434,-0.201882781878533
MA0472.2,EGR2,0.14,31,0.5,4929,0.4,Up,408830,0.34471139922356,63,25,12142,3767,Up,0.171353690458108,-1.502322707113284,0.372126724625228,0.76610653769847
MA1542.1,OSR1,0.01,5,0.1,487,0,Up,397780,0.583173471916663,63,5,12142,477,Up,0.102617074762758,-4.098837005561421,1.139167874853105,0.988780369650423
MA0481.3,FOXP1,0.01,10,0.2,2623,0.2,Down,400519,0.517665473586568,63,9,12142,2302,Down,0.421189031556396,-2.569774799130483,-0.341964748396194,-0.37552294707002
MA1570.1,TFAP4(var.2),0.03,4,0.1,1735,0.1,Down,401309.5,0.499493074240347,63,2,12142,993,Down,0.241493384735091,-4.139079150273108,-1.055354883223389,-0.61709476144413
MA0765.2,ETV5,0.06,39,0.6,9574,0.8,Down,419551,0.183767338969224,63,27,12142,6360,Down,0.163723827096525,-1.070089187011748,-0.274471572471516,-0.785888112136488
MA0029.1,Mecom,0.15,15,0.2,3697,0.3,Down,409637,0.330141930667747,63,10,12142,2916,Down,0.141204381595155,-2.327061385545362,-0.538611756896086,-0.850151826846015
MA1625.1,Stat5b,0.04,3,0,1146,0.1,Down,397911,0.579954265855139,63,3,12142,1065,Down,0.369619951263635,-3.845896376421472,-0.670866776586181,-0.432244594568142
MA0759.1,ELK3,0.08,22,0.3,6942,0.6,Down,434684.5,0.061237094609229,63,17,12142,4817,Down,0.051790062116202,-1.5965552922776,-0.525692755099198,-1.285753568095688
MA1620.1,Ptf1a(var.3),0.01,7,0.1,2069,0.2,Down,408491.5,0.350942907877749,63,5,12142,1803,Down,0.153610469452537,-3.140223613129192,-0.778058910011354,-0.813579183585006
MA0845.1,FOXB1,0.08,4,0.1,1802,0.1,Down,408443.5,0.351832294100127,63,4,12142,1583,Down,0.133437321795449,-3.378818199606374,-0.879882971446959,-0.874722683291544
MA0258.2,ESR2,0.04,2,0,169,0,Up,389566,0.799276396531599,63,2,12142,160,Up,0.203708039025696,-5.454052485336792,1.574591786903978,0.690991831895225
MA1615.1,Plagl1,0.01,10,0.2,1054,0.1,Up,400335,0.521943909788893,63,8,12142,1000,Up,0.243942027835127,-3.251247129763585,0.700050568483517,0.612713370311653
MA1513.1,KLF15,0.01,79,1.3,10832,0.9,Up,462094,0.004311700275619,63,41,12142,5433,Up,0.00137702266552,-0.886878512140654,0.546466513430826,2.861058911283269
MA1518.1,LHX1,0.01,32,0.5,7152,0.6,Down,420160,0.176670750313567,63,19,12142,5012,Down,0.094472996169167,-1.489872858795678,-0.426819218228478,-1.024692310968531
MA0764.2,ETV4,0.02,153,2.4,29244,2.4,Up,398041,0.57676789479609,63,59,12142,10711,Up,0.238202718541527,-0.13738594287856,0.087038038828676,0.623053286342549
MA1656.1,ZNF449,0.03,4,0.1,333,0,Up,396503.5,0.614969390593075,63,4,12142,325,Up,0.08973956776847,-4.520011909037651,1.402504447415595,1.047016026581646
MA0756.1,ONECUT2,0.05,0,0,209,0,Down,388899,0.817802890036264,63,0,12142,204,Down,0.628776506202915,-6.44025275987075,-1.09686385380283,-0.201503693776933
MA0653.1,IRF9,0.13,0,0,54,0,Down,384142.5,0.952273915080267,63,0,12142,53,Down,0.999999999932066,-7.407497783141052,0.837626192737772,0.000000000029503
MA1102.2,CTCFL,0.07,67,1.1,9327,0.8,Up,446104.5,0.022537438265279,63,39,12142,5898,Up,0.042497600335402,-0.863274699438869,0.356741521687612,1.371635592079476
MA0787.1,POU3F2,0.04,3,0,413,0,Up,388312.5,0.834178314953419,63,3,12142,392,Up,0.459189960994974,-4.566279393423328,0.769899257417533,0.338007615235834
MA0710.1,NOTO,0.1,224,3.6,52429,4.3,Down,458431,0.006467434190967,63,49,12142,11074,Down,0.001022329933832,-0.246075994351584,-0.226504144681944,-2.99040892287203
MA1508.1,IKZF1,0.02,11,0.2,1329,0.1,Up,404238,0.435229521313622,63,10,12142,1243,Up,0.143906310533288,-2.941977168843791,0.691219809700772,0.841920161103748
MA0880.1,Dlx3,0.05,173,2.7,40894,3.4,Down,453901.5,0.01044590715338,63,45,12142,10454,Down,0.002729147570765,-0.34841573405808,-0.26494862503078,-2.563972980476686
MA0030.1,FOXF2,0.05,4,0.1,1763,0.1,Down,409451.5,0.333455123474307,63,4,12142,1619,Down,0.134049580170222,-3.362602399222876,-0.912314572213956,-0.872734541845528
MA0071.1,RORA,0.08,56,0.9,15100,1.2,Down,452113.5,0.012538732991188,63,34,12142,8599,Down,0.00509470937878,-0.688950515742656,-0.382419428502681,-2.292880584727635
MA0489.1,JUN(var.2),0.07,35,0.6,9058,0.7,Down,413725,0.262550743953536,63,15,12142,3826,Down,0.221406207679428,-1.850228278986373,-0.368520194797834,-0.654810206749407
MA0513.1,SMAD2::SMAD3::SMAD4,0.09,3,0,1937,0.2,Down,420151.5,0.176768373810837,63,3,12142,1767,Down,0.029101054982622,-3.480806565464443,-1.401046398500239,-1.536091266518349
MA0640.2,ELF3,0.1,26,0.4,6523,0.5,Down,418949,0.190987717335725,63,19,12142,4959,Down,0.09497937370999,-1.49754068442269,-0.411483566974456,-1.022370698464172
MA0069.1,PAX6,0.15,4,0.1,558,0,Up,389947,0.788743560301596,63,4,12142,532,Up,0.357910368810944,-4.164949918063869,0.69238046546803,0.446225719737552
MA0104.4,MYCN,0.06,28,0.4,4864,0.4,Up,398307,0.570273936366116,63,14,12142,2136,Up,0.321584019520749,-2.318723977937283,0.376040572585379,0.492705540789242
MA0833.2,ATF4,0.07,4,0.1,1357,0.1,Down,397933,0.579414454021752,63,4,12142,1256,Down,0.405767582992497,-3.545671297680141,-0.546176775299425,-0.391722651954802
MA0602.1,Arid5a,0.12,61,1,19189,1.6,Down,448120,0.018600526864398,63,22,12142,6297,Down,0.007777489565541,-1.222022977365986,-0.54961722615301,-2.109160562878337
MA0807.1,TBX5,0.02,10,0.2,2919,0.2,Down,419113.5,0.188994288897211,63,7,12142,2562,Down,0.061487823175218,-2.66311783389728,-0.837352514532734,-1.211210881808584
MA0081.2,SPIB,0.1,16,0.3,2121,0.2,Up,407568.5,0.368294608073879,63,14,12142,1921,Up,0.166816076553811,-2.395232148246438,0.529056913203688,0.777762097450309
MA0820.1,FIGLA,0.1,216,3.4,42685,3.5,Down,394996,0.653468504573933,63,54,12142,11151,Down,0.10003594896614,-0.171664033365244,-0.09767265725999,-0.999843903679577
MA1532.1,NR1D2,0.13,1,0,664,0.1,Down,396416,0.6171765820282,63,1,12142,635,Down,0.26154356185757,-4.829875868478568,-1.147692635144884,-0.582455966074873
MA0778.1,NFKB2,0.13,24,0.4,5933,0.5,Down,399999,0.529803358249496,63,11,12142,2660,Down,0.448171345709783,-2.32770945422164,-0.274826552987026,-0.348555913972172
MA0673.1,NKX2-8,0.02,20,0.3,7015,0.6,Down,442904,0.030276945484102,63,18,12142,5114,Down,0.029942580365033,-1.513315847611511,-0.531830947063411,-1.523710776137016
MA0889.1,GBX1,0.07,145,2.3,33330,2.7,Down,450212.5,0.015163195026297,63,43,12142,10175,Down,0.002920488751342,-0.40035349521508,-0.290775391416715,-2.534544462165071
MA0741.1,KLF16,0.12,291,4.6,40063,3.3,Up,474321.5,9.92076716258894E-4,63,62,12142,9988,Up,9.909239709626764E-5,-0.152312971241425,0.258825138262692,4.003959665654017
MA0511.2,RUNX2,0.04,13,0.2,1047,0.1,Up,429497,0.091832779307251,63,13,12142,1004,Up,0.001781572323266,-2.914656600893244,1.361718832569095,2.749196542688277
MA0469.3,E2F3,0.14,4,0.1,80,0,Up,393356,0.696421932527358,63,2,12142,40,Up,0.019775002576917,-6.447342227455632,3.561171271141657,1.70388345123656
MA1566.1,TBX3,0.02,19,0.3,5040,0.4,Down,422203,0.154354293555177,63,14,12142,4034,Down,0.080161488530368,-1.860153691543755,-0.541100000201678,-1.096034226924398
MA1575.1,THRB(var.2),0.08,2,0,92,0,Up,392967.5,0.706747923155652,63,2,12142,51,Up,0.030526592608198,-6.274016965306335,3.214520746843063,1.515321669138705
MA0149.1,EWSR1-FLI1,0.12,1,0,505,0,Down,384192,0.950860620623848,63,1,12142,137,Up,0.512382997872313,-5.934106121775037,1.060767871448053,0.290405289646989
MA0036.3,GATA2,0.12,106,1.7,20096,1.7,Up,413028.5,0.273335680253469,63,43,12142,9009,Down,0.311849968533585,-0.488143864561615,-0.115194652723645,-0.506054295434209
MA0827.1,OLIG3,0.14,33,0.5,7114,0.6,Down,407920.5,0.361615237059979,63,13,12142,3359,Down,0.258538167721202,-2.043772117795499,-0.380050133626396,-0.587475333393662
MA0038.2,GFI1,0.1,13,0.2,2054,0.2,Up,396061.5,0.626154131434058,63,12,12142,1880,Up,0.483256359574229,-2.51785288593411,0.346048777873337,0.315822422017834
MA0125.1,Nobox,0.12,236,3.7,51710,4.3,Down,439068.5,0.042463807977018,63,52,12142,11063,Down,0.025293696369869,-0.204348396527513,-0.140181545157061,-1.596987699096361
MA0797.1,TGIF2,0.14,5,0.1,419,0,Up,400567.5,0.516540763314459,63,5,12142,387,Up,0.051347786982547,-4.249489216942176,1.440472297614616,1.28947826914516
MA0804.1,TBX19,0.15,8,0.1,1371,0.1,Up,389213,0.809067911538138,63,5,12142,740,Up,0.435664317873583,-3.782337504378553,0.506168872487368,0.360848008540706
MA0719.1,RHOXF1,0.01,79,1.3,26942,2.2,Down,502430,1.704497651899839E-5,63,40,12142,9813,Down,0.001180963096031,-0.47803024874499,-0.341608870285102,-2.927763673462411
MA0842.2,NRL,0.08,2,0,1616,0.1,Down,418303,0.198965770007729,63,2,12142,1520,Down,0.020389188436317,-3.832102178382545,-1.669308827004517,-1.690600060374068
MA0783.1,PKNOX2,0.13,3,0,261,0,Up,393400.5,0.695242701398905,63,3,12142,230,Up,0.118954517816097,-4.950242345098155,1.537825160767185,0.924619059088321
