Transcription Factor ID,Transcription Factor Name,Deficit,No. Search Sites,Mean Sites Per Search Gene,No. Background Sites,Mean Sites Per Background Gene,Site Representation,Mann-Whitney U,Site P-Value,Total No. Search Genes,No. Transcription Factor Search Genes,Total No. Background Genes,No. Transcription Factor Background Genes,Gene Representation,Gene P-Value,Average Log2 Proportion Bound,Log2 Enrichment,Significance Score
MA0067.1,Pax2,0.02,52,0.5,5083,0.4,Up,645053.5,0.150468016461045,98,39,12142,3880,Up,0.103324041681407,-1.48201104889223,0.327479955225914,0.985798614058904
MA1642.1,NEUROG2(var.2),0.05,49,0.5,4626,0.4,Up,644898,0.15173869437189,98,38,12142,3744,Up,0.099515207669061,-1.526242885173072,0.341955212823195,1.002110546369045
MA1471.1,BARX2,0.04,16,0.2,4141,0.3,Down,674340,0.022697733196815,98,14,12142,3326,Down,0.002892424630158,-2.316029685928876,-0.896082276799856,-2.538737948930404
MA0597.1,THAP1,0.03,101,1,12312,1,Up,617631.5,0.515180395957088,98,56,12142,7569,Down,0.296707828838069,-0.741834215759805,-0.120077282562766,-0.527670994376395
MA0885.1,Dlx2,0.05,287,2.9,49747,4.1,Down,723411,2.269501669865948E-4,98,81,12142,10947,Down,0.024983405436763,-0.211393850898185,-0.123859628654228,-1.602348364136713
MA0647.1,GRHL1,0.15,19,0.2,3652,0.3,Down,625245.5,0.384663613429044,98,10,12142,1858,Down,0.203113865867452,-2.968794644863471,-0.521879503628289,-0.692260427830198
MA1655.1,ZNF341,0.02,22,0.2,1535,0.1,Up,647569,0.131022459479543,98,20,12142,1410,Up,0.010950562432056,-2.685143365081903,0.841287100487221,1.960563574443458
MA1485.1,FERD3L,0.11,20,0.2,1718,0.1,Up,623666.5,0.409931675408519,98,13,12142,1009,Up,0.095059614764463,-3.227758493936259,0.721188353286703,1.022003950045539
MA0900.2,HOXA2,0.09,261,2.7,39762,3.3,Down,675969.5,0.02005829789373,98,74,12142,9992,Down,0.084689831533801,-0.342015606298745,-0.121735385390939,-1.072168731037224
MA0894.1,HESX1,0.05,205,2.1,35419,2.9,Down,709749,9.848429619138122E-4,98,73,12142,10231,Down,0.011916231582772,-0.334713646271652,-0.17533165669672,-1.923861065196618
MA0672.1,NKX2-3,0.03,57,0.6,5354,0.4,Up,644615.5,0.154068045966842,98,41,12142,4247,Up,0.167251767533641,-1.381196010974477,0.26836724573005,0.77662928386776
MA0052.4,MEF2A,0.02,4,0,148,0,Up,612037,0.623981875784074,98,4,12142,147,Up,0.032953028380716,-5.407666769837973,1.911079903647817,1.482104667607196
MA0463.2,BCL6,0.15,4,0,1078,0.1,Down,620807,0.458124742144935,98,4,12142,1021,Down,0.143120992236471,-4.011715597595961,-0.880822440836207,-0.844296661531445
MA0593.1,FOXP2,0,2,0,44,0,Up,604944,0.774398703874697,98,2,12142,44,Up,0.052303334476297,-6.696084079756851,2.791920710375673,1.281470622825011
MA0462.2,BATF::JUN,0.13,110,1.1,15507,1.3,Down,646997.5,0.135259664092759,98,43,12142,6788,Down,0.018695545889172,-1.009004537920066,-0.340207571375163,-1.728261849408183
MA1537.1,NR2F1(var.2),0.08,1,0,71,0,Up,597598.5,0.939586409963571,98,1,12142,70,Up,0.43582848066542,-6.732657916123754,1.391137194777071,0.360684392741261
MA1514.1,KLF17,0.09,38,0.4,3523,0.3,Up,648180,0.12660702068084,98,32,12142,2842,Up,0.04102969801386,-1.847258619279698,0.495149225703552,1.386901679508764
MA0612.2,EMX1,0.1,201,2.1,33360,2.7,Down,696792,0.003467663776957,98,72,12142,10141,Down,0.013123203347838,-0.350968581409669,-0.182348296063545,-1.881960141600477
MA0115.1,NR1H2::RXRA,0.15,0,0,87,0,Down,599123,0.904841931008056,98,0,12142,85,Down,0.99999999994214,-7.385988585240782,-0.472126468431189,-0.000000000025128
MA1112.2,NR4A1,0.13,46,0.5,7158,0.6,Down,642575,0.17170667011359,98,34,12142,5218,Down,0.102133887732856,-1.365942882124122,-0.295168961108169,-0.990830136330898
MA0696.1,ZIC1,0.04,1,0,3,0,Up,600882,0.864982381689886,98,1,12142,3,Up,0.031647396977838,-8.89875613129435,5.723333625118261,1.499662005224859
MA1104.2,GATA6,0.11,34,0.3,7296,0.6,Down,683666,0.010891320785123,98,29,12142,5172,Down,0.010072459129612,-1.485270305629124,-0.508276928930822,-1.996864486145583
MA0059.1,MAX::MYC,0.13,74,0.8,5420,0.4,Up,667831.5,0.03646783772795,98,34,12142,2931,Up,0.017891204444859,-1.781940943596409,0.536827161836404,1.747360421526049
MA0035.4,GATA1,0.11,69,0.7,11982,1,Down,680738,0.013811659545762,98,49,12142,7326,Down,0.03865873699348,-0.860782309452112,-0.263825779849311,-1.412752338763817
MA0862.1,GMEB2,0.04,17,0.2,834,0.1,Up,642895,0.168844744739737,98,13,12142,633,Up,0.001870160124409,-3.563870687031592,1.393412739477368,2.728121207276272
MA0477.2,FOSL1,0.02,4,0,255,0,Up,606984,0.729959294254482,98,4,12142,250,Up,0.146395166682542,-5.02561894536497,1.146984254701812,0.83447326151364
MA0474.2,ERG,0.08,34,0.3,5286,0.4,Down,628088,0.341643347388506,98,26,12142,3875,Down,0.277719135723118,-1.770871246782695,-0.246520236220964,-0.55639419496116
MA1154.1,ZNF282,0.15,2,0,775,0.1,Down,619015,0.489878003604752,98,2,12142,738,Down,0.130835993065396,-4.669723739857655,-1.260799969422719,-0.883272764885138
MA0050.2,IRF1,0.09,24,0.2,2315,0.2,Up,622454,0.429988257142449,98,20,12142,1913,Up,0.210558226369037,-2.465139747540441,0.401279865404296,0.676627786317395
MA1111.1,NR2F2,0.09,108,1.1,15024,1.2,Down,642270.5,0.174463536476237,98,62,12142,8577,Down,0.11921582495671,-0.578851947630178,-0.154831174328222,-0.923666091615854
MA0718.1,RAX,0.04,220,2.2,37783,3.1,Down,704832,0.001612204179616,98,74,12142,10353,Down,0.009894861652704,-0.316415116107087,-0.172936365774256,-2.004590273603861
MA0907.1,HOXC13,0.05,4,0,159,0,Up,611545,0.634008068690917,98,4,12142,157,Up,0.040226656480458,-5.360348332768935,1.816443029509741,1.395486063188904
MA1650.1,ZBTB14,0.14,81,0.8,8580,0.7,Up,662458,0.052691835544979,98,56,12142,5297,Up,0.007793389287164,-0.99927737784637,0.394809041610364,2.108273629798953
MA1118.1,SIX1,0.02,7,0.1,307,0,Up,622730.5,0.425365043055378,98,7,12142,300,Up,0.011549643498869,-4.525858954523878,1.621395461352041,1.937431420868231
MA0691.1,TFAP4,0.04,16,0.2,1457,0.1,Up,612253,0.619601892255612,98,10,12142,884,Up,0.243378296114342,-3.504396964949121,0.54932513654301,0.61371815370683
MA1123.2,TWIST1,0.04,31,0.3,3068,0.3,Up,620248,0.467904119202848,98,25,12142,2647,Up,0.389926821553515,-2.073494687258133,0.247736419546505,0.409016890351762
MA1150.1,RORB,0.14,155,1.6,22917,1.9,Down,659679,0.063215482054864,98,77,12142,10151,Down,0.173122620610544,-0.302149991361121,-0.087554845642035,-0.761646182474145
MA1114.1,PBX3,0.12,13,0.1,1181,0.1,Up,619055.5,0.489147520507898,98,13,12142,1110,Up,0.159000171441252,-3.158974252828506,0.583619871071196,0.798602407403135
MA0669.1,NEUROG2,0.14,27,0.3,4629,0.4,Down,619333.5,0.484149213398195,98,13,12142,2115,Down,0.348269992576433,-2.694079606423821,-0.346169421738173,-0.45808394334218
MA1120.1,SOX13,0.1,67,0.7,10175,0.8,Down,646609.5,0.138196178030177,98,44,12142,6453,Down,0.105138246802872,-1.029115081877712,-0.234406613224534,-0.978239269187353
MA0902.2,HOXB2,0.08,360,3.7,59864,4.9,Down,718931,3.731630730005042E-4,98,87,12142,11373,Down,0.058870931906738,-0.132614953359504,-0.076451508529087,-1.230099089400154
MA0505.1,Nr5a2,0.14,67,0.7,8179,0.7,Up,616460.5,0.537114942997535,98,41,12142,5793,Down,0.264860413052537,-1.157285394588304,-0.179453987042295,-0.576982947997943
MA1585.1,ZKSCAN1,0,3,0,80,0,Up,609445.5,0.677533246735923,98,3,12142,76,Up,0.025399252334221,-6.062543460308603,2.495693125819661,1.595179067313172
MA0732.1,EGR3,0.07,10,0.1,648,0.1,Up,625838,0.375433280254166,98,10,12142,605,Up,0.03140924337753,-3.777764556447186,1.096060319539139,1.502942525267254
MA1116.1,RBPJ,0.01,169,1.7,21197,1.7,Down,612961.5,0.605330289126494,98,75,12142,9853,Down,0.244098467687997,-0.342502197555476,-0.082289765151643,-0.61243494682917
MA0092.1,Hand1::Tcf3,0.07,277,2.8,38815,3.2,Down,661969.5,0.054427750434307,98,87,12142,11572,Down,0.006641789450609,-0.120102815677939,-0.101475783892216,-2.177714895959537
MA0878.2,CDX1,0.04,2,0,912,0.1,Down,625677,0.37792779920588,98,2,12142,874,Down,0.047181637842113,-4.547793508279223,-1.504660432579582,-1.326226987285826
MA0781.1,PAX9,0.12,1,0,21,0,Up,600000,0.884932392484483,98,1,12142,21,Up,0.162224597825669,-7.589301214972104,3.104423792473768,0.789883293836239
MA0461.2,Atoh1,0.07,30,0.3,5702,0.5,Down,629192,0.325798876494852,98,14,12142,2402,Down,0.202574467516156,-2.550763987289388,-0.426613674078832,-0.693415293998532
MA0641.1,ELF4,0.05,1,0,531,0,Down,613596,0.592675797360903,98,1,12142,504,Down,0.193110787946753,-5.313078362769973,-1.448021911930493,-0.714193464103163
MA0651.1,HOXC11,0.15,76,0.8,10990,0.9,Down,643359.5,0.16475437214381,98,46,12142,6810,Down,0.081957986705341,-0.958562935251176,-0.248660146194338,-1.086408718566355
MA0746.2,SP3,0.09,119,1.2,12484,1,Up,679281.5,0.015506888363752,98,70,12142,6781,Up,0.002042714069631,-0.661444814964265,0.357888695813366,2.689792419795306
MA1527.1,NFIC(var.2),0.15,13,0.1,2669,0.2,Down,631001.5,0.300879678678544,98,10,12142,1972,Down,0.12867563299007,-2.92585133884394,-0.607766115667352,-0.890503686661096
MA0495.3,MAFF,0.13,28,0.3,4917,0.4,Down,656960.5,0.075134181325449,98,21,12142,3971,Down,0.017166724000665,-1.904048321352771,-0.583477486803016,-1.765312575204831
MA1134.1,FOS::JUNB,0.01,2,0,102,0,Up,602102,0.837530960038204,98,2,12142,102,Up,0.202478636771201,-6.094210745487326,1.588174041836624,0.693620791816307
MA0744.2,SCRT2,0.14,39,0.4,6574,0.5,Down,655732,0.081092328812999,98,31,12142,5046,Down,0.050450201621424,-1.455741161824514,-0.378061468263892,-1.297137093789867
MA1564.1,SP9,0.06,107,1.1,10922,0.9,Up,696655,0.003511708469821,98,68,12142,6248,Up,4.957240536529004E-4,-0.741251708168101,0.434463943344503,3.304760007632514
MA1562.1,SOX14,0.15,67,0.7,11093,0.9,Down,674281,0.022798713355542,98,40,12142,6668,Down,0.005797674945507,-1.073416558530103,-0.417570516083298,-2.236746137606415
MA0656.1,JDP2(var.2),0.08,10,0.1,611,0.1,Up,625260,0.384436079737318,98,8,12142,362,Up,0.009572770133896,-4.300264829607412,1.531351702802751,2.018962369456113
MA0769.2,TCF7,0.03,52,0.5,8815,0.7,Down,679441,0.015312718069945,98,33,12142,5959,Down,0.003062971101411,-1.291382458050217,-0.529160341896774,-2.513857100665504
MA1633.1,BACH1,0.14,18,0.2,2597,0.2,Down,615598.5,0.553556113470909,98,14,12142,2171,Down,0.4269181885753,-2.623686226392998,-0.280769195871612,-0.369655341964351
MA0829.2,SREBF1(var.2),0.09,30,0.3,5879,0.5,Down,653257.5,0.094256850116893,98,26,12142,4167,Down,0.109969641716032,-1.718471373465241,-0.351319982855872,-0.958727189886241
MA0903.1,HOXB3,0.03,247,2.5,43042,3.5,Down,720670.5,3.082114885147869E-4,98,80,12142,10744,Down,0.039575655639257,-0.233801039909719,-0.114667802864081,-1.40257188156598
MA0483.1,Gfi1b,0.04,11,0.1,782,0.1,Up,625128.5,0.386502586760655,98,11,12142,743,Up,0.052660970918318,-3.564039398629014,0.931099070459302,1.278511138002821
MA0738.1,HIC2,0.04,377,3.8,45784,3.8,Up,614454,0.575759484980068,98,97,12142,11635,Up,0.193998360399715,-0.038126892294655,0.046810773175779,0.712201940545883
MA0784.1,POU1F1,0.14,18,0.2,3402,0.3,Down,625085,0.387187673688201,98,18,12142,2746,Down,0.395333289044741,-2.278498871610009,-0.268199164434835,-0.403036614344772
MA0466.2,CEBPB,0.02,2,0,102,0,Up,602775,0.822469675064037,98,2,12142,88,Up,0.162219792725638,-6.200148020198551,1.800048591259074,0.789896157849237
MA1463.1,ARGFX,0.12,161,1.6,28417,2.3,Down,713964,6.359411726787334E-4,98,59,12142,9491,Down,6.686970588168795E-5,-0.541295767090599,-0.371876578115668,-4.17477058698764
MA0070.1,PBX1,0.15,37,0.4,4448,0.4,Up,610474,0.65606510862088,98,31,12142,3462,Up,0.501201501865175,-1.727475703021815,0.165407614130712,0.299987636299634
MA0737.1,GLIS3,0.13,3,0,176,0,Up,604786,0.777873764276439,98,3,12142,171,Up,0.163184620790713,-5.480204998568523,1.331016202339501,0.787320773403562
MA0501.1,MAF::NFE2,0.14,3,0,898,0.1,Down,624325,0.399276176119044,98,2,12142,855,Down,0.047159420700496,-4.563638772995342,-1.472969903147343,-1.32643153835479
MA0147.3,MYC,0.01,13,0.1,775,0.1,Up,632030,0.28729716825233,98,12,12142,733,Up,0.01768794533299,-3.513660169959673,1.070929080556043,1.752322612673657
MA0259.1,ARNT::HIF1A,0.08,544,5.6,56878,4.7,Up,706123.5,0.00141899430194,98,98,12142,11627,Up,0.03660350266276,-0.031262273249555,0.062524546499111,1.43647735410495
MA1574.1,THRB,0.14,4,0,883,0.1,Down,609914,0.667720316302893,98,4,12142,798,Down,0.414095662486582,-4.189378043256958,-0.525497549514213,-0.382899318563086
MA1587.1,ZNF135,0.05,2,0,378,0,Down,606404,0.742509404059186,98,1,12142,361,Down,0.373620233381266,-5.553507673847593,-0.967163289775253,-0.427569612613536
MA1419.1,IRF4,0.15,2,0,187,0,Up,598129,0.927479458208035,98,2,12142,183,Up,0.661198477551405,-5.674132668818443,0.748017888498859,0.179668155088166
MA1621.1,Rbpjl,0.03,44,0.4,8797,0.7,Down,693781,0.004561166142463,98,33,12142,5988,Down,0.002214320890176,-1.287880764181335,-0.536163729634537,-2.654759442746248
MA0152.1,NFATC2,0.07,265,2.7,32416,2.7,Up,608917,0.688668873080619,98,91,12142,10870,Up,0.404490097555716,-0.132999583688761,0.053295205032853,0.393092106015989
MA0667.1,MYF6,0.13,17,0.2,3595,0.3,Down,635514,0.244395602267751,98,11,12142,2172,Down,0.110283755919115,-2.790563633804343,-0.615852459190042,-0.95748845160535
MA0655.1,JDP2,0,2,0,102,0,Up,602102,0.837530960038204,98,2,12142,102,Up,0.202478636771201,-6.094210745487326,1.588174041836624,0.693620791816307
MA0048.2,NHLH1,0.07,87,0.9,6214,0.5,Up,679178,0.015634042193041,98,40,12142,3383,Up,0.006372740110294,-1.562839504636635,0.561275376129766,2.195673792326166
MA1110.1,NR1H4,0.09,20,0.2,3020,0.2,Down,623535,0.41207961278249,98,16,12142,2611,Down,0.265530454894535,-2.397386288818375,-0.360542822559096,-0.575885660518042
MA1483.1,ELF2,0.15,62,0.6,7053,0.6,Up,620018,0.47196116838381,98,45,12142,4915,Up,0.301773976529678,-1.209456293452424,0.190398228389488,0.520318214318064
MA0522.3,TCF3,0.15,291,3,40229,3.3,Down,651007.5,0.107665179902069,98,92,12142,11492,Down,0.651983009457033,-0.085021589573491,-0.011297538733146,-0.185763721745381
MA0733.1,EGR4,0.13,100,1,10250,0.8,Up,673848.5,0.023550938768573,98,60,12142,5808,Up,0.010786192868926,-0.883508258244797,0.36063935212603,1.967131818318078
MA0657.1,KLF13,0.15,14,0.1,1429,0.1,Up,618079,0.506922626900145,98,14,12142,1242,Up,0.18152019068538,-3.02640927689512,0.524676905132632,0.741075060900309
MA1557.1,SMAD5,0.15,22,0.2,3053,0.3,Down,618698,0.495615835071386,98,11,12142,1905,Down,0.264819925925522,-2.88515691824914,-0.426665890300447,-0.577049340252256
MA0159.1,RARA::RXRA,0.15,12,0.1,2033,0.2,Down,624047,0.403754148112728,98,10,12142,1854,Down,0.202966528092842,-2.970348855042846,-0.518771083269541,-0.692575577176231
MA0525.2,TP63,0.01,1,0,0,0,Up,601029,0.861665376204572,98,1,12142,0,Up,0.008006535947853,-10.302433592323153,8.530688547175867,2.096555342109433
MA1530.1,NKX6-3,0.13,325,3.3,47169,3.9,Down,662735.5,0.051726501326566,98,80,12142,10884,Down,0.018273487975528,-0.224462645784017,-0.133344591115484,-1.738178548216978
MA0812.1,TFAP2B(var.2),0.01,2,0,981,0.1,Down,613113,0.602297777912495,98,2,12142,611,Down,0.242673363726179,-4.805846450976356,-0.988554547185316,-0.614977890011606
MA0682.2,PITX1,0.14,272,2.8,37632,3.1,Down,640996.5,0.186356989259441,98,88,12142,11113,Down,0.470105942354647,-0.141099258097842,-0.026694022551074,-0.327804259095683
MA0621.1,mix-a,0.15,148,1.5,24237,2,Down,671113.5,0.028824761778402,98,58,12142,8343,Down,0.048848610186257,-0.646513988449863,-0.210346222846218,-1.31114778807675
MA1531.1,NR1D1,0.07,1,0,21,0,Up,600000,0.884932392484483,98,1,12142,21,Up,0.162224597825669,-7.589301214972104,3.104423792473768,0.789883293836239
MA0695.1,ZBTB7C,0.12,189,1.9,21800,1.8,Up,612327.5,0.618094318776271,98,84,12142,9742,Up,0.202575060340507,-0.269436969014438,0.096529171680493,0.693414023058662
MA1534.1,NR1I3,0.06,77,0.8,11396,0.9,Down,647656.5,0.130382905674046,98,49,12142,7184,Down,0.079006687857092,-0.874900511875591,-0.235589375002352,-1.102336144450122
MA1148.1,PPARA::RXRA,0.13,4,0,1053,0.1,Down,619917,0.473748849061989,98,4,12142,1003,Down,0.192076350665054,-4.024539891281266,-0.855173853465597,-0.71652610420616
MA1109.1,NEUROD1,0.1,61,0.6,5870,0.5,Up,654786,0.08593712734268,98,46,12142,4504,Up,0.046617533686614,-1.256759806990562,0.347733597284434,1.331450706676176
MA0838.1,CEBPG,0.04,3,0,99,0,Up,603486.5,0.806617726393153,98,2,12142,74,Up,0.12376762178519,-6.324366535008968,2.048485620879909,0.907392954016771
MA0485.2,HOXC9,0.11,22,0.2,1858,0.2,Up,629080,0.327384158265261,98,19,12142,1676,Up,0.139650883704487,-2.596595349355714,0.519891497523172,0.854956311758408
MA0794.1,PROX1,0.12,8,0.1,662,0.1,Up,607308,0.722979653197103,98,7,12142,619,Up,0.351213721273655,-4.003989308809171,0.577656169922625,0.454428525348433
MA0638.1,CREB3,0.14,29,0.3,2069,0.2,Up,646126,0.141923933204698,98,23,12142,1855,Up,0.033563185590057,-2.388824273996149,0.64272261243482,1.474136825598831
MA0792.1,POU5F1B,0.15,119,1.2,20723,1.7,Down,689273,0.006787318176477,98,63,12142,8686,Down,0.116591796495207,-0.558292858192192,-0.150148548984036,-0.93333200585659
MA0843.1,TEF,0.01,2,0,17,0,Up,600492.5,0.873782675755798,98,1,12142,11,Up,0.091997977398527,-8.040652614294647,4.007126591118852,1.036221720636125
MA0484.2,HNF4G,0.12,24,0.2,2467,0.2,Up,620963,0.455416219437634,98,22,12142,2182,Up,0.237144142587715,-2.303105325260492,0.34581320426758,0.624987597865365
MA1624.1,Stat5a,0.11,27,0.3,5444,0.4,Down,664520.5,0.045864586067562,98,24,12142,4284,Down,0.025740595103169,-1.755104352276643,-0.50447524612905,-1.589381416754286
MA0526.3,USF2,0.07,4,0,1116,0.1,Down,615114,0.562904112998345,98,4,12142,900,Down,0.248313317230735,-4.102661109009436,-0.698931418009256,-0.604999988279789
MA0881.1,Dlx4,0.06,287,2.9,49747,4.1,Down,723411,2.269501669865948E-4,98,81,12142,10947,Down,0.024983405436763,-0.211393850898185,-0.123859628654228,-1.602348364136713
MA1137.1,FOSL1::JUNB,0.14,172,1.8,24726,2,Down,650233.5,0.11261216654444,98,68,12142,9146,Down,0.195247365755061,-0.466396765241184,-0.115245942509331,-0.70941481683995
MA0476.1,FOS,0.14,123,1.3,16711,1.4,Down,625182.5,0.385653164013215,98,52,12142,7132,Down,0.25896744349507,-0.837696020616128,-0.140220562348251,-0.586754830510116
MA0116.1,Znf423,0.04,2,0,93,0,Up,602543,0.827654591529644,98,2,12142,93,Up,0.176436063680473,-6.160503565296231,1.720759681454433,0.753412639971614
MA0715.1,PROP1,0.03,4,0,245,0,Up,610355,0.658534965817884,98,4,12142,179,Up,0.059201446701484,-5.266032325051049,1.627811014073969,1.227667680324469
MA1149.1,RARA::RXRG,0.15,39,0.4,4831,0.4,Up,612581.5,0.612966509362605,98,27,12142,3852,Down,0.445491713971729,-1.748445365220327,-0.18449348142278,-0.351160369314695
MA0032.2,FOXC1,0.02,4,0,268,0,Up,606584,0.738607031672255,98,4,12142,258,Up,0.158358925421012,-5.002942106805107,1.101630577582085,0.800357453909654
MA1122.1,TFDP1,0.14,253,2.6,30909,2.5,Up,608273,0.702329659227006,98,84,12142,9815,Up,0.247403956448022,-0.264052102102628,0.085759437856872,0.606593359477291
MA0786.1,POU3F1,0.13,73,0.7,11757,1,Down,661002,0.058006782557578,98,43,12142,6517,Down,0.053972481953975,-1.038391613547907,-0.281433420119482,-1.267827610207321
MA0163.1,PLAG1,0.11,18,0.2,1647,0.1,Up,612534,0.613924021299087,98,14,12142,1390,Up,0.34251288403009,-2.945230330446601,0.362319012235593,0.465323087360077
MA0659.2,MAFG,0.05,0,0,566,0,Down,621859,0.44003530895164,98,0,12142,549,Down,0.023273979615698,-6.043927007209115,-3.156249624494523,-1.633129350388985
MA1544.1,OVOL1,0.15,22,0.2,2714,0.2,Up,604810.5,0.777334616897962,98,21,12142,2358,Up,0.608574859426331,-2.279955522567883,0.168336915627209,0.215685992559409
MA0019.1,Ddit3::Cebpa,0.1,61,0.6,9711,0.8,Down,659771.5,0.062839150360663,98,40,12142,6244,Down,0.042055102654451,-1.120804669310731,-0.322794294522041,-1.376181302595533
MA0634.1,ALX3,0.05,232,2.4,41342,3.4,Down,728072,1.330505742550558E-4,98,74,12142,10508,Down,0.004230713478277,-0.305696016971905,-0.194374564044619,-2.37358638592295
MA0527.1,ZBTB33,0.09,21,0.2,1897,0.2,Up,625815.5,0.375781280499039,98,17,12142,1480,Up,0.121901590170515,-2.76433894662247,0.543140288222121,0.913990629100439
MA0806.1,TBX4,0.03,14,0.1,3400,0.3,Down,664433,0.046138295849936,98,12,12142,2910,Down,0.005845526002552,-2.51946109667241,-0.917469066018484,-2.233176403282738
MA1106.1,HIF1A,0.01,64,0.7,5433,0.4,Up,658230.5,0.069355509603641,98,41,12142,4012,Up,0.06765875402033,-1.422252288561754,0.350479800904605,1.16967600428788
MA1541.1,NR6A1,0.1,6,0.1,433,0,Up,604588.5,0.782223837702255,98,5,12142,427,Up,0.398983442674233,-4.495308728478451,0.665377055318746,0.399045126630087
MA0779.1,PAX1,0.13,1,0,47,0,Up,598726,0.913875048668669,98,1,12142,47,Up,0.320641459236958,-7.017505788157679,1.960832938844917,0.49398032367333
MA0106.3,TP53,0.07,3,0,0,0,Up,607100,0.727457803791077,98,2,12142,0,Up,6.345567341640416E-5,-9.93395079524005,9.267654141342073,4.197529542627
MA1153.1,Smad4,0.08,267,2.7,33679,2.8,Down,611806.5,0.628670587316629,98,90,12142,11337,Down,0.537653783042543,-0.110584433990504,-0.023242996765334,-0.269497294064555
MA0822.1,HES7,0.12,10,0.1,785,0.1,Up,610238,0.660966950447721,98,6,12142,428,Up,0.163283156276868,-4.373119286556935,0.903014370483301,0.78705861326272
MA0464.2,BHLHE40,0.06,98,1,9186,0.8,Up,653228,0.094423557156594,98,39,12142,3633,Up,0.035871799468622,-1.529452373103038,0.422362603647529,1.445246836881579
MA0895.1,HMBOX1,0.03,17,0.2,3293,0.3,Down,646625.5,0.138074121306145,98,13,12142,2707,Down,0.037121244235272,-2.516098280354151,-0.702132073877513,-1.430377475463499
MA0079.4,SP1,0.12,114,1.2,11418,0.9,Up,684110.5,0.010499640729684,98,65,12142,6096,Up,0.001569766356192,-0.791320584951543,0.405383534065234,2.804164983111392
MA0107.1,RELA,0.03,12,0.1,748,0.1,Up,631809,0.290180245380563,98,12,12142,733,Up,0.01768794533299,-3.513660169959673,1.070929080556043,1.752322612673657
MA0090.3,TEAD1,0.07,5,0.1,1024,0.1,Down,612686.5,0.610852248371255,98,5,12142,979,Down,0.352726735005906,-3.897248192231288,-0.530744017175581,-0.452561621632472
MA1579.1,ZBTB26,0.01,16,0.2,1573,0.1,Up,614654.5,0.571839545292852,98,15,12142,1455,Up,0.346807569066633,-2.86416712542891,0.392623232718818,0.459911432626047
MA0024.3,E2F1,0.07,24,0.2,1541,0.1,Up,637639,0.220551288019985,98,14,12142,860,Up,0.015431877367839,-3.291408654099843,1.054675659542077,1.811581236548886
MA0796.1,TGIF1,0.13,0,0,261,0,Down,606228,0.74633146773107,98,0,12142,230,Down,0.267525889870439,-6.670603372469062,-1.90289689397463,-0.572634182675315
MA1600.1,ZNF684,0.14,1,0,112,0,Up,595589.5,0.985538489475982,98,1,12142,111,Up,0.595241712006661,-6.401983642362999,0.72978864725556,0.225306642886261
MA0871.2,TFEC,0.1,18,0.2,2622,0.2,Down,613570,0.593191951996178,98,12,12142,1898,Down,0.404399712440716,-2.827664605986823,-0.301062047389657,-0.39318916189769
MA0132.2,PDX1,0.06,240,2.4,42081,3.5,Down,724249,2.064326109854075E-4,98,81,12142,10694,Down,0.115783617334884,-0.228260058917059,-0.090127212616479,-0.936352886242366
MA0780.1,PAX3,0.1,20,0.2,1974,0.2,Up,618621,0.497014963389686,98,14,12142,1248,Up,0.183434373900397,-3.022934292155838,0.517726935654068,0.736519278281838
MA0774.1,MEIS2,0.02,63,0.6,7725,0.6,Up,609482.5,0.67675624565606,98,49,12142,5631,Up,0.478584947411276,-1.0505847662534,0.115779133753267,0.320040965060287
MA0478.1,FOSL2,0.01,4,0,336,0,Up,603154,0.814016239187428,98,4,12142,328,Up,0.342142275165368,-4.83007756180141,0.75590148757469,0.465793260989683
MA1628.1,Zic1::Zic2,0.14,230,2.3,24207,2,Up,672401,0.026227285780925,98,86,12142,9796,Up,0.093316884807352,-0.248575382050109,0.122303580460914,1.030039767666102
MA0859.1,Rarg,0.13,0,0,113,0,Down,600446,0.874834354795138,98,0,12142,112,Down,0.999999999942642,-7.188024247075212,-0.868055144762329,-0.00000000002491
MA0686.1,SPDEF,0.11,21,0.2,2066,0.2,Up,625713.5,0.377361378437012,98,20,12142,1824,Up,0.154513929134976,-2.499496122582447,0.469992615488311,0.81103236365804
MA1606.1,Foxf1,0.03,55,0.6,8518,0.7,Down,637712.5,0.219757508957389,98,40,12142,5679,Down,0.263964022564354,-1.189215735741853,-0.185972161659796,-0.578455262018542
MA1105.2,GRHL2,0.01,1,0,673,0.1,Down,620603,0.461680252156424,98,1,12142,647,Down,0.065213868170174,-5.133065401036194,-1.808047835398051,-1.185660038787509
MA0078.1,Sox17,0.03,67,0.7,9839,0.8,Down,633254.5,0.27167378929733,98,45,12142,6342,Down,0.224128361956995,-1.025599573108732,-0.177315212297897,-0.649503182902507
MA0692.1,TFEB,0.11,123,1.3,12155,1,Up,660572,0.059659118575545,98,54,12142,5529,Up,0.066540630703499,-0.994356021977728,0.280977054596556,1.176913086999643
MA0618.1,LBX1,0.09,68,0.7,13775,1.1,Down,697013.5,0.003397515380438,98,42,12142,6867,Down,0.007603896270176,-1.01743472963327,-0.390452307370808,-2.118963816267047
MA0893.2,GSX2,0.07,309,3.2,52059,4.3,Down,721783.5,2.723788224078261E-4,98,85,12142,11254,Down,0.031934634931306,-0.15688141342914,-0.094635782282676,-1.495738044222631
MA0028.2,ELK1,0.08,19,0.2,2209,0.2,Up,605498.5,0.762239154295671,98,17,12142,1878,Up,0.575980193523905,-2.592590633890361,0.199643662757904,0.239592450589236
MA0153.2,HNF1B,0.15,5,0.1,1287,0.1,Down,615777,0.550131385756574,98,4,12142,916,Down,0.248210167715225,-4.089956806692632,-0.724340022642865,-0.605180431974396
MA0722.1,VAX1,0.09,167,1.7,28536,2.4,Down,697496.5,0.003249010218468,98,62,12142,9032,Down,0.014675683018794,-0.541567883192784,-0.229399303203011,-1.833401677174692
MA0877.2,BARHL1,0.15,707,7.2,96029,7.9,Down,640839.5,0.187863168363473,98,96,12142,12044,Down,0.190841979741494,-0.020642881965511,-0.017903800445569,-0.719326086839863
MA1556.1,RXRG(var.2),0.15,9,0.1,1392,0.1,Down,615082,0.563524196303374,98,7,12142,1299,Down,0.323850831443022,-3.469599085643371,-0.491124276408974,-0.489654983616563
MA0630.1,SHOX,0.1,509,5.2,83844,6.9,Down,718230.5,4.0276724483157E-4,98,87,12142,11584,Down,0.005701900631857,-0.119355208386826,-0.102970998474443,-2.243980355495885
MA0730.1,RARA(var.2),0.15,0,0,133,0,Down,601181,0.858238111752529,98,0,12142,127,Down,0.628822571500211,-7.097738124254302,-1.048627390404149,-0.201471877747823
MA0665.1,MSC,0.11,17,0.2,1579,0.1,Up,612889.5,0.606773876612059,98,12,12142,1126,Up,0.294631561733356,-3.204170948678654,0.451950637994004,0.530720732196581
MA1524.1,MSGN1,0.04,35,0.4,6377,0.5,Down,652998.5,0.095728566354645,98,27,12142,4431,Down,0.073129042618152,-1.647445286946133,-0.386493637971167,-1.135910112181868
MA0130.1,ZNF354C,0,50,0.5,9116,0.8,Down,680363,0.014231703740407,98,38,12142,6259,Down,0.014487979332977,-1.155605719344004,-0.399319118834942,-1.838992182212253
MA1563.1,SOX18,0.05,55,0.6,8777,0.7,Down,648639,0.123366894900779,98,41,12142,5973,Down,0.156275304936426,-1.135214742295205,-0.223595291628494,-0.806109644995448
MA0901.2,HOXB13,0.13,123,1.3,16501,1.4,Down,626922.5,0.358896334385742,98,55,12142,7919,Down,0.06991780661255,-0.722110093078929,-0.211051720054682,-1.155412204386919
MA0604.1,Atf1,0.12,255,2.6,23791,2,Up,727345,1.447688242702805E-4,98,91,12142,9790,Up,0.001161706271188,-0.208481511199114,0.204259060053561,2.934903666203811
MA0821.1,HES5,0.1,8,0.1,719,0.1,Up,606137.5,0.748299229233336,98,5,12142,387,Up,0.246048570901322,-4.566172783284282,0.807105164930406,0.608979153090671
MA1560.1,SOHLH2,0.12,114,1.2,10206,0.8,Up,665612,0.042563667487718,98,45,12142,4249,Up,0.025827063989199,-1.314478829034755,0.40044329955415,1.587924961452039
MA0063.2,NKX2-5,0.12,68,0.7,9266,0.8,Down,636851.5,0.229185324118082,98,43,12142,6260,Down,0.155105176492318,-1.067412010533548,-0.223392626148201,-0.809373707766444
MA0639.1,DBP,0.03,4,0,180,0,Up,602690,0.824368434213527,98,2,12142,90,Up,0.16788109757374,-6.184027851698447,1.767808254258866,0.774998200118992
MA1576.1,THRB(var.3),0.12,4,0,98,0,Up,614781,0.569372911746462,98,4,12142,91,Up,0.00705636930284,-5.752102422820554,2.599951209612978,2.151418698002576
MA0496.3,MAFK,0.15,33,0.3,3548,0.3,Up,637555,0.221460979472324,98,29,12142,2600,Up,0.062817880686095,-1.98130665670471,0.483795773220349,1.201916719670407
MA0156.2,FEV,0.04,10,0.1,1899,0.2,Down,615880,0.548159972032236,98,10,12142,1643,Down,0.456558824191414,-3.057478260754195,-0.344512271846842,-0.340503258927292
MA1473.1,CDX4,0.04,6,0.1,1732,0.1,Down,636464,0.233521019724742,98,6,12142,1582,Down,0.047948146105313,-3.430700091455333,-0.981824019719903,-1.319228179980229
MA0099.3,FOS::JUN,0.13,123,1.3,13810,1.1,Up,627597,0.348845925995796,98,56,12142,6124,Up,0.189163158586599,-0.894637185002983,0.185528655923589,0.723163442884155
MA0724.1,VENTX,0.12,225,2.3,34571,2.8,Down,677859.5,0.017335962240849,98,77,12142,10725,Down,0.006459051777065,-0.262473997938318,-0.166906832487641,-2.189831234050524
MA0004.1,Arnt,0,98,1,9198,0.8,Up,653078.5,0.095272031433649,98,39,12142,3635,Up,0.045633623517859,-1.529055428522685,0.421568714486822,1.340715044895296
MA1466.1,ATF6,0.09,3,0,125,0,Up,607046,0.728621931315179,98,3,12142,125,Up,0.083210293623026,-5.705465604679542,1.781537414561541,1.079822945498269
MA0858.1,Rarb(var.2),0.15,0,0,73,0,Down,598437,0.920457866320123,98,0,12142,71,Down,0.999999999968487,-7.514979174294536,-0.214145290323681,-0.000000000013686
MA0886.1,EMX2,0.1,214,2.2,37326,3.1,Down,714843,5.79497309619037E-4,98,76,12142,10413,Down,0.028594050734676,-0.293137210020894,-0.143053533485662,-1.543724316586628
MA0892.1,GSX1,0.08,604,6.2,97097,8,Down,715996.5,5.124899020725326E-4,98,91,12142,11734,Down,0.048675370417341,-0.07783054836641,-0.057042865611849,-1.312690734834226
MA0608.1,Creb3l2,0.11,84,0.9,8112,0.7,Up,660997.5,0.058023875479438,98,44,12142,3989,Up,0.013073948060437,-1.376052011736083,0.459467246492208,1.883593244711278
MA1528.1,NFIX(var.2),0.1,6,0.1,1627,0.1,Down,623294,0.416033417534367,98,4,12142,1075,Down,0.107320867464807,-3.974556437251044,-0.955140761526041,-0.96931582562313
MA0755.1,CUX2,0.08,20,0.2,3091,0.3,Down,623043.5,0.420166719972193,98,13,12142,2185,Down,0.289338317355581,-2.670597260209162,-0.393134114167492,-0.538594048501522
MA0775.1,MEIS3,0,6,0.1,538,0,Up,605807,0.755499212033273,98,6,12142,521,Up,0.318283769536083,-4.231433262353302,0.619642322076035,0.497185507092592
MA1608.1,Isl1,0.01,6,0.1,1377,0.1,Down,622175,0.434682715180306,98,6,12142,1294,Down,0.186112202656257,-3.575605358663129,-0.692013485304311,-0.730225150928675
MA0014.3,PAX5,0.01,7,0.1,313,0,Up,622685,0.426123823800044,98,7,12142,301,Up,0.011742633830225,-4.523462448929429,1.616602450163142,1.930234481483464
MA0766.2,GATA5,0.01,16,0.2,3771,0.3,Down,660720,0.059086054978247,98,15,12142,3149,Down,0.014876614913368,-2.307363139547624,-0.720984739043754,-1.82749587871564
MA1484.1,ETS2,0.04,12,0.1,1012,0.1,Up,615257.5,0.560127482640722,98,11,12142,952,Up,0.253521617994861,-3.385346223464881,0.573712720131037,0.595985002107447
MA0140.2,GATA1::TAL1,0.15,44,0.4,6949,0.6,Down,633880.5,0.263915614066204,98,36,12142,5073,Down,0.354948949883089,-1.34561974744196,-0.173215026268799,-0.449834104348686
MA0813.1,TFAP2B(var.3),0.15,355,3.6,35010,2.9,Up,678767.5,0.016147436198701,98,87,12142,9674,Up,0.023005163957726,-0.249323593712937,0.156965772177779,1.638174667172838
MA0479.1,FOXH1,0.15,80,0.8,11329,0.9,Down,640535.5,0.190805097132072,98,47,12142,6989,Down,0.064434748715133,-0.924500268767468,-0.25539188471592,-1.190879860819082
MA1474.1,CREB3L4,0.1,21,0.2,3460,0.3,Down,628532.5,0.335205572225339,98,18,12142,2916,Down,0.234286288254977,-2.235176980462373,-0.354842946730107,-0.63025312800336
MA1549.1,POU6F1(var.2),0.04,12,0.1,3220,0.3,Down,657419,0.073004175636962,98,12,12142,2707,Down,0.014587299400303,-2.571613936548524,-0.813163386266257,-1.836025103178994
MA0676.1,Nr2e1,0.07,51,0.5,9359,0.8,Down,683822,0.010752403541593,98,37,12142,6293,Down,0.005987516122625,-1.170682072441658,-0.445102113037674,-2.22275330414812
MA1572.1,TGIF2LY,0.14,5,0.1,1792,0.1,Down,626495.5,0.365352000647485,98,3,12142,1014,Down,0.063908636911963,-4.197960806776599,-1.233472181244346,-1.194440445288652
MA0047.3,FOXA2,0.15,126,1.3,16511,1.4,Down,601038.5,0.861451095156379,98,72,12142,8293,Up,0.326335881732659,-0.49607761913975,0.107869779396617,0.486335171441213
MA1512.1,KLF11,0.14,400,4.1,43354,3.6,Up,672900.5,0.025275444436379,98,95,12142,10856,Up,0.01199880859463,-0.103064703272695,0.116883423704135,1.920861874491146
MA1546.1,PAX3(var.2),0.1,2,0,53,0,Up,604503,0.784109157491302,98,2,12142,53,Up,0.071685077933515,-6.563217302039476,2.526187154940924,1.144571238273467
MA1550.1,PPARD,0.13,3,0,191,0,Up,604144.5,0.792027953109724,98,3,12142,184,Up,0.188948532073418,-5.42749887862473,1.225603962451916,0.723656477734216
MA0699.1,LBX2,0.07,287,2.9,49692,4.1,Down,723005,2.375650851944577E-4,98,81,12142,10945,Down,0.025090144144919,-0.211525645996609,-0.123596038457379,-1.600496843621105
MA1583.1,ZFP57,0.14,231,2.4,18678,1.5,Up,767992.5,6.814680549860341E-7,98,86,12142,8375,Up,2.281642200364357E-5,-0.361620927067317,0.34839467049533,4.641752459212571
MA0904.2,HOXB5,0.08,90,0.9,15753,1.3,Down,660963,0.058155060315575,98,42,12142,6345,Down,0.067863205813926,-1.074460308713999,-0.276401149209352,-1.168365628416032
MA1497.1,HOXA6,0.09,374,3.8,55908,4.6,Down,668455,0.034895538978104,98,83,12142,11016,Down,0.052578404212576,-0.189373534221702,-0.097947985521245,-1.279192599138546
MA1632.1,ATF2,0.12,61,0.6,6486,0.5,Up,632401.5,0.282494423277052,98,43,12142,4606,Up,0.250425688976481,-1.288715445910851,0.219214244606406,0.601321122712071
MA0007.3,Ar,0.07,4,0,180,0,Up,601986,0.840133151374981,98,2,12142,105,Up,0.211259837254859,-6.073401200886456,1.546554952634885,0.675183059107111
MA1548.1,PLAGL2,0.14,768,7.8,81377,6.7,Up,680024,0.014621081842746,98,94,12142,10751,Up,0.016382514344898,-0.117668464770373,0.115718139070139,1.785619443093632
MA0723.1,VAX2,0.08,167,1.7,28536,2.4,Down,697496.5,0.003249010218468,98,62,12142,9032,Down,0.014675683018794,-0.541567883192784,-0.229399303203011,-1.833401677174692
MA0679.2,ONECUT1,0.11,18,0.2,3354,0.3,Down,636881.5,0.228852062693944,98,15,12142,2693,Down,0.11242124816478,-2.420183512570745,-0.495343992997512,-0.949151597231417
MA1652.1,ZKSCAN5,0.14,152,1.6,16399,1.4,Up,681566.5,0.012922243334137,98,77,12142,8374,Up,0.047630602171009,-0.44095896929588,0.190063110227482,1.322113927875488
MA0785.1,POU2F1,0.15,77,0.8,13057,1.1,Down,663144,0.050332418130292,98,49,12142,6958,Down,0.152083049254341,-0.89795621685843,-0.189477965036675,-0.817919188481787
MA0882.1,DLX6,0.11,341,3.5,58265,4.8,Down,723247,2.311832201307151E-4,98,84,12142,11295,Down,0.00920021647354,-0.162744867948018,-0.116855030452349,-2.036201953941611
MA0685.1,SP4,0.12,83,0.8,7424,0.6,Up,692652,0.005045885309182,98,53,12142,4493,Up,7.093152405992811E-4,-1.157369406091666,0.553569146072874,3.149160708645674
MA0109.1,HLTF,0.01,207,2.1,28609,2.4,Down,638566,0.210689770596916,98,80,12142,10688,Down,0.060443405337433,-0.237570512505033,-0.107128857673452,-1.218651075808944
MA1139.1,FOSL2::JUNB(var.2),0.12,31,0.3,1799,0.1,Up,646029,0.142681014477864,98,16,12142,944,Up,0.004136629705792,-3.131014289810319,1.106713179424792,2.383353353634089
MA1495.1,HOXA1,0.14,661,6.7,102590,8.4,Down,684851.5,0.009874490855288,98,82,12142,11230,Down,0.003153118861576,-0.184186465645139,-0.143086279130844,-2.501259657557292
MA0516.2,SP2,0.15,71,0.7,7841,0.6,Up,646248,0.140976113415061,98,49,12142,4956,Up,0.078970917824987,-1.14268352507087,0.299976651388207,1.102532814449761
MA0913.2,HOXD9,0.04,3,0,1055,0.1,Down,625389.5,0.382407621522612,98,3,12142,991,Down,0.063709940563977,-4.214502900540504,-1.200387993716535,-1.195792800078042
MA0791.1,POU4F3,0.06,4,0,227,0,Up,609437,0.677711795489733,98,4,12142,199,Up,0.079934392650554,-5.189829873851401,1.475406111674674,1.097266320503432
MA0031.1,FOXD1,0.15,150,1.5,21909,1.8,Down,647829,0.129129168796232,98,71,12142,9272,Down,0.403090387255582,-0.42560785059935,-0.073145264157275,-0.394597558611114
MA0836.2,CEBPD,0.08,18,0.2,1259,0.1,Up,621788,0.441243130542946,98,13,12142,1099,Up,0.15571017541108,-3.166155147174512,0.597981659763208,0.807683006054303
MA0042.2,FOXI1,0.15,121,1.2,17465,1.4,Down,630983.5,0.301121136822106,98,71,12142,8499,Up,0.65869587730855,-0.488398044793462,0.052435124230951,0.18131505474241
MA1599.1,ZNF682,0.15,65,0.7,7361,0.6,Up,649017,0.120747477434938,98,54,12142,5257,Up,0.023891713189243,-1.030742065485696,0.353749141612493,1.6217527074306
MA0006.1,Ahr::Arnt,0.01,161,1.6,15764,1.3,Up,693926.5,0.004501866322016,98,76,12142,7883,Up,0.010290627379724,-0.493910639826011,0.258493326124573,1.987558147176695
MA0905.1,HOXC10,0.15,213,2.2,32770,2.7,Down,670079.5,0.031068349387444,98,74,12142,10460,Down,0.004853651423409,-0.308998486470566,-0.187769625047298,-2.313931416781565
MA1507.1,HOXD4,0.08,351,3.6,52599,4.3,Down,671999,0.027015679874514,98,82,12142,10882,Down,0.065942668980741,-0.206892535723191,-0.097674138974739,-1.18083347908928
MA1639.1,MEIS1(var.2),0.14,41,0.4,6550,0.5,Down,628402.5,0.33708025028867,98,34,12142,4646,Down,0.531524280743354,-1.449688268038357,-0.1276781892797,-0.274476891532036
MA0661.1,MEOX1,0.1,118,1.2,19298,1.6,Down,668617.5,0.034495396049032,98,49,12142,7452,Down,0.028234446269915,-0.84848215520466,-0.288426088344214,-1.549220725167356
MA0809.2,TEAD4,0.07,22,0.2,2508,0.2,Up,611378,0.637426721030484,98,21,12142,2236,Up,0.433360786943691,-2.318268943830382,0.244963758152207,0.363150388780942
MA0814.2,TFAP2C(var.2),0.01,2,0,705,0.1,Down,616257,0.540974121185226,98,2,12142,682,Down,0.179540416545964,-4.726608177336442,-1.147031094465144,-0.745837771558703
MA0503.1,Nkx2-5(var.2),0.09,96,1,13217,1.1,Down,653673.5,0.091931031491997,98,55,12142,7924,Down,0.069763816983753,-0.721654811871917,-0.211962282468707,-1.156369765896133
MA1536.1,NR2C2(var.2),0.08,334,3.4,40483,3.3,Up,599401.5,0.898512366910865,98,90,12142,11593,Down,0.087939003818722,-0.094477623331904,-0.055456618082534,-1.055818458417045
MA1558.1,SNAI1,0.02,75,0.8,11929,1,Down,657616,0.072104294525351,98,48,12142,7176,Down,0.049671759807326,-0.890426074766611,-0.263425805005276,-1.303890453230628
MA1470.1,BACH2(var.2),0.15,0,0,131,0,Down,599515,0.895934641248467,98,0,12142,93,Down,0.999999999956113,-7.321467612739912,-0.601168413432929,-0.00000000001906
MA0506.1,NRF1,0.14,186,1.9,18590,1.5,Up,674474,0.022469831127838,98,68,12142,6752,Up,0.007621297466949,-0.685295791505302,0.322552110018906,2.11797108708959
MA0694.1,ZBTB7B,0.05,1,0,495,0,Down,612218,0.620310701376676,98,1,12142,476,Down,0.187951832029599,-5.354267390368181,-1.365643856734077,-0.725953436715437
MA0491.2,JUND,0.03,4,0,255,0,Up,606984,0.729959294254482,98,4,12142,250,Up,0.146395166682542,-5.02561894536497,1.146984254701812,0.83447326151364
MA0076.2,ELK4,0,2,0,115,0,Up,601465,0.851841741741873,98,2,12142,115,Up,0.240769195843426,-6.008076274532021,1.415905099926013,0.618399077758825
MA0083.3,SRF,0.03,3,0,4,0,Up,607001,0.729592516037438,98,2,12142,2,Up,3.767634505023854E-4,-8.772986747796368,6.945726046454708,3.423931234369156
MA1100.2,ASCL1,0.02,66,0.7,5013,0.4,Up,655447,0.082528000381444,98,28,12142,2257,Up,0.018184061334891,-2.108214699417249,0.638105788251229,1.740309112404081
MA0708.1,MSX2,0.09,287,2.9,49747,4.1,Down,723411,2.269501669865948E-4,98,81,12142,10947,Down,0.024983405436763,-0.211393850898185,-0.123859628654228,-1.602348364136713
MA1489.1,FOXN3,0,10,0.1,814,0.1,Up,616882,0.529165870393499,98,10,12142,789,Up,0.14680524360877,-3.586358403364232,0.713248013373232,0.833258431956163
MA0873.1,HOXD12,0.15,51,0.5,7316,0.6,Down,636986.5,0.22768836490589,98,33,12142,5230,Down,0.065351953930563,-1.385503672705914,-0.34091791258538,-1.184741423101403
MA0899.1,HOXA10,0.02,2,0,707,0.1,Down,615968,0.546478427049762,98,2,12142,676,Down,0.178633665841306,-4.732977733251781,-1.134291982634466,-0.748036689281332
MA0702.2,LMX1A,0.15,165,1.7,26035,2.1,Down,666286,0.040627443420689,98,62,12142,8738,Down,0.070205857254026,-0.565437729845444,-0.18165960989769,-1.15362665329774
MA0087.1,Sox5,0,27,0.3,6245,0.5,Down,693188.5,0.00481002067911,98,21,12142,4520,Down,0.001050693073244,-1.81064914601483,-0.770275837478896,-2.978524130845014
MA0867.2,SOX4,0,2,0,83,0,Up,603179,0.81345937393778,98,2,12142,80,Up,0.139967080232245,-6.268492356182741,1.936737263227453,0.853974096854885
MA1623.1,Stat2,0.12,80,0.8,9116,0.8,Up,618893,0.492082013989375,98,52,12142,5692,Up,0.224658581591501,-1.000368748338677,0.185124893096846,0.648476987413032
MA1127.1,FOSB::JUN,0.11,29,0.3,1714,0.1,Up,648575.5,0.123811249679796,98,17,12142,1017,Up,0.004978888198631,-3.034866794634442,1.084195984246066,2.302867625735568
MA1559.1,SNAI3,0.02,1,0,1023,0.1,Down,636684.5,0.231046792527509,98,1,12142,975,Down,0.004467635368796,-4.837434561018639,-2.399309515433162,-2.349922279554171
MA1593.1,ZNF317,0.09,15,0.2,2570,0.2,Down,622125.5,0.435518683340261,98,14,12142,2273,Down,0.299190662859793,-2.590574700747675,-0.34699224716226,-0.524051964055382
MA0135.1,Lhx3,0.02,4,0,214,0,Up,613480,0.594980229110192,98,4,12142,116,Up,0.015659895038845,-5.577859269635435,2.251464903242741,1.805211153146729
MA1140.2,JUNB(var.2),0.15,23,0.2,1616,0.1,Up,630122,0.312828529330296,98,13,12142,895,Up,0.033223512783927,-3.314196280609015,0.894063926632215,1.478554450691931
MA0795.1,SMAD3,0.03,1,0,165,0,Down,596581.5,0.962832853172254,98,1,12142,90,Up,0.520130415044846,-6.552510648781549,1.03084266009266,0.283887749763084
MA0137.3,STAT1,0.15,98,1,15467,1.3,Down,668988,0.033597704278769,98,56,12142,8236,Down,0.029543101305279,-0.680917513143426,-0.241910687795525,-1.529543916299894
MA0714.1,PITX3,0.1,125,1.3,17207,1.4,Down,620508.5,0.463332498080728,98,63,12142,8353,Down,0.327256766712924,-0.586489960288563,-0.093754344791294,-0.485111364744506
MA0603.1,Arntl,0.15,209,2.1,20683,1.7,Up,695639.5,0.003854387548312,98,79,12142,8445,Up,0.019964652573931,-0.416489803904875,0.214641879465708,1.69973824302224
MA1503.1,HOXB9,0.15,89,0.9,13282,1.1,Down,659498,0.063957260346816,98,50,12142,7601,Down,0.020990753555893,-0.819774892525481,-0.288130888358202,-1.677971970217431
MA0114.4,HNF4A,0.13,24,0.2,2467,0.2,Up,620963,0.455416219437634,98,22,12142,2182,Up,0.237144142587715,-2.303105325260492,0.34581320426758,0.624987597865365
MA1504.1,HOXC4,0.06,118,1.2,20295,1.7,Down,672252.5,0.026516173978383,98,53,12142,7644,Down,0.074646506478337,-0.774078135633785,-0.213013394842889,-1.126990512824201
MA0788.1,POU3F3,0.14,21,0.2,3541,0.3,Down,619704,0.477531082941867,98,19,12142,2800,Down,0.469706076628343,-2.226479376778927,-0.220340447630402,-0.328173821274943
MA0789.1,POU3F4,0.15,45,0.5,7567,0.6,Down,637842.5,0.218358570116452,98,34,12142,4903,Down,0.301184002977655,-1.410854533050435,-0.205345659255545,-0.521168098882459
MA0497.1,MEF2C,0.03,7,0.1,281,0,Up,623913.5,0.405915184989528,98,7,12142,276,Up,0.007577317610198,-4.585901709762118,1.74148097182852,2.12048450851865
MA0670.1,NFIA,0.01,63,0.6,9888,0.8,Down,663828.5,0.048067059536777,98,41,12142,6613,Down,0.014276247226705,-1.061795995841816,-0.370432784535271,-1.845385939823675
MA1568.1,TCF21(var.2),0.03,4,0,101,0,Up,603333,0.810031173430058,98,2,12142,78,Up,0.134515753785626,-6.286640420794235,1.973033392450444,0.871226850371508
MA1144.1,FOSL2::JUND,0.01,2,0,102,0,Up,602102,0.837530960038204,98,2,12142,102,Up,0.202478636771201,-6.094210745487326,1.588174041836624,0.693620791816307
MA0611.1,Dux,0.12,234,2.4,32660,2.7,Down,636861,0.229079753985552,98,81,12142,10633,Down,0.16444104098405,-0.232386307860112,-0.081874714730373,-0.783989782608073
MA1418.1,IRF3,0.13,0,0,235,0,Down,605738,0.757005092602214,98,0,12142,220,Down,0.426072942781246,-6.702597419904969,-1.838908799102813,-0.370516044240998
MA1644.1,NFYC,0.09,44,0.4,3789,0.3,Up,651742,0.103131325324344,98,33,12142,2959,Up,0.043884051049206,-1.796301376732487,0.480677495467766,1.357693288410258
MA1567.1,TBX6,0.04,26,0.3,5651,0.5,Down,684066,0.010538280339614,98,21,12142,4424,Down,0.002059322968641,-1.82613310820355,-0.739307913101456,-2.68627553657819
MA0643.1,Esrrg,0,1,0,56,0,Up,598285,0.923922326971917,98,1,12142,56,Up,0.368252203195265,-6.892344111115559,1.710509584760677,0.433854646161683
MA0849.1,FOXO6,0.1,80,0.8,12219,1,Down,639847,0.19759309673728,98,53,12142,7069,Down,0.412583894268494,-0.830485116114902,-0.100199433880654,-0.384487729263595
MA1500.1,HOXB6,0.08,395,4,60208,5,Down,679443,0.015310296982254,98,82,12142,11200,Down,0.004065188188796,-0.186115977349148,-0.139227255722824,-2.3909193449127
MA0154.4,EBF1,0.15,144,1.5,11385,0.9,Up,679357,0.015414708585719,98,54,12142,5439,Up,0.041940862974427,-1.006193515597063,0.304652041835226,1.377362637743444
MA0855.1,RXRB,0.13,2,0,108,0,Up,601952,0.840896195184435,98,2,12142,105,Up,0.211259837254859,-6.073401200886456,1.546554952634885,0.675183059107111
MA0119.1,NFIC::TLX1,0.14,5,0.1,1458,0.1,Down,622509.5,0.429057936567708,98,3,12142,938,Down,0.087362237722675,-4.254130914239491,-1.121131966318562,-1.058676250347174
MA1151.1,RORC,0.13,123,1.3,17224,1.4,Down,640153.5,0.194549766465256,98,66,12142,9159,Down,0.076613605556686,-0.486747059380316,-0.160044649149741,-1.115694098598505
MA0808.1,TEAD3,0.06,104,1.1,11980,1,Up,634978,0.250685722674643,98,68,12142,7430,Up,0.117909865810407,-0.616277012221976,0.184514551452253,0.928449854889985
MA0160.1,NR4A2,0.11,299,3.1,39675,3.3,Down,641584.5,0.180795287470382,98,90,12142,11589,Down,0.090132863123107,-0.094726546259084,-0.054958772228174,-1.045116833096208
MA0681.2,PHOX2B,0.02,1,0,11,0,Up,600490,0.87383921198477,98,1,12142,11,Up,0.091997977398527,-8.040652614294647,4.007126591118852,1.036221720636125
MA1517.1,KLF6,0.05,65,0.7,7196,0.6,Up,638785.5,0.208402149093244,98,50,12142,5076,Up,0.080019231978193,-1.110999873166297,0.294319072923431,1.096805621280359
MA0662.1,MIXL1,0.05,287,2.9,49692,4.1,Down,723005,2.375650851944577E-4,98,81,12142,10945,Down,0.025090144144919,-0.211525645996609,-0.123596038457379,-1.600496843621105
MA0018.4,CREB1,0.07,29,0.3,2006,0.2,Up,647577,0.130963885131362,98,19,12142,1284,Up,0.008150808029944,-2.788718145802198,0.90413709041614,2.088799335364226
MA0486.2,HSF1,0.11,5,0.1,381,0,Up,607481,0.719262243195263,98,5,12142,363,Up,0.222007452873856,-4.612293256405285,0.899346111172411,0.653632445875217
MA1505.1,HOXC8,0.12,728,7.4,116041,9.6,Down,709249,0.001036343297405,98,89,12142,11513,Down,0.102394397044595,-0.107487531074631,-0.061497022234979,-0.98972380702414
MA0614.1,Foxj2,0,10,0.1,814,0.1,Up,616882,0.529165870393499,98,10,12142,789,Up,0.14680524360877,-3.586358403364232,0.713248013373232,0.833258431956163
MA0093.3,USF1,0.06,1,0,532,0,Down,607915.5,0.709955151547642,98,1,12142,387,Down,0.377696861267144,-5.503407342242352,-1.067363952985735,-0.422856624227342
MA0101.1,REL,0.08,144,1.5,15278,1.3,Up,678700,0.016233259207673,98,80,12142,8377,Up,0.005949230730269,-0.413304370580505,0.244338858477492,2.225539187413987
MA0520.1,Stat6,0.01,2,0,167,0,Up,599061,0.906251863696408,98,2,12142,164,Up,0.384683854636688,-5.752978908372429,0.905710367606829,0.414896040855487
MA1554.1,RFX7,0.11,266,2.7,32290,2.7,Up,598745,0.91344247018764,98,95,12142,11153,Up,0.063750108803445,-0.083595987392464,0.077945991943672,1.195519069675256
MA1480.1,DPRX,0.09,48,0.5,8143,0.7,Down,650483,0.110998296863718,98,32,12142,5085,Down,0.079937410852235,-1.42764398132428,-0.344080050207283,-1.097249922510707
MA0475.2,FLI1,0.11,52,0.5,7754,0.6,Down,632128,0.28602490753249,98,35,12142,5150,Down,0.217891718981119,-1.354792894112045,-0.235023611679299,-0.661759274889791
MA0666.1,MSX1,0.09,287,2.9,49747,4.1,Down,723411,2.269501669865948E-4,98,81,12142,10947,Down,0.024983405436763,-0.211393850898185,-0.123859628654228,-1.602348364136713
MA0027.2,EN1,0.06,287,2.9,49747,4.1,Down,723411,2.269501669865948E-4,98,81,12142,10947,Down,0.024983405436763,-0.211393850898185,-0.123859628654228,-1.602348364136713
MA0688.1,TBX2,0.07,28,0.3,6503,0.5,Down,708997.5,0.001063179706551,98,21,12142,4959,Down,7.186703248424185E-5,-1.74379298284487,-0.903988163818817,-4.143470287553525
MA0009.2,TBXT,0.15,0,0,677,0.1,Down,613529,0.594006306251023,98,0,12142,379,Down,0.077547065360366,-6.310936804975998,-2.622230028960758,-1.110434632691312
MA0524.2,TFAP2C,0.14,642,6.6,64244,5.3,Up,708867,0.001077356746666,98,97,12142,11261,Up,0.009765830630351,-0.061693994472875,0.093944977532219,2.010290811993489
MA1596.1,ZNF460,0.11,87,0.9,13577,1.1,Down,645483.5,0.146996479774045,98,41,12142,6064,Down,0.127870815178296,-1.124308632513842,-0.245407511191218,-0.893228566180766
MA0735.1,GLIS1,0.14,2,0,93,0,Up,602543,0.827654591529644,98,2,12142,93,Up,0.176436063680473,-6.160503565296231,1.720759681454433,0.753412639971614
MA0763.1,ETV3,0.08,12,0.1,2290,0.2,Down,622906,0.422445717238266,98,11,12142,1917,Down,0.264927147875925,-2.880628433460076,-0.435722859878575,-0.576873535970033
MA0736.1,GLIS2,0.02,1,0,11,0,Up,600490,0.87383921198477,98,1,12142,11,Up,0.091997977398527,-8.040652614294647,4.007126591118852,1.036221720636125
MA0912.2,HOXD3,0.15,227,2.3,37602,3.1,Down,711509,8.218230162215789E-4,98,76,12142,10548,Down,0.01033164428006,-0.283845800647056,-0.161636352233336,-1.985830555060318
MA0742.1,Klf12,0.03,12,0.1,559,0,Up,643549,0.16310723758554,98,12,12142,489,Up,6.394464382590807E-4,-3.80540422299452,1.654417186625738,3.194195827327189
MA0837.1,CEBPE,0.02,2,0,102,0,Up,602775,0.822469675064037,98,2,12142,88,Up,0.162219792725638,-6.200148020198551,1.800048591259074,0.789896157849237
MA0750.2,ZBTB7A,0.07,52,0.5,5882,0.5,Up,630105,0.313062527745314,98,42,12142,4318,Up,0.13885294840369,-1.352062087472584,0.278802408307819,0.85744489400621
MA0853.1,Alx4,0.04,3,0,1210,0.1,Down,612985.5,0.604849435476813,98,2,12142,612,Down,0.242766691234722,-4.804667778295083,-0.990911892547862,-0.614810900814669
MA1464.1,ARNT2,0.06,98,1,9186,0.8,Up,653228,0.094423557156594,98,39,12142,3633,Up,0.035871799468622,-1.529452373103038,0.422362603647529,1.445246836881579
MA0632.2,TCFL5,0.14,551,5.6,57716,4.8,Up,682373.5,0.012105010726015,98,91,12142,10192,Up,0.012550554499668,-0.179454755353754,0.146205548362841,1.9013370860693
MA1601.1,ZNF75D,0,2,0,68,0,Up,603768,0.800367493044301,98,2,12142,68,Up,0.108078271863649,-6.384934753759786,2.169622058381544,0.966261608157763
MA0754.1,CUX1,0.06,22,0.2,3696,0.3,Down,631975.5,0.288006351090752,98,14,12142,2493,Down,0.133282992464373,-2.523946101287387,-0.480249446082834,-0.875225265065626
MA0697.1,ZIC3,0.02,1,0,0,0,Up,601029,0.861665376204572,98,1,12142,0,Up,0.008006535947853,-10.302433592323153,8.530688547175867,2.096555342109433
MA1561.1,SOX12,0.14,28,0.3,5438,0.4,Down,667252,0.037982914606377,98,23,12142,4315,Down,0.014308986455652,-1.77996441361469,-0.574997108328097,-1.844391127407692
MA0622.1,Mlxip,0.02,98,1,9192,0.8,Up,653187,0.094655644084393,98,39,12142,3633,Up,0.035871799468622,-1.529452373103038,0.422362603647529,1.445246836881579
MA0844.1,XBP1,0.14,29,0.3,1830,0.2,Up,655104,0.084283090994292,98,23,12142,1674,Up,0.0115068834637,-2.462863086491554,0.79080023742563,1.939042285214019
MA1121.1,TEAD2,0.02,13,0.1,2530,0.2,Down,643129,0.166774723841599,98,10,12142,2265,Down,0.035846471118085,-2.825949243537655,-0.807570306279921,-1.445553591722186
MA1555.1,RXRB(var.2),0.12,4,0,343,0,Up,603189,0.813236654221552,98,4,12142,327,Up,0.340914682156195,-4.832276793750168,0.760299951472208,0.467354294628807
MA0074.1,RXRA::VDR,0.14,0,0,208,0,Down,604954,0.774178914548436,98,0,12142,204,Down,0.415408728024398,-6.756936326212856,-1.73023098648704,-0.381524382877923
MA0084.1,SRY,0.03,27,0.3,6236,0.5,Down,692931.5,0.00492173314522,98,21,12142,4515,Down,0.001055037064115,-1.811447450125131,-0.768679229258296,-2.976732283060191
MA0874.1,Arx,0.05,2,0,894,0.1,Down,613054.5,0.603467936389578,98,1,12142,495,Down,0.190828443207337,-5.326062968729908,-1.422052700010623,-0.719356892696106
MA0819.1,CLOCK,0.1,98,1,9160,0.8,Up,653692.5,0.091825915230228,98,39,12142,3624,Up,0.035444839380976,-1.531241331772505,0.425940520986462,1.450446987321934
MA1649.1,ZBTB12,0.03,41,0.4,6122,0.5,Down,640519.5,0.190960869654903,98,30,12142,4737,Down,0.096393520328499,-1.524591059929379,-0.333446843928222,-1.015952158837399
MA1125.1,ZNF384,0.04,769,7.8,103634,8.5,Down,618081,0.506885877429547,98,74,12142,9570,Down,0.456091323023086,-0.373141290792229,-0.059484016403971,-0.340948189980152
MA1581.1,ZBTB6,0.07,69,0.7,6557,0.5,Up,669275.5,0.032914953571338,98,52,12142,4950,Up,0.017232589701063,-1.101112819217319,0.386613034854132,1.763649452188165
MA0761.2,ETV1,0.01,0,0,392,0,Down,613676,0.591088922351807,98,0,12142,382,Down,0.077633949190994,-6.305256873893724,-2.633589891125306,-1.109948320982887
MA0716.1,PRRX1,0.03,247,2.5,43771,3.6,Down,719210,3.619487639370256E-4,98,78,12142,10660,Down,0.019523704354965,-0.257610725896645,-0.139640689336209,-1.709437777433223
MA0869.1,Sox11,0.12,0,0,30,0,Down,596379,0.967465977487693,98,0,12142,29,Down,0.999999999970204,-8.15359331800281,1.063082997092868,0.00000000001294
MA1571.1,TGIF2LX,0.14,2,0,866,0.1,Down,617494,0.51773165713441,98,1,12142,587,Down,0.092788274778949,-5.203211071596971,-1.667756494276497,-1.032506900079918
MA0883.1,Dmbx1,0.14,118,1.2,16001,1.3,Down,613293,0.598703719792325,98,63,12142,8012,Down,0.748445210994905,-0.616554131100915,-0.033626003166592,-0.12583998614723
MA1126.1,FOS::JUN(var.2),0.12,31,0.3,2062,0.2,Up,654243,0.088822021558214,98,21,12142,1413,Up,0.006379694038289,-2.649254381417094,0.906934633325631,2.195200148969939
MA0713.1,PHOX2A,0.13,71,0.7,12934,1.1,Down,682765,0.011725306919864,98,40,12142,6565,Down,0.010644954707056,-1.084645256561316,-0.39511312002087,-1.972856182090132
MA1136.1,FOSB::JUNB(var.2),0.12,28,0.3,1746,0.1,Up,645076,0.150284830128664,98,16,12142,955,Up,0.007054929891535,-3.122661751515776,1.090008102835705,2.151507297695739
MA0139.1,CTCF,0.15,44,0.4,5739,0.5,Down,629273.5,0.324648443688683,98,29,12142,4459,Down,0.170979199846765,-1.59226019368841,-0.294297152812251,-0.767056719673463
MA1509.1,IRF6,0.14,35,0.4,3768,0.3,Up,615174.5,0.561732668409501,98,29,12142,3196,Up,0.489680394683447,-1.83245462875088,0.18609171731269,0.310087283466445
MA1479.1,DMRTC2,0.09,9,0.1,1906,0.2,Down,634419.5,0.257359200402481,98,7,12142,1694,Down,0.055613547704435,-3.278147584137475,-0.874027279420767,-1.254819399486759
MA0492.1,JUND(var.2),0.07,13,0.1,947,0.1,Up,616296.5,0.540223960053112,98,10,12142,816,Up,0.158679405905536,-3.562101593513503,0.664734393671773,0.799479434190014
MA1636.1,CEBPG(var.2),0.11,5,0.1,1496,0.1,Down,631746.5,0.290999115284606,98,5,12142,1364,Down,0.053404235325443,-3.658120693728011,-1.008999014182135,-1.272424299047675
MA0677.1,Nr2f6,0.13,0,0,227,0,Down,605591,0.760216344321238,98,0,12142,217,Down,0.423783332830945,-6.712479047315686,-1.819145544281383,-0.372856127856206
MA0767.1,GCM2,0.1,68,0.7,7783,0.6,Up,627039,0.357147538279186,98,51,12142,5555,Up,0.223008151811945,-1.031814056106144,0.192525527665971,0.651679261515791
MA0471.2,E2F6,0.15,425,4.3,46545,3.8,Up,672522,0.025993910484144,98,96,12142,11288,Up,0.068750847055265,-0.067403236495524,0.075616908614457,1.162721946673536
MA0051.1,IRF2,0.05,2,0,84,0,Up,603128,0.814595478769659,98,2,12142,81,Up,0.142710759650357,-6.259586718124511,1.918925987110993,0.845543282101764
MA0468.1,DUX4,0.14,33,0.3,6393,0.5,Down,660733.5,0.059034010454929,98,27,12142,4568,Down,0.046125715249534,-1.625482565958343,-0.430419079946746,-1.336056886382645
MA1588.1,ZNF136,0.13,0,0,245,0,Down,606620,0.737827360886889,98,0,12142,238,Down,0.268472288056315,-6.645992114680976,-1.952119409550803,-0.571100535906113
MA1481.1,DRGX,0.03,162,1.7,27845,2.3,Down,690512,0.006094267194753,98,60,12142,8951,Down,0.007718840653713,-0.571526354424303,-0.263324455514957,-2.112447924470648
MA1533.1,NR1I2,0.1,4,0,260,0,Up,606690,0.736312106867827,98,4,12142,256,Up,0.15533389797299,-5.008544834159047,1.112836032289966,0.808733759363731
MA0111.1,Spz1,0,1,0,14,0,Up,600343,0.877164665156891,98,1,12142,14,Up,0.113656493321523,-7.873443094759367,3.672707552048293,0.944405747504784
MA1133.1,JUN::JUNB(var.2),0.11,24,0.2,1567,0.1,Up,636584,0.23217218175754,98,14,12142,885,Up,0.016920266556376,-3.270750096743987,1.013358544830366,1.7715927995091
MA0865.1,E2F8,0.14,1,0,386,0,Down,607316,0.722807604805126,98,1,12142,376,Down,0.375116648916799,-5.524180564987188,-1.025817507496063,-0.425833659996877
MA0772.1,IRF7,0.08,0,0,199,0,Down,604660,0.780648206429266,98,0,12142,198,Down,0.412470874019205,-6.778417244112251,-1.68726915068825,-0.384606713051831
MA1630.1,Znf281,0.07,38,0.4,3523,0.3,Up,659347.5,0.064579502774024,98,35,12142,2897,Up,0.008610516475991,-1.769744809984472,0.594880220065556,2.064970797913844
MA0671.1,NFIX,0.01,63,0.6,9891,0.8,Down,663950,0.047674043572134,98,41,12142,6616,Down,0.014247043195138,-1.061468854103581,-0.371087068011741,-1.846275258973268
MA0595.1,SREBF1,0.14,146,1.5,21622,1.8,Down,657363.5,0.073259348071846,98,71,12142,9788,Down,0.053435302869764,-0.386543133630362,-0.151274698095249,-1.272171724697892
MA1604.1,Ebf2,0.1,78,0.8,6862,0.6,Up,663370,0.049574773342413,98,46,12142,4360,Up,0.026384526840821,-1.280196508701018,0.394607000705346,1.578650689709834
MA1631.1,ASCL1(var.2),0.11,131,1.3,20337,1.7,Down,676130.5,0.019812667250308,98,68,12142,9394,Down,0.068796104917667,-0.447098469040504,-0.153842534910692,-1.16243614985534
MA0060.3,NFYA,0.1,58,0.6,4912,0.4,Up,674968,0.021646752701539,98,42,12142,3611,Up,0.007411572782997,-1.481028147094302,0.536734527551255,2.130089622182895
MA1522.1,MAZ,0.01,113,1.2,9978,0.8,Up,703620,0.001815263828768,98,62,12142,5530,Up,4.96710769020755E-4,-0.8954255994452,0.478316129301821,3.303896424108683
MA0863.1,MTF1,0.15,2,0,152,0,Up,599893,0.887357862027981,98,2,12142,147,Up,0.335520477114621,-5.831665223115448,1.063082997092868,0.47428096930571
MA0141.3,ESRRB,0.05,12,0.1,848,0.1,Up,610656,0.652294949388734,98,9,12142,808,Up,0.306485649982651,-3.641399104225107,0.534549596424632,0.513589854846204
MA1502.1,HOXB8,0.09,325,3.3,49611,4.1,Down,675186.5,0.021291151086742,98,83,12142,11058,Down,0.047771446971302,-0.186628652462637,-0.103437749039374,-1.320831603972354
MA0740.1,KLF14,0.15,221,2.3,23244,1.9,Up,691977.5,0.005357235350822,98,84,12142,8931,Up,0.005470439301479,-0.33213173771689,0.221918709085397,2.261977796418367
MA0105.4,NFKB1,0.04,2,0,66,0,Up,605210,0.768558516576161,98,2,12142,38,Up,0.040644940198232,-6.800557524892599,3.00086760064717,1.390993511097201
MA0480.1,Foxo1,0.04,19,0.2,1862,0.2,Up,614853,0.567971249862454,98,17,12142,1711,Up,0.380509872365894,-2.659750545706328,0.333963486389837,0.419634070934379
MA0680.1,PAX7,0.13,20,0.2,1969,0.2,Up,618357,0.501827908529349,98,14,12142,1255,Up,0.185794152174821,-3.018901188484194,0.50966072831078,0.730967959439114
MA0606.1,NFAT5,0.03,47,0.5,7150,0.6,Down,640705,0.189160622797184,98,35,12142,5176,Down,0.182991799838281,-1.351160653353054,-0.242288093197281,-0.737568371279284
MA1498.1,HOXA7,0.07,323,3.3,49305,4.1,Down,668942.5,0.03370685967889,98,80,12142,10935,Down,0.0101902819566,-0.221090620987033,-0.140088640709453,-1.99181379926133
MA1535.1,NR2C1,0.05,259,2.6,32710,2.7,Down,607961,0.708983000602375,98,85,12142,11199,Down,0.05574589016659,-0.160415233057761,-0.087568143025434,-1.253787145208313
MA0734.2,GLI2,0.07,2,0,110,0,Up,601806,0.84417448570818,98,2,12142,108,Up,0.220079239378191,-6.053175179017809,1.506102908897591,0.657420923592679
MA1511.1,KLF10,0.15,538,5.5,60247,5,Up,667629.5,0.036990005078882,98,98,12142,11437,Up,0.006902353827197,-0.043146871482477,0.086293742964955,2.161002781749737
MA1516.1,KLF3,0.02,15,0.2,759,0.1,Up,646901.5,0.135981696859007,98,14,12142,672,Up,0.001083277254281,-3.469229116397951,1.410316584138294,2.965260375697686
MA0818.1,BHLHE22,0.01,6,0.1,230,0,Up,607030,0.728966978357857,98,3,12142,126,Up,0.084718069948462,-5.699740594307773,1.770087393818002,1.072023946907662
MA0591.1,Bach1::Mafk,0.13,3,0,724,0.1,Down,610511,0.655297933848709,98,3,12142,688,Down,0.377129008763654,-4.477580959587446,-0.674231875622652,-0.423510060377629
MA1645.1,NKX2-2,0.15,215,2.2,26426,2.2,Up,604042,0.794296033129311,98,81,12142,10735,Down,0.081658633458092,-0.225499883049246,-0.095647564352106,-1.087997892188871
MA1654.1,ZNF16,0.15,1,0,90,0,Up,596619,0.961975000223418,98,1,12142,90,Up,0.520130415044846,-6.552510648781549,1.03084266009266,0.283887749763084
MA0117.2,Mafb,0.06,17,0.2,3571,0.3,Down,655355.5,0.082993272040954,98,15,12142,3086,Down,0.019733369652982,-2.321938649478798,-0.691833719181407,-1.70479874866862
MA1622.1,Smad2::Smad3,0.15,107,1.1,15226,1.3,Down,647199.5,0.133750063955925,98,43,12142,6683,Down,0.03190102861972,-1.020249048513196,-0.317718550188904,-1.496195313285566
MA1493.1,HES6,0.12,9,0.1,1554,0.1,Down,611270,0.639641706810515,98,8,12142,1321,Down,0.513105742947433,-3.367203067237776,-0.334771821936522,-0.28979312446677
MA1521.1,MAFA,0.11,0,0,398,0,Down,607453,0.719863457391729,98,0,12142,255,Down,0.273861983319487,-6.596325102214919,-2.051453434482914,-0.562468250989843
MA1619.1,Ptf1a(var.2),0.01,4,0,958,0.1,Down,605999,0.75131383835745,98,2,12142,473,Down,0.593274594693382,-4.990340487505857,-0.619566474126314,-0.226744248697281
MA1618.1,Ptf1a,0.14,269,2.7,34007,2.8,Down,608612.5,0.695115726393376,98,77,12142,10883,Down,0.001274345400748,-0.251925158161663,-0.188004512040951,-2.89471284412915
MA0517.1,STAT1::STAT2,0.04,3,0,182,0,Up,604826,0.776993579010442,98,3,12142,170,Up,0.161249479805262,-5.484423417142842,1.33945303948814,0.79250167773498
MA0493.1,Klf1,0.15,582,5.9,64920,5.3,Up,665191,0.043812250908821,98,98,12142,11633,Up,0.035920843705267,-0.030890140906264,0.061780281812527,1.444653471218583
MA0832.1,Tcf21,0.09,5,0.1,552,0,Up,601876.5,0.842591134861923,98,4,12142,350,Up,0.37066629950007,-4.783317024957263,0.662380413886397,0.431016897667435
MA0122.3,Nkx3-2,0.04,59,0.6,5887,0.5,Up,629692.5,0.318775747437567,98,41,12142,4449,Up,0.293939468015528,-1.34768137147663,0.201337966734358,0.531742096164413
MA0729.1,RARA,0.15,1,0,655,0.1,Down,619719,0.477264188870086,98,1,12142,629,Down,0.064166772063601,-5.153402308463644,-1.767374020543151,-1.192689807525491
MA0790.1,POU4F1,0.05,4,0,189,0,Up,610265,0.660405404261037,98,4,12142,183,Up,0.063086940589755,-5.250134215540968,1.596014795053808,1.200060533256631
MA0747.1,SP8,0.13,359,3.7,38844,3.2,Up,672852.5,0.025365595564286,98,96,12142,10524,Up,2.335277435399128E-4,-0.117954286733887,0.176719009091182,3.631661517022708
MA0739.1,Hic1,0.08,170,1.7,23428,1.9,Down,640218.5,0.19390880579706,98,77,12142,10185,Down,0.167103778313553,-0.299738048739775,-0.092378730884727,-0.777013730344932
MA0908.1,HOXD11,0.15,146,1.5,20332,1.7,Down,641542.5,0.181188417973335,98,64,12142,9086,Down,0.035378037304484,-0.514546725486688,-0.192555677092868,-1.451266264458412
MA1130.1,FOSL2::JUN,0.01,2,0,110,0,Up,601710,0.846331549556859,98,2,12142,110,Up,0.225976732504255,-6.039999515544333,1.479751581950639,0.645936275300455
MA1475.1,CREB3L4(var.2),0.14,80,0.8,5733,0.5,Up,686537.5,0.008574052077329,98,36,12142,2571,Up,4.422192270701435E-4,-1.835805344067493,0.807156166982268,3.354362378833433
MA0801.1,MGA,0.09,28,0.3,6191,0.5,Down,688115,0.00749825748902,98,24,12142,4781,Down,0.002465792083331,-1.675936140417393,-0.662811669847551,-2.60804354609745
MA0684.2,RUNX3,0.02,8,0.1,1833,0.2,Down,635043.5,0.249911055377836,98,7,12142,1693,Down,0.055604240940647,-3.278573409132393,-0.87317562943093,-1.254892083474033
MA0802.1,TBR1,0.12,27,0.3,6619,0.5,Down,716815.5,4.693775665095545E-4,98,20,12142,5001,Down,1.851085407536958E-5,-1.772066278797978,-0.984867072080629,-4.732573542799607
MA1589.1,ZNF140,0.13,1,0,61,0,Up,598088.5,0.928403184136876,98,1,12142,60,Up,0.388337798701074,-6.843001973685856,1.61182530990127,0.410790335520492
MA0753.2,ZNF740,0.15,155,1.6,14447,1.2,Up,628108,0.341351994688746,98,44,12142,4852,Up,0.351687250245566,-1.234791878400018,0.17694697982008,0.453843375920659
MA1138.1,FOSL2::JUNB,0.01,2,0,102,0,Up,602102,0.837530960038204,98,2,12142,102,Up,0.202478636771201,-6.094210745487326,1.588174041836624,0.693620791816307
MA0848.1,FOXO4,0.14,255,2.6,34260,2.8,Down,629534.5,0.320982052474661,98,92,12142,10817,Up,0.143801955317203,-0.128684362270947,0.076028006661767,0.842235208684025
MA0721.1,UNCX,0.05,287,2.9,49747,4.1,Down,723411,2.269501669865948E-4,98,81,12142,10947,Down,0.024983405436763,-0.211393850898185,-0.123859628654228,-1.602348364136713
MA0150.2,Nfe2l2,0.14,10,0.1,2157,0.2,Down,635793,0.241165668471457,98,9,12142,1951,Down,0.071264635453401,-3.005767212242462,-0.736714187540658,-1.147125932106271
MA0068.2,PAX4,0.07,155,1.6,27486,2.3,Down,712420.5,7.475983267067887E-4,98,62,12142,9521,Down,7.581833963837794E-4,-0.50353612251067,-0.305462824567239,-3.120225730510823
MA0161.2,NFIC,0.12,127,1.3,17406,1.4,Down,648798.5,0.12225625121134,98,62,12142,9077,Down,0.013729041397658,-0.537983045508902,-0.236568978570774,-1.862359785431952
MA0816.1,Ascl2,0.06,105,1.1,8269,0.7,Up,675151,0.02134857770141,98,44,12142,3980,Up,0.012890793883831,-1.377681153629063,0.462725530278169,1.889720335652775
MA0745.2,SNAI2,0.03,24,0.2,5598,0.5,Down,691005.5,0.00583645721148,98,19,12142,4326,Down,6.285239237066849E-4,-1.912721389589589,-0.847856422009078,-3.201678186973951
MA1147.1,NR4A2::RXRA,0.03,1,0,3,0,Up,600882,0.864982381689886,98,1,12142,3,Up,0.031647396977838,-8.89875613129435,5.723333625118261,1.499662005224859
MA1629.1,Zic2,0.03,20,0.2,2066,0.2,Up,618398,0.501078829026788,98,19,12142,1859,Up,0.260563934295742,-2.521864216946613,0.370429232704969,0.584085696913128
MA0815.1,TFAP2C(var.3),0.03,27,0.3,1436,0.1,Up,644057,0.158752984712576,98,14,12142,737,Up,0.002534811753709,-3.402674725551662,1.277207802445715,2.596054287755085
MA1487.1,FOXE1,0.1,31,0.3,5114,0.4,Down,632241,0.284562645212736,98,21,12142,3401,Down,0.174745984711483,-2.015804778446714,-0.359964572615128,-0.757592794624802
MA0847.2,FOXD2,0.13,97,1,12822,1.1,Down,646435,0.139532763136821,98,44,12142,6586,Down,0.067415213474778,-1.014399967276683,-0.263836842426592,-1.171242085918968
MA0056.2,MZF1,0.15,336,3.4,37095,3.1,Up,678370,0.016658633898097,98,97,12142,11240,Up,0.00997936927292,-0.063040390555639,0.096637769697746,2.000896906603066
MA0872.1,TFAP2A(var.3),0.03,13,0.1,751,0.1,Up,629254,0.324923459668806,98,10,12142,535,Up,0.01176393207378,-3.866384748919223,1.273300704483213,1.929447491821174
MA1152.1,SOX15,0.06,278,2.8,40811,3.4,Down,681080,0.013438163261531,98,86,12142,11123,Down,0.196672313737669,-0.156939137948427,-0.060968907742449,-0.706256772959389
MA0646.1,GCM1,0.15,63,0.6,7047,0.6,Up,623395,0.414373709795011,98,47,12142,5211,Up,0.35658629181968,-1.136245558198404,0.168098694145952,0.447835356341541
MA0906.1,HOXC12,0.05,3,0,198,0,Up,603564,0.804895718722821,98,3,12142,196,Up,0.213597568905547,-5.382044630525625,1.134695466253706,0.670403694606563
MA0017.2,NR2F1,0.15,284,2.9,35387,2.9,Down,607644.5,0.715755060141417,98,86,12142,11378,Down,0.033051037498827,-0.140589347491388,-0.093668488656527,-1.480814903108943
MA0811.1,TFAP2B,0.13,663,6.8,67571,5.6,Up,694645.5,0.004218959308303,98,97,12142,11338,Up,0.021561543335599,-0.056778598543974,0.084114185674416,1.666320156372798
MA1467.1,ATOH1(var.2),0.13,105,1.1,10066,0.8,Up,646757.5,0.137070321256134,98,48,12142,5082,Up,0.181201891253924,-1.139297124224119,0.234316293909741,0.74183727378472
MA0693.2,VDR,0.04,63,0.6,12076,1,Down,709886.5,9.711016630988833E-4,98,43,12142,7420,Down,7.866035815957355E-4,-0.944792752319477,-0.468631142576343,-3.104244080474297
MA0033.2,FOXL1,0.15,627,6.4,91295,7.5,Down,676112,0.019840757690502,98,94,12142,11805,Down,0.353476266990363,-0.050207868035329,-0.01920305439995,-0.451639740172981
MA0864.2,E2F2,0.06,12,0.1,619,0.1,Up,634141,0.260732636316938,98,10,12142,430,Up,0.002702614672951,-4.023821417595928,1.588174041836625,2.568215869706396
MA0062.3,GABPA,0.08,22,0.2,2269,0.2,Up,621867.5,0.439890837836722,98,21,12142,2026,Up,0.220454053978855,-2.389395235309261,0.387216341109965,0.656681910425964
MA1634.1,BATF,0.13,110,1.1,15507,1.3,Down,646997.5,0.135259664092759,98,43,12142,6788,Down,0.018695545889172,-1.009004537920066,-0.340207571375163,-1.728261849408183
MA0776.1,MYBL1,0.08,0,0,350,0,Down,610981,0.64558462135297,98,0,12142,327,Down,0.116911057765727,-6.417239294471325,-2.409625049970105,-0.932144410142509
MA0615.1,Gmeb1,0.11,439,4.5,42434,3.5,Up,700550.5,0.002439077890842,98,91,12142,9805,Up,0.001170485039242,-0.2073771822626,0.202050402180531,2.931634132942244
MA0805.1,TBX1,0.13,33,0.3,7341,0.6,Down,701184,0.002296182945749,98,27,12142,5408,Down,6.960784957325179E-4,-1.503728578229996,-0.673927055403442,-3.157341782887629
MA0703.2,LMX1B,0.1,64,0.7,10458,0.9,Down,626989,0.357897436152113,98,26,12142,3827,Down,0.326350497658249,-1.779861284208555,-0.228540161369243,-0.48631572070336
MA0490.2,JUNB,0.01,2,0,102,0,Up,602102,0.837530960038204,98,2,12142,102,Up,0.202478636771201,-6.094210745487326,1.588174041836624,0.693620791816307
MA1519.1,LHX5,0.1,287,2.9,49747,4.1,Down,723411,2.269501669865948E-4,98,81,12142,10947,Down,0.024983405436763,-0.211393850898185,-0.123859628654228,-1.602348364136713
MA0605.2,ATF3,0.15,33,0.3,2170,0.2,Up,645320,0.148309183528931,98,18,12142,1205,Up,0.010093531452054,-2.872480192067993,0.919763476481132,1.995956859351748
MA1646.1,OSR2,0.09,38,0.4,7741,0.6,Down,699261,0.002755387033484,98,30,12142,5665,Down,0.001528337410541,-1.395552389321623,-0.591524185143735,-2.8157807561271
MA0108.2,TBP,0.01,10,0.1,427,0,Up,634965,0.250839672590432,98,10,12142,422,Up,0.002366438318615,-4.037352365709577,1.615235938063922,2.625904810965427
MA0887.1,EVX1,0.07,425,4.3,68710,5.7,Down,709904.5,9.693160039777604E-4,98,86,12142,11425,Down,0.01572297266013,-0.137615888320459,-0.099615406998385,-1.803465340749458
MA0909.2,HOXD13,0.1,15,0.2,2913,0.2,Down,638499,0.211391647753358,98,13,12142,2500,Down,0.078773521711827,-2.57347064674821,-0.587387341089396,-1.103619738181515
MA0058.3,MAX,0.02,98,1,9186,0.8,Up,653228,0.094423557156594,98,39,12142,3633,Up,0.035871799468622,-1.529452373103038,0.422362603647529,1.445246836881579
MA0100.3,MYB,0.01,82,0.8,8828,0.7,Up,650769,0.109170851939543,98,61,12142,6145,Up,0.025255279733346,-0.831000250913382,0.302925873592491,1.597647816778412
MA0890.1,GBX2,0.06,285,2.9,49578,4.1,Down,724719,1.957012016110538E-4,98,81,12142,10945,Down,0.025090144144919,-0.211525645996609,-0.123596038457379,-1.600496843621105
MA0823.1,HEY1,0.13,130,1.3,12573,1,Up,673191,0.024735738258367,98,57,12142,5458,Up,0.010536322195333,-0.965025398930132,0.376927260836261,1.977310957340535
MA0507.1,POU2F2,0.1,18,0.2,2905,0.2,Down,618444,0.500239104100475,98,16,12142,2451,Down,0.378649895198349,-2.442993259861661,-0.269328880472524,-0.421762159042154
MA0652.1,IRF8,0.15,4,0,362,0,Up,602070,0.838248629711013,98,4,12142,350,Up,0.37066629950007,-4.783317024957263,0.662380413886397,0.431016897667435
MA1529.1,NHLH2,0.15,28,0.3,2812,0.2,Up,610741,0.650537192225727,98,18,12142,1939,Up,0.490361486752285,-2.52945362960355,0.233710351552248,0.309483646866035
MA1101.2,BACH2,0.08,4,0,278,0,Up,604623,0.781463456064433,98,3,12142,173,Up,0.167076063162713,-5.471841455365798,1.314289115934051,0.777085766629643
MA0620.3,MITF,0.15,100,1,17329,1.4,Down,665688,0.042341506973088,98,38,12142,5895,Down,0.054527033086826,-1.198822343001472,-0.312885871520005,-1.263388132408071
MA0725.1,VSX1,0.1,252,2.6,44649,3.7,Down,728857,1.214037632455423E-4,98,71,12142,10400,Down,7.208158524012867E-4,-0.342796541001006,-0.238767883353961,-3.142175670787735
MA0770.1,HSF2,0.11,7,0.1,777,0.1,Up,602913.5,0.819378045346628,98,7,12142,700,Up,0.512210409476657,-3.915348924664062,0.400375401632408,0.290551599759947
MA0879.1,Dlx1,0.03,225,2.3,40843,3.4,Down,725889.5,1.712094491386207E-4,98,75,12142,10449,Down,0.0119899491179,-0.300139327154541,-0.167015505953513,-1.921182659925525
MA0851.1,Foxj3,0.01,4,0,165,0,Up,611204,0.64099689402137,98,4,12142,164,Up,0.045821317709002,-5.328980455094953,1.753707274161779,1.338932425720177
MA1647.1,PRDM4,0.07,39,0.4,7197,0.6,Down,672206,0.026607197247548,98,31,12142,5259,Down,0.023839782820382,-1.425919911259072,-0.437703969394775,-1.622697705321867
MA0596.1,SREBF2,0.08,25,0.3,4836,0.4,Down,649791.5,0.115516557936124,98,24,12142,3941,Down,0.103973925680435,-1.815295391026742,-0.384093168628853,-0.98307555832508
MA0644.1,ESX1,0.05,215,2.2,37836,3.1,Down,715059.5,5.663297067303175E-4,98,74,12142,10301,Down,0.015606122695386,-0.320047181012478,-0.165672235963473,-1.806704982982465
MA0642.1,EN2,0.08,232,2.4,34915,2.9,Down,665220.5,0.043723764568145,98,78,12142,10494,Down,0.054666195416383,-0.268931562213624,-0.116999016702251,-1.262281150494157
MA0668.1,NEUROD2,0.01,4,0,70,0,Up,604868,0.776069692502448,98,2,12142,46,Up,0.056424627835537,-6.664371389686034,2.72849533023404,1.24853129675185
MA0743.2,SCRT1,0.15,40,0.4,6590,0.5,Down,655750,0.081002339772929,98,30,12142,4983,Down,0.039032784710758,-1.488074367344743,-0.406480229097494,-1.408570463800109
MA0726.1,VSX2,0.13,219,2.2,38213,3.1,Down,720927.5,2.995656250391887E-4,98,68,12142,10157,Down,4.992129915879102E-4,-0.390769929144242,-0.266499614703215,-3.301714121038926
MA1653.1,ZNF148,0.12,225,2.3,22591,1.9,Up,700553,0.002438498330597,98,87,12142,8639,Up,4.354985508841036E-5,-0.33094323409826,0.320205052948425,4.361013285763286
MA1578.1,VEZF1,0.12,1083,11.1,108327,8.9,Up,709102.5,0.001051898403781,98,97,12142,11731,Up,0.265497270929904,-0.032199751319991,0.03495649122645,0.575939938711231
MA0442.2,SOX10,0.01,29,0.3,4314,0.4,Down,625375,0.382634419422474,98,23,12142,3523,Down,0.263736093017683,-1.926223667478235,-0.282478600601007,-0.578830431731851
MA1545.1,OVOL2,0.15,71,0.7,10004,0.8,Down,625236,0.384812731872647,98,47,12142,6443,Down,0.360536473262373,-0.983172621814501,-0.138047178621854,-0.443050793814639
MA1539.1,NR2F6(var.3),0.11,1,0,82,0,Up,597593,0.93971200777111,98,1,12142,70,Up,0.43582848066542,-6.732657916123754,1.391137194777071,0.360684392741261
MA0623.2,NEUROG1,0.11,30,0.3,5702,0.5,Down,629192,0.325798876494852,98,14,12142,2402,Down,0.202574467516156,-2.550763987289388,-0.426613674078832,-0.693415293998532
MA0145.3,TFCP2,0.09,7,0.1,781,0.1,Up,604317,0.788214920363886,98,7,12142,669,Up,0.499827943664841,-3.947999422217316,0.465676396738916,0.301179467616925
MA0870.1,Sox1,0.09,1,0,43,0,Up,598970.5,0.908310439898563,98,1,12142,42,Up,0.292673938677323,-7.097738124254301,2.121297611038163,0.533615947851607
MA0891.1,GSC2,0,1,0,13,0,Up,600392,0.876055936865778,98,1,12142,13,Up,0.106494416834205,-7.924989841241419,3.775801045012396,0.972673160315907
MA0146.2,Zfx,0.01,30,0.3,2818,0.2,Up,628376.5,0.337455993205295,98,25,12142,2428,Up,0.203911588479104,-2.135777286186122,0.372301617402482,0.690558092174209
MA1592.1,ZNF274,0.08,6,0.1,345,0,Up,614850,0.568029619463375,98,6,12142,337,Up,0.057099666383542,-4.545323137644088,1.247422072657607,1.243366429200913
MA1643.1,NFIB,0.13,2,0,711,0.1,Down,611417,0.636627658888061,98,1,12142,462,Down,0.18759673009769,-5.375778814621315,-1.32262100822781,-0.726774735855174
MA0857.1,Rarb,0.15,0,0,117,0,Down,600642,0.87040299093154,98,0,12142,116,Down,0.999999999939439,-7.162821770356591,-0.918460098199572,-0.000000000026301
MA1141.1,FOS::JUND,0.01,2,0,102,0,Up,602102,0.837530960038204,98,2,12142,102,Up,0.202478636771201,-6.094210745487326,1.588174041836624,0.693620791816307
MA0687.1,SPIC,0.05,4,0,260,0,Up,606598,0.738303794375267,98,4,12142,258,Up,0.158358925421012,-5.002942106805107,1.101630577582085,0.800357453909654
MA1124.1,ZNF24,0.09,0,0,829,0.1,Down,620389,0.465426555962272,98,0,12142,519,Down,0.022596050304099,-6.084424873231625,-3.075253892449504,-1.645967467093429
MA0876.1,BSX,0.04,308,3.1,47971,4,Down,674940.5,0.021691872297475,98,79,12142,10898,Down,0.006630937143467,-0.232552382604122,-0.153232963135798,-2.178425088869015
MA0136.2,ELF5,0.03,10,0.1,1883,0.2,Down,627976,0.343277862185985,98,8,12142,1684,Down,0.139384157686204,-3.192131065497682,-0.68491582541671,-0.855786585064757
MA0799.1,RFX4,0.1,9,0.1,349,0,Up,615601,0.553508076075586,98,5,12142,199,Up,0.023885678476787,-5.045076565253908,1.764912728869659,1.62186241799629
MA0777.1,MYBL2,0.15,1,0,810,0.1,Down,616588,0.534704101289645,98,1,12142,563,Down,0.137831385984368,-5.233297692237042,-1.607583252996356,-0.860651876711756
MA0515.1,Sox6,0.04,19,0.2,3188,0.3,Down,635596.5,0.243437367708764,98,15,12142,2735,Down,0.090040960134299,-2.409022267299003,-0.517666483540996,-1.045559882631926
MA1547.1,PITX2,0.15,378,3.9,53279,4.4,Down,651821.5,0.102649837981627,98,90,12142,11418,Down,0.386244339830068,-0.10544913816307,-0.033513588420202,-0.413137871835276
MA0888.1,EVX2,0.07,391,4,62198,5.1,Down,701851.5,0.002153949347073,98,86,12142,11310,Down,0.044097376805195,-0.144913185320852,-0.085020812997599,-1.355587244385061
MA0131.2,HINFP,0.15,199,2,19735,1.6,Up,679321,0.015458601527206,98,80,12142,8587,Up,0.018683510857628,-0.395445164330009,0.2086204459765,1.728541511252269
MA1478.1,DMRTA2,0.06,52,0.5,11298,0.9,Down,717481.5,4.36839450918769E-4,98,39,12142,6798,Down,0.001471508817344,-1.077524091411883,-0.481493959734782,-2.832237131245265
MA1607.1,Foxl2,0.06,15,0.2,1371,0.1,Up,617197.5,0.523255266393895,98,14,12142,1282,Up,0.245913527164521,-3.003552789872736,0.478963931087864,0.609217581015959
MA1494.1,HNF4A(var.2),0.15,0,0,392,0,Down,613872,0.587209359206253,98,0,12142,386,Down,0.077837948571202,-6.297752540721307,-2.64859855747014,-1.108808618473866
MA0502.2,NFYB,0.14,100,1,9063,0.7,Up,690739,0.005974432147523,98,62,12142,5872,Up,0.004258019270983,-0.852143153902907,0.391751238217236,2.370792377359243
MA1594.1,ZNF382,0.06,0,0,5,0,Down,595203,0.994389176744359,98,0,12142,5,Down,0.999999999981715,-9.365199033365082,3.486294427817411,0.000000000007941
MA0518.1,Stat4,0.13,187,1.9,27476,2.3,Down,658667,0.067455705597107,98,73,12142,10121,Down,0.028364236447009,-0.342510924298895,-0.159737100642233,-1.547228902961745
MA0098.3,ETS1,0.08,26,0.3,4155,0.3,Down,617441.5,0.518707496636262,98,23,12142,3220,Down,0.566033457170642,-1.991085928554947,-0.152754078447584,-0.247157897724885
MA0482.2,GATA4,0.13,58,0.6,11760,1,Down,701058,0.002323977929298,98,44,12142,7044,Down,0.010050824111604,-0.965907329126483,-0.360822118726992,-1.997798327054589
MA0508.3,PRDM1,0.02,68,0.7,7184,0.6,Up,631407,0.295474347376122,98,47,12142,5177,Up,0.305969055859688,-1.140967071964319,0.177541721677782,0.514322493612966
MA1580.1,ZBTB32,0.03,6,0.1,564,0,Up,605502,0.762162585869648,98,6,12142,526,Up,0.322598314927813,-4.224550123100325,0.605876043570083,0.491337905451285
MA0073.1,RREB1,0.11,4,0,274,0,Up,606578,0.738737002964753,98,4,12142,258,Up,0.158358925421012,-5.002942106805107,1.101630577582085,0.800357453909654
MA0854.1,Alx1,0.04,10,0.1,941,0.1,Up,615784,0.549997295657568,98,9,12142,680,Up,0.123049456982031,-3.76572541020994,0.783202208394299,0.909920298501024
MA1523.1,MSANTD3,0.02,20,0.2,3048,0.3,Down,620579,0.462099558191325,98,17,12142,2650,Down,0.326542079358827,-2.344248921574861,-0.297039761873098,-0.486060846070958
MA0003.4,TFAP2A,0.15,280,2.9,29900,2.5,Up,648444.5,0.124731895843163,98,83,12142,9527,Up,0.173241146914206,-0.294121702596939,0.11154835122923,0.761348949758277
MA1597.1,ZNF528,0.14,0,0,106,0,Down,600152,0.881488724068168,98,0,12142,106,Down,0.999999999945538,-7.227560032570811,-0.788983573771131,-0.000000000023653
MA1128.1,FOSL1::JUN,0.01,2,0,102,0,Up,602102,0.837530960038204,98,2,12142,102,Up,0.202478636771201,-6.094210745487326,1.588174041836624,0.693620791816307
MA0663.1,MLX,0.15,65,0.7,6124,0.5,Up,640650.5,0.189688233525323,98,30,12142,2817,Up,0.092454771743886,-1.899446226372496,0.416263488958011,1.034070669268904
MA0151.1,Arid3a,0.04,165,1.7,26948,2.2,Down,674974.5,0.021636100013939,98,67,12142,9635,Down,0.011700321737331,-0.439435135831732,-0.211602173147626,-1.931802195790059
MA0704.1,Lhx4,0.1,415,4.2,67219,5.5,Down,710332,9.277900188251476E-4,98,84,12142,11341,Down,0.006405171708456,-0.159813204599207,-0.122718357149969,-2.193469223290821
MA1540.1,NR5A1,0.13,308,3.1,39313,3.2,Down,621145.5,0.452259067219613,98,91,12142,11589,Down,0.21867782335039,-0.086799570658666,-0.039104821027336,-0.660195257588324
MA0512.2,Rxra,0.11,1,0,78,0,Up,597304,0.946313636015886,98,1,12142,76,Up,0.462551365690318,-6.673739670976826,1.273300704483213,0.334840032444536
MA0850.1,FOXP3,0.14,513,5.2,67620,5.6,Down,629865.5,0.316371398161545,98,97,12142,11708,Up,0.267576308579216,-0.033615365508974,0.037787719604416,0.572552341983445
MA0709.1,Msx3,0.07,287,2.9,49747,4.1,Down,723411,2.269501669865948E-4,98,81,12142,10947,Down,0.024983405436763,-0.211393850898185,-0.123859628654228,-1.602348364136713
MA0157.2,FOXO3,0,10,0.1,814,0.1,Up,616882,0.529165870393499,98,10,12142,789,Up,0.14680524360877,-3.586358403364232,0.713248013373232,0.833258431956163
MA0102.4,CEBPA,0.08,11,0.1,789,0.1,Up,618981.5,0.490482673653445,98,10,12142,753,Up,0.135357307833763,-3.620024280495438,0.780579767635645,0.868518292045658
MA0834.1,ATF7,0.13,23,0.2,1513,0.1,Up,632836.5,0.276940300204425,98,13,12142,840,Up,0.025085154120979,-3.359919086983912,0.985509539382009,1.600583226360966
MA1638.1,HAND2,0,1,0,39,0,Up,599118,0.904955624197585,98,1,12142,39,Up,0.275349541982384,-7.150543218234601,2.226907798998762,0.560115641589413
MA1648.1,TCF12(var.2),0,1,0,48,0,Up,598677,0.914990763244296,98,1,12142,48,Up,0.326102182408591,-7.002477171229589,1.930775704988737,0.486646294708803
MA0080.5,SPI1,0.07,4,0,214,0,Up,608897,0.689091624736778,98,4,12142,211,Up,0.093897344538506,-5.1476954154026,1.391137194777071,1.027346689614411
MA1602.1,ZSCAN29,0.14,25,0.3,2258,0.2,Up,630511.5,0.307498770317563,98,22,12142,2011,Up,0.132580659829616,-2.361960283206078,0.463523120158753,0.877519823909164
MA0500.2,MYOG,0.01,72,0.7,5312,0.4,Up,659089,0.065659927627313,98,29,12142,2315,Up,0.013525011082978,-2.065039297150963,0.651261054112856,1.868862370341613
MA1577.1,TLX2,0.02,205,2.1,36279,3,Down,719965.5,3.33143464369523E-4,98,73,12142,10311,Down,0.006798359595996,-0.329095373053743,-0.186568203132538,-2.167595867345427
MA0619.1,LIN54,0.1,432,4.4,65921,5.4,Down,708251.5,0.001146610100966,98,78,12142,11124,Down,1.767866164983913E-4,-0.226878031265517,-0.201106078598466,-3.752550616024884
MA0155.1,INSM1,0.15,319,3.3,33970,2.8,Up,682885,0.011611057293261,98,92,12142,10442,Up,0.026560951356649,-0.154134350900497,0.126927983920865,1.57575637352301
MA0817.1,BHLHE23,0.15,30,0.3,5566,0.5,Down,633801.5,0.264886167522491,98,14,12142,2545,Down,0.133280323640777,-2.509057669988035,-0.51002630868154,-0.875233961351206
MA0758.1,E2F7,0.15,0,0,96,0,Down,599662,0.892597725186038,98,0,12142,96,Down,0.99999999995995,-7.29868632404969,-0.646730990813373,-0.000000000017393
MA1569.1,TFAP2E,0.09,759,7.7,83773,6.9,Up,664094.5,0.047210149664795,98,95,12142,11137,Up,0.063686701767147,-0.084631523017533,0.08001706319381,1.195951241951497
MA0828.1,SREBF2(var.2),0.04,1,0,571,0,Down,605253.5,0.767604687016012,98,1,12142,332,Down,0.526494064326202,-5.613828327128876,-0.846521983212687,-0.278606520670153
MA0635.1,BARHL2,0.12,446,4.6,62165,5.1,Down,646078.5,0.142294282449788,98,92,12142,11749,Down,0.138892825786331,-0.069068240547997,-0.043204236784134,-0.857320186241326
MA0861.1,TP73,0.02,1,0,0,0,Up,601029,0.861665376204572,98,1,12142,0,Up,0.008006535947853,-10.302433592323153,8.530688547175867,2.096555342109433
MA0910.2,HOXD8,0.1,362,3.7,55507,4.6,Down,675427.5,0.020904842355513,98,85,12142,11236,Down,0.050097204661661,-0.158036031555519,-0.092326546029919,-1.300186506346017
MA0649.1,HEY2,0.1,50,0.5,4822,0.4,Up,643327,0.165038116065084,98,31,12142,2811,Up,0.054263011324439,-1.87771271516337,0.465881638413821,1.265496108744377
MA0866.1,SOX21,0.13,3,0,148,0,Up,606584,0.738607031672255,98,3,12142,134,Up,0.097194517875052,-5.655506200376617,1.681618605955688,1.012358230174109
MA1472.1,BHLHA15(var.2),0.12,669,6.8,78164,6.4,Up,612870,0.607165112794415,98,93,12142,11917,Down,0.037284867393446,-0.051070610261393,-0.048173498614693,-1.428467397172961
MA0810.1,TFAP2A(var.2),0.12,458,4.7,47277,3.9,Up,683861,0.01071792131434,98,95,12142,10595,Up,0.001929123194201,-0.12061840395539,0.151990825069524,2.714640037336294
MA1143.1,FOSL1::JUND(var.2),0.08,34,0.3,2729,0.2,Up,636235.5,0.23610477270837,98,22,12142,1935,Up,0.095155100567084,-2.389742998372737,0.519088550492072,1.021567927410915
MA0727.1,NR3C2,0.05,4,0,179,0,Up,602082,0.837979487782376,98,2,12142,103,Up,0.205401031724307,-6.087207316490387,1.574167183842746,0.68739737928281
MA0610.1,DMRT3,0.08,60,0.6,12838,1.1,Down,726565,1.584185890338707E-4,98,42,12142,7350,Down,5.518264047209302E-4,-0.968406037718456,-0.488509691200438,-3.258197522504468
MA0613.1,FOXG1,0,10,0.1,814,0.1,Up,616882,0.529165870393499,98,10,12142,789,Up,0.14680524360877,-3.586358403364232,0.713248013373232,0.833258431956163
MA0103.3,ZEB1,0.01,132,1.3,19734,1.6,Down,663157.5,0.050286889643439,98,67,12142,9225,Down,0.09580728398488,-0.470801349873685,-0.148869745063721,-1.018601471357948
MA0594.2,HOXA9,0.01,0,0,305,0,Down,609315,0.680276485675578,98,0,12142,293,Down,0.1781482991554,-6.496306496128704,-2.251490646655344,-0.749218319655656
MA0711.1,OTX1,0,2,0,148,0,Up,600040,0.884025950464459,98,2,12142,144,Up,0.326718980862228,-5.84648795398971,1.092728458841391,0.485825634290175
MA1515.1,KLF2,0.07,672,6.9,70760,5.8,Up,688694.5,0.007134535421736,98,98,12142,11347,Up,0.002914997536866,-0.048845499042914,0.097690998085829,2.535361807877801
MA0601.1,Arid3b,0.05,149,1.5,23584,1.9,Down,665328.5,0.043401101210417,98,55,12142,8070,Down,0.040707893083311,-0.708485738655673,-0.238300428901195,-1.390321374799943
MA1135.1,FOSB::JUNB,0.15,198,2,29012,2.4,Down,660143,0.061346332446711,98,74,12142,9799,Down,0.199205085497445,-0.356084369891499,-0.093597858205431,-0.700699578686988
MA0510.2,RFX5,0.15,6,0.1,512,0,Up,607221.5,0.724840819134994,98,5,12142,366,Up,0.224793611231925,-4.606364339298175,0.887488276958194,0.648216035834955
MA0831.2,TFE3,0.13,193,2,20030,1.6,Up,669760,0.031791240058586,98,76,12142,8489,Up,0.120760234792948,-0.440488985554328,0.151650017581208,0.918076051253589
MA0039.4,KLF4,0.15,583,5.9,58043,4.8,Up,703026.5,0.001923044618242,98,97,12142,11164,Up,0.004465431398876,-0.067934175141553,0.106425338869576,2.350136578186216
MA0700.2,LHX2,0.15,287,2.9,49669,4.1,Down,722819,2.425821076178503E-4,98,81,12142,10944,Down,0.025145103016843,-0.211591552576869,-0.123464225296859,-1.599546580780584
MA1107.2,KLF9,0.12,70,0.7,6238,0.5,Up,664425,0.046163389232659,98,47,12142,4500,Up,0.027765446023909,-1.242052250193996,0.379712078137134,1.556495345632203
MA0884.1,DUXA,0.06,7,0.1,1676,0.1,Down,632036.5,0.287212665541442,98,6,12142,1506,Down,0.063438640965876,-3.466202504815953,-0.910819192998663,-1.197646129400143
MA0897.1,Hmx2,0.15,39,0.4,3988,0.3,Up,628012,0.342751938449761,98,31,12142,3183,Up,0.248584706907034,-1.788075856491854,0.286607921070788,0.604525592951748
MA0467.1,Crx,0.09,34,0.3,3064,0.3,Up,652032,0.101383589272691,98,31,12142,2639,Up,0.026144434793073,-1.923250405598458,0.556957019283997,1.582620742585633
MA0124.2,Nkx3-1,0.02,28,0.3,2165,0.2,Up,634571,0.255536872509081,98,22,12142,1956,Up,0.097587013007052,-2.381958597068496,0.503519747883588,1.010607974901525
MA1627.1,Wt1,0.09,76,0.8,7154,0.6,Up,678050,0.017080434147734,98,52,12142,4771,Up,0.006737705511618,-1.127678505220334,0.439744406860161,2.171487974873755
MA0914.1,ISL2,0.14,430,4.4,58076,4.8,Down,635874,0.240233601005216,98,89,12142,11748,Down,0.004938653114148,-0.092912478677632,-0.090647127028975,-2.306391477159401
MA0162.4,EGR1,0.14,471,4.8,47080,3.9,Up,683352,0.011175781708569,98,91,12142,10369,Up,0.042340698596819,-0.167035568027541,0.121367173710414,1.373241980651977
MA0494.1,Nr1h3::Rxra,0.14,20,0.2,3519,0.3,Down,631386,0.295752671412344,98,19,12142,3045,Down,0.241106712924597,-2.165982038710768,-0.341335123766719,-0.617790697770518
MA1520.1,MAF,0.11,0,0,219,0,Down,602210,0.835109826083731,98,0,12142,148,Down,0.634698921055081,-6.987755282283348,-1.268593074346058,-0.197432239956443
MA0712.2,OTX2,0.01,83,0.8,11820,1,Down,626498.5,0.365306393253851,98,49,12142,6595,Down,0.4162686942323,-0.936603373677024,-0.112183651399486,-0.380626249294334
MA1683.1,FOXA3,0.12,97,1,15086,1.2,Down,649225,0.119324783539186,98,59,12142,7801,Down,0.399586891277804,-0.68273804937108,-0.088992013554705,-0.39838876754089
MA0626.1,Npas2,0.13,104,1.1,9491,0.8,Up,662934.5,0.051043391881801,98,42,12142,3842,Up,0.021698931192424,-1.436304602325813,0.447287438014277,1.663561657334148
MA0896.1,Hmx1,0.05,5,0.1,373,0,Up,607408,0.720830057447302,98,5,12142,365,Up,0.223857538821193,-4.608335235388862,0.891430069139568,0.650028275355527
MA0650.2,HOXA13,0.13,74,0.8,7990,0.7,Up,614722,0.570522725325496,98,48,12142,5507,Up,0.477768067087123,-1.081367484296044,0.11845701405359,0.320782880855094
MA0164.1,Nr2e3,0,11,0.1,2230,0.2,Down,622308,0.432441173540123,98,10,12142,1774,Down,0.251564074248868,-3.002157701763878,-0.455153389827476,-0.599351380196183
MA0800.1,EOMES,0.11,22,0.2,5216,0.4,Down,687836,0.007679231148838,98,18,12142,4124,Down,8.285911298434092E-4,-1.985186399221653,-0.854824109211547,-3.081659720181679
MA0648.1,GSC,0.01,25,0.3,2630,0.2,Up,629542.5,0.320870101618976,98,25,12142,2322,Up,0.121285104128467,-2.167970731062975,0.436688507156189,0.916192534599686
MA1637.1,EBF3,0.09,63,0.6,5590,0.5,Up,660491,0.0599747020529,98,42,12142,3811,Up,0.021237634939869,-1.442147794227624,0.458973821817899,1.672893848690097
MA1603.1,Dmrt1,0.14,37,0.4,6856,0.6,Down,691505.5,0.005585319276647,98,24,12142,5041,Down,6.09545178186066E-4,-1.637741256611547,-0.739201437459241,-3.214994099873699
MA1108.2,MXI1,0.01,66,0.7,9198,0.8,Down,605773.5,0.756230212336831,98,49,12142,5957,Up,0.919279034012968,-1.009990867105109,0.034591335456684,0.036552644719917
MA0148.4,FOXA1,0.12,31,0.3,4959,0.4,Down,631304.5,0.296834495721335,98,25,12142,3832,Down,0.229885699507358,-1.806667133424913,-0.285918688119936,-0.638488044033945
MA0748.2,YY2,0.02,20,0.2,3668,0.3,Down,644350.5,0.156277711162839,98,17,12142,3126,Down,0.062924493664074,-2.22510693325568,-0.53532373851146,-1.20118027041263
MA1538.1,NR2F1(var.3),0.11,3,0,169,0,Up,605507.5,0.762042268760908,98,3,12142,156,Up,0.134960789548389,-5.546227958188619,1.463062121579694,0.869792389699416
MA0113.3,NR3C1,0.05,4,0,179,0,Up,602552,0.827453310868727,98,2,12142,93,Up,0.176436063680473,-6.160503565296231,1.720759681454433,0.753412639971614
MA0488.1,JUN,0.06,10,0.1,528,0,Up,619458,0.481919774612398,98,8,12142,499,Up,0.06574889118179,-4.069012988162351,1.068848019912629,1.182111566909546
MA1501.1,HOXB7,0.14,84,0.9,13935,1.1,Down,662631.5,0.052086536196514,98,54,12142,7505,Down,0.176287721936381,-0.773956445845865,-0.159822097667171,-0.753777934331225
MA0658.1,LHX6,0.12,90,0.9,13992,1.2,Down,643667.5,0.162083563953197,98,36,12142,5573,Down,0.083117253102954,-1.277818629045567,-0.308817263061584,-1.080308817976649
MA0752.1,ZNF410,0.11,0,0,48,0,Down,596624,0.961860623134557,98,0,12142,34,Down,0.999999999958216,-8.040652614294647,0.837201589676538,0.000000000018146
MA0624.1,NFATC1,0.01,157,1.6,17923,1.5,Up,623482,0.412947205053103,98,75,12142,8892,Up,0.49427529926402,-0.416525796046585,0.065757431830574,0.306031092273138
MA0720.1,Shox2,0.04,162,1.7,27902,2.3,Down,689764.5,0.006504333147322,98,61,12142,9018,Down,0.010278183546618,-0.554321698931558,-0.250431230371156,-1.988083631000742
MA0043.3,HLF,0.09,29,0.3,2799,0.2,Up,630382.5,0.309257256329272,98,25,12142,2379,Up,0.15912965020653,-2.150480802117737,0.401708649265712,0.79824889187229
MA0875.1,BARX1,0.05,227,2.3,35753,2.9,Down,662604,0.05218208735701,98,74,12142,10201,Down,0.026948852547134,-0.3270837438611,-0.151599110266228,-1.569459721870828
MA0598.3,EHF,0.12,61,0.6,9699,0.8,Down,651306.5,0.1058008490679,98,44,12142,6486,Down,0.103705482705527,-1.025435867073935,-0.241765042832087,-0.984198282706301
MA1117.1,RELB,0,1,0,13,0,Up,600392,0.876055936865778,98,1,12142,13,Up,0.106494416834205,-7.924989841241419,3.775801045012396,0.972673160315907
MA0698.1,ZBTB18,0.15,63,0.6,9959,0.8,Down,656004,0.079741117023761,98,43,12142,6585,Down,0.042111301507502,-1.030904462245452,-0.296407722724392,-1.375601335905984
MA0633.1,Twist2,0.14,240,2.4,34998,2.9,Down,638442,0.211990096668579,98,71,12142,9627,Down,0.103864686781559,-0.398506422952362,-0.127348119451251,-0.983532084230424
MA0465.2,CDX2,0.01,2,0,812,0.1,Down,620825,0.457811759846998,98,2,12142,775,Down,0.09299378888935,-4.634459309722004,-1.33132882969402,-1.031546057265012
MA0707.1,MNX1,0.09,272,2.8,42600,3.5,Down,677931.5,0.017238993257236,98,71,12142,10169,Down,0.005468063426734,-0.358998610273789,-0.206363744808396,-2.262166456481512
MA0826.1,OLIG1,0.01,3,0,141,0,Up,602779,0.82238034720833,98,2,12142,88,Up,0.162219792725638,-6.200148020198551,1.800048591259074,0.789896157849237
MA0860.1,Rarg(var.2),0.15,2,0,121,0,Up,601609,0.848602203971018,98,2,12142,112,Up,0.231886291828697,-6.027060199631531,1.453872950125034,0.634724924320703
MA0768.1,LEF1,0.15,16,0.2,1645,0.1,Up,617603,0.515708665923204,98,16,12142,1499,Up,0.219597148030884,-2.797584879570134,0.439854358944421,0.658373304488305
MA0040.1,Foxq1,0.04,1,0,904,0.1,Down,630513,0.307478361813662,98,1,12142,849,Down,0.014600973273682,-4.937198523731042,-2.199781590008356,-1.835618193989445
MA0158.2,HOXA5,0.04,40,0.4,7964,0.7,Down,654429.5,0.087822495617779,98,17,12142,3350,Down,0.022943671568554,-2.17519298831979,-0.635151628383239,-1.639337082756786
MA0504.1,NR2C2,0.14,6,0.1,1129,0.1,Down,609809,0.669914726071889,98,6,12142,1042,Down,0.471121634164419,-3.731779149447171,-0.379665903736225,-0.326866952262511
MA0825.1,MNT,0.15,101,1,9367,0.8,Up,658767,0.067026553029716,98,41,12142,3755,Up,0.027655230913456,-1.470000485603205,0.445976194987507,1.558222710942024
MA0835.2,BATF3,0.13,48,0.5,8479,0.7,Down,670726.5,0.029647589790195,98,35,12142,5870,Down,0.014534779128809,-1.260407447978644,-0.4237945039461,-1.837591563402886
MA0631.1,Six3,0.13,1,0,1254,0.1,Down,646548.5,0.138662282180886,98,1,12142,1176,Down,8.9208991879642E-4,-4.702290789711004,-2.669597058048433,-3.049591368416544
MA0025.2,NFIL3,0.06,29,0.3,2800,0.2,Up,630335.5,0.309899593526349,98,25,12142,2380,Up,0.15922869424914,-2.150177714919813,0.401102474869865,0.797978666302221
MA0636.1,BHLHE41,0.15,62,0.6,6518,0.5,Up,630600.5,0.306289417468598,98,30,12142,2902,Up,0.123234825412272,-1.878005998025823,0.373383032264665,0.909266545847446
MA0609.2,CREM,0.15,48,0.5,3057,0.3,Up,661022,0.057930864634565,98,23,12142,1545,Up,0.003433122436994,-2.5206914474158,0.906456959274122,2.464310707858071
MA0654.1,ISX,0.06,287,2.9,49747,4.1,Down,723411,2.269501669865948E-4,98,81,12142,10947,Down,0.024983405436763,-0.211393850898185,-0.123859628654228,-1.602348364136713
MA0706.1,MEOX2,0.13,643,6.6,100153,8.2,Down,691461,0.005607268616309,98,85,12142,11415,Down,0.008133039989145,-0.146635369901891,-0.115127869337176,-2.089747092322716
MA0645.1,ETV6,0.13,216,2.2,26900,2.2,Down,610884,0.647584409601275,98,89,12142,10459,Up,0.237989230170267,-0.176743820547625,0.07701555671101,0.623442695815143
MA0830.2,TCF4,0.06,122,1.2,18408,1.5,Down,662237,0.053471354562191,98,64,12142,8944,Down,0.065919051832019,-0.52590865389944,-0.169831820267364,-1.180989048081018
MA1553.1,RARG(var.3),0.07,1,0,31,0,Up,599849.5,0.888344220414502,98,1,12142,24,Up,0.182224228016855,-7.495078670265548,2.915978703060656,0.739393880960701
MA0793.1,POU6F2,0.04,10,0.1,2765,0.2,Down,658058.5,0.070116085174867,98,9,12142,2397,Down,0.006971785330641,-2.857293536009192,-1.0336615400072,-2.156655993787149
MA0509.2,RFX1,0.06,9,0.1,565,0,Up,623389.5,0.414463988974836,98,9,12142,532,Up,0.040802716128703,-3.942632228405338,1.137015844785093,1.389310926114889
MA0846.1,FOXC2,0.12,153,1.6,19965,1.6,Down,635862,0.240371524662739,98,64,12142,8494,Down,0.320734422672473,-0.563144557367734,-0.095360013330776,-0.493854427117239
MA0731.1,BCL6B,0.15,0,0,25,0,Down,596183,0.971951431979459,98,0,12142,25,Down,0.999999999969779,-8.258702171697983,1.273300704483213,0.000000000013125
MA0144.2,STAT3,0.03,7,0.1,1380,0.1,Down,615254.5,0.560185462654944,98,7,12142,1275,Down,0.404919615067496,-3.483045953078236,-0.464230541539245,-0.392631184680732
MA0683.1,POU4F2,0.12,4,0,47,0,Up,616939,0.528095518968491,98,4,12142,47,Up,7.237376618869652E-4,-6.225024537797101,3.545795439566072,3.14041882695374
MA0514.1,Sox3,0.13,278,2.8,35986,3,Down,627671.5,0.347746905855985,98,86,12142,11024,Down,0.291851659156478,-0.163387926114349,-0.048071331410606,-0.534837833412739
MA0803.1,TBX15,0.1,14,0.1,3400,0.3,Down,664433,0.046138295849936,98,12,12142,2910,Down,0.005845526002552,-2.51946109667241,-0.917469066018484,-2.233176403282738
MA0519.1,Stat5a::Stat5b,0.02,3,0,1148,0.1,Down,629131.5,0.326654590846656,98,3,12142,1067,Down,0.04626794434338,-4.161227204401001,-1.30693938599554,-1.334719795511097
MA0762.1,ETV2,0.07,2,0,903,0.1,Down,624565,0.395434441146549,98,2,12142,851,Down,0.068405865136068,-4.567019435400778,-1.466208578336472,-1.164906660165435
MA0798.2,RFX3,0.08,10,0.1,720,0.1,Up,622114,0.435713030843587,98,10,12142,681,Up,0.07220908679979,-3.692471207891745,0.925473622428259,1.141408147323822
MA1142.1,FOSL1::JUND,0.15,522,5.3,75408,6.2,Down,683717.5,0.010845284915515,98,95,12142,11960,Down,0.184916036319498,-0.033205388084555,-0.022835206672145,-0.733025424248769
MA1525.1,NFATC4,0.08,393,4,52094,4.3,Down,617018,0.526613875639293,98,93,12142,11774,Down,0.226687538882488,-0.059778524164464,-0.030757670808551,-0.6445723525833
MA0592.3,ESRRA,0.08,20,0.2,1720,0.1,Up,614374.5,0.577317280937402,98,16,12142,1601,Up,0.367498346916007,-2.750113741617162,0.344912083038478,0.434744610122293
MA0868.2,SOX8,0.06,60,0.6,10419,0.9,Down,680071.5,0.014565963245608,98,38,12142,6407,Down,0.006022176492043,-1.13874864324681,-0.43303327102933,-2.220246520759926
MA0856.1,RXRG,0.12,1,0,90,0,Up,596764.5,0.958646956539164,98,1,12142,87,Up,0.508329878408569,-6.576828036406988,1.079477435343537,0.293854362761171
MA1421.1,TCF7L1,0.06,2,0,128,0,Up,600972,0.862951275771388,98,2,12142,125,Up,0.270469045829881,-5.948179018264664,1.296110587391299,0.56788243109164
MA1099.2,HES1,0.04,102,1,10377,0.9,Up,677500,0.017827324460145,98,59,12142,5698,Up,0.01073958411536,-0.909322712336669,0.364177312376473,1.96901253613194
MA0523.1,TCF7L2,0.1,36,0.4,7150,0.6,Down,679383.5,0.015382468634664,98,28,12142,5094,Down,0.007381122083593,-1.521107413295344,-0.536108783992582,-2.131877611392436
MA0675.1,NKX6-2,0.06,465,4.7,72809,6,Down,692273.5,0.005218525529067,98,84,12142,11390,Down,0.004765841312616,-0.156703396113734,-0.128937974120917,-2.321860422376148
MA1155.1,ZSCAN4,0.15,7,0.1,552,0,Up,611373,0.637529195407375,98,7,12142,531,Up,0.206185300236052,-4.114506604113918,0.798690760532122,0.685742300516778
MA1146.1,NR1H4::RXRA,0.1,1,0,72,0,Up,598228.5,0.925210475004373,98,1,12142,57,Up,0.373333979771322,-6.879688566850964,1.685198496231489,0.427902480056066
MA1641.1,MYF5,0.03,36,0.4,3354,0.3,Up,615345.5,0.558428030865411,98,16,12142,1566,Up,0.291790703319126,-2.766053255818977,0.376791111442108,0.534928549185273
MA0075.3,PRRX2,0.09,287,2.9,49747,4.1,Down,723411,2.269501669865948E-4,98,81,12142,10947,Down,0.024983405436763,-0.211393850898185,-0.123859628654228,-1.602348364136713
MA0664.1,MLXIPL,0.07,98,1,9186,0.8,Up,653228,0.094423557156594,98,39,12142,3633,Up,0.035871799468622,-1.529452373103038,0.422362603647529,1.445246836881579
MA1129.1,FOSL1::JUN(var.2),0.13,34,0.3,2272,0.2,Up,639571,0.200363264331331,98,16,12142,1076,Up,0.018498618572451,-3.036651480920887,0.917987561645928,1.732860702340904
MA1651.1,ZFP42,0.05,0,0,407,0,Down,614411,0.576601819970597,98,0,12142,397,Down,0.078911205267633,-6.277509317597872,-2.689085003717009,-1.10286132327505
MA0749.1,ZBED1,0.15,4,0,356,0,Up,601336.5,0.854734693188379,98,3,12142,241,Up,0.448448420411425,-5.233297692237042,0.837201589676539,0.348287501379956
MA1565.1,TBX18,0.1,49,0.5,9325,0.8,Down,697049,0.003386393532065,98,35,12142,6342,Down,0.001120437323179,-1.204623333455739,-0.535362732991911,-2.950612432711076
MA0840.1,Creb5,0.13,27,0.3,1848,0.2,Up,636791.5,0.229852882807638,98,15,12142,1006,Up,0.024924794890205,-3.130250959029623,0.924790899920244,1.603368406874631
MA0142.1,Pou5f1::Sox2,0.01,1,0,1,0,Up,600980,0.862770776651682,98,1,12142,1,Up,0.015949616221789,-9.509952341962574,6.945726046454708,1.797249762435289
MA1616.1,Prdm15,0.14,35,0.4,3563,0.3,Up,627737,0.346782474304606,98,30,12142,3031,Up,0.198767327546537,-1.846638120351842,0.310647276916703,0.701655001389334
MA0473.3,ELF1,0.13,65,0.7,9542,0.8,Down,629236.5,0.325170397927726,98,48,12142,6454,Down,0.418040113695468,-0.966913608755434,-0.11045073702763,-0.378782042816528
MA0600.2,RFX2,0.15,13,0.1,621,0.1,Up,626954,0.358422953784327,98,8,12142,333,Up,0.005975318230043,-4.360411946466268,1.651645936520463,2.223638960359541
MA0705.1,Lhx8,0.08,127,1.3,19192,1.6,Down,653126,0.095001789953153,98,49,12142,7413,Down,0.028832081992283,-0.852266982036032,-0.28085643468147,-1.540123995658525
MA0628.1,POU6F1,0.01,18,0.2,1536,0.1,Up,610040.5,0.665080344578929,98,8,12142,685,Up,0.268932100596523,-3.840676994168948,0.612176031925822,0.570357355902861
MA0072.1,RORA(var.2),0.14,17,0.2,3150,0.3,Down,634692,0.25408787216019,98,16,12142,2764,Down,0.146465293287568,-2.356316354828569,-0.442682690538708,-0.83426527441847
MA1499.1,HOXB4,0.08,221,2.3,34489,2.8,Down,691294,0.005690336028848,98,67,12142,9553,Down,0.018154740016726,-0.44560021548447,-0.199272013842151,-1.741009965980491
MA0852.2,FOXK1,0.12,84,0.9,12586,1,Down,636706,0.230806541737482,98,54,12142,7201,Down,0.410202283461417,-0.803781819605392,-0.100171350148116,-0.387001926386149
MA1103.2,FOXK2,0.09,80,0.8,12191,1,Down,639187,0.20426441905065,98,53,12142,7058,Down,0.472005701552739,-0.831608392492066,-0.097952881126327,-0.32605275531096
MA0077.1,SOX9,0.11,93,0.9,15101,1.2,Down,669006,0.033554605462262,98,53,12142,7853,Down,0.033615992382308,-0.75462133191381,-0.25192700228284,-1.473454063353219
MA0660.1,MEF2B,0.03,5,0.1,176,0,Up,616735.5,0.531921915587462,98,5,12142,175,Up,0.014721288152337,-5.137535423212801,1.949830444787445,1.832054186399665
MA0911.1,Hoxa11,0.15,102,1,15505,1.3,Down,665001,0.044385793594054,98,52,12142,8112,Down,0.005015655654651,-0.744826654963737,-0.325959293653032,-2.299672287252806
MA0751.1,ZIC4,0.14,118,1.2,12149,1,Up,657604.5,0.07215657480122,98,63,12142,6596,Up,0.052948989191984,-0.75682997897207,0.246925692575719,1.276142326255906
MA0091.1,TAL1::TCF3,0.14,99,1,13104,1.1,Down,627853.5,0.345071323259299,98,48,12142,7217,Down,0.038931761861045,-0.886316678028494,-0.271644598481509,-1.409695941793893
MA1552.1,RARB(var.3),0.08,1,0,55,0,Up,598722,0.913966121078012,98,1,12142,47,Up,0.320641459236958,-7.017505788157679,1.960832938844917,0.49398032367333
MA0088.2,ZNF143,0.07,2,0,92,0,Up,602592,0.826558867448445,98,2,12142,92,Up,0.173576423449144,-6.168260064981894,1.736272680825759,0.760509264535625
MA0607.1,Bhlha15,0.15,458,4.7,62240,5.1,Down,625224.5,0.384993290957347,98,85,12142,11067,Down,0.149812356076921,-0.168967708748167,-0.070463191644622,-0.824452365843993
MA0839.1,CREB3L1,0.13,11,0.1,663,0.1,Up,630606,0.306214785740159,98,11,12142,632,Up,0.018540331141587,-3.680673029864388,1.164366332930049,1.731882513358735
MA0771.1,HSF4,0.07,9,0.1,540,0,Up,607158,0.726208144900881,98,6,12142,508,Up,0.307695709676516,-4.249643001684434,0.6560618007383,0.511878559250769
MA0521.1,Tcf12,0.11,265,2.7,30545,2.5,Up,598329,0.922919305427879,98,69,12142,9304,Down,0.151292991974388,-0.443587851175522,-0.119045791114695,-0.82018118841661
MA1131.1,FOSL2::JUN(var.2),0.09,28,0.3,1592,0.1,Up,653014.5,0.095637119528133,98,17,12142,912,Up,0.00146367120338,-3.113432959883876,1.241328314744933,2.834556471498177
MA0599.1,KLF5,0.04,397,4.1,37374,3.1,Up,712165,7.677501646817797E-4,98,91,12142,9584,Up,2.617717397171113E-4,-0.223821195224077,0.234938428103487,3.58207724070119
MA1584.1,ZIC5,0.04,1,0,17,0,Up,600196,0.880492287745317,98,1,12142,17,Up,0.134803536922218,-7.737792083850668,3.401405530230899,0.870298712803291
MA0057.1,MZF1(var.2),0.02,50,0.5,4778,0.4,Up,666747,0.0393465490541,98,42,12142,3639,Up,0.007636111811887,-1.475457100075707,0.525592433514066,2.117127721068026
MA0841.1,NFE2,0.01,2,0,46,0,Up,604846,0.776553593628595,98,2,12142,46,Up,0.056424627835537,-6.664371389686034,2.72849533023404,1.24853129675185
MA0782.2,PKNOX1,0.09,18,0.2,1732,0.1,Up,624872,0.390552916098165,98,18,12142,1598,Up,0.133673717230132,-2.668936645478995,0.512676383303138,0.873953974817284
MA1115.1,POU5F1,0.11,176,1.8,24648,2,Down,619928.5,0.473545113631755,98,82,12142,9659,Up,0.378313223404163,-0.292887336493742,0.074315462566364,0.422148478291998
MA1119.1,SIX2,0.06,3,0,127,0,Up,606995.5,0.729711172812853,98,3,12142,126,Up,0.084718069948462,-5.699740594307773,1.770087393818002,1.072023946907662
MA0143.4,SOX2,0.12,67,0.7,10195,0.8,Down,647021.5,0.135079619542555,98,44,12142,6458,Down,0.104857404682541,-1.02855641741326,-0.235523942153438,-0.979400895678177
MA0629.1,Rhox11,0.15,277,2.8,32900,2.7,Up,604260.5,0.789463272823487,98,94,12142,11133,Up,0.193025155791717,-0.092483841274635,0.065348892078663,0.714386088351792
MA0037.3,GATA3,0.02,57,0.6,11454,0.9,Down,691902,0.005393144553814,98,45,12142,6851,Down,0.040712397045185,-0.969915444198001,-0.288683470119358,-1.390273326683489
MA0065.2,Pparg::Rxra,0.15,64,0.7,8780,0.7,Down,623886,0.406361198931121,98,44,12142,6053,Down,0.361756628600311,-1.075271225855501,-0.142094325268955,-0.441583502397831
MA0112.3,ESR1,0.14,0,0,224,0,Down,604660,0.780648206429266,98,0,12142,198,Down,0.412470874019205,-6.778417244112251,-1.68726915068825,-0.384606713051831
MA1506.1,HOXD10,0.15,39,0.4,6011,0.5,Down,641702,0.179698823208503,98,28,12142,4535,Down,0.075332095435533,-1.604946891128501,-0.368429828326268,-1.123019952075816
MA0498.2,MEIS1,0.11,714,7.3,96142,7.9,Down,655727,0.081117340165948,98,97,12142,12121,Down,0.162224597825669,-0.008609376469575,-0.012224258474382,-0.789883293836239
MA0773.1,MEF2D,0.05,6,0.1,244,0,Up,619520,0.480811618168019,98,6,12142,242,Up,0.014568913339606,-4.783774515075939,1.724324827521311,1.836572840008505
MA0701.2,LHX9,0.11,180,1.8,30951,2.5,Down,697793,0.003160801767544,98,65,12142,9404,Down,0.014650535780377,-0.47863557787962,-0.219986480078612,-1.834146492565394
MA0637.1,CENPB,0.06,3,0,179,0,Up,604640.5,0.781077835029276,98,3,12142,174,Up,0.169032155041086,-5.467695768550103,1.30599774230266,0.772030671548665
MA1468.1,ATOH7,0.15,275,2.8,41868,3.4,Down,662695,0.051866458876353,98,79,12142,10491,Down,0.103382568380221,-0.260006695801408,-0.098324336741225,-0.985552682658737
MA0689.1,TBX20,0.14,33,0.3,7740,0.6,Down,710043,9.556777250423476E-4,98,28,12142,5614,Down,4.847046984786013E-4,-1.450998918790801,-0.676325773001668,-3.314522770429005
MA1132.1,JUN::JUNB,0.01,2,0,127,0,Up,600877,0.865095247193572,98,2,12142,127,Up,0.276413428018166,-5.93677407681062,1.273300704483213,0.558440862989087
MA0898.1,Hmx3,0.06,5,0.1,398,0,Up,606508.5,0.740243046970494,98,5,12142,383,Up,0.241775934993157,-4.573657649613615,0.822074897589072,0.616586928536426
MA0528.2,ZNF263,0.14,383,3.9,42130,3.5,Up,709232.5,0.001038084539495,98,95,12142,10899,Up,0.017189716400037,-0.100213261484784,0.111180540128312,1.764731288345824
MA0616.2,HES2,0.12,156,1.6,15410,1.3,Up,680998,0.013526892100763,98,67,12142,6620,Up,0.005903923482486,-0.710144812927294,0.329817181043497,2.228859279801123
MA1145.1,FOSL2::JUND(var.2),0.12,39,0.4,2503,0.2,Up,665586.5,0.042638428709191,98,25,12142,1694,Up,0.002996661562653,-2.395380210955985,0.89150746694221,2.523362302690568
MA1640.1,MEIS2(var.2),0.1,12,0.1,2503,0.2,Down,646434.5,0.139536607138765,98,9,12142,2187,Down,0.023703667267754,-2.923417435158411,-0.90141374170876,-1.625184457747735
MA0499.2,MYOD1,0.06,24,0.2,5598,0.5,Down,691005.5,0.00583645721148,98,19,12142,4326,Down,6.285239237066849E-4,-1.912721389589589,-0.847856422009078,-3.201678186973951
MA0046.2,HNF1A,0.11,0,0,458,0,Down,613627,0.592060651497164,98,0,12142,381,Down,0.077598666344087,-6.307145219266466,-2.629813200379822,-1.110145742715791
MA0757.1,ONECUT3,0.15,9,0.1,2382,0.2,Down,642073.5,0.176264649957414,98,9,12142,2051,Down,0.041654998201732,-2.96971936651567,-0.808809878994242,-1.380332879942783
MA0002.2,RUNX1,0.14,442,4.5,60518,5,Down,643810,0.160858994288952,98,96,12142,12013,Down,0.282355719566575,-0.022501871533227,-0.014185821310138,-0.549203410508849
MA1573.1,THAP11,0.12,1,0,1080,0.1,Down,630542,0.307083973652109,98,1,12142,848,Down,0.014578825024439,-4.93804816755182,-2.198082302366799,-1.836277476427181
MA0760.1,ERF,0.13,29,0.3,5317,0.4,Down,650598.5,0.1102574041212,98,23,12142,3964,Down,0.065116251255765,-1.841158811663549,-0.45260831223038,-1.186310609743521
MA1113.2,PBX2,0.04,3,0,833,0.1,Down,615418.5,0.557020162803539,98,3,12142,788,Down,0.21536365580441,-4.379753909259673,-0.869885976278198,-0.666827585231904
MA1657.1,ZNF652,0.07,5,0.1,931,0.1,Down,613250.5,0.599551439364716,98,4,12142,876,Down,0.323444810017033,-4.122147201582806,-0.659959232862518,-0.490199813140117
MA1491.1,GLI3,0.14,30,0.3,3318,0.3,Up,622849,0.423392584729841,98,28,12142,2834,Up,0.230968330260495,-1.944030558691646,0.309737506800023,0.63644756528544
MA0728.1,Nr2f6(var.2),0.07,1,0,7,0,Up,600686,0.869408748864076,98,1,12142,7,Up,0.062303135157871,-8.348988294518893,4.623797951567347,1.205490098645732
MA1476.1,DLX5,0.06,287,2.9,49747,4.1,Down,723411,2.269501669865948E-4,98,81,12142,10947,Down,0.024983405436763,-0.211393850898185,-0.123859628654228,-1.602348364136713
MA0674.1,NKX6-1,0.14,449,4.6,69632,5.7,Down,688136,0.007484791842588,98,84,12142,11352,Down,0.005926313796033,-0.15911391638679,-0.124116933574804,-2.227215356521596
MA0717.1,RAX2,0.05,287,2.9,49747,4.1,Down,723411,2.269501669865948E-4,98,81,12142,10947,Down,0.024983405436763,-0.211393850898185,-0.123859628654228,-1.602348364136713
MA1420.1,IRF5,0.12,6,0.1,297,0,Up,617107,0.524947229156842,98,6,12142,291,Up,0.03187966120458,-4.651018947012936,1.458813691395304,1.496486302638637
MA0625.1,NFATC3,0.05,391,4,49310,4.1,Down,602721.5,0.823664655904403,98,93,12142,11704,Down,0.406671730184445,-0.06407977004726,-0.022155179042959,-0.390756016559325
MA0627.2,POU2F3,0.03,3,0,649,0.1,Down,606831.5,0.733252264392093,98,3,12142,613,Down,0.489635735998798,-4.560777614823476,-0.507838565150593,-0.310126892780982
MA0470.2,E2F4,0.12,38,0.4,2965,0.2,Up,663362.5,0.049599762086623,98,29,12142,2191,Up,0.005308485897046,-2.104741836240482,0.730666132291895,2.275029332087221
MA0095.2,YY1,0.04,11,0.1,1875,0.2,Down,616502.5,0.536320180294162,98,10,12142,1680,Down,0.377059881321695,-3.041418717640349,-0.376631358074533,-0.423589673501263
MA0678.1,OLIG2,0.15,31,0.3,7016,0.6,Down,663056.5,0.050628348478483,98,15,12142,3270,Down,0.008287029806284,-2.280168937943263,-0.775373142252477,-2.081601099109564
MA1496.1,HOXA4,0.09,234,2.4,36030,3,Down,684242.5,0.010385764723113,98,69,12142,9768,Down,0.020585033584325,-0.408483640760141,-0.189254211945456,-1.686448420117799
MA0066.1,PPARG,0.14,1,0,50,0,Up,598967,0.90839006580228,98,1,12142,42,Up,0.292673938677323,-7.097738124254301,2.121297611038163,0.533615947851607
MA0041.1,Foxd3,0.12,168,1.7,22590,1.9,Down,666875,0.038997040901438,98,57,12142,8427,Down,0.020477791331471,-0.651725313775756,-0.249672909472489,-1.688716886772442
MA0138.2,REST,0.15,1,0,179,0,Down,597512.5,0.941550472934283,98,1,12142,176,Down,0.99999999989641,-6.070671405687563,0.067164173904685,0.000000000044988
MA1635.1,BHLHE22(var.2),0,2,0,140,0,Up,597744.5,0.936252918155884,98,1,12142,67,Up,0.421978032910308,-6.764025793797736,1.453872950125034,0.374710156702191
MA0690.1,TBX21,0.15,50,0.5,10169,0.8,Down,715046,5.671425662682195E-4,98,36,12142,6744,Down,2.155519107755556E-4,-1.140254674067059,-0.5839451730186,-3.666448122958078
MA0089.2,NFE2L1,0.13,3,0,560,0,Down,609168.5,0.683361107650812,98,2,12142,543,Down,0.328345975983387,-4.890882682726395,-0.818482083685238,-0.483668301803427
MA0472.2,EGR2,0.14,38,0.4,4929,0.4,Down,616456.5,0.537190665546198,98,26,12142,3767,Down,0.380982399008998,-1.791258717159538,-0.205745295467279,-0.41909508781477
MA1542.1,OSR1,0.02,2,0,646,0.1,Down,613653,0.59154494879363,98,2,12142,629,Down,0.245323447124515,-4.784919511380541,-1.030408426376946,-0.610260941519856
MA0481.3,FOXP1,0.12,97,1,15086,1.2,Down,649225,0.119324783539186,98,59,12142,7801,Down,0.399586891277804,-0.68273804937108,-0.088992013554705,-0.39838876754089
MA1570.1,TFAP4(var.2),0.06,156,1.6,26492,2.2,Down,685916.5,0.009034069565711,98,54,12142,8194,Down,0.012412939951244,-0.710602576085692,-0.286529837187516,-1.906125345544964
MA0765.2,ETV5,0.12,403,4.1,51477,4.2,Down,604364.5,0.787165841079525,98,98,12142,11833,Up,0.18277217507956,-0.018594321480052,0.037188642960103,0.738089919812249
MA0029.1,Mecom,0.03,1,0,36,0,Up,599265,0.901613867551305,98,1,12142,36,Up,0.257605256840536,-7.207521312883143,2.340863988295848,0.589045278759653
MA1625.1,Stat5b,0.14,33,0.3,6480,0.5,Down,668712,0.034264505120866,98,24,12142,4502,Down,0.011299617560888,-1.719304640229307,-0.576074670223722,-1.946936255101261
MA0759.1,ELK3,0.15,192,2,23376,1.9,Up,618920.5,0.491584744422517,98,81,12142,9511,Up,0.327132959186532,-0.312822184454825,0.078997038459052,0.485275697783501
MA1620.1,Ptf1a(var.3),0.04,44,0.4,8809,0.7,Down,694040,0.004456094297885,98,33,12142,5993,Down,0.002204988751591,-1.287278738173729,-0.537367781649751,-2.656593621676648
MA0845.1,FOXB1,0,1,0,40,0,Up,599166,0.903864250339396,98,1,12142,38,Up,0.269481926937699,-7.169040321975702,2.263902006480964,0.569470355873991
MA0258.2,ESR2,0.11,14,0.1,2471,0.2,Down,628449,0.336408919503013,98,12,12142,2183,Down,0.184643535443469,-2.726773339906241,-0.502844579550822,-0.733665892834969
MA1615.1,Plagl1,0.14,392,4,40123,3.3,Up,683946,0.010643108207526,98,91,12142,10504,Up,0.073318229585276,-0.157704987111232,0.102706011877796,1.134788030488715
MA1513.1,KLF15,0.01,111,1.1,10832,0.9,Up,683618,0.010934384289514,98,60,12142,5433,Up,0.001447418377317,-0.931650175518924,0.456923186674285,2.839405917604041
MA1518.1,LHX1,0.04,210,2.1,32593,2.7,Down,651761,0.103016089887178,98,71,12142,9875,Down,0.036330091011811,-0.38016013487448,-0.164040695607014,-1.43973351416927
MA0764.2,ETV4,0,0,0,150,0,Down,602112,0.837306715954959,98,0,12142,146,Down,0.633784268308044,-6.997536415472607,-1.249030807967539,-0.198058545000247
MA1656.1,ZNF449,0.09,18,0.2,1564,0.1,Up,632353,0.283118322726424,98,18,12142,1449,Up,0.059726709446551,-2.739518350838557,0.653839794022262,1.223831411396753
MA0756.1,ONECUT2,0.11,6,0.1,1634,0.1,Down,630715,0.304738207088514,98,6,12142,1464,Down,0.084296699444005,-3.486598744673501,-0.870026713283567,-1.0741894294241
MA0653.1,IRF9,0.14,1,0,92,0,Up,596569.5,0.963107375250958,98,1,12142,91,Up,0.524001286694951,-6.544583673181132,1.014988708891823,0.280667646596749
MA1102.2,CTCFL,0.14,174,1.8,20472,1.7,Up,643757.5,0.16130933573487,98,78,12142,8929,Up,0.205604371136025,-0.385422628363283,0.115983115597066,0.686967656505188
MA0787.1,POU3F2,0.14,25,0.3,3996,0.3,Down,621287.5,0.449811123456415,98,21,12142,3109,Down,0.415640621393193,-2.080549014417396,-0.230476100673765,-0.381282014568166
MA0710.1,NOTO,0.09,258,2.6,46114,3.8,Down,734366.5,6.29655977113508E-5,98,77,12142,10770,Down,0.003608408434865,-0.25945383736534,-0.172947153633598,-2.442684310661961
MA1508.1,IKZF1,0.14,185,1.9,27556,2.3,Down,686173.5,0.008841083802057,98,77,12142,10578,Down,0.021875322238921,-0.272428914238805,-0.146996999886667,-1.660045540794593
MA0489.1,JUN(var.2),0.01,3,0,75,0,Up,603700,0.801876164359634,98,2,12142,70,Up,0.113246063752509,-6.364175119040653,2.128102788943277,0.945976884416888
MA0071.1,RORA,0.09,110,1.1,15453,1.3,Down,648766,0.122481921698109,98,62,12142,8696,Down,0.072366549980988,-0.568913113207976,-0.174708843172626,-1.140462131532224
MA0030.1,FOXF2,0.1,49,0.5,7662,0.6,Down,643945,0.159705335799309,98,35,12142,5316,Down,0.124932126713688,-1.331910744651546,-0.280787910600297,-0.903325866987255
MA0880.1,Dlx3,0.11,365,3.7,62854,5.2,Down,726646,1.5694668334576E-4,98,84,12142,11350,Down,0.006008350907594,-0.159241009285933,-0.123862747776518,-2.221244711026951
MA0513.1,SMAD2::SMAD3::SMAD4,0.1,14,0.1,3716,0.3,Down,668248,0.035410993731396,98,14,12142,3159,Down,0.007432979109695,-2.353184069884405,-0.8217735088888,-2.128837087775162
MA0640.2,ELF3,0.15,266,2.7,39296,3.2,Down,677182,0.018272092455522,98,90,12142,11490,Down,0.253719904691802,-0.100914920826835,-0.042582023092671,-0.595645460414382
MA0069.1,PAX6,0.15,5,0.1,558,0,Up,599180,0.903545967079886,98,5,12142,532,Up,0.620792660393132,-4.336880175808481,0.348519949978805,0.207053426365856
MA0104.4,MYCN,0.01,20,0.2,996,0.1,Up,631882,0.289225770716326,98,10,12142,484,Up,0.006101079731612,-3.93857970358681,1.417690613818388,2.2145932994179
MA0833.2,ATF4,0.05,0,0,396,0,Down,613774,0.589147667368098,98,0,12142,384,Down,0.077723404879768,-6.301494948702818,-2.641113741507119,-1.109448182234572
MA0602.1,Arid5a,0.05,55,0.6,11448,0.9,Down,681785.5,0.01269577547517,98,26,12142,4777,Down,0.009310199447888,-1.619934536469721,-0.548393656846912,-2.031041015238935
MA0807.1,TBX5,0.03,14,0.1,3400,0.3,Down,664433,0.046138295849936,98,12,12142,2910,Down,0.005845526002552,-2.51946109667241,-0.917469066018484,-2.233176403282738
MA0081.2,SPIB,0.08,12,0.1,1148,0.1,Up,614297,0.578837795242561,98,12,12142,1085,Up,0.282741687609152,-3.230914742488797,0.505438225614288,0.548610154142709
MA0820.1,FIGLA,0.13,616,6.3,70216,5.8,Up,617149,0.524161660708892,98,93,12142,11958,Down,0.017817544235036,-0.048593203877684,-0.053128311382112,-1.749152154320933
MA1532.1,NR1D2,0.07,1,0,44,0,Up,598921.5,0.909425286024571,98,1,12142,43,Up,0.298357135697015,-7.080961844398788,2.087745051327136,0.525263570835538
MA0673.1,NKX2-8,0.02,57,0.6,7015,0.6,Up,610107,0.663694194355749,98,46,12142,5114,Up,0.356053090570755,-1.165146691214075,0.16450736573146,0.448485240165213
MA0778.1,NFKB2,0.04,4,0,116,0,Up,604258,0.789518522171292,98,2,12142,58,Up,0.083306409728887,-6.498768435448348,2.397289421758666,1.079321581993073
MA0889.1,GBX1,0.08,286,2.9,49640,4.1,Down,724312.5,2.04951106020812E-4,98,81,12142,10945,Down,0.025090144144919,-0.211525645996609,-0.123596038457379,-1.600496843621105
MA0741.1,KLF16,0.15,775,7.9,80626,6.6,Up,693336,0.004746946787392,98,98,12142,11120,Up,3.310946488912259E-4,-0.063421915188615,0.12684383037723,3.480047838202303
MA0511.2,RUNX2,0.13,248,2.5,34536,2.8,Down,637390,0.223255694550847,98,86,12142,11350,Down,0.03651651818301,-0.142366613608663,-0.090113956421978,-1.437510638749836
MA0469.3,E2F3,0.11,0,0,25,0,Down,595644,0.984290580498842,98,0,12142,14,Down,0.999999999965958,-8.665924345119945,2.087745051327136,0.000000000014784
MA1566.1,TBX3,0.02,25,0.3,5040,0.4,Down,666114.5,0.041112896007539,98,21,12142,4034,Down,0.013001944207461,-1.892695378098597,-0.606183373311362,-1.885991701890125
MA1575.1,THRB(var.2),0.1,4,0,273,0,Up,599403,0.89847829300734,98,2,12142,158,Up,0.367488210422825,-5.779781280170345,0.959315111202664,0.434756589179627
MA0149.1,EWSR1-FLI1,0.12,1,0,505,0,Down,595636.5,0.984462308879944,98,1,12142,137,Down,0.999999999935303,-6.250789688117141,0.427400738763843,0.000000000028098
MA0036.3,GATA2,0.07,58,0.6,12037,1,Down,699377.5,0.002725341554244,98,47,12142,7039,Down,0.050822688260158,-0.919358415643547,-0.265675590963763,-1.293942366722195
MA0827.1,OLIG3,0.14,32,0.3,7114,0.6,Down,661989.5,0.0543557539534,98,16,12142,3359,Down,0.012119134299601,-2.215702375540112,-0.723910649115622,-1.91652840181447
MA0125.1,Nobox,0.14,386,3.9,65529,5.4,Down,723276,2.304293397074053E-4,98,86,12142,11455,Down,0.012855328407578,-0.135724324314184,-0.103398535010935,-1.89091682421155
MA0038.2,GFI1,0.1,20,0.2,2054,0.2,Up,611665,0.631556360149196,98,18,12142,1880,Up,0.402596610365493,-2.551737864349102,0.278278821043352,0.39512988594453
MA0797.1,TGIF2,0.15,1,0,520,0,Down,612522,0.614166023344219,98,1,12142,482,Down,0.188568559370054,-5.34524102624543,-1.383696584979578,-0.724530716849794
MA0804.1,TBX19,0.14,0,0,937,0.1,Down,620977,0.455173588440552,98,0,12142,531,Down,0.02264380105719,-6.067951901918178,-3.108199835076396,-1.645050669374092
MA0719.1,RHOXF1,0.04,220,2.2,33787,2.8,Down,679844,0.014831624464966,98,80,12142,10716,Down,0.056920172532859,-0.235683313991336,-0.110903254700846,-1.244733792179546
MA0842.2,NRL,0.13,26,0.3,4524,0.4,Down,652447,0.098923640948606,98,20,12142,3734,Down,0.027570828151427,-1.982789148933674,-0.563421331809237,-1.559550188693168
MA0783.1,PKNOX2,0.13,0,0,261,0,Down,606228,0.74633146773107,98,0,12142,230,Down,0.267525889870439,-6.670603372469062,-1.90289689397463,-0.572634182675315
