Transcription Factor ID,Transcription Factor Name,Deficit,No. Search Sites,Mean Sites Per Search Gene,No. Background Sites,Mean Sites Per Background Gene,Site Representation,Mann-Whitney U,Site P-Value,Total No. Search Genes,No. Transcription Factor Search Genes,Total No. Background Genes,No. Transcription Factor Background Genes,Gene Representation,Gene P-Value,Average Log2 Proportion Bound,Log2 Enrichment,Significance Score
MA0067.1,Pax2,0.01,294,0.5,4159,0.4,Up,3483009.5,0.003944280589182,613,226,10629,3202,Up,5.07789996339957E-4,-1.584177776806362,0.293250966379385,3.2943158591479
MA0597.1,THAP1,0.01,197,0.3,4033,0.4,Down,3388838.5,0.093484319297916,613,166,10629,3273,Down,0.052677407105301,-1.790354509114094,-0.182373314955098,-1.278375610087882
MA1642.1,NEUROG2(var.2),0.07,561,0.9,10787,1,Down,3434156.5,0.023988171722297,613,349,10629,6623,Down,0.007976790022542,-0.747089474602813,-0.129362827369311,-2.098171839972296
MA1471.1,BARX2,0.04,241,0.4,3615,0.3,Up,3349188.5,0.242073163359311,613,184,10629,2917,Up,0.177670572680368,-1.799355851116431,0.131826647027845,0.750384497804443
MA0885.1,Dlx2,0,24,0,791,0.1,Down,3357037.5,0.203985163664007,613,24,10629,738,Down,0.002805003073077,-4.246770847003986,-0.798877685087423,-2.552066658607602
MA0647.1,GRHL1,0.02,2,0,15,0,Up,3265347.5,0.922927329256473,613,2,10629,10,Up,0.136542869270137,-8.961230065610923,2.044477253670761,0.8647309752569
MA1655.1,ZNF341,0.14,674,1.1,11731,1.1,Down,3279943,0.776752567755975,613,414,10629,6936,Up,0.256554403143813,-0.590742588705609,0.050102693076909,0.590820527316719
MA1485.1,FERD3L,0.05,8,0,77,0,Up,3277914,0.796727579757361,613,8,10629,73,Up,0.083949334081249,-6.674785231400632,1.002657077976135,1.075982744504918
MA0900.2,HOXA2,0.01,590,1,9232,0.9,Up,3321474,0.415012121160932,613,205,10629,3372,Up,0.372813718146844,-1.617054168685328,0.078258437408212,0.428508115615631
MA0894.1,HESX1,0.06,2596,4.2,43789,4.1,Up,3337996.5,0.304620541435729,613,569,10629,9579,Up,0.029506665987008,-0.128709487878648,0.04268397184771,1.530079859468014
MA0672.1,NKX2-3,0.03,240,0.4,4750,0.4,Down,3393430,0.082552568855866,613,195,10629,3774,Down,0.067876604374906,-1.571805510286237,-0.156178452138631,-1.168279892019175
MA0593.1,FOXP2,0.02,94,0.2,2170,0.2,Down,3377075,0.126826298508361,613,89,10629,1914,Down,0.029759739292805,-2.625068963386776,-0.304069586023745,-1.526370877702509
MA0463.2,BCL6,0.14,57,0.1,730,0.1,Up,3336602.5,0.313102458289567,613,55,10629,696,Up,0.02431111624217,-3.699155119968305,0.465302905311012,1.614195100116538
MA0052.4,MEF2A,0.15,1286,2.1,21468,2,Up,3365992,0.166086976630177,613,491,10629,8119,Up,0.03492009684705,-0.354241434555795,0.068739014466941,1.456924560496798
MA0462.2,BATF::JUN,0.15,1003,1.6,15445,1.5,Up,3455850.5,0.011245430866214,613,411,10629,6574,Up,0.010157181998657,-0.634645782110266,0.116949737737974,1.99322676569271
MA1537.1,NR2F1(var.2),0.08,0,0,66,0,Down,3277711,0.798733650985731,613,0,10629,65,Down,0.050161634169745,-8.801641323675259,-2.918556419975292,-1.299628323466377
MA0612.2,EMX1,0.14,3019,4.9,51208,4.8,Up,3334822,0.324160082508304,613,586,10629,9824,Up,0.002490596920307,-0.089275040144666,0.048685609020539,2.603696553254872
MA1514.1,KLF17,0.06,36,0.1,872,0.1,Down,3323084.5,0.403313676919413,613,34,10629,802,Down,0.068490592765615,-3.939911805050067,-0.424966543669338,-1.164369075084864
MA0115.1,NR1H2::RXRA,0.11,0,0,19,0,Down,3263612,0.940585115832197,613,0,10629,19,Down,0.622076373136335,-9.67565171501286,-1.170535637300089,-0.206156293129878
MA1112.2,NR4A1,0.15,763,1.2,12874,1.2,Up,3307732,0.522678199156949,613,429,10629,7130,Up,0.144194680947376,-0.54520189960261,0.061593374156337,0.84105075957366
MA0696.1,ZIC1,0.15,94,0.2,2297,0.2,Down,3412331.5,0.047930696032519,613,84,10629,1950,Down,0.003515497895003,-2.653098964790611,-0.413882265180219,-2.454013157773759
MA1104.2,GATA6,0.09,303,0.5,5124,0.5,Up,3313995,0.471905530863198,613,235,10629,3858,Up,0.320826672072634,-1.421649004433561,0.080625440766879,0.493729533615893
MA0035.4,GATA1,0.13,1097,1.8,18039,1.7,Up,3387184,0.097697173916798,613,491,10629,8266,Up,0.193007546775027,-0.341298564996863,0.042853275349077,0.714425709341073
MA0059.1,MAX::MYC,0.15,524,0.9,7037,0.7,Up,3522024.5,7.197756735509708E-4,613,228,10629,3095,Up,3.296346168788906E-5,-1.602349274943368,0.354960192677066,4.481967186750241
MA0862.1,GMEB2,0.14,1576,2.6,23714,2.2,Up,3569470.5,6.629910373256998E-5,613,490,10629,7800,Up,2.725474929952814E-4,-0.384622718272204,0.123625021657076,3.564557808438423
MA0477.2,FOSL1,0.11,550,0.9,8167,0.8,Up,3400549.5,0.067671871776253,613,217,10629,3337,Up,0.039903312543393,-1.5836409683448,0.175186050835971,1.398991050187888
MA0474.2,ERG,0.04,132,0.2,1296,0.1,Up,3522008,7.203291972434078E-4,613,116,10629,1153,Up,1.196424943938105E-8,-2.800358607775353,0.807250437533456,7.922114541058851
MA1154.1,ZNF282,0.07,4,0,32,0,Up,3269238.5,0.883489155238518,613,4,10629,32,Up,0.130689335903955,-7.722206417208602,1.262423769976017,0.883759848892437
MA0050.2,IRF1,0.08,46,0.1,1151,0.1,Down,3344751,0.265697501072924,613,41,10629,993,Down,0.025753680301785,-3.652645030145687,-0.466470144340587,-1.589160699805415
MA1111.1,NR2F2,0.15,1011,1.6,16384,1.5,Up,3437996.5,0.021084582122071,613,503,10629,8278,Up,0.015805026002138,-0.322852004984166,0.075560878656091,1.80120478533051
MA0718.1,RAX,0.05,2596,4.2,43789,4.1,Up,3337996.5,0.304620541435729,613,569,10629,9579,Up,0.029506665987008,-0.128709487878648,0.04268397184771,1.530079859468014
MA0907.1,HOXC13,0,1,0,1,0,Up,3262796.5,0.948893026565886,613,1,10629,1,Up,0.1060866483598,-10.73339032372283,4.114866581562158,0.974339271221549
MA1650.1,ZBTB14,0.15,574,0.9,9783,0.9,Up,3307160.5,0.527447049123708,613,327,10629,5404,Up,0.244693192345355,-0.940704557657605,0.070272240839025,0.611378113067393
MA1118.1,SIX1,0.11,176,0.3,3446,0.3,Down,3357469,0.202025514148391,613,147,10629,2888,Down,0.092010074421297,-1.96801486264932,-0.176667053528763,-1.036164618023581
MA0691.1,TFAP4,0.07,304,0.5,6007,0.6,Down,3374932.5,0.133791717679795,613,156,10629,3092,Down,0.054293781180903,-1.876064461045809,-0.189672451368955,-1.265249911727671
MA1123.2,TWIST1,0.04,114,0.2,2693,0.3,Down,3449888.5,0.013945229679916,613,98,10629,2328,Down,4.016197753934817E-4,-2.414734331305632,-0.448266765801793,-3.396184911070154
MA1150.1,RORB,0.04,57,0.1,1190,0.1,Down,3319700,0.428127547145687,613,53,10629,1123,Down,0.135739938107304,-3.380727126653457,-0.277450841216601,-0.867292353167704
MA1114.1,PBX3,0.01,0,0,35,0,Down,3268209.5,0.893894863104295,613,0,10629,34,Down,0.259964108550619,-9.2640905960549,-1.99365787521601,-0.585086607930683
MA0669.1,NEUROG2,0,2,0,17,0,Up,3263512.5,0.941598444609753,613,2,10629,16,Up,0.257121072802773,-8.635191717321076,1.392400557091068,0.589862328542179
MA1120.1,SOX13,0,0,0,50,0,Down,3272807,0.847569511801239,613,0,10629,49,Down,0.112714643664636,-9.00367451440418,-2.51449003851745,-0.948019657604194
MA0902.2,HOXB2,0.08,3152,5.1,52809,5,Up,3371083.5,0.147043791816279,613,589,10629,9951,Up,0.012541496049473,-0.076329680133663,0.037516298901041,1.90165065431255
MA0732.1,EGR3,0.12,202,0.3,4666,0.4,Down,3488468,0.003152664073528,613,137,10629,3106,Down,2.016704894785403E-4,-1.966171750767139,-0.382919948967487,-3.695357647619095
MA0505.1,Nr5a2,0.02,13,0,113,0,Up,3292842.5,0.653681932370416,613,13,10629,111,Up,0.025106778667848,-6.040459123402098,1.068854183805323,1.600209005985772
MA1585.1,ZKSCAN1,0.08,361,0.6,5380,0.5,Up,3450786,0.013505332895698,613,273,10629,4095,Up,0.00326492336633,-1.270742373539843,0.210439725338989,2.486127007948097
MA1116.1,RBPJ,0,10,0,145,0,Up,3267094,0.905195907205068,613,10,10629,143,Up,0.476184934114145,-6.039740649716761,0.342277077665231,0.322224349238988
MA0092.1,Hand1::Tcf3,0.12,3945,6.4,70522,6.6,Down,3383289,0.108214611261742,613,610,10629,10604,Down,0.194242313126241,-0.005234592327174,-0.003674912696656,-0.711656158796862
MA0878.2,CDX1,0.08,149,0.2,2876,0.3,Down,3334006.5,0.329308569153948,613,125,10629,2426,Down,0.165335889645762,-2.2102504750865,-0.158251009251267,-0.781632863408097
MA0781.1,PAX9,0.15,0,0,46,0,Down,3271887.5,0.856797836076286,613,0,10629,46,Down,0.17924452942021,-9.048773418889969,-2.424292229545873,-0.746554090214532
MA0461.2,Atoh1,0.14,665,1.1,11897,1.1,Down,3329338.5,0.359791631354523,613,323,10629,6031,Down,0.053873315991303,-0.870391312686972,-0.10581263796685,-1.268626292090892
MA0641.1,ELF4,0.09,133,0.2,1422,0.1,Up,3476576,0.0051064290918,613,113,10629,1258,Up,4.343188149255206E-6,-2.756333830218038,0.643925567692095,5.362191356358845
MA0651.1,HOXC11,0.09,63,0.1,833,0.1,Up,3333404,0.333146170235009,613,60,10629,794,Up,0.041114142668075,-3.541969501132428,0.399826409488234,1.386008761428321
MA0746.2,SP3,0.07,231,0.4,4967,0.5,Down,3355927.5,0.209089687783807,613,189,10629,3494,Down,0.308889344238704,-1.649890639679672,-0.089949711624283,-0.510197073304739
MA0495.3,MAFF,0.15,377,0.6,6878,0.6,Down,3338277,0.302932422803098,613,268,10629,4973,Down,0.14508872661627,-1.143940804801086,-0.096400901752813,-0.838366330901684
MA1527.1,NFIC(var.2),0.13,51,0.1,1266,0.1,Down,3332617,0.338202234173604,613,32,10629,801,Down,0.032095204837203,-3.983889562852483,-0.509324315563935,-1.493559848227628
MA1134.1,FOS::JUNB,0.11,596,1,8884,0.8,Up,3412435.5,0.047780725892254,613,239,10629,3679,Up,0.029247567086972,-1.443764891936515,0.173454408019581,1.533910254185135
MA0744.2,SCRT2,0.02,3,0,172,0,Down,3294563,0.637873828959144,613,3,10629,172,Down,0.026993095532985,-6.699449087582416,-1.508231048045769,-1.56874730826284
MA1564.1,SP9,0.05,346,0.6,7365,0.7,Down,3430739.5,0.026857357268068,613,243,10629,4662,Down,0.044328928338301,-1.261019838387832,-0.144243466385461,-1.353312767739419
MA1562.1,SOX14,0.05,33,0.1,422,0,Up,3302780.5,0.564717466158517,613,32,10629,408,Up,0.086913350499534,-4.470072783856915,0.46304212644493,1.060913507752195
MA0656.1,JDP2(var.2),0.01,13,0,120,0,Up,3291759.5,0.663713511415539,613,12,10629,97,Up,0.017605375491776,-6.192759572681816,1.151392457587273,1.754354707755546
MA0769.2,TCF7,0.02,219,0.4,4187,0.4,Down,3326019.5,0.382509055328147,613,178,10629,3290,Down,0.34497313329245,-1.736417139164887,-0.089444260937836,-0.462214726715658
MA1633.1,BACH1,0.08,34,0.1,313,0,Up,3339415.5,0.296144609834118,613,33,10629,306,Up,0.001373310232673,-4.655436597369707,0.921212508329149,2.862231343958636
MA0829.2,SREBF1(var.2),0.12,457,0.7,5994,0.6,Up,3550918,1.756123163769718E-4,613,275,10629,3986,Up,3.168075863092721E-4,-1.284945093275548,0.259868136367601,3.499204427294643
MA0903.1,HOXB3,0.04,3357,5.5,56818,5.3,Up,3354379,0.21636439529837,613,591,10629,9992,Up,0.012921552000167,-0.070920669120186,0.036470987594138,1.888685320348012
MA0483.1,Gfi1b,0.08,467,0.8,7174,0.7,Up,3399643,0.069434307746997,613,309,10629,4948,Up,0.066967419416942,-1.045067243193809,0.115886617490337,1.174136436237414
MA0738.1,HIC2,0.1,4922,8,90355,8.5,Down,3523876,6.6011411465694E-4,613,612,10629,10621,Down,0.396386163528293,-0.001719856604867,-0.001267286336209,-0.401881513642334
MA0784.1,POU1F1,0.12,105,0.2,1559,0.1,Up,3339458.5,0.295890251529403,613,95,10629,1374,Up,0.073621719830477,-2.817292814669634,0.267604218084954,1.132994041491879
MA0466.2,CEBPB,0.08,46,0.1,658,0.1,Up,3306678.5,0.531486251837163,613,41,10629,549,Up,0.112338325595079,-4.079845273295907,0.387930341959852,0.949472053579309
MA1463.1,ARGFX,0.14,1904,3.1,31516,3,Up,3347354,0.251654078171721,613,533,10629,8909,Up,0.041301636986272,-0.2281162166218,0.053082287566641,1.384032734783896
MA0070.1,PBX1,0.1,76,0.1,1164,0.1,Up,3295356,0.630642193399651,613,65,10629,1008,Up,0.357988172570647,-3.312643639368778,0.170294214486648,0.446131321602368
MA0737.1,GLIS3,0.12,1,0,100,0,Down,3282818,0.748702731846131,613,1,10629,99,Down,0.044457133506833,-7.707559263811582,-1.936795538260334,-1.352058543038248
MA0501.1,MAF::NFE2,0.15,88,0.1,1052,0.1,Up,3371418,0.145853714312971,613,78,10629,987,Up,0.006868605061129,-3.197223981022256,0.461850392501958,2.163131454464093
MA0147.3,MYC,0.08,611,1,7877,0.7,Up,3596829.5,1.429007630404655E-5,613,244,10629,3108,Up,5.883226729967353E-8,-1.550506065199145,0.446554372976947,7.23038441428869
MA0259.1,ARNT::HIF1A,0.09,3631,5.9,57124,5.4,Up,3622622,3.019746791732558E-6,613,607,10629,10323,Up,0.003259733754381,-0.028160248463327,0.027962626587131,2.486817870399966
MA1574.1,THRB,0.15,73,0.1,977,0.1,Up,3331588,0.344886948731593,613,65,10629,886,Up,0.052339429518741,-3.405652913225915,0.356312762200921,1.281171015326494
MA1587.1,ZNF135,0.05,31,0.1,314,0,Up,3314898.5,0.464812195594994,613,28,10629,300,Up,0.018229435059434,-4.786297227006021,0.716535415015715,1.739226790169607
MA1419.1,IRF4,0.14,10,0,114,0,Up,3276897,0.806790925874313,613,10,10629,111,Up,0.159593427616224,-6.221744163094452,0.706284104420614,0.796984997752083
MA1621.1,Rbpjl,0.15,1756,2.9,32192,3,Down,3452461,0.012717047601714,613,538,10629,9723,Down,0.002466697150007,-0.158321560201255,-0.059590877834886,-2.607884167962479
MA0152.1,NFATC2,0.05,1193,1.9,21429,2,Down,3303120.5,0.561779544172023,613,527,10629,8803,Up,0.046385916038819,-0.244908435897475,0.054032371658236,1.33361386244312
MA0667.1,MYF6,0.01,6,0,85,0,Up,3267152.5,0.904602750569657,613,5,10629,56,Up,0.385270664033639,-7.178547533917742,0.754119237784269,0.414234058553447
MA0655.1,JDP2,0,2,0,90,0,Down,3274744.5,0.828194033729025,613,2,10629,90,Down,0.243634918152278,-7.4074658334587,-1.063051210633684,-0.613260467787596
MA0048.2,NHLH1,0.15,1493,2.4,28702,2.7,Down,3495534.5,0.002343177356189,613,464,10629,8495,Down,0.013131551362818,-0.362343859284395,-0.078081775991714,-1.881683963285123
MA1483.1,ELF2,0.09,165,0.3,1904,0.2,Up,3489085,0.003072959929799,613,138,10629,1654,Up,1.163596682339646E-5,-2.415391953263121,0.536429171298809,4.934197525688676
MA1110.1,NR1H4,0.1,386,0.6,6308,0.6,Up,3329785,0.356801486509468,613,284,10629,4673,Up,0.258811013661542,-1.147066564000498,0.076863745288351,0.587017246277456
MA0657.1,KLF13,0.06,0,0,37,0,Down,3268822.5,0.887693616612169,613,0,10629,36,Down,0.263108570285616,-9.223440545003976,-2.074957977317858,-0.579865005326948
MA0522.3,TCF3,0.01,267,0.4,5712,0.5,Down,3468853,0.006904904840895,613,206,10629,4182,Down,0.004916785305225,-1.458278926271404,-0.225285271944111,-2.308318755059837
MA0733.1,EGR4,0.1,185,0.3,4140,0.4,Down,3467749,0.007203953440722,613,131,10629,2938,Down,6.518766431822879E-4,-2.038461238303462,-0.367078612134282,-3.185834579504023
MA1557.1,SMAD5,0.14,109,0.2,1610,0.2,Up,3317903,0.441655747537445,613,75,10629,1100,Up,0.135636097584886,-3.147178739835666,0.249327890995681,0.86762471389344
MA0159.1,RARA::RXRA,0.14,83,0.1,1268,0.1,Up,3310292,0.501591518425513,613,78,10629,1179,Up,0.21061740845408,-3.06906259837844,0.205527627214324,0.676505735320111
MA0525.2,TP63,0.13,2,0,33,0,Up,3260747,0.969794853960793,613,2,10629,25,Up,0.65712920162131,-8.321176106014557,0.764369334478026,0.182349233127231
MA1530.1,NKX6-3,0.03,219,0.4,4181,0.4,Down,3330782.5,0.350178129410604,613,172,10629,3195,Down,0.318449815580832,-1.782213562590306,-0.096506838814135,-0.496958998284837
MA0682.2,PITX1,0.01,881,1.4,13634,1.3,Up,3456340,0.011045901971467,613,424,10629,6915,Up,0.040240901203428,-0.575733528362014,0.088869476504295,1.395332301727148
MA0812.1,TFAP2B(var.2),0.01,73,0.1,835,0.1,Up,3337220,0.309326224735107,613,45,10629,522,Up,0.010198952985233,-4.049811890860514,0.59337399479261,1.991444410206255
MA0621.1,mix-a,0.01,230,0.4,3051,0.3,Up,3404032.5,0.061239234633785,613,144,10629,2049,Up,0.011833099571074,-2.230361845876256,0.288735989428059,1.926901481044474
MA1531.1,NR1D1,0.07,3,0,14,0,Up,3269441,0.881443691845316,613,3,10629,14,Up,0.062011659443639,-8.485684865851397,2.06424050849219,1.207526646695741
MA0695.1,ZBTB7C,0.05,150,0.2,2163,0.2,Up,3373429.5,0.138852148069788,613,131,10629,1894,Up,0.030459490478611,-2.355092617543479,0.266184146345753,1.51627736574648
MA1534.1,NR1I3,0.14,1602,2.6,25796,2.4,Up,3486169,0.003466519305355,613,571,10629,9494,Up,0.002191142506078,-0.132609824469918,0.060599958042983,2.65932937616321
MA1148.1,PPARA::RXRA,0.12,37,0.1,667,0.1,Down,3278042,0.795463356980737,613,33,10629,640,Down,0.598996872216409,-4.123780849044276,-0.142098988321716,-0.222575445361441
MA1109.1,NEUROD1,0.13,561,0.9,10783,1,Down,3432199.5,0.025597046544392,613,349,10629,6624,Down,0.007962688296161,-0.746980575520414,-0.12958062553411,-2.098940284638773
MA0838.1,CEBPG,0.12,50,0.1,718,0.1,Up,3309794,0.505657948519692,613,45,10629,608,Up,0.109037012172393,-3.939898777987773,0.373547769047127,0.962426057529406
MA0485.2,HOXC9,0.03,8,0,72,0,Up,3278236.5,0.793543359525153,613,8,10629,72,Up,0.080435352614688,-6.684666858811348,1.022420332797565,1.094553029971153
MA0794.1,PROX1,0.02,2,0,11,0,Up,3265351.5,0.922886671860402,613,2,10629,10,Up,0.136542869270137,-8.961230065610923,2.044477253670761,0.8647309752569
MA0638.1,CREB3,0.15,192,0.3,2928,0.3,Up,3370477,0.149220502749488,613,160,10629,2404,Up,0.047713723365737,-2.039377475444981,0.209774857808758,1.321356691718192
MA0792.1,POU5F1B,0.05,53,0.1,1135,0.1,Down,3307504,0.524578073823054,613,50,10629,1026,Down,0.258157903111682,-3.487488127013787,-0.230439847794649,-0.588114575148016
MA0843.1,TEF,0.05,29,0,385,0,Up,3301513.5,0.575730160834737,613,25,10629,289,Up,0.057223967640402,-4.893430384463619,0.609872385544418,1.242422033552872
MA0484.2,HNF4G,0.14,535,0.9,7781,0.7,Up,3537757.5,3.392821334521345E-4,613,355,10629,5384,Up,4.780882429780435E-4,-0.884201615513781,0.193975662940582,3.320491936230046
MA1624.1,Stat5a,0.01,23,0,269,0,Up,3299048.5,0.597441633581058,613,23,10629,264,Up,0.063628147319474,-5.017496442548153,0.622331521125771,1.196350722066982
MA0526.3,USF2,0.08,147,0.2,1509,0.1,Up,3485224,0.003603580728141,613,111,10629,1197,Up,1.392576744856074E-6,-2.804997904172061,0.689956540858921,5.856180861540886
MA0881.1,Dlx4,0.06,2600,4.2,43834,4.1,Up,3338601,0.300990266645751,613,569,10629,9581,Up,0.029440644832226,-0.128558901265619,0.042382798621651,1.531052681970043
MA1137.1,FOSL1::JUNB,0.11,803,1.3,12442,1.2,Up,3406413.5,0.057139994698036,613,333,10629,5458,Up,0.157731522477754,-0.920436930570281,0.082120696183921,0.802081504704809
MA0116.1,Znf423,0.03,7,0,32,0,Up,3285182,0.725883192927601,613,7,10629,32,Up,0.004630540448829,-7.353723620125499,1.999389364142223,2.334368317784131
MA0476.1,FOS,0.08,556,0.9,8264,0.8,Up,3404849,0.059806897481396,613,222,10629,3412,Up,0.03682186873082,-1.551215396169816,0.175914776721342,1.43389417458027
MA0715.1,PROP1,0,5,0,30,0,Up,3275470,0.820965007011761,613,5,10629,29,Up,0.035592827584094,-7.647315490444415,1.691655150837615,1.448637509175413
MA1149.1,RARA::RXRG,0.15,272,0.4,4164,0.4,Up,3365657.5,0.167400163857314,613,210,10629,3318,Up,0.11730576693957,-1.611356833464376,0.136227445735734,0.930680636746638
MA1122.1,TFDP1,0.15,1700,2.8,33710,3.2,Down,3478006.5,0.004824095307227,613,539,10629,9055,Up,0.06844086664593,-0.208323956433036,0.045767144516295,1.164684499756856
MA0032.2,FOXC1,0.13,1454,2.4,26313,2.5,Down,3260738,0.969886696788759,613,503,10629,8425,Up,0.100236706310303,-0.310155546290709,0.050167961269177,0.998973212312804
MA0786.1,POU3F1,0.06,89,0.1,1285,0.1,Up,3332939,0.336127625892873,613,80,10629,1138,Up,0.071278678308965,-3.076435097318365,0.292864883540153,1.147040361839379
MA0163.1,PLAG1,0.14,145,0.2,3664,0.3,Down,3469572.5,0.006716059508858,613,113,10629,2610,Down,4.727292098999223E-4,-2.230023359124564,-0.408695374494854,-3.325387561846819
MA0659.2,MAFG,0.11,306,0.5,5717,0.5,Down,3365310.5,0.16877065077135,613,228,10629,4350,Down,0.069156283554599,-1.356844895359905,-0.136048566489861,-1.160168353673099
MA0019.1,Ddit3::Cebpa,0.13,1215,2,19577,1.8,Up,3421886.5,0.035704571259165,613,495,10629,8088,Up,0.008246124628156,-0.351153967588123,0.085951362223412,2.083750105756877
MA1544.1,OVOL1,0.13,168,0.3,2118,0.2,Up,3474738.5,0.005490976549153,613,149,10629,1872,Up,4.812214085943188E-5,-2.270976985671875,0.468118252414151,4.31765505999479
MA0527.1,ZBTB33,0.15,567,0.9,8786,0.8,Up,3466182.5,0.007648235941412,613,316,10629,4808,Up,0.00232810968706,-1.049636377933354,0.189557067397581,2.632996562096538
MA0634.1,ALX3,0.13,3714,6.1,63647,6,Up,3310481.5,0.50004871204186,613,594,10629,10032,Up,0.005978935998864,-0.064389556737478,0.038006045640457,2.223376095432344
MA0806.1,TBX4,0.13,1675,2.7,29465,2.8,Down,3322058.5,0.410743394766669,613,578,10629,9844,Up,0.129076507774762,-0.097715140648076,0.025937512185321,0.889152793149347
MA1106.1,HIF1A,0.11,1302,2.1,19763,1.9,Up,3554522.5,1.459433195344362E-4,613,487,10629,7920,Up,0.006348714833464,-0.37803572446325,0.092749198874635,2.19731417978252
MA1541.1,NR6A1,0.06,1,0,72,0,Down,3274542,0.830214412728741,613,1,10629,72,Down,0.188317197806366,-7.93591702907594,-1.48008000773162,-0.72511001683224
MA0779.1,PAX1,0.13,0,0,42,0,Down,3270661.5,0.869132571670469,613,0,10629,42,Down,0.171099301896103,-9.113657356375134,-2.294524354575543,-0.766751762424352
MA0106.3,TP53,0.13,2,0,44,0,Down,3259514,0.982380531629745,613,2,10629,29,Up,0.685491093570098,-8.216067252319382,0.55415162708768,0.163998183527259
MA1153.1,Smad4,0.09,2447,4,38316,3.6,Up,3608905.5,6.992527559646078E-6,613,597,10629,10246,Up,0.217515539332598,-0.045533584220462,0.014817906851335,0.662509711558391
MA0822.1,HES7,0.11,44,0.1,558,0.1,Up,3294256,0.640682795906294,613,24,10629,297,Up,0.105155542076909,-4.902624973288727,0.512830567482061,0.978167833486527
MA0464.2,BHLHE40,0.06,614,1,7898,0.7,Up,3597291,1.391089812841084E-5,613,244,10629,3114,Up,7.613067809029709E-8,-1.549115068424657,0.443772379427972,7.118440301960757
MA0895.1,HMBOX1,0.13,1383,2.3,22623,2.1,Up,3422325.5,0.035213500212289,613,518,10629,8502,Up,0.005680252768699,-0.28241704223977,0.07939537478018,2.245632337949423
MA0107.1,RELA,0.06,118,0.2,2350,0.2,Down,3354050.5,0.217930805140232,613,104,10629,2120,Down,0.076162277066506,-2.439578874605326,-0.227963053953393,-1.118260080082677
MA0079.4,SP1,0.09,166,0.3,4088,0.4,Down,3429269,0.028180534727704,613,135,10629,2832,Down,0.010942406447516,-2.04334818341311,-0.270844617791848,-1.960887157714717
MA0090.3,TEAD1,0.01,19,0,228,0,Up,3290070,0.679483457841283,613,19,10629,224,Up,0.113796300215757,-5.270365897642287,0.589697165683261,0.943871857642187
MA0024.3,E2F1,0.07,115,0.2,1361,0.1,Up,3366680.5,0.163408457299531,613,64,10629,756,Up,0.00306437380123,-3.531141060623989,0.562897564768676,2.513658259303901
MA1579.1,ZBTB26,0.06,791,1.3,14532,1.4,Down,3358678,0.196608023277766,613,433,10629,7819,Down,0.120727725616381,-0.471978410174483,-0.058105880533175,-0.918192980942801
MA0796.1,TGIF1,0,2,0,6,0,Up,3262183.5,0.955141677004409,613,1,10629,3,Up,0.200935321511738,-10.122194113054604,2.892474160225712,0.696943713877474
MA1600.1,ZNF684,0.15,6,0,155,0,Down,3272802,0.847619637738166,613,6,10629,153,Down,0.479243974749773,-6.337085542688349,-0.446788545666928,-0.319443338542492
MA0871.2,TFEC,0.11,327,0.5,3726,0.4,Up,3559719.5,1.113678421533759E-4,613,185,10629,2301,Up,1.822608494609432E-6,-1.96653577252164,0.481783230959076,5.739306609946752
MA0132.2,PDX1,0.06,2234,3.6,37049,3.5,Up,3367017.5,0.162109332868931,613,560,10629,9354,Up,0.011931012827379,-0.157345129124081,0.053992316533206,1.923322687371464
MA0774.1,MEIS2,0.04,637,1,11649,1.1,Down,3341156.5,0.285962915713968,613,392,10629,7035,Down,0.254405202584852,-0.619859781833877,-0.049021816100077,-0.594474011613287
MA0780.1,PAX3,0.05,22,0,281,0,Up,3274760,0.828039434078515,613,12,10629,153,Up,0.29709710762233,-5.865377306871532,0.496627925966705,0.52710157623328
MA0478.1,FOSL2,0.09,517,0.8,7786,0.7,Up,3394526,0.080102556306483,613,219,10629,3361,Up,0.036102906428321,-1.571869542560531,0.178054276865967,1.442457834244685
MA1628.1,Zic1::Zic2,0.13,400,0.7,7558,0.7,Down,3378394,0.122680594910454,613,280,10629,5155,Down,0.183528952102959,-1.086476025592861,-0.085173094922502,-0.736295415080911
MA0859.1,Rarg,0.12,10,0,83,0,Up,3285494,0.722889069436914,613,10,10629,83,Up,0.035083321241759,-6.430341966817577,1.123479711866866,1.454899299892858
MA0686.1,SPDEF,0.12,165,0.3,2353,0.2,Up,3345465,0.261792771576198,613,132,10629,2027,Up,0.139695339047328,-2.300685450166386,0.179228931908085,0.854818083934455
MA1606.1,Foxf1,0.01,111,0.2,2337,0.2,Down,3343802.5,0.270946416427204,613,103,10629,2049,Down,0.139272588470618,-2.471081208376932,-0.192702735573295,-0.856134352688808
MA1105.2,GRHL2,0.01,28,0,604,0.1,Down,3286503.5,0.713230595798789,613,28,10629,578,Down,0.407496630191318,-4.313821242807869,-0.228416553380589,-0.389875978323678
MA0078.1,Sox17,0.06,1397,2.3,25343,2.4,Down,3312427.5,0.484352201317497,613,533,10629,8927,Up,0.053027998950153,-0.226660337295058,0.050170528913156,1.275494760988231
MA0692.1,TFEB,0.06,307,0.5,3404,0.3,Up,3553303,1.554082308008464E-4,613,169,10629,2025,Up,7.458512742924423E-7,-2.123750908032594,0.535945675012066,6.12734776393954
MA0618.1,LBX1,0.14,1765,2.9,29170,2.7,Up,3399855.5,0.069017814525432,613,527,10629,8775,Up,0.031878601415766,-0.247206376355215,0.058628252573716,1.496500740310402
MA0893.2,GSX2,0.07,2736,4.5,45888,4.3,Up,3344615.5,0.266443028911509,613,583,10629,9847,Up,0.019847942444896,-0.091287503339608,0.037913630768102,1.702284508102045
MA0028.2,ELK1,0.07,161,0.3,1659,0.2,Up,3539605,3.098235599902077E-4,613,135,10629,1433,Up,2.714217715980496E-8,-2.534615209146787,0.711689433675507,7.566355319146194
MA0153.2,HNF1B,0.15,80,0.1,1112,0.1,Up,3303169.5,0.561356747673603,613,54,10629,792,Up,0.208200349462798,-3.619127099542137,0.252783781312316,0.681518545864688
MA0722.1,VAX1,0.14,4889,8,84296,7.9,Up,3276965,0.806117038319457,613,589,10629,9993,Up,0.033596199395041,-0.073291661518397,0.031440261670509,1.47370984984587
MA0877.2,BARHL1,0.07,615,1,9162,0.9,Up,3529728,5.004229258314119E-4,613,393,10629,5923,Up,4.744237091884159E-5,-0.742125835099489,0.20285225388814,4.323833615359632
MA0630.1,SHOX,0.03,2600,4.2,43834,4.1,Up,3338601,0.300990266645751,613,569,10629,9581,Up,0.029440644832226,-0.128558901265619,0.042382798621651,1.531052681970043
MA1556.1,RXRG(var.2),0.13,56,0.1,650,0.1,Up,3352634,0.224778551763503,613,53,10629,610,Up,0.004623874826788,-3.82069558874971,0.602486082975903,2.334993931242138
MA0730.1,RARA(var.2),0.15,12,0,116,0,Up,3282259.5,0.75412705260077,613,11,10629,111,Up,0.103130110185756,-6.156121896455326,0.837528637698867,0.986614518243329
MA0665.1,MSC,0.14,202,0.3,3999,0.4,Down,3350935.5,0.233190547724085,613,105,10629,2131,Down,0.085783063804466,-2.428976560108424,-0.221687569694593,-1.066598446676904
MA1524.1,MSGN1,0.04,334,0.5,5609,0.5,Up,3326458,0.379458244724039,613,239,10629,3884,Up,0.227613262307335,-1.40465530342169,0.09523523098993,0.642802436569196
MA0130.1,ZNF354C,0.05,3075,5,53336,5,Down,3292229.5,0.659352470293943,613,605,10629,10551,Down,0.143659923025542,-0.014781006387428,-0.008310755162297,-0.842664370602089
MA1563.1,SOX18,0.13,4591,7.5,75353,7.1,Up,3536385.5,3.62832770904209E-4,613,611,10629,10611,Down,0.298377537505549,-0.003577988216841,-0.002265713837355,-0.525233874579335
MA0901.2,HOXB13,0.14,863,1.4,14572,1.4,Up,3373555,0.138424042973422,613,432,10629,6942,Up,0.008699348992778,-0.559454884828837,0.110183347380037,2.060513246165604
MA0604.1,Atf1,0.03,190,0.3,2500,0.2,Up,3428520.5,0.028875360845255,613,145,10629,1960,Up,0.0016647379999,-2.257412189731548,0.362735997953853,2.778654106993057
MA0821.1,HES5,0.12,119,0.2,1256,0.1,Up,3390633,0.089081060915904,613,62,10629,641,Up,1.451813217263901E-4,-3.6728079545681,0.755345411134564,3.838089254110811
MA1560.1,SOHLH2,0.07,614,1,7898,0.7,Up,3597291,1.391089812841084E-5,613,244,10629,3114,Up,7.613067809029709E-8,-1.549115068424657,0.443772379427972,7.118440301960757
MA0063.2,NKX2-5,0.13,1239,2,19732,1.9,Up,3488559.5,0.003140726291836,613,532,10629,8888,Up,0.042240629642094,-0.231171837478207,0.053780037857006,1.374269616798843
MA0639.1,DBP,0.13,257,0.4,4069,0.4,Up,3351360,0.23106753360608,613,128,10629,1887,Up,0.051313173251957,-2.374410085297144,0.238230201656233,1.289771127359792
MA1576.1,THRB(var.3),0.15,19,0,295,0,Up,3272274,0.852916367241088,613,19,10629,282,Up,0.518390031714497,-5.104598186361585,0.258161743121857,0.285343358242809
MA0496.3,MAFK,0.15,207,0.3,3034,0.3,Up,3409559.5,0.052076142796879,613,157,10629,2213,Up,0.00590001519505,-2.112691986201412,0.301960941851572,2.229146869863279
MA0156.2,FEV,0.04,161,0.3,1630,0.2,Up,3540819.5,2.917818034204878E-4,613,134,10629,1417,Up,2.344882843722486E-8,-2.548055133250877,0.717195924289192,7.629878850857588
MA1473.1,CDX4,0.05,84,0.1,1841,0.2,Down,3356358,0.20709908327204,613,77,10629,1652,Down,0.050071010125522,-2.835073343609339,-0.299443569558658,-1.300413647116867
MA0099.3,FOS::JUN,0.14,1155,1.9,17622,1.7,Up,3469885.5,0.006635366225215,613,449,10629,7330,Up,0.027409156475446,-0.492416226702846,0.087347997108776,1.562104329790539
MA0724.1,VENTX,0.05,248,0.4,4826,0.5,Down,3377477,0.125551392453928,613,191,10629,3685,Down,0.080410618477562,-1.603930211939846,-0.151577479596205,-1.094686597498895
MA0004.1,Arnt,0,614,1,7910,0.7,Up,3596355.5,1.468977498886304E-5,613,244,10629,3116,Up,7.697173556506439E-8,-1.548651998262426,0.442846239103508,7.113668720822194
MA1466.1,ATF6,0.14,33,0.1,383,0,Up,3302148.5,0.570198101950314,613,30,10629,377,Up,0.094011263727479,-4.572817738556322,0.485271084912604,1.026820109361682
MA0858.1,Rarb(var.2),0.14,8,0,52,0,Up,3279380.5,0.782276089557782,613,7,10629,51,Up,0.03735362114846,-7.021657263048116,1.335256649987459,1.427667290272577
MA0886.1,EMX2,0.11,3015,4.9,51151,4.8,Up,3335297,0.321185561828648,613,586,10629,9823,Up,0.00249340954261,-0.089348467213178,0.048832463157564,2.603206382752612
MA0608.1,Creb3l2,0.09,398,0.6,4781,0.4,Up,3597169,1.401019206781484E-5,613,217,10629,2666,Up,3.912772706293377E-8,-1.745551222734442,0.499006559615255,7.407515379615194
MA0892.1,GSX1,0.07,4543,7.4,78518,7.4,Up,3297592,0.610442778270922,613,597,10629,10211,Up,0.105598239994596,-0.048001781292285,0.019754300994981,0.976343320126118
MA0755.1,CUX2,0.02,1,0,103,0,Down,3283125.5,0.74572147914233,613,1,10629,100,Down,0.044698978226647,-7.700345728493943,-1.951222608895614,-1.349702404286426
MA1528.1,NFIX(var.2),0.01,3,0,27,0,Up,3265761.5,0.918720376443039,613,3,10629,26,Up,0.208514526731274,-8.050715136133583,1.194301049056565,0.68086368333068
MA0775.1,MEIS3,0.03,1012,1.7,18930,1.8,Down,3429387.5,0.028071863926097,613,485,10629,8688,Down,0.107794046808813,-0.314243375011982,-0.046697346463461,-0.967405223467227
MA1608.1,Isl1,0.01,81,0.1,1196,0.1,Up,3308225.5,0.518578108695059,613,74,10629,1123,Up,0.251906254207168,-3.14187635962295,0.200250692844413,0.598761049913782
MA0014.3,PAX5,0.15,404,0.7,5992,0.6,Up,3489074,0.003074364673813,613,296,10629,4405,Up,0.00100788021322,-1.159863651647979,0.221664825062155,2.996591080815886
MA0766.2,GATA5,0,9,0,91,0,Up,3272458.5,0.851064754700503,613,8,10629,91,Up,0.259533611526193,-6.516771484676794,0.686629584528456,0.585806389819054
MA0140.2,GATA1::TAL1,0.1,211,0.3,3426,0.3,Up,3340456,0.290030771469424,613,180,10629,2841,Up,0.159785088983197,-1.834206810974734,0.138284608398,0.796463751145086
MA1484.1,ETS2,0.04,87,0.1,886,0.1,Up,3438592,0.020662883846855,613,82,10629,832,Up,6.09148210161818E-6,-3.284538486341765,0.77988233384935,5.215277027524196
MA0813.1,TFAP2B(var.3),0.05,152,0.2,3163,0.3,Down,3309447,0.508501610390709,613,77,10629,1492,Down,0.337424438494236,-2.908533013730782,-0.152524229315771,-0.471823466148691
MA0479.1,FOXH1,0.06,96,0.2,1385,0.1,Up,3346770.5,0.254756191043353,613,90,10629,1268,Up,0.047903431845219,-2.913975978870412,0.305804664581425,1.319633372221087
MA1474.1,CREB3L4,0.13,403,0.7,5950,0.6,Up,3443696,0.017340195120825,613,276,10629,4252,Up,0.014065619453429,-1.235737229051257,0.171906731246119,1.851841136639064
MA1549.1,POU6F1(var.2),0.14,664,1.1,11634,1.1,Down,3299448.5,0.593893270481155,613,370,10629,6151,Up,0.23868330027719,-0.758326693766881,0.06147378481962,0.622177965790806
MA1572.1,TGIF2LY,0.15,136,0.2,2002,0.2,Up,3323752.5,0.398519955379298,613,79,10629,1155,Up,0.126170424246345,-3.074760574567991,0.253447992378883,0.899042436628731
MA0676.1,Nr2e1,0.05,191,0.3,3365,0.3,Down,3287845.5,0.700461978057368,613,153,10629,2769,Down,0.570070422320082,-1.969600490177234,-0.058448396230983,-0.244071491457555
MA0047.3,FOXA2,0.01,73,0.1,1685,0.2,Down,3360548,0.188439378972186,613,69,10629,1525,Down,0.032049263507118,-2.971349055792903,-0.34125881029299,-1.494181946128618
MA1512.1,KLF11,0.09,475,0.8,9943,0.9,Down,3430308.5,0.027239504055102,613,308,10629,5749,Down,0.066744309226422,-0.939179093108438,-0.105227522810097,-1.175585757332996
MA1546.1,PAX3(var.2),0.13,16,0,207,0,Up,3280867.5,0.767698945640456,613,16,10629,202,Up,0.225441289269847,-5.465266715878764,0.497482603148625,0.646966540553122
MA0699.1,LBX2,0.07,2596,4.2,43789,4.1,Up,3337996.5,0.304620541435729,613,569,10629,9579,Up,0.029506665987008,-0.128709487878648,0.04268397184771,1.530079859468014
MA1550.1,PPARD,0.05,4,0,21,0,Up,3272610,0.849544938145979,613,4,10629,21,Up,0.044495516286128,-8.02025794637178,1.858526828302373,1.351683749699963
MA1583.1,ZFP57,0.07,118,0.2,1775,0.2,Up,3339157,0.297676800750009,613,108,10629,1605,Up,0.093784858052054,-2.61317373335886,0.227610864280869,1.027867274576969
MA0904.2,HOXB5,0.02,590,1,9232,0.9,Up,3321474,0.415012121160932,613,205,10629,3372,Up,0.372813718146844,-1.617054168685328,0.078258437408212,0.428508115615631
MA1497.1,HOXA6,0,4,0,17,0,Up,3273836,0.837267001651681,613,4,10629,17,Up,0.02496866824255,-8.168748815250344,2.155508566059504,1.602604621058176
MA1632.1,ATF2,0.05,85,0.1,907,0.1,Up,3401491.5,0.065879577304472,613,75,10629,835,Up,2.436500867289133E-4,-3.345902445750851,0.64677530282605,3.613233429692571
MA0007.3,Ar,0.07,3,0,170,0,Down,3277217.5,0.803615998585865,613,2,10629,98,Down,0.179128457143338,-7.346362867272116,-1.185257143006855,-0.746835414717215
MA0723.1,VAX2,0.15,4787,7.8,82879,7.8,Up,3284659,0.730911576748517,613,596,10629,10105,Up,0.014739647781569,-0.056737118242152,0.03239182454895,1.831512894248235
MA1548.1,PLAGL2,0.07,478,0.8,10079,0.9,Down,3450073,0.013853780446347,613,278,10629,5260,Down,0.050800323320802,-1.077093957786984,-0.124584117071778,-1.294133523621724
MA0679.2,ONECUT1,0.14,191,0.3,3681,0.3,Down,3375103.5,0.133225138190777,613,138,10629,2822,Down,0.026697108765384,-2.030102808589209,-0.234149118049016,-1.573535769168341
MA1652.1,ZKSCAN5,0.04,218,0.4,3205,0.3,Up,3416703,0.04195837006599,613,184,10629,2691,Up,0.011549795379907,-1.857516966404071,0.248148877603124,1.937425709812067
MA0785.1,POU2F1,0.01,7,0,184,0,Down,3280082,0.775389369657483,613,6,10629,177,Down,0.248444988681302,-6.232295358177416,-0.656368914688794,-0.604769758870178
MA0882.1,DLX6,0.11,3043,5,51361,4.8,Up,3356422.5,0.206802028012767,613,585,10629,9880,Up,0.017297122116203,-0.086405976439728,0.038023606556077,1.762026148490939
MA0685.1,SP4,0.14,482,0.8,10395,1,Down,3508131,0.001354798547163,613,265,10629,5255,Down,0.002775014347741,-1.112262643484366,-0.19217767874877,-2.556734767089484
MA0109.1,HLTF,0.01,1498,2.4,25060,2.4,Up,3405273,0.059074129647288,613,554,10629,9346,Up,0.07270786769601,-0.165725748219649,0.039699729436909,1.138418591725762
MA1139.1,FOSL2::JUNB(var.2),0.03,26,0,206,0,Up,3291850,0.662872887212288,613,12,10629,97,Up,0.017605375491776,-6.192759572681816,1.151392457587273,1.754354707755546
MA1495.1,HOXA1,0.15,6145,10,111217,10.5,Down,3374503.5,0.135221340277302,613,591,10629,10111,Up,0.173020579572375,-0.06238093996298,0.019391529279728,0.761902237546525
MA0516.2,SP2,0.15,331,0.5,6814,0.6,Down,3418455.5,0.039747548846305,613,221,10629,4324,Down,0.024827811857372,-1.383612569058444,-0.172288152098886,-1.605061554313499
MA0913.2,HOXD9,0.15,2019,3.3,34483,3.2,Up,3326909,0.376336126543983,613,561,10629,9400,Up,0.018505067526524,-0.152520828988973,0.049487015453339,1.732709325789452
MA0791.1,POU4F3,0.03,4,0,26,0,Up,3271382,0.861879592817121,613,4,10629,25,Up,0.070549795178952,-7.897177652737081,1.612366241032975,1.151504242756979
MA0836.2,CEBPD,0.08,54,0.1,1124,0.1,Down,3307404.5,0.525408293075561,613,47,10629,976,Down,0.219783437796259,-3.567686903335115,-0.246754043993685,-0.658005037775596
MA0031.1,FOXD1,0.01,111,0.2,2340,0.2,Down,3344411.5,0.267568159962504,613,103,10629,2051,Down,0.13932797173965,-2.470377626248054,-0.194109899831051,-0.855961685064386
MA0042.2,FOXI1,0.15,897,1.5,15424,1.5,Up,3313026.5,0.479574966763975,613,450,10629,7488,Up,0.121220298073435,-0.475430651451839,0.059788827204944,0.916424652420639
MA1599.1,ZNF682,0.1,78,0.1,1400,0.1,Down,3304110.5,0.553267330461037,613,65,10629,1291,Down,0.278230564887389,-3.13422535961626,-0.186542345018391,-0.555595162507909
MA0006.1,Ahr::Arnt,0.01,813,1.3,13690,1.3,Up,3398953,0.070800938371404,613,429,10629,6848,Up,0.005362125854415,-0.574309504115514,0.119808583182144,2.270662996911003
MA0905.1,HOXC10,0.01,5,0,39,0,Up,3272407.5,0.851576500897706,613,5,10629,39,Up,0.08968249704894,-7.436746641036785,1.270517452022354,1.047292308090624
MA1507.1,HOXD4,0,12,0,359,0,Down,3299534.5,0.593131633555119,613,12,10629,344,Down,0.095139580541521,-5.282244643204476,-0.669637401367408,-1.021638767661799
MA1639.1,MEIS1(var.2),0.12,170,0.3,3407,0.3,Down,3358408,0.19780856008115,613,137,10629,2697,Down,0.094313723644803,-2.068005298050283,-0.179252854401199,-1.025425108221745
MA0661.1,MEOX1,0.14,2976,4.9,51885,4.9,Down,3278311,0.792808266950542,613,558,10629,9521,Up,0.275147233804065,-0.14715951136031,0.02330689636144,0.560434849015534
MA0814.2,TFAP2C(var.2),0.01,47,0.1,606,0.1,Up,3322479.5,0.407684963093383,613,46,10629,586,Up,0.046540460556944,-3.950779769875715,0.458038094641682,1.332169323319387
MA0809.2,TEAD4,0.01,43,0.1,678,0.1,Up,3281224.5,0.76421123810717,613,42,10629,651,Up,0.437861347307899,-3.939846672091066,0.176636149131726,0.358663390938951
MA0503.1,Nkx2-5(var.2),0.15,3447,5.6,58545,5.5,Up,3406639,0.056763882177782,613,604,10629,10579,Down,0.004375795316384,-0.014061647271756,-0.014518714284051,-2.358943000898574
MA1536.1,NR2C2(var.2),0.01,808,1.3,13065,1.2,Up,3406766.5,0.056552137550936,613,454,10629,7469,Up,0.045210504531803,-0.470886603091162,0.076207107244727,1.344760646379656
MA1558.1,SNAI1,0.03,976,1.6,18544,1.7,Down,3478717.5,0.004689089768958,613,448,10629,8349,Down,0.001781416723114,-0.400133691615566,-0.103643334256155,-2.749234475045954
MA1470.1,BACH2(var.2),0.08,1,0,3,0,Up,3262489.5,0.952022079821943,613,1,10629,2,Up,0.154838328481141,-10.364907526639724,3.377900987395952,0.810121525646386
MA0506.1,NRF1,0.06,231,0.4,2573,0.2,Up,3518746.5,8.378482740397653E-4,613,148,10629,1728,Up,1.13138800705984E-6,-2.333540819912402,0.573880814100526,5.946388429179964
MA0694.1,ZBTB7B,0.11,377,0.6,6015,0.6,Up,3384697,0.104313757079341,613,280,10629,4430,Up,0.052839741064219,-1.19579744081395,0.133469735519675,1.277039319268267
MA0491.2,JUND,0.04,14,0,433,0,Down,3311001.5,0.495828121353386,613,14,10629,416,Down,0.03922430152157,-5.038275984197425,-0.729325108675817,-1.406444781279041
MA0076.2,ELK4,0.02,172,0.3,1858,0.2,Up,3546226,2.227720563415803E-4,613,146,10629,1595,Up,2.904386675238316E-8,-2.401077950593205,0.669830542705095,7.536945564368962
MA0083.3,SRF,0.06,5,0,19,0,Up,3270055.5,0.875241489070308,613,3,10629,12,Up,0.044950157365393,-8.59274726852782,2.278365313845038,1.347268783512457
MA1100.2,ASCL1,0.09,2999,4.9,57625,5.4,Down,3539661.5,3.089615770381915E-4,613,557,10629,9924,Down,0.020335444418216,-0.118549474422167,-0.039084128866142,-1.69174633192574
MA0708.1,MSX2,0.09,2600,4.2,43834,4.1,Up,3338601,0.300990266645751,613,569,10629,9581,Up,0.029440644832226,-0.128558901265619,0.042382798621651,1.531052681970043
MA1489.1,FOXN3,0,36,0.1,726,0.1,Down,3287013,0.708373199621492,613,35,10629,702,Down,0.449568725597984,-4.015302057137499,-0.191740714041447,-0.347203908232229
MA0873.1,HOXD12,0.02,7,0,46,0,Up,3280891,0.767469217094294,613,7,10629,46,Up,0.024128323323292,-7.095328121085709,1.482598366062645,1.617472856157603
MA0899.1,HOXA10,0.09,1656,2.7,29225,2.7,Down,3296084.5,0.624029767911018,613,534,10629,8944,Up,0.052033018004127,-0.223937194511076,0.050127597137323,1.283720983549927
MA0702.2,LMX1A,0.01,230,0.4,3061,0.3,Up,3402402,0.064184579322635,613,144,10629,2054,Up,0.013734030328561,-2.228604175609817,0.285220648895182,1.86220199789768
MA0087.1,Sox5,0.14,1586,2.6,28577,2.7,Down,3302989.5,0.562910632943005,613,542,10629,9155,Up,0.11671111500111,-0.196401680142269,0.037922947622411,0.932887781882801
MA0867.2,SOX4,0.04,551,0.9,9436,0.9,Up,3363808.5,0.174800045493278,613,379,10629,6022,Up,0.011855496853833,-0.756301400173335,0.126675883851792,1.926080240390457
MA1623.1,Stat2,0.15,877,1.4,15157,1.4,Up,3304317,0.551499803593915,613,442,10629,7289,Up,0.07292398268194,-0.507783929186987,0.072796080988884,1.137129620741732
MA1127.1,FOSB::JUN,0.03,14,0,138,0,Up,3284648.5,0.731012648340157,613,11,10629,103,Up,0.058747605283955,-6.209828367665817,0.944941580119847,1.231009831748322
MA1559.1,SNAI3,0.09,1106,1.8,20830,2,Down,3464581,0.008127682167402,613,474,10629,8731,Down,0.003535492814326,-0.327213784448894,-0.086882944385804,-2.4515500410962
MA1593.1,ZNF317,0.11,209,0.3,4108,0.4,Down,3383463,0.107726382670985,613,170,10629,3355,Down,0.048811703029228,-1.755382839041761,-0.183817531193944,-1.31147603964334
MA0135.1,Lhx3,0.12,237,0.4,3261,0.3,Up,3391237.5,0.087635952574682,613,142,10629,2042,Up,0.018095271609909,-2.24288358840141,0.273564327581217,1.742434893749504
MA0795.1,SMAD3,0.15,127,0.2,1878,0.2,Up,3337309.5,0.308781407807197,613,99,10629,1458,Up,0.092281926261795,-2.744905678723071,0.24122153120763,1.034883348739837
MA1140.2,JUNB(var.2),0.05,17,0,178,0,Up,3295825.5,0.62637721926496,613,16,10629,153,Up,0.037642003480714,-5.665108342079669,0.897165855550434,1.424327269477968
MA0137.3,STAT1,0,0,0,38,0,Down,3269129,0.884595545184066,613,0,10629,37,Down,0.265784109948116,-9.203943479196045,-2.113952108933721,-0.575470987156023
MA0714.1,PITX3,0.1,981,1.6,15036,1.4,Up,3487902.5,0.003227365784693,613,453,10629,7328,Up,0.010265239255225,-0.486222343229486,0.100523100190207,1.98863092393457
MA0603.1,Arntl,0.08,614,1,7896,0.7,Up,3597407,1.381711027081955E-5,613,244,10629,3114,Up,7.613067809029709E-8,-1.549115068424657,0.443772379427972,7.118440301960757
MA1503.1,HOXB9,0.03,13,0,129,0,Up,3287938.5,0.699580197412211,613,13,10629,127,Up,0.057665997615159,-5.943732354932822,0.875400646866769,1.239080190326073
MA0114.4,HNF4A,0.15,555,0.9,8071,0.8,Up,3542027,2.748234273097783E-4,613,364,10629,5547,Up,5.47933284146586E-4,-0.844654298738329,0.187019538804722,3.261272317593852
MA1504.1,HOXC4,0,29,0,402,0,Up,3293076,0.651527173016486,613,29,10629,387,Up,0.185069449333378,-4.578005049682264,0.399457130762401,0.73266526726001
MA0788.1,POU3F3,0.09,69,0.1,968,0.1,Up,3320889,0.419310641772929,613,63,10629,886,Up,0.099826020619766,-3.428022070608558,0.311574447435636,1.000756240890532
MA0497.1,MEF2C,0.15,1804,2.9,30773,2.9,Up,3348692,0.244640500930496,613,549,10629,9081,Up,0.004361714005392,-0.193007542382818,0.068127359338288,2.36034281421627
MA0789.1,POU3F4,0.09,69,0.1,1020,0.1,Up,3309918,0.504643803720417,613,62,10629,904,Up,0.181600161808774,-3.424972335802321,0.259674173603005,0.740883768851132
MA0670.1,NFIA,0.01,437,0.7,8738,0.8,Down,3441025.5,0.019015122686906,613,313,10629,5828,Down,0.072783917907176,-0.917737543295967,-0.101720715129798,-1.137964570353656
MA1568.1,TCF21(var.2),0.09,112,0.2,1780,0.2,Up,3313405,0.476569602008049,613,74,10629,1092,Up,0.152907673416728,-3.162059782018923,0.24061753763636,0.815570719696102
MA1144.1,FOSL2::JUND,0.1,576,0.9,8547,0.8,Up,3407097.5,0.056005498872613,613,227,10629,3487,Up,0.033954444994924,-1.519502706098999,0.176611815044305,1.469103363934146
MA0611.1,Dux,0,33,0.1,470,0,Up,3288978,0.689751967499949,613,32,10629,453,Up,0.259888328424339,-4.394689547665497,0.312275654062091,0.585213224210896
MA1418.1,IRF3,0.04,1,0,3,0,Up,3262183.5,0.955141677004409,613,1,10629,3,Up,0.200935321511738,-10.122194113054604,2.892474160225712,0.696943713877474
MA1644.1,NFYC,0.09,213,0.3,3331,0.3,Up,3388380,0.094636930686908,613,176,10629,2598,Up,0.018253900204717,-1.914858965974443,0.234927611165437,1.738644328116115
MA1567.1,TBX6,0.07,734,1.2,13398,1.3,Down,3355872,0.209347321508283,613,408,10629,7456,Down,0.063197541774064,-0.549115246039261,-0.075224038955922,-1.199299814355631
MA0643.1,Esrrg,0.15,837,1.4,14397,1.4,Up,3322983.5,0.404041470303426,613,460,10629,7747,Up,0.261473838231565,-0.435066584161528,0.042408793179916,0.582571757963274
MA0849.1,FOXO6,0,111,0.2,2340,0.2,Down,3344411.5,0.267568159962504,613,103,10629,2051,Down,0.13932797173965,-2.470377626248054,-0.194109899831051,-0.855961685064386
MA1500.1,HOXB6,0.12,5784,9.4,97699,9.2,Up,3347732.5,0.249655968599218,613,602,10629,10338,Up,0.197326101241317,-0.033074478099592,0.013944751108023,0.704815464796802
MA0154.4,EBF1,0.04,4,0,167,0,Down,3287107,0.707478323970225,613,4,10629,165,Down,0.085584140088448,-6.54804662031922,-1.085895823802747,-1.067606708573306
MA0855.1,RXRB,0.1,6,0,38,0,Up,3278332,0.792601092879057,613,6,10629,37,Up,0.02802962041094,-7.353723620125499,1.58648760920737,1.552382783600768
MA0119.1,NFIC::TLX1,0.14,59,0.1,1281,0.1,Down,3302806.5,0.564492540773222,613,39,10629,822,Down,0.241087184681558,-3.824526516044131,-0.265224538883342,-0.617825874525096
MA1151.1,RORC,0.12,548,0.9,8917,0.8,Up,3394816.5,0.079463170145777,613,370,10629,5951,Up,0.036265962538416,-0.782169152352364,0.109158701990586,1.440500791397457
MA0808.1,TEAD3,0.1,1279,2.1,22701,2.1,Down,3344616.5,0.266437521593803,613,523,10629,9178,Down,0.468670288189795,-0.220308618700624,-0.017130376062946,-0.329132578129526
MA0160.1,NR4A2,0.06,622,1,9809,0.9,Up,3465031.5,0.007990166258022,613,404,10629,6328,Up,0.001703265967241,-0.674530941758742,0.147214601051629,2.768717531082509
MA0681.2,PHOX2B,0.04,6,0,41,0,Up,3277412.5,0.801685876205799,613,6,10629,40,Up,0.037589519806582,-7.298207963931126,1.475456296818626,1.424933222216056
MA1517.1,KLF6,0.02,247,0.4,3818,0.4,Up,3380751.5,0.115535381648439,613,198,10629,3033,Up,0.048381457896398,-1.718471427856047,0.1810941826722,1.315321049020419
MA0662.1,MIXL1,0.04,2271,3.7,38198,3.6,Up,3334675,0.325084242026217,613,558,10629,9344,Up,0.020810119247906,-0.160695211291568,0.050378296223956,1.681725431150253
MA0018.4,CREB1,0.09,372,0.6,5442,0.5,Up,3445185.5,0.016463372449006,613,262,10629,3900,Up,0.002971715882884,-1.335544339325144,0.221596836431447,2.526992714559477
MA0486.2,HSF1,0.05,10,0,86,0,Up,3279906,0.777115549517204,613,9,10629,84,Up,0.100537066518083,-6.493949349581099,0.96191465872356,0.997673790816673
MA1505.1,HOXC8,0.13,8287,13.5,143782,13.5,Down,3282409.5,0.752669002741194,613,602,10629,10270,Up,0.034967182777654,-0.037834709978676,0.023465214866191,1.456339356349749
MA0614.1,Foxj2,0.12,1234,2,22216,2.1,Down,3273853.5,0.837092024727899,613,509,10629,8569,Up,0.154738450661775,-0.289385998708525,0.042809602422868,0.810401755884843
MA0093.3,USF1,0.08,93,0.2,950,0.1,Up,3440831.5,0.019142134092485,613,80,10629,788,Up,2.468583346146452E-6,-3.34141091299142,0.822816514886265,5.607552205223695
MA0101.1,REL,0.01,33,0.1,384,0,Up,3311798.5,0.489396336449843,613,32,10629,379,Up,0.045157297949521,-4.523190880222024,0.569278319175147,1.345272052591192
MA0520.1,Stat6,0.11,471,0.8,7531,0.7,Up,3346348,0.257018901253486,613,218,10629,3506,Up,0.18591827199218,-1.544700083357172,0.110540038389731,0.730677925798737
MA1554.1,RFX7,0.13,2978,4.9,46809,4.4,Up,3616355,4.448172625570734E-6,613,610,10629,10463,Up,0.026279425938609,-0.014890138082884,0.015636178814765,1.580384125962232
MA1480.1,DPRX,0.05,71,0.1,921,0.1,Up,3338071,0.304171574096711,613,64,10629,852,Up,0.039917171480154,-3.44496118477659,0.390537813073878,1.398840240282527
MA0666.1,MSX1,0.09,2600,4.2,43834,4.1,Up,3338601,0.300990266645751,613,569,10629,9581,Up,0.029440644832226,-0.128558901265619,0.042382798621651,1.531052681970043
MA0475.2,FLI1,0.09,254,0.4,2925,0.3,Up,3583838,3.005105685160991E-5,613,196,10629,2369,Up,8.06588784388278E-8,-1.903976600498381,0.522885138188164,7.093347821148319
MA0027.2,EN1,0.06,2600,4.2,43834,4.1,Up,3338601,0.300990266645751,613,569,10629,9581,Up,0.029440644832226,-0.128558901265619,0.042382798621651,1.531052681970043
MA0688.1,TBX2,0.12,876,1.4,16284,1.5,Down,3377294.5,0.126128931184583,613,451,10629,8128,Down,0.106847789050958,-0.414675019449963,-0.055324673464168,-0.971234460050245
MA0009.2,TBXT,0.15,42,0.1,586,0.1,Up,3290630,0.674240385894675,613,25,10629,325,Up,0.151710370793368,-4.808883286875419,0.440778190368019,0.818984730192931
MA0524.2,TFAP2C,0.08,548,0.9,11316,1.1,Down,3454169.5,0.011955222445434,613,258,10629,5022,Down,0.01402041214888,-1.16424761747619,-0.165302891743561,-1.853239219511063
MA1596.1,ZNF460,0.03,219,0.4,2710,0.3,Up,3527206,5.642293073586657E-4,613,183,10629,2303,Up,4.861981791853713E-6,-1.973728756720273,0.464890951801161,5.313186671924659
MA0735.1,GLIS1,0.11,0,0,27,0,Down,3266064,0.915647886875012,613,0,10629,27,Down,0.399879100539277,-9.427672967681653,-1.666493131962501,-0.398071293435002
MA0763.1,ETV3,0.1,240,0.4,2424,0.2,Up,3645861,6.80295248023377E-7,613,186,10629,1991,Up,2.391766125280001E-11,-2.067017032134272,0.698258637453211,10.621281289343385
MA0736.1,GLIS2,0.14,229,0.4,4739,0.4,Down,3351811,0.228827072086746,613,174,10629,3250,Down,0.25948048354694,-1.761588241931744,-0.104496131043018,-0.585895301424823
MA0912.2,HOXD3,0.15,2009,3.3,33105,3.1,Up,3390865.5,0.088522994431544,613,549,10629,9229,Up,0.05543899659698,-0.181346600008287,0.044805474589226,1.256184638719809
MA0742.1,Klf12,0.09,253,0.4,3857,0.4,Up,3386379.5,0.099799797070088,613,200,10629,3061,Up,0.044045794907584,-1.704612127339586,0.182302040263204,1.356095547765125
MA0837.1,CEBPE,0.08,46,0.1,658,0.1,Up,3306678.5,0.531486251837163,613,41,10629,549,Up,0.112338325595079,-4.079845273295907,0.387930341959852,0.949472053579309
MA0750.2,ZBTB7A,0.04,242,0.4,2918,0.3,Up,3534685.5,3.941343491972171E-4,613,189,10629,2402,Up,5.311393390699098E-6,-1.920165447527882,0.450599904072138,5.274791531176843
MA0853.1,Alx4,0.06,152,0.2,2029,0.2,Up,3358571,0.197083151630221,613,77,10629,1002,Up,0.01338798983013,-3.195597361135725,0.421604465494114,1.873284626215666
MA1464.1,ARNT2,0.06,614,1,7898,0.7,Up,3597291,1.391089812841084E-5,613,244,10629,3114,Up,7.613067809029709E-8,-1.549115068424657,0.443772379427972,7.118440301960757
MA0632.2,TCFL5,0.01,28,0,280,0,Up,3309346,0.509330877126473,613,25,10629,266,Up,0.02492058171845,-4.953144292078648,0.729300200774479,1.603441824205307
MA0754.1,CUX1,0.01,1,0,94,0,Down,3280979,0.76660913865388,613,1,10629,93,Down,0.064263887214011,-7.752424344139589,-1.847065377604322,-1.192033008250172
MA1601.1,ZNF75D,0.07,428,0.7,7958,0.7,Down,3376517.5,0.128611008209422,613,294,10629,5493,Down,0.074075923123483,-1.005535966642334,-0.106519486380221,-1.130322927698918
MA0697.1,ZIC3,0.14,138,0.2,3337,0.3,Down,3444836,0.016665538695118,613,118,10629,2615,Down,0.002277373828146,-2.197545672655857,-0.349261224217578,-2.642565674621815
MA1561.1,SOX12,0.03,4,0,30,0,Up,3269851.5,0.877299648810087,613,4,10629,30,Up,0.111777950946164,-7.768021654941386,1.354054245441585,0.951643855902174
MA0622.1,Mlxip,0.02,614,1,7904,0.7,Up,3597033.5,1.412126569555472E-5,613,244,10629,3114,Up,7.613067809029709E-8,-1.549115068424657,0.443772379427972,7.118440301960757
MA0844.1,XBP1,0.02,5,0,21,0,Up,3277924.5,0.796623853848983,613,5,10629,21,Up,0.012009747830737,-7.875504637774286,2.148033445497358,1.920466111403838
MA1121.1,TEAD2,0.01,54,0.1,1019,0.1,Down,3281309,0.763386412965041,613,51,10629,961,Down,0.611270250725831,-3.520531037182427,-0.10777593859452,-0.213766739921002
MA1555.1,RXRB(var.2),0.15,84,0.1,1005,0.1,Up,3370760,0.14820178291993,613,74,10629,921,Up,0.005354804965624,-3.284848386397547,0.486194746393607,2.271256342553067
MA0074.1,RXRA::VDR,0.09,0,0,42,0,Down,3270661.5,0.869132571670469,613,0,10629,42,Down,0.171099301896103,-9.113657356375134,-2.294524354575543,-0.766751762424352
MA0084.1,SRY,0.09,3788,6.2,65610,6.2,Up,3312679.5,0.482339275478437,613,602,10629,10310,Up,0.10771762537207,-0.035030770699898,0.017857336308633,0.967713229148141
MA0874.1,Arx,0.08,206,0.3,2750,0.3,Up,3381515.5,0.113291361258384,613,100,10629,1326,Up,0.007176843353861,-2.806122498740172,0.392509312512392,2.144066532839184
MA0819.1,CLOCK,0.11,614,1,7898,0.7,Up,3597291,1.391089812841084E-5,613,244,10629,3114,Up,7.613067809029709E-8,-1.549115068424657,0.443772379427972,7.118440301960757
MA1649.1,ZBTB12,0.13,1297,2.1,20359,1.9,Up,3522917,6.904171481739718E-4,613,537,10629,8752,Up,6.573807050993744E-4,-0.23555263154764,0.089508084723115,3.182183047123646
MA1125.1,ZNF384,0.01,3975,6.5,59825,5.6,Up,3470799,0.006404821275044,613,379,10629,6107,Up,0.035489954840387,-0.746191665158942,0.106456413823007,1.449894553275207
MA1581.1,ZBTB6,0.02,163,0.3,2152,0.2,Up,3441043,0.019003701787117,613,139,10629,1806,Up,4.334990226195033E-4,-2.346801398813169,0.420006353958903,3.363011877360631
MA0761.2,ETV1,0.07,225,0.4,4403,0.4,Down,3377360,0.125921412572731,613,179,10629,3508,Down,0.051646185273361,-1.686113483995667,-0.173932031688373,-1.286961751122334
MA0716.1,PRRX1,0.04,2600,4.2,43834,4.1,Up,3338601,0.300990266645751,613,569,10629,9581,Up,0.029440644832226,-0.128558901265619,0.042382798621651,1.531052681970043
MA0869.1,Sox11,0.13,4,0,28,0,Up,3270769,0.868049698573244,613,4,10629,27,Up,0.085941642334318,-7.842710466960499,1.503431869479811,1.065796351258159
MA1571.1,TGIF2LX,0,2,0,6,0,Up,3262183.5,0.955141677004409,613,1,10629,3,Up,0.200935321511738,-10.122194113054604,2.892474160225712,0.696943713877474
MA0713.1,PHOX2A,0.01,9,0,69,0,Up,3285687.5,0.721034263015299,613,9,10629,65,Up,0.018746668753732,-6.677677566953467,1.329371093468293,1.727075894357927
MA0883.1,Dmbx1,0.13,880,1.4,13582,1.3,Up,3461011,0.009294512851623,613,425,10629,6909,Up,0.029187363577131,-0.574662363764905,0.093516303575925,1.534805131994315
MA1126.1,FOS::JUN(var.2),0.04,11,0,86,0,Up,3290035.5,0.679806979299346,613,10,10629,68,Up,0.00954300250923,-6.573178071574342,1.409151921380392,2.020314961979897
MA0139.1,CTCF,0.06,5,0,174,0,Down,3282723,0.749624531673348,613,5,10629,168,Down,0.17419979340987,-6.390334624534407,-0.822306580982402,-0.758952364374317
MA1136.1,FOSB::JUNB(var.2),0.02,13,0,120,0,Up,3291759.5,0.663713511415539,613,12,10629,97,Up,0.017605375491776,-6.192759572681816,1.151392457587273,1.754354707755546
MA1509.1,IRF6,0.08,75,0.1,970,0.1,Up,3367764.5,0.159257480889523,613,74,10629,920,Up,0.005317098796093,-3.28563160853795,0.487761190674415,2.274325270060194
MA1479.1,DMRTC2,0,2,0,6,0,Up,3266578.5,0.910425033077069,613,2,10629,6,Up,0.066785491918667,-9.307168917929758,2.736354958308429,1.175317870817693
MA0492.1,JUND(var.2),0.03,15,0,150,0,Up,3297212,0.613855310752131,613,15,10629,131,Up,0.015893124256888,-5.821795174604396,1.030143902656731,1.798790721159279
MA1636.1,CEBPG(var.2),0.05,1,0,100,0,Down,3283124,0.745736012642905,613,1,10629,100,Down,0.044698978226647,-7.700345728493943,-1.951222608895614,-1.349702404286426
MA0677.1,Nr2f6,0.06,0,0,36,0,Down,3268516,0.89079340484455,613,0,10629,35,Down,0.261155547089685,-9.243479264691643,-2.034880537942523,-0.583100745071653
MA0767.1,GCM2,0.11,643,1,13081,1.2,Down,3519682,8.02439174170555E-4,613,375,10629,7078,Down,0.00641951264146,-0.647404297257849,-0.121692277781569,-2.192497941582043
MA0471.2,E2F6,0.15,2098,3.4,40568,3.8,Down,3495189,0.002377841400643,613,558,10629,9896,Down,0.060671969174573,-0.11929475121607,-0.032422623927041,-1.217011909328694
MA0051.1,IRF2,0.1,44,0.1,969,0.1,Down,3303906.5,0.555016180382939,613,41,10629,858,Down,0.250282069553691,-3.757995946769455,-0.255768311093051,-0.601570262548472
MA0468.1,DUX4,0.14,298,0.5,5671,0.5,Down,3334870.5,0.323855548491377,613,219,10629,4037,Down,0.265971009825011,-1.439690987441981,-0.086302833371133,-0.575165697801851
MA1588.1,ZNF136,0.12,5,0,168,0,Down,3287330.5,0.705352238229435,613,4,10629,166,Down,0.08597810849066,-6.543701140187198,-1.094586784066791,-1.065612113546821
MA1481.1,DRGX,0.12,2776,4.5,46931,4.4,Up,3346013,0.258822889990173,613,576,10629,9698,Up,0.017700338245148,-0.110991466848588,0.04249746167491,1.75201843439539
MA1533.1,NR1I2,0.07,7,0,63,0,Up,3275680.5,0.818870357055075,613,7,10629,63,Up,0.105526514993869,-6.870565183253643,1.033072490398511,0.976638404169959
MA0111.1,Spz1,0.05,0,0,74,0,Down,3280469.5,0.771592752209289,613,0,10629,74,Down,0.034305188275275,-8.708768564212905,-3.104301938900003,-1.464640192816547
MA1133.1,JUN::JUNB(var.2),0.02,13,0,110,0,Up,3292114,0.660423107542019,613,12,10629,96,Up,0.016718191796916,-6.200196210922582,1.166265734068803,1.776810696698893
MA0865.1,E2F8,0.14,12,0,336,0,Down,3293993.5,0.643088690515649,613,12,10629,326,Down,0.142812584906616,-5.320955138783407,-0.592216410209547,-0.845233520048121
MA0772.1,IRF7,0.15,288,0.5,4791,0.5,Up,3347004.5,0.253508976647102,613,229,10629,3638,Up,0.115560009527629,-1.482613605052809,0.128088829607424,0.937192431021362
MA0671.1,NFIX,0,4,0,247,0,Down,3309800,0.505608852307903,613,4,10629,239,Down,0.004059529411052,-6.281449400854738,-1.619090262731709,-2.391524307809149
MA0595.1,SREBF1,0.14,1196,2,18890,1.8,Up,3520122.5,7.86251523459347E-4,613,519,10629,8559,Up,0.011359282029073,-0.276207450363317,0.072535711209246,1.944649117627264
MA1630.1,Znf281,0.15,664,1.1,13536,1.3,Down,3483450.5,0.003874186438277,613,377,10629,6943,Down,0.055232906917319,-0.65746273333124,-0.086247932238447,-1.257802099182103
MA1604.1,Ebf2,0.11,326,0.5,6452,0.6,Down,3410873,0.050075890400176,613,206,10629,4065,Down,0.023258435708089,-1.478745299077081,-0.184352526332758,-1.633419497956267
MA1631.1,ASCL1(var.2),0.09,304,0.5,6541,0.6,Down,3496150,0.002282568486102,613,226,10629,4593,Down,0.002164012180395,-1.323980147747813,-0.227144291737714,-2.664740299081432
MA0060.3,NFYA,0.1,284,0.5,4319,0.4,Up,3421577,0.036054282402546,613,215,10629,3172,Up,0.006597094219676,-1.626878570535202,0.235006191922789,2.180647313283027
MA1522.1,MAZ,0.01,369,0.6,8717,0.8,Down,3529682.5,5.015119156437375E-4,613,240,10629,4833,Down,0.002295938071295,-1.243980019401136,-0.214092860983454,-2.639039830410707
MA0863.1,MTF1,0.07,1,0,7,0,Up,3260957.5,0.967646869107521,613,1,10629,7,Up,0.361548080334676,-9.572426276279147,1.792938486674795,0.441833940041514
MA0141.3,ESRRB,0.12,138,0.2,2254,0.2,Up,3311091,0.49510361535618,613,127,10629,2019,Up,0.290688524682247,-2.331284890663012,0.12943758771793,0.536572112245896
MA1502.1,HOXB8,0.1,4125,6.7,70357,6.6,Up,3334360.5,0.327067191930097,613,598,10629,10203,Up,0.053635883909325,-0.047360861348289,0.023297529257773,1.270544557890847
MA0740.1,KLF14,0.14,775,1.3,15358,1.4,Down,3433708.5,0.024348527389376,613,394,10629,7150,Down,0.132767214373326,-0.604497874041839,-0.065080339215214,-0.876909156704841
MA0105.4,NFKB1,0.15,58,0.1,1169,0.1,Down,3305073,0.54505263478203,613,50,10629,1019,Down,0.257588949656479,-3.492424053059789,-0.220567995702643,-0.589072771770888
MA0680.1,PAX7,0.12,76,0.1,1513,0.1,Down,3291778,0.663541636644627,613,48,10629,944,Down,0.420293407785099,-3.576692910156235,-0.168627562639083,-0.376447421759986
MA0480.1,Foxo1,0.05,105,0.2,2272,0.2,Down,3356163.5,0.207996729096772,613,98,10629,2004,Down,0.078788688385753,-2.522813563640411,-0.232108301132236,-1.103536129265248
MA0606.1,NFAT5,0.03,338,0.6,6306,0.6,Down,3353643.5,0.219882817153489,613,245,10629,4565,Down,0.153543140237605,-1.270284640686652,-0.102111357323119,-0.813769581523116
MA1498.1,HOXA7,0.1,5219,8.5,90185,8.5,Up,3293224,0.650162919429316,613,600,10629,10316,Up,0.266468679705997,-0.03700961598467,0.012221036054797,0.574353829902767
MA1535.1,NR2C1,0.01,930,1.5,15032,1.4,Up,3414496.5,0.04488911801002,613,480,10629,7945,Up,0.04938605605526,-0.386195367047838,0.067336908317367,1.306395654985011
MA0734.2,GLI2,0.12,26,0,665,0.1,Down,3314616,0.467023694962298,613,26,10629,635,Down,0.077475639748515,-4.298518439659905,-0.468961278879601,-1.110834828924074
MA1511.1,KLF10,0.04,33,0.1,899,0.1,Down,3345003.5,0.264312068633784,613,32,10629,838,Down,0.015686946329712,-3.951335431147585,-0.574432578973733,-1.804461589314774
MA1516.1,KLF3,0.03,211,0.3,3056,0.3,Up,3401979.5,0.064966579376962,613,172,10629,2532,Up,0.019573496177115,-1.949953271766969,0.23897257953919,1.708331594637515
MA0818.1,BHLHE22,0.1,270,0.4,4436,0.4,Up,3307555,0.524152794936656,613,122,10629,1939,Up,0.307739916729601,-2.389299324676994,0.130035460033319,0.511816168064998
MA0591.1,Bach1::Mafk,0.08,19,0,165,0,Up,3298618.5,0.601266835902638,613,17,10629,162,Up,0.028488631121185,-5.581563362013593,0.899853690591309,1.545328418110414
MA1654.1,ZNF16,0.1,3,0,14,0,Up,3269441,0.881443691845316,613,3,10629,14,Up,0.062011659443639,-8.485684865851397,2.06424050849219,1.207526646695741
MA1645.1,NKX2-2,0.07,197,0.3,3994,0.4,Down,3380966.5,0.114900378899349,613,165,10629,3254,Down,0.05782592832713,-1.798899021595928,-0.182666210519518,-1.237877386415295
MA0117.2,Mafb,0.02,7,0,211,0,Down,3284349.5,0.733892735805808,613,7,10629,208,Down,0.172841883420123,-6.012955739917394,-0.682146396273987,-0.762351009923236
MA1622.1,Smad2::Smad3,0.12,573,0.9,8536,0.8,Up,3402147.5,0.064654694038213,613,226,10629,3482,Up,0.037822410100657,-1.523715385676559,0.172326184119779,1.422250800713955
MA1493.1,HES6,0.15,115,0.2,1562,0.1,Up,3384214,0.105639122643778,613,101,10629,1337,Up,0.006165171967947,-2.79302327776346,0.394879322571463,2.210054804925677
MA1619.1,Ptf1a(var.2),0,2,0,4,0,Up,3262490,0.952016983029438,613,1,10629,2,Up,0.154838328481141,-10.364907526639724,3.377900987395952,0.810121525646386
MA1521.1,MAFA,0.08,3,0,51,0,Up,3262370.5,0.9532351717853,613,3,10629,37,Up,0.479329026368386,-7.800266018167243,0.693402813123883,0.319366270966638
MA1618.1,Ptf1a,0.06,498,0.8,9611,0.9,Down,3436303,0.022325056208282,613,322,10629,6185,Down,0.006227503472125,-0.854437897443724,-0.14665257181713,-2.205686021651856
MA0517.1,STAT1::STAT2,0.12,229,0.4,4233,0.4,Down,3325142.5,0.38865562051723,613,176,10629,3284,Down,0.260931025363765,-1.745861612703257,-0.103067095376935,-0.583474279109073
MA0493.1,Klf1,0.02,39,0.1,541,0.1,Up,3295481,0.629505473484161,613,37,10629,519,Up,0.211958142993628,-4.193453509743938,0.322705333153828,0.67374989407917
MA0832.1,Tcf21,0.13,53,0.1,989,0.1,Down,3284816,0.729400873802884,613,30,10629,612,Down,0.420384347078405,-4.223701138717575,-0.212962114764888,-0.376353463205245
MA0729.1,RARA,0.15,46,0.1,563,0.1,Up,3330682.5,0.350838585695419,613,45,10629,542,Up,0.019270784045706,-4.022715840678716,0.539181894429014,1.715100615401791
MA0122.3,Nkx3-2,0.02,38,0.1,824,0.1,Down,3291642.5,0.664800912726716,613,38,10629,766,Down,0.375863594852939,-3.893888563267145,-0.200488859401718,-0.424969736856394
MA0747.1,SP8,0.09,505,0.8,10243,1,Down,3444627,0.016787472280565,613,317,10629,6045,Down,0.013372445111187,-0.882223459206053,-0.136166585594648,-1.873789176043343
MA0790.1,POU4F1,0.02,4,0,32,0,Up,3269238.5,0.883489155238518,613,4,10629,32,Up,0.130689335903955,-7.722206417208602,1.262423769976017,0.883759848892437
MA0739.1,Hic1,0.09,1611,2.6,30423,2.9,Down,3478166.5,0.004793411266494,613,553,10629,9932,Down,0.003555557865552,-0.123162484565478,-0.05063508463175,-2.449092248964246
MA1130.1,FOSL2::JUN,0.09,574,0.9,8520,0.8,Up,3407386.5,0.055531827278662,613,227,10629,3485,Up,0.030528052455204,-1.519916500758529,0.177439404363365,1.515300900743482
MA0908.1,HOXD11,0.09,60,0.1,808,0.1,Up,3324229,0.395121544339507,613,57,10629,772,Up,0.067144084657519,-3.598912237575929,0.366965509714797,1.172992242321523
MA0684.2,RUNX3,0.09,1430,2.3,23647,2.2,Up,3395757.5,0.077420482723385,613,548,10629,9264,Up,0.118802325204283,-0.179930218465887,0.036716990412349,0.925175059241127
MA0801.1,MGA,0.15,1077,1.8,19886,1.9,Down,3354513.5,0.215725393364626,613,494,10629,8816,Down,0.137084966453662,-0.290444304668506,-0.041297036470576,-0.86301016989472
MA0802.1,TBR1,0,2,0,45,0,Down,3266244,0.913820223503271,613,1,10629,45,Down,0.517273861973184,-8.271974253984059,-0.807965557915381,-0.286279466086586
MA1475.1,CREB3L4(var.2),0.13,321,0.5,4302,0.4,Up,3427206.5,0.030130835829598,613,149,10629,2035,Up,0.00228889297378,-2.210768234274927,0.347700749620254,2.640374514002433
MA1589.1,ZNF140,0.03,2,0,5,0,Up,3266885,0.907315477782903,613,2,10629,5,Up,0.051926660503962,-9.427672967681653,2.977363057812224,1.284609606758634
MA0753.2,ZNF740,0.15,613,1,12663,1.2,Down,3472592.5,0.005973041575844,613,202,10629,4252,Down,4.913325149444873E-4,-1.460416015282617,-0.277450841216601,-3.308624494579376
MA1138.1,FOSL2::JUNB,0.09,584,1,8658,0.8,Up,3417651.5,0.040749230152232,613,234,10629,3552,Up,0.017565561739493,-1.484321301121225,0.193691759947393,1.755337957089641
MA0848.1,FOXO4,0,111,0.2,2340,0.2,Down,3344411.5,0.267568159962504,613,103,10629,2051,Down,0.13932797173965,-2.470377626248054,-0.194109899831051,-0.855961685064386
MA0721.1,UNCX,0.12,2840,4.6,48351,4.5,Up,3329013.5,0.361977975715564,613,579,10629,9751,Up,0.014801236402436,-0.103316179172756,0.042122993032645,1.829702004853182
MA0150.2,Nfe2l2,0.11,49,0.1,567,0.1,Up,3329386,0.359472784803157,613,45,10629,549,Up,0.025286989466668,-4.013467668870021,0.520685550811624,1.597102872349551
MA0068.2,PAX4,0.07,1515,2.5,24125,2.3,Up,3400355,0.06804688886045,613,507,10629,8334,Up,0.011217810064438,-0.312280849965571,0.077250656750409,1.950091917568167
MA0161.2,NFIC,0.01,137,0.2,2788,0.3,Down,3351147,0.232131068758895,613,122,10629,2407,Down,0.122961346061539,-2.233373813577288,-0.181815562166092,-0.910231391247586
MA0816.1,Ascl2,0.14,1524,2.5,28787,2.7,Down,3458946.5,0.010035500357609,613,469,10629,8520,Down,0.033238467642486,-0.352500961701637,-0.066874448614987,-1.478359006240292
MA0745.2,SNAI2,0.09,697,1.1,13902,1.3,Down,3517055.5,9.055557931807456E-4,613,385,10629,7319,Down,0.002009811652777,-0.604294606955256,-0.132075753585229,-2.696844640088211
MA1147.1,NR4A2::RXRA,0.08,3,0,179,0,Down,3298273.5,0.604343863341302,613,2,10629,167,Down,0.009183807640623,-6.963380134327736,-1.951222608895613,-2.036977221362786
MA1629.1,Zic2,0.13,369,0.6,6846,0.6,Down,3352678,0.224563556358317,613,262,10629,4833,Down,0.195912583621198,-1.180839755009415,-0.087812332200011,-0.707937668029081
MA0815.1,TFAP2C(var.3),0.08,200,0.3,4153,0.4,Down,3339365.5,0.296440559257513,613,104,10629,2058,Down,0.154665898480064,-2.460984391742909,-0.185152019678228,-0.810605431190844
MA1487.1,FOXE1,0.13,525,0.9,9254,0.9,Down,3309737.5,0.506120394242541,613,287,10629,5295,Down,0.157827382020043,-1.049368154390945,-0.088266466880445,-0.80181764733339
MA0847.2,FOXD2,0.14,806,1.3,14264,1.3,Down,3306561,0.532473284201457,613,394,10629,6566,Up,0.23106438690735,-0.665957633727327,0.057839180155762,0.63626698555275
MA0056.2,MZF1,0.11,767,1.3,13715,1.3,Down,3341499.5,0.283985216723289,613,415,10629,7460,Down,0.204138647950675,-0.536472187418633,-0.051485358947856,-0.690074765971006
MA0872.1,TFAP2A(var.3),0.07,185,0.3,3832,0.4,Down,3330212.5,0.353953298082296,613,91,10629,1808,Down,0.183167345858206,-2.650213963974076,-0.190011462809573,-0.737151947576582
MA1152.1,SOX15,0.08,3959,6.5,67119,6.3,Up,3385744,0.101486111737605,613,607,10629,10415,Up,0.072068258338046,-0.021760286342823,0.015162702346123,1.142255973338307
MA0646.1,GCM1,0.11,83,0.1,1918,0.2,Down,3374969,0.133670624912313,613,77,10629,1711,Down,0.019771189527534,-2.809767833301947,-0.350054590173442,-1.7039672007064
MA0906.1,HOXC12,0.01,3,0,13,0,Up,3269747.5,0.878349226946495,613,3,10629,13,Up,0.053149820727533,-8.537231612333448,2.167334001456295,1.274498195998151
MA0017.2,NR2F1,0.05,387,0.6,5655,0.5,Up,3481754.5,0.004150102538957,613,289,10629,4364,Up,0.003144324813496,-1.183842719505729,0.200685447664121,2.502472597040199
MA0811.1,TFAP2B,0.08,930,1.5,18858,1.8,Down,3485688.5,0.003535606009446,613,374,10629,6959,Down,0.026086843263651,-0.661557897650598,-0.101079455107112,-1.583578471153611
MA1467.1,ATOH1(var.2),0.13,462,0.8,8823,0.8,Down,3383706,0.107047466814436,613,231,10629,4473,Down,0.031827724840149,-1.327324482292264,-0.157453336220809,-1.497194405195653
MA0693.2,VDR,0.07,1188,1.9,18341,1.7,Up,3586366,2.605807752320555E-5,613,530,10629,8457,Up,1.982070740743196E-5,-0.269740575645927,0.120059965795573,4.702880849464182
MA0864.2,E2F2,0.15,2926,4.8,48704,4.6,Up,3392341.5,0.085045591213809,613,552,10629,9013,Up,2.332549725735399E-4,-0.194501643677077,0.086825528585933,3.632169089111023
MA0033.2,FOXL1,0,111,0.2,2340,0.2,Down,3344411.5,0.267568159962504,613,103,10629,2051,Down,0.13932797173965,-2.470377626248054,-0.194109899831051,-0.855961685064386
MA0062.3,GABPA,0.01,14,0,127,0,Up,3294464,0.638779086821938,613,14,10629,123,Up,0.02119630739275,-5.91517871108786,1.024480345105053,1.673739790893552
MA1634.1,BATF,0.15,1003,1.6,15445,1.5,Up,3455850.5,0.011245430866214,613,411,10629,6574,Up,0.010157181998657,-0.634645782110266,0.116949737737974,1.99322676569271
MA0776.1,MYBL1,0.07,16,0,159,0,Up,3286303.5,0.715140521854678,613,14,10629,150,Up,0.083024520286195,-5.772552488500349,0.739227899930029,1.080793625066045
MA0615.1,Gmeb1,0.06,375,0.6,5278,0.5,Up,3448593,0.014602500123524,613,181,10629,2533,Up,0.001864443757671,-1.912981898684838,0.311776206035367,2.729450712920175
MA0805.1,TBX1,0.15,632,1,11817,1.1,Down,3336693.5,0.312544061876253,613,392,10629,6918,Down,0.571418306116051,-0.631956619698329,-0.024828140371173,-0.243045850551391
MA0703.2,LMX1B,0.03,230,0.4,3051,0.3,Up,3404032.5,0.061239234633785,613,144,10629,2049,Up,0.011833099571074,-2.230361845876256,0.288735989428059,1.926901481044474
MA1519.1,LHX5,0.1,2600,4.2,43834,4.1,Up,3338601,0.300990266645751,613,569,10629,9581,Up,0.029440644832226,-0.128558901265619,0.042382798621651,1.531052681970043
MA0490.2,JUNB,0.14,569,0.9,8474,0.8,Up,3401240.5,0.066353275310821,613,226,10629,3508,Up,0.052261901713001,-1.518349880884075,0.16159517453481,1.281814791156041
MA0605.2,ATF3,0.02,26,0,206,0,Up,3291850,0.662872887212288,613,12,10629,97,Up,0.017605375491776,-6.192759572681816,1.151392457587273,1.754354707755546
MA1646.1,OSR2,0.1,487,0.8,9293,0.9,Down,3377115.5,0.126697401792543,613,345,10629,6123,Down,0.528642218619274,-0.812011488031772,-0.03273229048575,-0.276838156033642
MA0108.2,TBP,0.12,2374,3.9,43158,4.1,Down,3318509,0.437066514582255,613,539,10629,8975,Up,0.021072029883179,-0.214724952529058,0.058569136708339,1.67629362648962
MA0887.1,EVX1,0.07,3527,5.8,60704,5.7,Up,3277838.5,0.797473524059357,613,587,10629,10010,Up,0.107804554495453,-0.074517096411302,0.024085208401517,0.967362890814776
MA0909.2,HOXD13,0.13,263,0.4,5107,0.5,Down,3361435.5,0.184651327630897,613,205,10629,3889,Down,0.120262342895398,-1.514171036815918,-0.127507826330609,-0.919870339683672
MA0058.3,MAX,0.02,614,1,7898,0.7,Up,3597291,1.391089812841084E-5,613,244,10629,3114,Up,7.613067809029709E-8,-1.549115068424657,0.443772379427972,7.118440301960757
MA0100.3,MYB,0.01,499,0.8,7667,0.7,Up,3457458,0.010601936652772,613,342,10629,5361,Up,0.010009949366217,-0.914162251446973,0.146405791263914,1.999568119326698
MA0890.1,GBX2,0.06,2590,4.2,43694,4.1,Up,3335945.5,0.31715343622165,613,569,10629,9579,Up,0.029506665987008,-0.128709487878648,0.04268397184771,1.530079859468014
MA0823.1,HEY1,0.06,602,1,7837,0.7,Up,3593891.5,1.694521788175862E-5,613,244,10629,3109,Up,5.930510411833813E-8,-1.550274046052582,0.446090334683822,7.226907927292798
MA0507.1,POU2F2,0.1,106,0.2,2577,0.2,Down,3442920,0.017813026613478,613,91,10629,2179,Down,5.183431850543324E-4,-2.515612161124964,-0.459215068507796,-3.285382607001679
MA0652.1,IRF8,0.13,10,0,98,0,Up,3281801,0.758589241617838,613,10,10629,95,Up,0.079194793020255,-6.33347969903673,0.92975517630517,1.101303371906846
MA1529.1,NHLH2,0.14,97,0.2,1828,0.2,Down,3327415.5,0.372848760523663,613,64,10629,1350,Down,0.103565724015321,-3.113100234477874,-0.273184087523554,-0.984783954378827
MA1101.2,BACH2,0.09,7,0,393,0,Down,3313065,0.47926879751617,613,4,10629,250,Down,0.002967787151898,-6.249056927125225,-1.683875210190737,-2.527567249643298
MA0620.3,MITF,0.08,124,0.2,914,0.1,Up,3421880.5,0.035711323195941,613,55,10629,420,Up,1.263578650862687E-7,-4.06316389614136,1.19332045765712,6.898397720445629
MA0725.1,VSX1,0.1,2349,3.8,39356,3.7,Up,3326506,0.379125201693647,613,544,10629,9099,Up,0.032090678528346,-0.198172925666865,0.052083261441734,1.49362110004376
MA0770.1,HSF2,0.13,75,0.1,1130,0.1,Up,3293536.5,0.647286169546379,613,64,10629,995,Up,0.356001972253878,-3.333100443872106,0.16681633126491,0.44854759602543
MA0879.1,Dlx1,0.05,2596,4.2,43789,4.1,Up,3337996.5,0.304620541435729,613,569,10629,9579,Up,0.029506665987008,-0.128709487878648,0.04268397184771,1.530079859468014
MA0851.1,Foxj3,0.12,584,1,10048,0.9,Up,3317493,0.444776259900563,613,337,10629,5560,Up,0.212135611454061,-0.898481528204732,0.07261137296004,0.673386419839012
MA1647.1,PRDM4,0.07,332,0.5,6374,0.6,Down,3358415.5,0.197775139575621,613,250,10629,4644,Down,0.166847863953611,-1.243365639132481,-0.09777420267043,-0.777679348967821
MA0644.1,ESX1,0.06,2596,4.2,43789,4.1,Up,3337996.5,0.304620541435729,613,569,10629,9579,Up,0.029506665987008,-0.128709487878648,0.04268397184771,1.530079859468014
MA0596.1,SREBF2,0.06,227,0.4,3570,0.3,Up,3353473,0.22070426985923,613,191,10629,3005,Up,0.128618640254826,-1.751057881120697,0.142677858765498,0.890696086052796
MA0642.1,EN2,0.03,353,0.6,6386,0.6,Down,3359229.5,0.194172414890247,613,235,10629,4446,Down,0.09193870966307,-1.31933396448241,-0.124004639135423,-1.036501595758007
MA0668.1,NEUROD2,0.06,236,0.4,3757,0.4,Up,3318178.5,0.439565976306877,613,115,10629,1786,Up,0.22261662214039,-2.491018204443321,0.163695424392946,0.652442411275637
MA0743.2,SCRT1,0.02,4,0,185,0,Down,3293233,0.650079995810389,613,4,10629,185,Down,0.035552461172053,-6.465752635412427,-1.250483793616332,-1.449130329211464
MA0726.1,VSX2,0.15,4006,6.5,67415,6.3,Up,3352333,0.226253260616872,613,569,10629,9581,Up,0.029440644832226,-0.128558901265619,0.042382798621651,1.531052681970043
MA1653.1,ZNF148,0.07,392,0.6,9335,0.9,Down,3545512.5,2.309086103984281E-4,613,247,10629,5021,Down,8.579362004319091E-4,-1.195759132649739,-0.227751372092388,-3.066545006825625
MA1578.1,VEZF1,0.07,1248,2,25287,2.4,Down,3487609.5,0.003266701723624,613,384,10629,7274,Down,0.003238280385031,-0.610616742974499,-0.12692600545316,-2.489685550764814
MA0442.2,SOX10,0.02,731,1.2,12799,1.2,Down,3318827,0.434669329710657,613,429,10629,7112,Up,0.121871818681632,-0.5470251478341,0.065239870619316,0.914096707884548
MA1545.1,OVOL2,0.04,172,0.3,2260,0.2,Up,3459826,0.009713628435832,613,152,10629,1969,Up,1.947415194914666E-4,-2.220213257411839,0.423918312398364,3.710541445687502
MA1539.1,NR2F6(var.3),0.15,7,0,268,0,Down,3304879.5,0.546699233860581,613,6,10629,258,Down,0.018670855440865,-5.961122730215972,-1.198714170611684,-1.728835783564783
MA0145.3,TFCP2,0.11,78,0.1,1201,0.1,Up,3312086.5,0.48708327619471,613,71,10629,1051,Up,0.187483094535278,-3.219300588688901,0.236504783608769,0.727037886768512
MA0623.2,NEUROG1,0.07,238,0.4,3909,0.4,Up,3302919.5,0.563515481638726,613,109,10629,1734,Up,0.340288618563677,-2.550807232000207,0.12934951587695,0.468152576257265
MA0870.1,Sox1,0.15,20,0,287,0,Up,3279671,0.77942210715605,613,20,10629,275,Up,0.297897144171596,-5.086622567849364,0.366510077609085,0.525933660183621
MA0891.1,GSC2,0.06,1446,2.4,22987,2.2,Up,3453027,0.012460037117243,613,530,10629,8783,Up,0.015215923962524,-0.242458245962337,0.065495306428394,1.817701670670785
MA1592.1,ZNF274,0.04,4,0,34,0,Up,3268625.5,0.889685782250691,613,4,10629,34,Up,0.150816371049865,-7.679128095333744,1.176267126226302,0.82155151343495
MA0146.2,Zfx,0.01,182,0.3,2421,0.2,Up,3447884,0.014973651210307,613,156,10629,2087,Up,7.106706856093765E-4,-2.159563159853287,0.377324946246,3.148331598361788
MA1643.1,NFIB,0.03,1,0,2,0,Up,3262796,0.948898122116266,613,1,10629,1,Up,0.1060866483598,-10.73339032372283,4.114866581562158,0.974339271221549
MA0857.1,Rarb,0.15,11,0,96,0,Up,3286824,0.710173688853829,613,11,10629,96,Up,0.048680344945382,-6.260343327781438,1.045971500351092,1.312646353051973
MA1141.1,FOS::JUND,0.14,685,1.1,10463,1,Up,3394530.5,0.080092620092673,613,299,10629,4885,Up,0.18244425517791,-1.078001475491062,0.086988269233885,0.738869807190061
MA0687.1,SPIC,0.04,0,0,115,0,Down,3292729.5,0.654725745752626,613,0,10629,114,Down,0.002919030502905,-8.398750930395511,-3.724337206534786,-2.534761366754285
MA1124.1,ZNF24,0.06,49,0.1,482,0,Up,3314535.5,0.46765494116862,613,27,10629,284,Up,0.015577021103034,-4.851530546528363,0.743941452780237,1.807515591734677
MA0876.1,BSX,0.15,8153,13.3,139194,13.1,Up,3345434,0.261961476773895,613,610,10629,10506,Up,0.164158836266738,-0.011931817925189,0.009719538499373,0.784735735300768
MA0136.2,ELF5,0.05,494,0.8,6590,0.6,Up,3606902.5,7.885119492900827E-6,613,329,10629,4712,Up,7.511158724929052E-6,-1.035147045418264,0.276724333526822,5.124293060462546
MA0799.1,RFX4,0.01,1,0,13,0,Up,3260954.5,0.967677480106554,613,1,10629,7,Up,0.361548080334676,-9.572426276279147,1.792938486674795,0.441833940041514
MA0777.1,MYBL2,0.15,66,0.1,701,0.1,Up,3348678.5,0.244710573579417,613,45,10629,484,Up,0.003044099032783,-4.104279076637096,0.702308366345774,2.516541222896375
MA0515.1,Sox6,0.01,19,0,186,0,Up,3302646,0.565881710373162,613,19,10629,183,Up,0.01820596185451,-5.415833588591254,0.880632547581194,1.739786371546222
MA1547.1,PITX2,0.01,734,1.2,11159,1,Up,3475891.5,0.005246739621177,613,383,10629,6117,Up,0.016508862415091,-0.737448200209142,0.11922286809834,1.782282851865611
MA0888.1,EVX2,0.07,3191,5.2,54923,5.2,Up,3276435,0.811373170896613,613,583,10629,9914,Up,0.079341308405357,-0.086396250526373,0.028131125141632,1.100500641919073
MA0131.2,HINFP,0.02,28,0,700,0.1,Down,3321661.5,0.413639921030706,613,26,10629,660,Down,0.045983532922224,-4.270685221538971,-0.52462771512147,-1.337397664870049
MA1607.1,Foxl2,0.08,99,0.2,2312,0.2,Down,3384486.5,0.104889742210287,613,94,10629,2021,Down,0.022319098131286,-2.546626368197601,-0.304101482488463,-1.651323358324037
MA1478.1,DMRTA2,0.11,2521,4.1,44080,4.1,Down,3283306,0.743973276501912,613,593,10629,10143,Up,0.159455485203928,-0.057666755808193,0.01970288357439,0.797360536610271
MA1494.1,HNF4A(var.2),0.08,3,0,31,0,Up,3264230.5,0.93428840347755,613,3,10629,31,Up,0.43077026878855,-7.926035401665225,0.944941580119847,0.365754278787824
MA0502.2,NFYB,0,3,0,12,0,Up,3270054,0.875256619536135,613,3,10629,12,Up,0.044950157365393,-8.59274726852782,2.278365313845038,1.347268783512457
MA1594.1,ZNF382,0.05,1,0,3,0,Up,3262183.5,0.955141677004409,613,1,10629,3,Up,0.200935321511738,-10.122194113054604,2.892474160225712,0.696943713877474
MA0518.1,Stat4,0.01,5,0,174,0,Down,3283635,0.74079019966911,613,5,10629,171,Down,0.176657273953401,-6.377604632038929,-0.847766565973356,-0.752868475564062
MA0098.3,ETS1,0.05,187,0.3,1940,0.2,Up,3559001.5,1.15635578816331E-4,613,151,10629,1662,Up,2.528495494551746E-8,-2.347196520069552,0.658901939759195,7.59713781588671
MA0482.2,GATA4,0.11,255,0.4,4848,0.5,Down,3359850.5,0.191456462434896,613,198,10629,3782,Down,0.099088957658177,-1.559293042320456,-0.137262588398983,-1.003974740018461
MA0508.3,PRDM1,0.12,728,1.2,12635,1.2,Down,3285201.5,0.725695936877241,613,423,10629,7131,Up,0.352887792270305,-0.555248823932804,0.041094899204195,0.452363365276602
MA1580.1,ZBTB32,0.01,16,0,131,0,Up,3302967.5,0.56310069449004,613,16,10629,130,Up,0.008459888274661,-5.782202766479815,1.131354704350728,2.072635372424172
MA0073.1,RREB1,0.11,8,0,246,0,Down,3285505,0.722783584464665,613,8,10629,229,Down,0.191440120508402,-5.853446232111911,-0.640020920601309,-0.717967041013311
MA0854.1,Alx1,0.06,215,0.4,3102,0.3,Up,3348029.5,0.248095880619495,613,114,10629,1691,Up,0.079561700537149,-2.536707199498518,0.229982907865114,1.099295942918047
MA0003.4,TFAP2A,0.01,47,0.1,606,0.1,Up,3322479.5,0.407684963093383,613,46,10629,586,Up,0.046540460556944,-3.950779769875715,0.458038094641682,1.332169323319387
MA1523.1,MSANTD3,0,2,0,15,0,Up,3264431,0.932248052379843,613,2,10629,13,Up,0.195617294112705,-8.77994502591857,1.681907174286053,0.708592752791243
MA1597.1,ZNF528,0.12,0,0,41,0,Down,3270355,0.872221360252827,613,0,10629,41,Down,0.170452271371987,-9.130833108770522,-2.260172849784766,-0.768397207179308
MA1128.1,FOSL1::JUN,0.14,1120,1.8,16833,1.6,Up,3493766.5,0.002525562594152,613,437,10629,7165,Up,0.045867821281027,-0.528357389987928,0.081154126089428,1.33849188834196
MA0663.1,MLX,0.09,162,0.3,1698,0.2,Up,3418552.5,0.039628123772402,613,81,10629,886,Up,7.895120412842961E-5,-3.248000336879101,0.671617914894548,4.102641241940113
MA0151.1,Arid3a,0.12,6921,11.3,124775,11.7,Down,3300987,0.58033611234036,613,601,10629,10476,Down,0.297097107623504,-0.024707760926414,-0.007581691120828,-0.527101576231565
MA0704.1,Lhx4,0,92,0.2,1078,0.1,Up,3327274,0.37382099891956,613,41,10629,485,Up,0.022998065888775,-4.169169366060926,0.566578527489891,1.638308686119441
MA1540.1,NR5A1,0.06,468,0.8,7426,0.7,Up,3380524,0.116210304290713,613,319,10629,5233,Up,0.183786900372886,-0.981736572512722,0.080978319593623,0.735685446695904
MA0512.2,Rxra,0.13,2,0,88,0,Down,3273215,0.843481331220615,613,2,10629,85,Down,0.240738099136679,-7.448462519557355,-0.981057838436377,-0.618455172976095
MA0850.1,FOXP3,0,111,0.2,2340,0.2,Down,3344411.5,0.267568159962504,613,103,10629,2051,Down,0.13932797173965,-2.470377626248054,-0.194109899831051,-0.855961685064386
MA0709.1,Msx3,0.07,2600,4.2,43834,4.1,Up,3338601,0.300990266645751,613,569,10629,9581,Up,0.029440644832226,-0.128558901265619,0.042382798621651,1.531052681970043
MA0102.4,CEBPA,0.09,72,0.1,1498,0.1,Down,3308345.5,0.517583644212983,613,70,10629,1370,Down,0.319887390849923,-3.038333841831701,-0.166068678864823,-0.495002878366112
MA1638.1,HAND2,0.01,564,0.9,10807,1,Down,3429968.5,0.027544267671078,613,349,10629,6628,Down,0.007919878726253,-0.746545143517185,-0.130451489540566,-2.101281468526943
MA0157.2,FOXO3,0.03,111,0.2,2340,0.2,Down,3344411.5,0.267568159962504,613,103,10629,2051,Down,0.13932797173965,-2.470377626248054,-0.194109899831051,-0.855961685064386
MA0834.1,ATF7,0.04,13,0,120,0,Up,3291759.5,0.663713511415539,613,12,10629,97,Up,0.017605375491776,-6.192759572681816,1.151392457587273,1.754354707755546
MA1648.1,TCF12(var.2),0.01,267,0.4,5712,0.5,Down,3468853,0.006904904840895,613,206,10629,4182,Down,0.004916785305225,-1.458278926271404,-0.225285271944111,-2.308318755059837
MA0080.5,SPI1,0.14,219,0.4,3392,0.3,Up,3401062.5,0.0666909021698,613,193,10629,2853,Up,0.013214834882194,-1.780999522533554,0.232539490030119,1.878938258956798
MA1602.1,ZSCAN29,0.15,161,0.3,2481,0.2,Up,3355300.5,0.212013634998414,613,139,10629,2078,Up,0.060295184894475,-2.245628652217205,0.217660860766974,1.219717368743039
MA0500.2,MYOG,0.03,1112,1.8,21020,2,Down,3418952.5,0.039138861482183,613,356,10629,6477,Down,0.160541921491534,-0.748862993688312,-0.06859654706141,-0.79441154335142
MA1577.1,TLX2,0.03,2600,4.2,43834,4.1,Up,3338601,0.300990266645751,613,569,10629,9581,Up,0.029440644832226,-0.128558901265619,0.042382798621651,1.531052681970043
MA0619.1,LIN54,0.07,2316,3.8,40603,3.8,Down,3331566.5,0.34502751249689,613,543,10629,8958,Up,0.00339593034347,-0.210763974870989,0.071961332470786,2.469041226483745
MA0817.1,BHLHE23,0.04,28,0,390,0,Up,3276106.5,0.814635270839462,613,15,10629,200,Up,0.289779779595099,-5.517525456023087,0.421604465494113,0.537931922234918
MA0155.1,INSM1,0.1,227,0.4,4705,0.4,Down,3431808.5,0.025929448760834,613,174,10629,3577,Down,0.007175064821757,-1.692443185532144,-0.242786243842219,-2.144174171025433
MA0758.1,E2F7,0.04,1,0,6,0,Up,3261264,0.964519704617444,613,1,10629,6,Up,0.324702756763321,-9.67565171501286,1.999389364142222,0.488514024148819
MA1569.1,TFAP2E,0.09,3731,6.1,73073,6.9,Down,3491708,0.002754224280008,613,578,10629,9720,Up,0.013199766392596,-0.106858845244084,0.044224921377338,1.879433754802047
MA0635.1,BARHL2,0.02,208,0.3,2814,0.3,Up,3442249.5,0.018230634226534,613,172,10629,2398,Up,0.002133415751639,-1.989168186510475,0.317402409026202,2.670924502708946
MA0828.1,SREBF2(var.2),0.11,130,0.2,1138,0.1,Up,3441663.5,0.018602607093058,613,74,10629,690,Up,8.842361008850582E-7,-3.493019762083878,0.902537497766269,6.053431758040057
MA0910.2,HOXD8,0.11,4186,6.8,71355,6.7,Up,3333397,0.333190925435266,613,598,10629,10209,Up,0.066166658621613,-0.046936809494343,0.022449425549879,1.179360796425402
MA0649.1,HEY2,0.04,230,0.4,2625,0.2,Up,3530308,4.867331020401711E-4,613,154,10629,1805,Up,7.499478776787802E-7,-2.273529958017477,0.568146904517893,6.124968919572436
MA0861.1,TP73,0.12,18,0,563,0.1,Down,3311368,0.492864878239948,613,16,10629,451,Down,0.047703637413866,-4.886864676024328,-0.659321476560246,-1.321448504638242
MA0866.1,SOX21,0.13,4,0,142,0,Down,3275790.5,0.817776278667208,613,4,10629,128,Down,0.330162168720674,-6.73057804912589,-0.720832966189407,-0.48127269139158
MA1472.1,BHLHA15(var.2),0.1,2177,3.6,41292,3.9,Down,3458417.5,0.010233642778231,613,487,10629,8961,Down,0.002144689788251,-0.288961360456609,-0.085399529138646,-2.668635516063798
MA0810.1,TFAP2A(var.2),0.05,470,0.8,9620,0.9,Down,3450348,0.013718456781278,613,251,10629,4915,Down,0.010983201198046,-1.199584300409263,-0.17384128689623,-1.959271060612504
MA0613.1,FOXG1,0.01,59,0.1,1281,0.1,Down,3321666.5,0.413603365830557,613,57,10629,1193,Down,0.146335421296287,-3.285116373430909,-0.260626218575242,-0.83465053777376
MA1143.1,FOSL1::JUND(var.2),0.1,298,0.5,4443,0.4,Up,3431823.5,0.025916628246133,613,215,10629,3149,Up,0.004885797237599,-1.632127246956767,0.245503544765919,2.311064560371026
MA0610.1,DMRT3,0,4,0,18,0,Up,3273529.5,0.840332895103312,613,4,10629,18,Up,0.029238529480754,-8.128663640908353,2.075338217375521,1.534044473521763
MA0727.1,NR3C2,0.14,50,0.1,957,0.1,Down,3290299.5,0.67733284145023,613,34,10629,698,Down,0.354601404249908,-4.040032443350169,-0.224725267069135,-0.45025954889083
MA0103.3,ZEB1,0.15,1139,1.9,21321,2,Down,3455095.5,0.011559460255735,613,479,10629,8814,Down,0.003013499532107,-0.312827811903136,-0.085409433483276,-2.520928871627039
MA0594.2,HOXA9,0.07,555,0.9,7766,0.7,Up,3580298,3.662967252859861E-5,613,359,10629,5252,Up,1.034924786798357E-5,-0.894034573444131,0.245926000441048,4.985091211429638
MA0711.1,OTX1,0.05,1368,2.2,21458,2,Up,3485563,0.003553855661509,613,521,10629,8599,Up,0.010835926340212,-0.270072570974217,0.071352959662155,1.965133955848914
MA0601.1,Arid3b,0,2,0,14,0,Up,3264126.5,0.935346911106674,613,2,10629,14,Up,0.215969790316549,-8.728398279436517,1.578813681321949,0.66560699336935
MA1515.1,KLF2,0.01,234,0.4,3592,0.3,Up,3373620.5,0.138201013889322,613,188,10629,2885,Up,0.062194927671942,-1.791839659974042,0.178681679159602,1.206245032896189
MA1135.1,FOSB::JUNB,0.09,591,1,8794,0.8,Up,3413304.5,0.046542959673937,613,238,10629,3673,Up,0.032607824526464,-1.447960316798662,0.169772478282536,1.486678174750258
MA0510.2,RFX5,0.1,22,0,208,0,Up,3289671,0.683228646084981,613,14,10629,139,Up,0.048506509578676,-5.827301670965606,0.848726264860544,1.314199975121586
MA0831.2,TFE3,0.12,821,1.3,10909,1,Up,3653436.5,4.108423324877819E-7,613,369,10629,5421,Up,1.011589215750123E-5,-0.851399371947323,0.239820784861137,4.994995809186449
MA0039.4,KLF4,0.01,336,0.5,6426,0.6,Down,3373117.5,0.139920859578575,613,218,10629,4216,Down,0.0457314826682,-1.411692970142936,-0.155474188038742,-1.339784718055583
MA0700.2,LHX2,0.15,2596,4.2,43766,4.1,Up,3339319,0.296715969744902,613,569,10629,9578,Up,0.02955389579334,-0.128784792975328,0.042834582041071,1.529385262328217
MA1107.2,KLF9,0.15,976,1.6,21686,2,Down,3465327,0.007901099599891,613,415,10629,7542,Down,0.090974254423412,-0.52858695304178,-0.067255827701561,-1.041081494973656
MA0884.1,DUXA,0.06,77,0.1,1492,0.1,Down,3316036,0.455966690453606,613,66,10629,1344,Down,0.187722600942109,-3.094284586756953,-0.222705022809525,-0.726483437162608
MA0897.1,Hmx2,0.15,182,0.3,3591,0.3,Down,3390242.5,0.090024747226323,613,139,10629,2864,Down,0.021345853568585,-2.014258357313292,-0.245079729040852,-1.670686474136456
MA0914.1,ISL2,0.15,3292,5.4,56856,5.3,Up,3305235,0.54367598302826,613,603,10629,10399,Up,0.471518477916489,-0.027634571111502,0.007849996407237,0.326501283414613
MA0124.2,Nkx3-1,0.12,1466,2.4,24538,2.3,Up,3366782.5,0.163014424925141,613,559,10629,9514,Up,0.196305319663274,-0.146399600178774,0.026948774984527,0.707067931326626
MA1627.1,Wt1,0.08,222,0.4,5416,0.5,Down,3547057,2.136350037442725E-4,613,167,10629,3761,Down,3.369945517326519E-5,-1.68579799425771,-0.37420850812012,-4.472377120409291
MA0467.1,Crx,0.03,11,0,95,0,Up,3281863.5,0.757980505214516,613,10,10629,95,Up,0.079194793020255,-6.33347969903673,0.92975517630517,1.101303371906846
MA0162.4,EGR1,0.07,230,0.4,5295,0.5,Down,3478929.5,0.004649502202284,613,167,10629,3587,Down,8.089979149434504E-4,-1.719962623546211,-0.305879249543119,-3.092052597707531
MA0494.1,Nr1h3::Rxra,0.11,87,0.1,1277,0.1,Up,3332662.5,0.337908585168587,613,82,10629,1175,Up,0.086190196705335,-3.035662305494566,0.282129972154954,1.064542128129972
MA1520.1,MAF,0.13,20,0,493,0,Down,3290592.5,0.674590994204912,613,14,10629,350,Down,0.196294655292594,-5.162727009874887,-0.480423057320892,-0.707091525201491
MA0712.2,OTX2,0.14,908,1.5,13986,1.3,Up,3467922,0.00715633660166,613,435,10629,7042,Up,0.017410340161265,-0.544152398513406,0.09952354689873,1.759192743603116
MA1683.1,FOXA3,0.01,111,0.2,2337,0.2,Down,3343802.5,0.270946416427204,613,103,10629,2049,Down,0.139272588470618,-2.471081208376932,-0.192702735573295,-0.856134352688808
MA0626.1,Npas2,0.03,614,1,7898,0.7,Up,3597291,1.391089812841084E-5,613,244,10629,3114,Up,7.613067809029709E-8,-1.549115068424657,0.443772379427972,7.118440301960757
MA0896.1,Hmx1,0.15,210,0.3,3996,0.4,Down,3395469,0.078042149926747,613,153,10629,3163,Down,0.010761518320127,-1.873652461501471,-0.250344453582509,-1.968126450645988
MA0650.2,HOXA13,0.03,10,0,268,0,Down,3289554,0.684328344167064,613,9,10629,260,Down,0.135181867374265,-5.681819286582938,-0.662345467272764,-0.869081558597235
MA0800.1,EOMES,0.15,998,1.6,18186,1.7,Down,3315299.5,0.461683067129016,613,500,10629,8504,Up,0.376523362597808,-0.307734343258839,0.028082136863855,0.424208071435322
MA0164.1,Nr2e3,0,117,0.2,1958,0.2,Up,3297340,0.612704886632071,613,98,10629,1555,Up,0.348394531975122,-2.705745574948605,0.133755721484153,0.457928669828745
MA1637.1,EBF3,0.14,581,0.9,11446,1.1,Down,3439026.5,0.020359854402018,613,293,10629,5610,Down,0.017700550966187,-0.992787661782882,-0.141830357539941,-1.752013215115564
MA0648.1,GSC,0.02,878,1.4,13513,1.3,Up,3464542.5,0.00813953205159,613,424,10629,6891,Up,0.029356986505208,-0.578241293687886,0.09388500715604,1.532288526798486
MA1603.1,Dmrt1,0.15,519,0.8,8399,0.8,Up,3386904,0.098424922588814,613,343,10629,5544,Up,0.073676451969257,-0.887848855305243,0.102191220920876,1.132671296590728
MA1108.2,MXI1,0.01,407,0.7,8089,0.8,Down,3381567,0.113141339538997,613,286,10629,5226,Down,0.22856647577046,-1.061342443444651,-0.074371522922697,-0.640987467972111
MA0148.4,FOXA1,0.05,83,0.1,1830,0.2,Down,3351631.5,0.22971692589833,613,78,10629,1651,Down,0.065220217619443,-2.826261822855408,-0.280073923831739,-1.185617756422956
MA0748.2,YY2,0.14,724,1.2,8948,0.8,Up,3850177.5,3.408384685599231E-14,613,428,10629,5830,Up,1.817417056878713E-13,-0.692075180857558,0.348614082614305,12.740545400310385
MA1538.1,NR2F1(var.3),0.15,23,0,540,0.1,Down,3298429,0.602956096150463,613,22,10629,514,Down,0.172630264885985,-4.568912642832163,-0.400307589002135,-0.762883063077678
MA0113.3,NR3C1,0.15,83,0.1,1575,0.1,Down,3313295.5,0.47743799159649,613,61,10629,1246,Down,0.195141926520919,-3.205261988028614,-0.226286080590102,-0.709649411792135
MA0488.1,JUN,0.08,108,0.2,1295,0.1,Up,3397253,0.07426229648453,613,92,10629,1140,Up,0.001715253076641,-2.97493672852976,0.490797310766334,2.765671793008918
MA1501.1,HOXB7,0,4,0,17,0,Up,3273836,0.837267001651681,613,4,10629,17,Up,0.02496866824255,-8.168748815250344,2.155508566059504,1.602604621058176
MA0658.1,LHX6,0.03,298,0.5,4489,0.4,Up,3336459,0.313984340222945,613,145,10629,2270,Up,0.188413470720563,-2.151517992277675,0.150947603046109,0.724888050319845
MA0752.1,ZNF410,0.07,1,0,14,0,Up,3262183,0.955146774960888,613,1,10629,3,Up,0.200935321511738,-10.122194113054604,2.892474160225712,0.696943713877474
MA0624.1,NFATC1,0.04,3485,5.7,61177,5.8,Down,3293623,0.646490813048921,613,604,10629,10509,Down,0.43171337835216,-0.018850353409856,-0.00494130200785,-0.364804492797303
MA0720.1,Shox2,0.05,2600,4.2,43834,4.1,Up,3338601,0.300990266645751,613,569,10629,9581,Up,0.029440644832226,-0.128558901265619,0.042382798621651,1.531052681970043
MA0043.3,HLF,0.06,90,0.1,1250,0.1,Up,3345730.5,0.260350968278105,613,82,10629,1134,Up,0.038188717267466,-3.061271270484908,0.333347902135638,1.41806492903221
MA0875.1,BARX1,0.06,4135,6.7,70719,6.7,Up,3340416.5,0.290261305319839,613,598,10629,10207,Up,0.066528686895347,-0.047078132415977,0.022732071393148,1.176991048322065
MA0598.3,EHF,0.01,13,0,111,0,Up,3292855.5,0.653561891040173,613,13,10629,111,Up,0.025106778667848,-6.040459123402098,1.068854183805323,1.600209005985772
MA1117.1,RELB,0.01,151,0.2,2401,0.2,Up,3337141,0.309807652085049,613,137,10629,2098,Up,0.118477322973851,-2.249137546295019,0.183011642088271,0.926364767373573
MA0698.1,ZBTB18,0.05,26,0,720,0.1,Down,3335536.5,0.319692559538424,613,25,10629,687,Down,0.016691232549283,-4.269532201808545,-0.63792397976573,-1.777511592045277
MA0633.1,Twist2,0.08,298,0.5,4984,0.5,Up,3299138.5,0.596642411957238,613,130,10629,2103,Up,0.404788274402399,-2.285111774774647,0.104196475363254,0.392772076296938
MA0465.2,CDX2,0.15,1482,2.4,26233,2.5,Down,3290681.5,0.673758999090062,613,505,10629,8504,Up,0.159911865220108,-0.300563831725328,0.042423159930876,0.796119311060254
MA0707.1,MNX1,0.01,197,0.3,2587,0.2,Up,3395859,0.077202729620171,613,129,10629,1806,Up,0.011313885228403,-2.400457910884486,0.312693329816269,1.946388231192568
MA0826.1,OLIG1,0.02,9,0,236,0,Down,3271367.5,0.862025445747214,613,5,10629,131,Down,0.449347219710207,-6.569177520479184,-0.464620789092846,-0.34741794111755
MA0860.1,Rarg(var.2),0.12,4,0,34,0,Up,3268930,0.88660681946405,613,4,10629,33,Up,0.140608583457156,-7.700345728493943,1.218702392546699,0.851988166981232
MA0768.1,LEF1,0.15,88,0.1,1442,0.1,Up,3289847,0.68157566537701,613,82,10629,1315,Up,0.450271740508651,-2.954493950738132,0.119793262642086,0.346525308924868
MA0040.1,Foxq1,0.09,279,0.5,5461,0.5,Down,3360643,0.188031178853627,613,210,10629,3962,Down,0.143754381540984,-1.48341700295372,-0.119652215285577,-0.842378909420438
MA0158.2,HOXA5,0.13,5045,8.2,86966,8.2,Up,3303377.5,0.559563735131293,613,599,10629,10236,Up,0.074359194906436,-0.043827401766822,0.02104762303628,1.128665321019355
MA0504.1,NR2C2,0.12,31,0.1,628,0.1,Down,3297892.5,0.607750160057954,613,26,10629,583,Down,0.199558375839676,-4.360098174308711,-0.34580180958199,-0.699930039342681
MA0825.1,MNT,0.15,625,1,8054,0.8,Up,3604531,9.082941614280138E-6,613,251,10629,3222,Up,6.202628797671753E-8,-1.504163207916714,0.435316528118673,7.207424208831269
MA0835.2,BATF3,0.15,1003,1.6,15445,1.5,Up,3455850.5,0.011245430866214,613,411,10629,6574,Up,0.010157181998657,-0.634645782110266,0.116949737737974,1.99322676569271
MA0631.1,Six3,0.11,26,0,583,0.1,Down,3293285.5,0.649596361090258,613,26,10629,566,Down,0.265109320588906,-4.381426524252127,-0.303145109695158,-0.576575003277196
MA0636.1,BHLHE41,0.07,143,0.2,1249,0.1,Up,3464837,0.008049280083863,613,80,10629,716,Up,6.227315379516678E-8,-3.410482938255603,0.96096056541463,7.205699139077796
MA0025.2,NFIL3,0.03,79,0.1,1103,0.1,Up,3337105.5,0.310024150769128,613,73,10629,1007,Up,0.04856921776074,-3.230234590318138,0.337974802983193,1.313638891069477
MA0609.2,CREM,0.04,56,0.1,770,0.1,Up,3288150,0.697576366812564,613,27,10629,369,Up,0.21525709527642,-4.66295769060858,0.366795740940667,0.667042524480063
MA0654.1,ISX,0.06,2600,4.2,43834,4.1,Up,3338601,0.300990266645751,613,569,10629,9581,Up,0.029440644832226,-0.128558901265619,0.042382798621651,1.531052681970043
MA0706.1,MEOX2,0.14,5825,9.5,104747,9.9,Down,3362493,0.180211615434114,613,599,10629,10228,Up,0.060353469752992,-0.044391367606793,0.022175554716222,1.219297757028755
MA0645.1,ETV6,0.03,215,0.4,2378,0.2,Up,3555919,1.357719799294221E-4,613,167,10629,1949,Up,1.653787399126546E-7,-2.159899962072599,0.573995427509658,6.781520321458633
MA0830.2,TCF4,0.07,1104,1.8,20792,2,Down,3465939,0.007719459317024,613,474,10629,8728,Down,0.003565787495036,-0.32746167019719,-0.086387172889211,-2.447844542395408
MA1553.1,RARG(var.3),0.13,30,0,313,0,Up,3314292.5,0.469563307032869,613,27,10629,284,Up,0.015577021103034,-4.851530546528363,0.743941452780237,1.807515591734677
MA0793.1,POU6F2,0,4,0,27,0,Up,3270771,0.868029554435991,613,4,10629,27,Up,0.085941642334318,-7.842710466960499,1.503431869479811,1.065796351258159
MA0509.2,RFX1,0.12,123,0.2,2307,0.2,Down,3299228.5,0.595843677411942,613,109,10629,2018,Down,0.490656437331737,-2.441425358903143,-0.089414230317178,-0.309222498909805
MA0846.1,FOXC2,0,3,0,4,0,Up,3272506,0.850588184743157,613,3,10629,4,Up,0.004786514351321,-9.329712862694025,3.752296502177451,2.319980634611428
MA0731.1,BCL6B,0.15,2,0,20,0,Up,3262287.5,0.954081342257628,613,2,10629,20,Up,0.339254471896926,-8.478612774691262,1.079242671831438,0.469474418959726
MA0144.2,STAT3,0.03,92,0.2,1209,0.1,Up,3348542,0.245419877295855,613,81,10629,1116,Up,0.036819642582186,-3.081604979417209,0.338827199970763,1.433920431620643
MA0683.1,POU4F2,0.08,3,0,7,0,Up,3271586.5,0.859823067389426,613,3,10629,7,Up,0.014513258049147,-8.961230065610923,3.015330908011244,1.838235082811436
MA0514.1,Sox3,0.13,1916,3.1,31479,3,Up,3417970.5,0.040349265290962,613,568,10629,9651,Up,0.129185508191755,-0.124575823632472,0.02934565772363,0.888786202017013
MA0803.1,TBX15,0.11,425,0.7,6920,0.7,Up,3356196.5,0.207844230883895,613,303,10629,4928,Up,0.145036771454986,-1.062110016012465,0.093486377210483,0.838521876279411
MA0519.1,Stat5a::Stat5b,0.02,77,0.1,1009,0.1,Up,3333386,0.333261262875663,613,68,10629,938,Up,0.05850583192708,-3.332230315548284,0.338685729691811,1.232800840797978
MA0762.1,ETV2,0.14,258,0.4,3229,0.3,Up,3505720,0.001507407794598,613,196,10629,2671,Up,2.363670897748478E-4,-1.817442922403294,0.34981778199799,3.626412991936929
MA0798.2,RFX3,0.15,156,0.3,2899,0.3,Down,3303504.5,0.558470330897777,613,132,10629,2442,Down,0.429192055062881,-2.16635712629083,-0.089427715843027,-0.367348326021757
MA1142.1,FOSL1::JUND,0.14,2962,4.8,47429,4.5,Up,3555228.5,1.407147232900252E-4,613,599,10629,10259,Up,0.135662637704434,-0.042208451734192,0.017809722971022,0.867539743150812
MA1525.1,NFATC4,0.08,2657,4.3,45719,4.3,Up,3302301.5,0.568868978792941,613,600,10629,10305,Up,0.222723039193182,-0.037779165347238,0.013760134779935,0.652234855813144
MA0592.3,ESRRA,0.09,109,0.2,1735,0.2,Up,3311086,0.4951440756304,613,102,10629,1590,Up,0.269518941459637,-2.660980446421505,0.159082024528092,0.569410707722771
MA0868.2,SOX8,0,8,0,38,0,Up,3288960,0.689921714586005,613,8,10629,37,Up,0.002681310808262,-7.160212058570875,1.973510732316618,2.571652841187036
MA0856.1,RXRG,0.1,0,0,38,0,Down,3269129,0.884595545184066,613,0,10629,37,Down,0.265784109948116,-9.203943479196045,-2.113952108933721,-0.575470987156023
MA1421.1,TCF7L1,0.14,77,0.1,1646,0.2,Down,3331301,0.346766321979208,613,72,10629,1483,Down,0.132480345269869,-2.961003673696384,-0.240013539903174,-0.877848548700774
MA1099.2,HES1,0.06,1067,1.7,15116,1.4,Up,3617724,4.089462865453086E-6,613,407,10629,6184,Up,5.974161677865547E-5,-0.685804076580154,0.191081584071378,4.223723028324672
MA0523.1,TCF7L2,0.08,168,0.3,3347,0.3,Down,3361282.5,0.185300314684835,613,140,10629,2765,Down,0.087509648264909,-2.034477350975559,-0.18403172493284,-1.057944061752437
MA0675.1,NKX6-2,0.01,230,0.4,3061,0.3,Up,3402402,0.064184579322635,613,144,10629,2054,Up,0.013734030328561,-2.228604175609817,0.285220648895182,1.86220199789768
MA1155.1,ZSCAN4,0.15,14,0,493,0,Down,3328778.5,0.363564045673303,613,14,10629,474,Down,0.00777006450361,-4.944230188369644,-0.917416700331378,-2.109575375865048
MA1146.1,NR1H4::RXRA,0.14,11,0,337,0,Down,3296026.5,0.624555121532894,613,10,10629,298,Down,0.096638243954697,-5.511400552422202,-0.714403116923886,-1.014850970359056
MA1641.1,MYF5,0.07,1112,1.8,21020,2,Down,3418952.5,0.039138861482183,613,356,10629,6477,Down,0.160541921491534,-0.748862993688312,-0.06859654706141,-0.79441154335142
MA0075.3,PRRX2,0.09,2600,4.2,43834,4.1,Up,3338601,0.300990266645751,613,569,10629,9581,Up,0.029440644832226,-0.128558901265619,0.042382798621651,1.531052681970043
MA0664.1,MLXIPL,0.07,614,1,7898,0.7,Up,3597291,1.391089812841084E-5,613,244,10629,3114,Up,7.613067809029709E-8,-1.549115068424657,0.443772379427972,7.118440301960757
MA1129.1,FOSL1::JUN(var.2),0.15,194,0.3,2763,0.3,Up,3358052,0.199399676279754,613,97,10629,1351,Up,0.029770329886525,-2.814514769301832,0.321851098777075,1.526216352887584
MA1651.1,ZFP42,0.12,230,0.4,2755,0.3,Up,3571962.5,5.79305476133829E-5,613,194,10629,2354,Up,1.307994481975609E-7,-1.915937148301125,0.517287919248823,6.883394088162056
MA0749.1,ZBED1,0.12,21,0,156,0,Up,3306682.5,0.531452667068065,613,16,10629,118,Up,0.003062255706664,-5.851784140315629,1.270517452022353,2.513958547355438
MA1565.1,TBX18,0.08,285,0.5,4283,0.4,Up,3432275,0.025533287837796,613,230,10629,3388,Up,0.004397084866439,-1.530825826172195,0.237058465877256,2.356835152149131
MA0142.1,Pou5f1::Sox2,0.05,3,0,27,0,Up,3265456.5,0.921819487593005,613,3,10629,27,Up,0.22301000369088,-8.023995506652852,1.140861790095103,0.651675655111913
MA0840.1,Creb5,0.07,24,0,252,0,Up,3310895,0.496690979735919,613,23,10629,225,Up,0.014950931025121,-5.132566586977475,0.852471809984416,1.825331762089862
MA1616.1,Prdm15,0.11,76,0.1,1401,0.1,Down,3321274,0.416478762649273,613,62,10629,1300,Down,0.126503596280743,-3.163035340141445,-0.264199817718745,-0.897897128063804
MA0473.3,ELF1,0.15,1017,1.7,16923,1.6,Up,3330468.5,0.352254613238477,613,492,10629,8302,Up,0.227047444849222,-0.33669781607708,0.039516393515827,0.643883381206869
MA0600.2,RFX2,0.04,6,0,50,0,Up,3266069.5,0.915592034950416,613,3,10629,25,Up,0.194242313126241,-8.078462692429435,1.249796161648267,0.711656158796862
MA0705.1,Lhx8,0.13,5247,8.6,92605,8.7,Down,3297988.5,0.606891073733256,613,587,10629,10032,Up,0.172479866464852,-0.072933535884125,0.020918087347163,0.763261592727123
MA0628.1,POU6F1,0,18,0,148,0,Up,3278726.5,0.788711916178015,613,7,10629,53,Up,0.043760218759006,-6.994174033439153,1.280290190769531,1.358920515614485
MA0072.1,RORA(var.2),0.07,20,0,512,0,Down,3305165,0.544270620229767,613,20,10629,501,Down,0.112886969214488,-4.654523876828852,-0.497687304431938,-0.947356186727441
MA1499.1,HOXB4,0,12,0,359,0,Down,3299534.5,0.593131633555119,613,12,10629,344,Down,0.095139580541521,-5.282244643204476,-0.669637401367408,-1.021638767661799
MA0852.2,FOXK1,0.08,113,0.2,2428,0.2,Down,3359195.5,0.194321926736379,613,104,10629,2117,Down,0.076169224982985,-2.440600131293762,-0.225920540576519,-1.118220463302841
MA1103.2,FOXK2,0.01,111,0.2,2337,0.2,Down,3343802.5,0.270946416427204,613,103,10629,2049,Down,0.139272588470618,-2.471081208376932,-0.192702735573295,-0.856134352688808
MA0077.1,SOX9,0.13,1239,2,21768,2,Down,3282828.5,0.748600870716303,613,508,10629,8525,Up,0.116671009563215,-0.294516476583974,0.047401813557139,0.933037044133082
MA0660.1,MEF2B,0.06,9,0,269,0,Down,3289688.5,0.683064219033259,613,9,10629,260,Down,0.135181867374265,-5.681819286582938,-0.662345467272764,-0.869081558597235
MA0911.1,Hoxa11,0.08,60,0.1,806,0.1,Up,3329778.5,0.356844903442202,613,58,10629,770,Up,0.046458634023051,-3.58834489139489,0.395580154630778,1.332933563476215
MA0088.2,ZNF143,0.13,47,0.1,497,0,Up,3337126,0.309899118216538,613,42,10629,470,Up,0.009155573604523,-4.174631900010866,0.646206604971324,2.038314441588899
MA0091.1,TAL1::TCF3,0.13,467,0.8,9328,0.9,Down,3423407.5,0.034027714202731,613,307,10629,5756,Down,0.050241893617648,-0.940643428195418,-0.111667010481769,-1.298934000397503
MA0751.1,ZIC4,0.12,233,0.4,5494,0.5,Down,3511559,0.001162247946615,613,179,10629,3829,Down,6.024453709718557E-4,-1.622962645968321,-0.300233707743065,-3.220082328273631
MA1552.1,RARB(var.3),0.15,62,0.1,723,0.1,Up,3357561.5,0.201607219212972,613,57,10629,664,Up,0.004933711495177,-3.70754510433371,0.58423124323036,2.306826250005571
MA0607.1,Bhlha15,0.1,650,1.1,12052,1.1,Down,3366117,0.165598242637389,613,291,10629,5476,Down,0.055876349139005,-1.015157560765716,-0.116819799393385,-1.252771977657741
MA0839.1,CREB3L1,0.09,13,0,137,0,Up,3285186.5,0.725839978538117,613,13,10629,136,Up,0.097606397758316,-5.894530502902325,0.776996942805775,1.010521714914556
MA0771.1,HSF4,0.03,9,0,82,0,Up,3275816.5,0.817517730092914,613,8,10629,80,Up,0.149545913319354,-6.609162964761506,0.871412544697882,0.825225450550445
MA0521.1,Tcf12,0.14,2264,3.7,42587,4,Down,3488659,0.003127791550367,613,565,10629,9979,Down,0.101120992138277,-0.104285307897428,-0.026502023551313,-0.995158678004873
MA1131.1,FOSL2::JUN(var.2),0.03,30,0,281,0,Up,3291554.5,0.665619252383482,613,16,10629,168,Up,0.068459242228171,-5.597853374173829,0.762655919738754,1.164567912354804
MA0599.1,KLF5,0.02,1153,1.9,24476,2.3,Down,3576016,4.641820423068044E-5,613,419,10629,7815,Down,0.005609552242681,-0.496028095284034,-0.104728875878096,-2.251071802967313
MA1584.1,ZIC5,0.15,99,0.2,2443,0.2,Down,3416268,0.04252298033705,613,86,10629,1995,Down,0.002730879144471,-2.619771428869986,-0.413039754312388,-2.563697519212407
MA0057.1,MZF1(var.2),0.01,65,0.1,1619,0.2,Down,3379510.5,0.119254761678673,613,56,10629,1367,Down,0.005933039210734,-3.199600784396431,-0.482279573702572,-2.226722781453665
MA0841.1,NFE2,0.02,2,0,90,0,Down,3274744.5,0.828194033729025,613,2,10629,90,Down,0.243634918152278,-7.4074658334587,-1.063051210633684,-0.613260467787596
MA0782.2,PKNOX1,0.14,235,0.4,3956,0.4,Up,3304634,0.548791868998865,613,197,10629,3251,Up,0.417776943031438,-1.672053548691623,0.073685716186367,0.379055532260286
MA1115.1,POU5F1,0.02,164,0.3,3368,0.3,Down,3377482,0.125535598526613,613,137,10629,2752,Down,0.051369522239633,-2.053445496012107,-0.20837245847755,-1.289294473396862
MA1119.1,SIX2,0.02,4,0,11,0,Up,3275675,0.818925070252286,613,4,10629,11,Up,0.007376798061933,-8.471609345694322,2.761229626947459,2.132132105085521
MA0143.4,SOX2,0.15,1139,1.9,20592,1.9,Down,3288637.5,0.692965653350239,613,489,10629,8289,Up,0.315452846053644,-0.342235614850753,0.032962261583086,0.501065549983098
MA0037.3,GATA3,0.13,2222,3.6,39236,3.7,Down,3287750.5,0.701363138704087,613,573,10629,9835,Up,0.428109514291636,-0.10463664631348,0.0147335773328,0.368445120312288
MA0629.1,Rhox11,0.06,138,0.2,1995,0.2,Up,3353610.5,0.220041636533171,613,122,10629,1810,Up,0.069253825960656,-2.43894762420461,0.229332059088552,1.159556228794888
MA0065.2,Pparg::Rxra,0.11,125,0.2,2547,0.2,Down,3353072.5,0.222642490420833,613,111,10629,2227,Down,0.101323072886497,-2.35729801627919,-0.205443234926821,-0.994291647568696
MA0112.3,ESR1,0.06,3,0,15,0,Up,3265352.5,0.922876507542862,613,2,10629,10,Up,0.136542869270137,-8.961230065610923,2.044477253670761,0.8647309752569
MA1506.1,HOXD10,0.01,5,0,29,0,Up,3275472.5,0.820940122409323,613,5,10629,29,Up,0.035592827584094,-7.647315490444415,1.691655150837615,1.448637509175413
MA0498.2,MEIS1,0.01,1904,3.1,33897,3.2,Down,3334188.5,0.328154982468926,613,575,10629,10029,Down,0.530398973220391,-0.088035733021956,-0.008423365017438,-0.275397325336974
MA0773.1,MEF2D,0.06,8,0,237,0,Down,3287308,0.705566169913646,613,8,10629,235,Down,0.152845165388092,-5.834829779012424,-0.677253826800284,-0.815748293794159
MA0701.2,LHX9,0.12,2600,4.2,43834,4.1,Up,3338601,0.300990266645751,613,569,10629,9581,Up,0.029440644832226,-0.128558901265619,0.042382798621651,1.531052681970043
MA0637.1,CENPB,0.05,9,0,76,0,Up,3266419.5,0.912038690312581,613,6,10629,76,Up,0.45716635364367,-6.839439044027113,0.557918457010599,0.339925740141579
MA0689.1,TBX20,0.01,1,0,63,0,Down,3271783.5,0.857842863216612,613,1,10629,63,Down,0.263711834870537,-8.031529230697323,-1.288855604488851,-0.578870379483646
MA1468.1,ATOH7,0,2,0,17,0,Up,3263512.5,0.941598444609753,613,2,10629,16,Up,0.257121072802773,-8.635191717321076,1.392400557091068,0.589862328542179
MA1132.1,JUN::JUNB,0.09,572,0.9,8425,0.8,Up,3484929,0.003647365843167,613,358,10629,5683,Up,0.017572134015058,-0.8391562074781,0.128131965034199,1.755175493218119
MA0898.1,Hmx3,0.15,188,0.3,3838,0.4,Down,3411573,0.0490364749089,613,143,10629,2990,Down,0.009468586379628,-1.962813859972465,-0.266397494029504,-2.023714854508168
MA0616.2,HES2,0.06,255,0.4,2928,0.3,Up,3539729,3.079347182152192E-4,613,159,10629,1862,Up,4.359380693281143E-7,-2.228134162443106,0.569254485090142,6.360575203528303
MA0528.2,ZNF263,0.01,238,0.4,4923,0.5,Down,3415725,0.043236773977228,613,178,10629,3563,Down,0.021904795471348,-1.678923087914932,-0.204432363437748,-1.659460797545373
MA1145.1,FOSL2::JUND(var.2),0.02,24,0,184,0,Up,3291858.5,0.662793955344733,613,12,10629,97,Up,0.017605375491776,-6.192759572681816,1.151392457587273,1.754354707755546
MA1640.1,MEIS2(var.2),0.06,41,0.1,987,0.1,Down,3335389.5,0.320608393600798,613,39,10629,929,Down,0.045144860959233,-3.736306922895692,-0.44166372518022,-1.345391680213682
MA0499.2,MYOD1,0.13,1141,1.9,20572,1.9,Down,3365487,0.168072510331377,613,490,10629,8831,Down,0.046922889476236,-0.29507677125709,-0.055466872373154,-1.328615252205556
MA0757.1,ONECUT3,0.14,79,0.1,1786,0.2,Down,3364683.5,0.171268329083995,613,70,10629,1561,Down,0.024941203239309,-2.944218721234301,-0.354298920059621,-1.603082598668734
MA0046.2,HNF1A,0.13,53,0.1,723,0.1,Up,3292563.5,0.656260359580315,613,39,10629,565,Up,0.26827433154329,-4.094770843360522,0.275264115749442,0.571420878585589
MA0002.2,RUNX1,0.04,107,0.2,2592,0.2,Down,3425080,0.032261999727343,613,101,10629,2273,Down,0.003672355717907,-2.410335221479126,-0.370496789997205,-2.435055258069368
MA1573.1,THAP11,0.04,33,0.1,367,0,Up,3308870,0.513248618254438,613,29,10629,337,Up,0.045308409496939,-4.677659453793967,0.598765938985807,1.343821182994657
MA0760.1,ERF,0.1,237,0.4,2553,0.2,Up,3573934,5.202939627590997E-5,613,177,10629,2085,Up,1.084664087896524E-7,-2.06942641880335,0.560364199064978,6.964704738645228
MA1657.1,ZNF652,0.14,263,0.4,3983,0.4,Up,3348153,0.247449169432124,613,195,10629,3146,Up,0.255852526484917,-1.703074312004283,0.10635915129746,0.59201029011246
MA1113.2,PBX2,0.05,35,0.1,741,0.1,Down,3298350.5,0.603656493936078,613,33,10629,705,Down,0.240986349356575,-4.054057092916466,-0.281546500577333,-0.618007557288275
MA1491.1,GLI3,0.11,34,0.1,808,0.1,Down,3312554.5,0.483337181794615,613,34,10629,766,Down,0.125085195006709,-3.973019605225511,-0.35875094331845,-0.902794090045867
MA0728.1,Nr2f6(var.2),0.07,1,0,5,0,Up,3261570.5,0.96139308576737,613,1,10629,5,Up,0.285734743015128,-9.796155764764759,2.240397463646017,0.544036949738412
MA1476.1,DLX5,0.06,2600,4.2,43834,4.1,Up,3338601,0.300990266645751,613,569,10629,9581,Up,0.029440644832226,-0.128558901265619,0.042382798621651,1.531052681970043
MA0674.1,NKX6-1,0.01,230,0.4,3061,0.3,Up,3402402,0.064184579322635,613,144,10629,2054,Up,0.013734030328561,-2.228604175609817,0.285220648895182,1.86220199789768
MA0717.1,RAX2,0.05,2600,4.2,43834,4.1,Up,3338601,0.300990266645751,613,569,10629,9581,Up,0.029440644832226,-0.128558901265619,0.042382798621651,1.531052681970043
MA0470.2,E2F4,0.15,599,1,8442,0.8,Up,3518796.5,8.359196736249519E-4,613,330,10629,5014,Up,0.001356718810889,-0.988154523520859,0.191482902731291,2.867510153470367
MA0625.1,NFATC3,0.05,2496,4.1,43232,4.1,Up,3269891.5,0.876896022241261,613,598,10629,10245,Up,0.144117844881271,-0.04439772002495,0.017371246611094,0.841282240881761
MA0627.2,POU2F3,0.05,40,0.1,1049,0.1,Down,3365295,0.168832064337924,613,35,10629,961,Down,0.004225992023488,-3.788907741021695,-0.644529346273056,-2.374071327008881
MA1420.1,IRF5,0.13,29,0,401,0,Up,3286516.5,0.713106512651165,613,28,10629,392,Up,0.272106500858294,-4.593633395472119,0.331207751947911,0.56526108242767
MA0095.2,YY1,0.06,286,0.5,3461,0.3,Up,3605594.5,8.525719074170546E-6,613,229,10629,2901,Up,1.476753354657326E-7,-1.645886045960403,0.454633711422612,6.830692033906775
MA0678.1,OLIG2,0.12,256,0.4,4180,0.4,Up,3299986,0.589140401613166,613,120,10629,1939,Up,0.420441937978957,-2.401173626063299,0.10628685726071,0.376293970749309
MA1496.1,HOXA4,0,24,0,266,0,Up,3304985.5,0.545796915869414,613,24,10629,262,Up,0.033827972064959,-4.992911096109638,0.693402813123882,1.470724036719744
MA0066.1,PPARG,0.13,3,0,25,0,Up,3261987.5,0.957140214493081,613,2,10629,21,Up,0.359427312032791,-8.444256399649253,1.010529921747423,0.444388924960887
MA0041.1,Foxd3,0.14,4617,7.5,72533,6.8,Up,3456890.5,0.010825271416757,613,550,10629,9164,Up,0.012871528464125,-0.185133219405233,0.057624878613393,1.89036987857184
MA0138.2,REST,0.02,1,0,2,0,Up,3262490,0.952016983029438,613,1,10629,2,Up,0.154838328481141,-10.364907526639724,3.377900987395952,0.810121525646386
MA1635.1,BHLHE22(var.2),0.01,1114,1.8,21036,2,Down,3417359,0.041118917284283,613,356,10629,6479,Down,0.160400899524047,-0.748640304014414,-0.069041926409205,-0.794793200532936
MA0690.1,TBX21,0.09,142,0.2,2345,0.2,Up,3300495,0.58465579183291,613,128,10629,2072,Up,0.402300121867993,-2.306962356655489,0.103334744372924,0.395449835868736
MA0089.2,NFE2L1,0.14,56,0.1,612,0.1,Up,3360316.5,0.18943683479485,613,53,10629,585,Up,0.002135082707435,-3.850856650992804,0.662808207462091,2.670585296898017
MA0472.2,EGR2,0.02,2,0,122,0,Down,3283941.5,0.737828796118856,613,2,10629,120,Down,0.068166715080344,-7.200944108885322,-1.47609465978044,-1.16642763392957
MA1542.1,OSR1,0.11,391,0.6,6367,0.6,Up,3356201,0.207823441957251,613,291,10629,4730,Up,0.155538752800485,-1.120788305379729,0.094441689834642,0.808161387790814
MA0481.3,FOXP1,0.01,111,0.2,2337,0.2,Down,3343802.5,0.270946416427204,613,103,10629,2049,Down,0.139272588470618,-2.471081208376932,-0.192702735573295,-0.856134352688808
MA1570.1,TFAP4(var.2),0.04,215,0.4,4305,0.4,Down,3347937,0.248581033440158,613,110,10629,2223,Down,0.081571419257356,-2.365093200072515,-0.215847548397918,-1.088461981357471
MA0765.2,ETV5,0.05,289,0.5,3363,0.3,Up,3587560.5,2.435199794992293E-5,613,212,10629,2669,Up,4.156510866274239E-7,-1.761516392099197,0.463831778922711,6.381271079794164
MA0029.1,Mecom,0.03,3,0,33,0,Up,3263617.5,0.940529105473848,613,3,10629,33,Up,0.445330026082518,-7.881630768186296,0.856132313161992,0.351318021863323
MA0759.1,ELK3,0.05,168,0.3,1733,0.2,Up,3554446.5,1.465169509341502E-4,613,141,10629,1488,Up,7.917120367303176E-9,-2.476201949909025,0.719881318156005,8.101432752248845
MA1625.1,Stat5b,0.13,381,0.6,5563,0.5,Up,3428406.5,0.028982469853424,613,254,10629,3869,Up,0.012434923680261,-1.363626179265333,0.188456983356246,1.905356875882038
MA1620.1,Ptf1a(var.3),0.06,608,1,12113,1.1,Down,3501713.5,0.001796423263467,613,354,10629,6851,Down,8.519370984828185E-4,-0.712429837437845,-0.157695757971087,-3.069592469541134
MA0845.1,FOXB1,0.03,14,0,160,0,Up,3284656,0.730940453869544,613,14,10629,155,Up,0.120583265965717,-5.748976941814898,0.692076806559129,0.918712957560729
MA0258.2,ESR2,0.14,363,0.6,5840,0.5,Up,3362582,0.179841615501044,613,273,10629,4375,Up,0.100161559521879,-1.223038227238039,0.115031432735382,0.999298922088179
MA1615.1,Plagl1,0,2,0,3,0,Up,3267498,0.901100673973803,613,2,10629,3,Up,0.026588765925363,-9.753711315971502,3.629439754391919,1.575301819277789
MA1513.1,KLF15,0,61,0.1,1674,0.2,Down,3388817,0.09353811475966,613,53,10629,1340,Down,0.003005409958118,-3.253341579252131,-0.532221936019255,-2.522096278934204
MA1518.1,LHX1,0.01,347,0.6,6321,0.6,Down,3352191.5,0.226948901218876,613,235,10629,4417,Down,0.118787887867133,-1.324053989918103,-0.114564588264037,-0.925227839663221
MA0764.2,ETV4,0,14,0,127,0,Up,3294464,0.638779086821938,613,14,10629,123,Up,0.02119630739275,-5.91517871108786,1.024480345105053,1.673739790893552
MA1656.1,ZNF449,0.1,118,0.2,2488,0.2,Down,3368901.5,0.154989795981767,613,104,10629,2166,Down,0.043457663361598,-2.424097997767609,-0.258924807628827,-1.361933628600988
MA0756.1,ONECUT2,0.1,45,0.1,1187,0.1,Down,3365155.5,0.169385541177669,613,42,10629,1077,Down,0.006772058492852,-3.576921279386903,-0.5492146362766,-2.169279299379835
MA0653.1,IRF9,0.15,4,0,109,0,Down,3269634.5,0.879489876324248,613,4,10629,108,Down,0.528628723850518,-6.852614707500589,-0.476759649440008,-0.276849242508018
MA1102.2,CTCFL,0.05,285,0.5,5829,0.5,Down,3433173,0.024785412788748,613,203,10629,4080,Down,0.009058677559486,-1.486645218866256,-0.210778661060805,-2.042935198629772
MA0787.1,POU3F2,0.08,108,0.2,1540,0.1,Up,3339133.5,0.297816353046438,613,93,10629,1352,Up,0.082137763509675,-2.844199155143077,0.260348162735618,1.085457126520476
MA1508.1,IKZF1,0.06,168,0.3,3207,0.3,Down,3339006.5,0.298571285666086,613,140,10629,2706,Down,0.152014484048412,-2.0500333279762,-0.152919770931557,-0.818115030195902
MA0710.1,NOTO,0.09,2400,3.9,40665,3.8,Up,3320994.5,0.418533509117988,613,569,10629,9428,Up,0.001141742677307,-0.140170532383103,0.06560606085662,2.942431765107786
MA0071.1,RORA,0.13,1347,2.2,21844,2.1,Up,3421711,0.035902515868015,613,547,10629,9104,Up,0.012270145279852,-0.193813210069238,0.059217661789737,1.911150295148744
MA0489.1,JUN(var.2),0.12,579,0.9,8654,0.8,Up,3403646.5,0.061926196475917,613,231,10629,3559,Up,0.034899548205078,-1.492189189856314,0.172276078907291,1.45718019519875
MA0880.1,Dlx3,0.06,2600,4.2,43834,4.1,Up,3338601,0.300990266645751,613,569,10629,9581,Up,0.029440644832226,-0.128558901265619,0.042382798621651,1.531052681970043
MA0030.1,FOXF2,0.06,107,0.2,2249,0.2,Down,3338512.5,0.301519937749782,613,100,10629,1980,Down,0.164200553027943,-2.51700248590221,-0.185730713163532,-0.784625384509028
MA0513.1,SMAD2::SMAD3::SMAD4,0.14,697,1.1,11198,1.1,Up,3411580.5,0.049025437112907,613,419,10629,6852,Up,0.050609301298659,-0.590881970367504,0.084978874288845,1.295769658427859
MA0640.2,ELF3,0.01,19,0,249,0,Up,3283336.5,0.743678003834584,613,19,10629,246,Up,0.216172087668289,-5.202929796823904,0.454824964046496,0.665200383251432
MA0069.1,PAX6,0.09,7,0,36,0,Up,3284259,0.734765208827153,613,7,10629,35,Up,0.007054079753457,-7.290033966887385,1.872010057665995,2.151559634505427
MA0104.4,MYCN,0.12,614,1,7888,0.7,Up,3598366,1.306451645777251E-5,613,244,10629,3111,Up,7.528645060566294E-8,-1.54981023152418,0.445162705627018,7.123283177274408
MA0833.2,ATF4,0.15,127,0.2,2597,0.2,Down,3374005.5,0.136895672920486,613,107,10629,2242,Down,0.031819526362463,-2.378810264745943,-0.267832838655004,-1.497306289167736
MA0602.1,Arid5a,0.04,290,0.5,6490,0.6,Down,3440112.5,0.019619351841201,613,167,10629,3431,Down,0.009756826280236,-1.752032362099625,-0.241739772436291,-2.010691427530963
MA0807.1,TBX5,0.12,1797,2.9,31623,3,Down,3318644,0.436047913169772,613,585,10629,9993,Up,0.158862327357403,-0.07820298275767,0.021617619191961,0.798979079259411
MA0081.2,SPIB,0.14,401,0.7,5940,0.6,Up,3470453,0.006491281422836,613,296,10629,4417,Up,0.001176334659539,-1.157901467451493,0.217740456669183,2.929469106733656
MA0820.1,FIGLA,0.02,440,0.7,8673,0.8,Down,3456120,0.011135185426591,613,292,10629,5721,Down,0.003087830000216,-0.981117561614878,-0.17501831515452,-2.510346617662844
MA1532.1,NR1D2,0.08,5,0,55,0,Up,3267807.5,0.897965134323034,613,5,10629,54,Up,0.254273285157692,-7.204544852736873,0.806113875422531,0.594699265927543
MA0778.1,NFKB2,0.11,110,0.2,2720,0.3,Down,3388746.5,0.093714688078515,613,56,10629,1399,Down,0.003552175669655,-3.182915457449933,-0.515650227595568,-2.449505564719063
MA0673.1,NKX2-8,0.1,3606,5.9,59530,5.6,Up,3477966,0.004831890339508,613,605,10629,10548,Down,0.15283962460001,-0.014986128906472,-0.007900510124208,-0.815764037683082
MA0889.1,GBX1,0.08,2595,4.2,43746,4.1,Up,3338566,0.301199666955735,613,569,10629,9579,Up,0.029506665987008,-0.128709487878648,0.04268397184771,1.530079859468014
MA0741.1,KLF16,0.06,272,0.4,6652,0.6,Down,3560907,1.046338775783084E-4,613,188,10629,4174,Down,1.943402798437157E-5,-1.525448620783271,-0.354100399221941,-4.711437176235726
MA0511.2,RUNX2,0.03,41,0.1,465,0,Up,3330938.5,0.349149393642878,613,40,10629,455,Up,0.011232200449908,-4.232774201100647,0.623409340644733,1.94953515472352
MA0469.3,E2F3,0.03,2,0,0,0,Up,3263103,0.945769855502103,613,1,10629,0,Up,0.054527664117038,-11.525871574083405,5.699829082283314,1.263383106435851
MA1566.1,TBX3,0.03,401,0.7,7487,0.7,Down,3359754.5,0.191874483688033,613,283,10629,5259,Down,0.114481583801915,-1.06439539229817,-0.098638432845012,-0.941264370935262
MA1575.1,THRB(var.2),0.05,2,0,15,0,Up,3265347.5,0.922927329256473,613,2,10629,10,Up,0.136542869270137,-8.961230065610923,2.044477253670761,0.8647309752569
MA0149.1,EWSR1-FLI1,0,0,0,177,0,Down,3270355,0.872221360252827,613,0,10629,41,Down,0.170452271371987,-9.130833108770522,-2.260172849784766,-0.768397207179308
MA0036.3,GATA2,0.13,1324,2.2,23267,2.2,Down,3283847.5,0.738736613012636,613,509,10629,8747,Up,0.663441654480571,-0.274556134297472,0.013149873600761,0.1781972645875
MA0827.1,OLIG3,0.11,276,0.5,4558,0.4,Up,3306014,0.537080416020496,613,128,10629,2047,Up,0.31811679508437,-2.31571668158286,0.120843394227666,0.4974134015625
MA0125.1,Nobox,0.09,2599,4.2,43837,4.1,Up,3337913,0.30512426901566,613,569,10629,9582,Up,0.02942185134156,-0.128483619745988,0.04223223558239,1.53133000318814
MA0038.2,GFI1,0.06,54,0.1,718,0.1,Up,3319413,0.430271819953252,613,51,10629,684,Up,0.076924754095569,-3.765649195223426,0.382460377487477,1.113933883382203
MA0797.1,TGIF2,0,2,0,6,0,Up,3262183.5,0.955141677004409,613,1,10629,3,Up,0.200935321511738,-10.122194113054604,2.892474160225712,0.696943713877474
MA0804.1,TBX19,0.13,37,0.1,510,0,Up,3292369.5,0.658055663392398,613,23,10629,285,Up,0.125070040473422,-4.962384930923744,0.512108497876953,0.902846709613696
MA0719.1,RHOXF1,0.01,1514,2.5,23459,2.2,Up,3522696,6.975813665814901E-4,613,516,10629,8592,Up,0.043977580441844,-0.277609439381625,0.058628889167559,1.356768668328155
MA0842.2,NRL,0.09,82,0.1,1804,0.2,Down,3352454.5,0.225657158984684,613,78,10629,1654,Down,0.057774095289638,-2.824952661841901,-0.282692245858753,-1.238266846606864
MA0783.1,PKNOX2,0.11,5,0,155,0,Down,3277271,0.803086332433915,613,4,10629,133,Down,0.25341190982626,-6.703042357879052,-0.775904348683083,-0.596172978046587
