Transcription Factor ID,Transcription Factor Name,Deficit,No. Search Sites,Mean Sites Per Search Gene,No. Background Sites,Mean Sites Per Background Gene,Site Representation,Mann-Whitney U,Site P-Value,Total No. Search Genes,No. Transcription Factor Search Genes,Total No. Background Genes,No. Transcription Factor Background Genes,Gene Representation,Gene P-Value,Average Log2 Proportion Bound,Log2 Enrichment,Significance Score
MA0067.1,Pax2,0.07,208,2.3,26430,2.2,Up,562035,0.50053002766095,90,75,11996,10513,Down,0.201515451415297,-0.225905838028439,-0.071070619459375,-0.695691648246801
MA0597.1,THAP1,0.04,215,2.4,26064,2.2,Up,556303.5,0.61717939232826,90,76,11996,10287,Down,0.652573535514752,-0.232089586073643,-0.020736916633821,-0.185370542581484
MA1471.1,BARX2,0.02,7,0.1,483,0,Up,560697,0.526680092083109,90,7,11996,468,Up,0.090291740450875,-4.135687995884291,1.085465408819209,1.044351975496782
MA1642.1,NEUROG2(var.2),0.01,14,0.2,2704,0.2,Down,569881.5,0.361981301794406,90,13,11996,2386,Down,0.232644970590702,-2.537301850910308,-0.415313068018858,-0.633306331775954
MA0885.1,Dlx2,0,0,0,880,0.1,Down,576990,0.259676077273626,90,0,11996,826,Down,0.002740551551307,-5.679650407871987,-3.640390958422437,-2.562162024192903
MA0647.1,GRHL1,0.12,22,0.2,2359,0.2,Up,554278.5,0.661063734462586,90,12,11996,1281,Up,0.39217157594341,-3.041348935984993,0.370718477353025,0.406523886594478
MA1655.1,ZNF341,0.02,16,0.2,1515,0.1,Up,567053.5,0.408895481512693,90,15,11996,1391,Up,0.137179817499377,-2.826775160658903,0.562251167925146,0.862709779251742
MA1485.1,FERD3L,0.15,17,0.2,4099,0.3,Down,581324.5,0.208175540737071,90,11,11996,2365,Down,0.083017383098456,-2.659340211733805,-0.633887438584776,-1.080830960716748
MA0900.2,HOXA2,0.05,163,1.8,18550,1.5,Up,613219,0.026028994570704,90,64,11996,7131,Up,0.030509148868495,-0.619477363961436,0.261717464602969,1.515569907954845
MA0894.1,HESX1,0.02,140,1.6,17285,1.4,Up,547489.5,0.816093146880544,90,48,11996,6789,Down,0.593815247046661,-0.860584682188499,-0.078696725415157,-0.226348655471502
MA0672.1,NKX2-3,0.05,145,1.6,21961,1.8,Down,579739.5,0.22607407397986,90,69,11996,9943,Down,0.122888956739965,-0.325846357032818,-0.11011691465376,-0.910487142682165
MA0593.1,FOXP2,0.01,14,0.2,1257,0.1,Up,570485,0.352424415194412,90,14,11996,1172,Up,0.074060475854203,-2.998409311252989,0.713088838594711,1.13041350184382
MA0463.2,BCL6,0.12,11,0.1,490,0,Up,578548,0.240233864666566,90,10,11996,476,Up,0.00322692463772,-3.880760999173793,1.546465069738697,2.491211177082774
MA0052.4,MEF2A,0.14,137,1.5,19698,1.6,Down,575307.5,0.281866299843448,90,57,11996,8539,Down,0.10331389289476,-0.572372944489805,-0.163965783298049,-0.985841273815943
MA0462.2,BATF::JUN,0.11,62,0.7,6858,0.6,Up,582632.5,0.194197194242185,90,34,11996,3485,Up,0.080114212478313,-1.587248727986634,0.391854595363194,1.096290432063416
MA1537.1,NR2F1(var.2),0.13,0,0,212,0,Down,548640,0.78911423827608,90,0,11996,196,Down,0.407766309318487,-6.715893161388841,-1.567905451388729,-0.389588659581687
MA0612.2,EMX1,0.1,251,2.8,32860,2.7,Up,552223,0.706832711295488,90,69,11996,10007,Down,0.088955710549698,-0.32121837851894,-0.119372871681515,-1.050826166966045
MA1514.1,KLF17,0.07,17,0.2,1851,0.2,Up,567316,0.404394228748916,90,17,11996,1619,Up,0.161341220484079,-2.629778027648068,0.518430315019658,0.792254662110447
MA0115.1,NR1H2::RXRA,0.12,0,0,32,0,Down,541215,0.966257548308669,90,0,11996,31,Down,0.99999999993346,-8.036445950768186,1.073200127369961,0.000000000028898
MA1112.2,NR4A1,0.12,45,0.5,6748,0.6,Down,573212.5,0.311248039663913,90,32,11996,4976,Down,0.283488345917276,-1.37344414191113,-0.208067864287242,-0.547464790061555
MA0696.1,ZIC1,0.14,18,0.2,1926,0.2,Up,569799,0.363300256020962,90,18,11996,1693,Up,0.127021276938408,-2.557463093956591,0.534141145004671,0.89612352563476
MA1104.2,GATA6,0.13,115,1.3,13750,1.1,Up,592340.5,0.111238413420131,90,68,11996,7590,Up,0.015592452149432,-0.5310802678521,0.258532927458842,1.807085580050239
MA0035.4,GATA1,0.11,111,1.2,11768,1,Up,605124,0.047669483305501,90,61,11996,7209,Up,0.159939648082829,-0.645986913618943,0.177311063749955,0.796043863901184
MA0059.1,MAX::MYC,0.05,9,0.1,916,0.1,Up,555151.5,0.64199005313724,90,8,11996,717,Up,0.25865594178261,-3.73793698111145,0.651107870557167,0.587277540631041
MA0862.1,GMEB2,0.07,19,0.2,3968,0.3,Down,581056,0.211133024184647,90,13,11996,2625,Down,0.096123084644805,-2.468453921272291,-0.553008927294893,-1.017172300886008
MA0477.2,FOSL1,0.13,91,1,9882,0.8,Up,594310.5,0.098454984680792,90,41,11996,4051,Up,0.024729734698568,-1.34544598422962,0.441279056986679,1.606780542739624
MA0474.2,ERG,0.09,25,0.3,7689,0.6,Down,670648,7.269832365564E-5,90,16,11996,5108,Down,8.799023214859918E-7,-1.843546841858155,-1.223809851733193,-6.055565536479549
MA1154.1,ZNF282,0.13,3,0,400,0,Down,540118.5,0.992777786129383,90,3,11996,393,Up,0.770469873284832,-4.811298538735599,0.237615147419995,0.113244338284891
MA0050.2,IRF1,0.05,12,0.1,152,0,Up,599517.5,0.070250910639186,90,11,11996,140,Up,1.432881182434792E-8,-4.696091774379175,3.439615686705964,7.843789820734777
MA1111.1,NR2F2,0.01,30,0.3,3520,0.3,Up,565665,0.433196496541534,90,27,11996,2979,Up,0.270703353907442,-1.863978789698996,0.290985232280901,0.567506363459373
MA0718.1,RAX,0.04,281,3.1,37245,3.1,Up,542454.5,0.936325085540415,90,74,11996,10215,Down,0.455831042364091,-0.256265553092192,-0.048823627057703,-0.341196102436974
MA0907.1,HOXC13,0.14,52,0.6,5287,0.4,Up,606750,0.042396145472392,90,43,11996,4173,Up,0.014085569303088,-1.290093136811264,0.466381491153573,1.851225595238883
MA1650.1,ZBTB14,0.13,47,0.5,7270,0.6,Down,571802,0.332129139609607,90,29,11996,4788,Down,0.159929872251006,-1.471085344609967,-0.292234986222794,-0.796070409661554
MA1118.1,SIX1,0.03,7,0.1,539,0,Up,558256.5,0.57611028628605,90,7,11996,522,Up,0.116510502801901,-4.056997001229763,0.928083419510152,0.933634923536544
MA0691.1,TFAP4,0.12,246,2.7,23760,2,Up,588361.5,0.141023384332975,90,62,11996,7306,Up,0.129802889356123,-0.624711385906299,0.18129956697036,0.886715640220902
MA1123.2,TWIST1,0.06,38,0.4,4595,0.4,Up,563543,0.471903624687894,90,32,11996,3716,Up,0.360883094090907,-1.584037559664722,0.213118971219942,0.4426334623988
MA1150.1,RORB,0.15,238,2.6,29714,2.5,Up,570709,0.348918215156243,90,88,11996,10854,Up,0.016665503834489,-0.088280312000114,0.112079949999812,1.77818155213662
MA1114.1,PBX3,0.11,4,0,907,0.1,Down,560164.5,0.537278077713509,90,3,11996,860,Down,0.214803011113779,-4.246892760469241,-0.891196409112722,-0.667959634979313
MA0669.1,NEUROG2,0,1,0,17,0,Up,545097.5,0.872852009600734,90,1,11996,16,Up,0.119399264478079,-7.710407602478339,3.59104843223258,0.922998348534082
MA1120.1,SOX13,0.02,37,0.4,5143,0.4,Down,560201,0.536548236320941,90,26,11996,4027,Down,0.372180564503376,-1.673291248439579,-0.197268368160854,-0.42924630973648
MA0902.2,HOXB2,0.13,1113,12.4,136173,11.4,Up,576410,0.267184824911185,90,90,11996,11752,Up,0.267180433162622,-0.014822938935992,0.029645877871984,0.573195350390575
MA1585.1,ZKSCAN1,0.01,6,0.1,221,0,Up,566166,0.424333309888301,90,6,11996,214,Up,0.005943709271946,-4.802449134697826,2.006085931511425,2.22594244162258
MA0505.1,Nr5a2,0.01,2,0,53,0,Up,549475,0.769688899055825,90,2,11996,52,Up,0.061151992053833,-6.506999106241402,2.658162628091117,1.213589391057852
MA0732.1,EGR3,0.13,21,0.2,6388,0.5,Down,629161,0.006744361363604,90,16,11996,4030,Down,0.00108289722674,-2.014517299471756,-0.881868936505991,-2.965412758497017
MA1116.1,RBPJ,0.01,174,1.9,20970,1.7,Up,581083,0.210834256785915,90,77,11996,9739,Up,0.343577093563354,-0.262207712506859,0.076972461395782,0.463975798480643
MA0092.1,Hand1::Tcf3,0.06,212,2.4,26254,2.2,Up,573144,0.312241664043681,90,83,11996,10498,Up,0.201958534212745,-0.154285969567862,0.076288749917418,0.694737790014709
MA0878.2,CDX1,0.02,6,0.1,239,0,Up,559216.5,0.556406938658466,90,5,11996,238,Up,0.034892033145071,-4.84644737519674,1.612066213501663,1.457273723645638
MA0781.1,PAX9,0.13,0,0,28,0,Down,541080,0.969521272989865,90,0,11996,28,Down,0.999999999936136,-8.108640905435774,1.217590036705136,0.000000000027736
MA0461.2,Atoh1,0.02,16,0.2,932,0.1,Up,563073.5,0.480718208393119,90,9,11996,705,Up,0.11094034407528,-3.66987101949772,0.835905291716199,0.95491049151502
MA0641.1,ELF4,0.09,1,0,1629,0.1,Down,598571.5,0.074814060111584,90,1,11996,1437,Down,2.371330771995159E-4,-4.487931541798016,-2.853903689128066,-3.625007862962804
MA0651.1,HOXC11,0.15,85,0.9,10847,0.9,Up,568431.5,0.385599165492664,90,57,11996,6710,Up,0.167182466153336,-0.746238611826629,0.183765551375598,0.776809272663485
MA0746.2,SP3,0.07,31,0.3,5641,0.5,Down,577209,0.256879244264247,90,24,11996,3950,Down,0.217759618616327,-1.743821217450527,-0.282629651034942,-0.662022652762386
MA1527.1,NFIC(var.2),0.01,4,0,23,0,Up,556833.5,0.605907646095042,90,3,11996,22,Up,8.157006084419544E-4,-6.875481903324505,4.365981876597807,3.088469213746675
MA0495.3,MAFF,0.14,74,0.8,6500,0.5,Up,618862,0.01653446439881,90,48,11996,4945,Up,0.023687092793842,-1.089179155228809,0.378492220665462,1.62548823860479
MA1134.1,FOS::JUNB,0.11,91,1,10064,0.8,Up,590455,0.1246672426865,90,41,11996,4159,Up,0.034638549375641,-1.326468995964365,0.403325080456168,1.460440304049208
MA0744.2,SCRT2,0.04,8,0.1,579,0,Up,562241,0.496565981162409,90,8,11996,567,Up,0.076435956483472,-3.907116200803836,0.989466309941939,1.116702295496717
MA1564.1,SP9,0.07,111,1.2,19217,1.6,Down,601220.5,0.062612693647022,90,54,11996,8221,Down,0.087990287272901,-0.638400790094781,-0.186521544422997,-1.055565264401933
MA1562.1,SOX14,0.05,6,0.1,487,0,Up,554523,0.655698878849411,90,6,11996,472,Up,0.171720593994501,-4.23278079389338,0.866749249902535,0.765177617932596
MA0656.1,JDP2(var.2),0.1,2,0,1091,0.1,Down,561283,0.515141970559727,90,1,11996,612,Down,0.091493979472309,-5.1033216452126,-1.623123482298899,-1.038607482632773
MA0769.2,TCF7,0,1,0,9,0,Up,545413,0.865321390011056,90,1,11996,9,Up,0.07204581721234,-8.108640905435774,4.387515038147449,1.142391228095389
MA1633.1,BACH1,0.08,7,0.1,364,0,Up,565758,0.431543186448224,90,7,11996,356,Up,0.018468582302238,-4.332761481491941,1.479612380034508,1.733566440885993
MA0829.2,SREBF1(var.2),0.08,24,0.3,2734,0.2,Up,561355.5,0.513723652897571,90,21,11996,2314,Up,0.347618765580955,-2.22371111152115,0.300259958280085,0.458896786975159
MA0903.1,HOXB3,0.02,185,2.1,20891,1.7,Up,598082.5,0.077266087974603,90,65,11996,7778,Up,0.151065765686331,-0.545736282506992,0.158626793922473,0.820833943722178
MA0483.1,Gfi1b,0.13,189,2.1,22800,1.9,Up,571390.5,0.338387737535727,90,78,11996,9509,Up,0.089797329181388,-0.270198651932541,0.129947027481926,1.04673658024845
MA0738.1,HIC2,0.08,658,7.3,79420,6.6,Up,548677,0.788250594398009,90,89,11996,11935,Down,0.371611508141324,-0.011692331696966,-0.008675556243965,-0.429910845149643
MA0784.1,POU1F1,0.02,1,0,17,0,Up,545053,0.873915117099923,90,1,11996,17,Up,0.125966011196344,-7.667963153685084,3.506159534646068,0.899746622669425
MA0466.2,CEBPB,0.14,91,1,10198,0.9,Up,600167.5,0.067249893234139,90,58,11996,6389,Up,0.034336722017703,-0.769159890485606,0.27935744597161,1.464241167462067
MA1463.1,ARGFX,0.06,64,0.7,7642,0.6,Up,572927,0.315403134047879,90,30,11996,3109,Up,0.116896635302206,-1.758483792821416,0.378750486602193,0.932197989186452
MA0070.1,PBX1,0.09,7,0.1,596,0,Up,552756.5,0.694842994568345,90,6,11996,514,Up,0.286307869500149,-4.171352420000614,0.743892502117002,0.543166714732435
MA0737.1,GLIS3,0.1,2,0,60,0,Up,549160,0.777000781458535,90,2,11996,59,Up,0.075664177969075,-6.416712983420491,2.477590382449296,1.121109681827061
MA0501.1,MAF::NFE2,0.15,16,0.2,1207,0.1,Up,578895.5,0.236041103373725,90,15,11996,1132,Up,0.028411940604076,-2.975340089857908,0.859381026323156,1.546499101903305
MA0147.3,MYC,0.01,7,0.1,762,0.1,Up,543652.5,0.907479634720237,90,6,11996,720,Up,0.660079922721899,-3.928438743360225,0.258065148836223,0.180403476737427
MA0259.1,ARNT::HIF1A,0,7,0.1,476,0,Up,560842.5,0.523802984798992,90,7,11996,465,Up,0.089226533619365,-4.140321935934488,1.094733288919603,1.049505978685234
MA1574.1,THRB,0.12,2,0,515,0,Down,548838,0.784495619242737,90,2,11996,466,Down,0.586518097455227,-4.931255229648584,-0.493325125094519,-0.231718582860161
MA1587.1,ZNF135,0.1,10,0.1,1934,0.2,Down,558150,0.578316259522773,90,10,11996,1718,Down,0.451851598939212,-2.955460132942615,-0.304136662723659,-0.345004176569654
MA1419.1,IRF4,0.13,11,0.1,90,0,Up,601787.5,0.060227318792344,90,11,11996,89,Up,1.719799065946189E-10,-5.021397045857509,4.090226229662635,9.76452229126013
MA0152.1,NFATC2,0.07,289,3.2,31986,2.7,Up,631894,0.005236933281072,90,86,11996,10734,Up,0.057962877308618,-0.11278811203747,0.095140905181979,1.236850064052491
MA1621.1,Rbpjl,0.02,14,0.2,2308,0.2,Down,562438.5,0.492781273556151,90,11,11996,2003,Down,0.319728991979544,-2.779151537274239,-0.394264787503907,-0.495217981539197
MA0655.1,JDP2,0.13,31,0.3,3180,0.3,Up,577019,0.25930451401294,90,21,11996,1917,Up,0.061586334900301,-2.359448103971947,0.57173394318168,1.210515640688724
MA0667.1,MYF6,0.13,24,0.3,3536,0.3,Down,567946.5,0.393704461280195,90,11,11996,2145,Down,0.212085511475225,-2.729755841615445,-0.493056178821495,-0.673488999099106
MA0048.2,NHLH1,0.06,56,0.6,5796,0.5,Up,586886.5,0.153504313930863,90,33,11996,3309,Up,0.058772476978184,-1.645842539555015,0.424171685859165,1.230826005469227
MA1110.1,NR1H4,0.14,45,0.5,7601,0.6,Down,588921,0.136498638047373,90,33,11996,5539,Down,0.08894026639885,-1.274271293325873,-0.31897080659912,-1.050901574062063
MA1483.1,ELF2,0.09,6,0.1,2168,0.2,Down,589140,0.134758380984917,90,6,11996,1879,Down,0.018494408059067,-3.23679945342609,-1.125213431032047,-1.732959564364524
MA0522.3,TCF3,0.01,48,0.5,6502,0.5,Down,552407,0.7026891479354,90,39,11996,4753,Up,0.516661205493045,-1.265808315877898,0.139486353943591,0.286794147072152
MA0159.1,RARA::RXRA,0.08,3,0,111,0,Up,552993,0.689552073742618,90,3,11996,107,Up,0.048759552822429,-5.747312026694612,2.109642123338021,1.311940285983144
MA0733.1,EGR4,0.11,20,0.2,6114,0.5,Down,635354.5,0.003767207696242,90,15,11996,4043,Down,4.515062210703005E-4,-2.057293309266103,-0.976712534860453,-3.345336261390587
MA1557.1,SMAD5,0.09,4,0,533,0,Up,546299,0.844241032200917,90,4,11996,383,Up,0.537195630593359,-4.648582028045522,0.637322284809256,0.269867528424972
MA0657.1,KLF13,0.07,2,0,79,0,Up,548437,0.793857194249044,90,2,11996,75,Up,0.112249987949725,-6.244919495411923,2.134003406432162,0.949813696947074
MA0525.2,TP63,0.13,0,0,35,0,Down,541035,0.970609297369083,90,0,11996,27,Down,0.999999999928789,-8.134406055755814,1.269120337345218,0.000000000030926
MA1530.1,NKX6-3,0.07,149,1.7,14123,1.2,Up,627559.5,0.007799099367472,90,69,11996,7565,Up,0.00813329979136,-0.523005517542664,0.284201406365931,2.089733219420748
MA0682.2,PITX1,0.01,140,1.6,15315,1.3,Up,564728,0.450057260709545,90,54,11996,7775,Down,0.375622941018565,-0.678633882760491,-0.106055359091576,-0.425247891236816
MA0621.1,mix-a,0.03,37,0.4,4236,0.4,Up,579488.5,0.229006302683129,90,28,11996,2744,Up,0.077069787589977,-1.897477093448495,0.461042441060062,1.113115837959988
MA0812.1,TFAP2B(var.2),0.01,4,0,969,0.1,Down,554763,0.650449981155623,90,2,11996,604,Down,0.328809515387453,-4.744322600449902,-0.867190383491884,-0.483055622943214
MA1531.1,NR1D1,0.12,3,0,210,0,Up,548451,0.793529846787671,90,3,11996,208,Up,0.207823133180304,-5.269456664767011,1.153931399482818,0.682306111959878
MA0695.1,ZBTB7C,0.06,36,0.4,6315,0.5,Down,574446.5,0.293705690317288,90,29,11996,4527,Down,0.326053243291156,-1.511514924918459,-0.211375825605811,-0.486711475455151
MA1534.1,NR1I3,0,4,0,193,0,Up,555213,0.640655049647559,90,4,11996,191,Up,0.057578153687874,-5.14952312083451,1.639204470387232,1.239742265404863
MA1148.1,PPARA::RXRA,0.15,17,0.2,1924,0.2,Up,561094.5,0.518839091351979,90,17,11996,1765,Up,0.294207600853783,-2.567513851165861,0.393901962055244,0.531346111464999
MA1109.1,NEUROD1,0.04,18,0.2,3314,0.3,Down,567676.5,0.398261051942761,90,17,11996,2837,Down,0.320926099562807,-2.225242065512841,-0.290641609250796,-0.493594962134208
MA0485.2,HOXC9,0.15,82,0.9,10231,0.9,Up,572098.5,0.327666265256317,90,55,11996,6411,Up,0.167843450563671,-0.804654876265724,0.19844971106525,0.775095600734419
MA0838.1,CEBPG,0.06,3,0,245,0,Up,543959,0.900117755365151,90,2,11996,175,Up,0.380788039635273,-5.636458254922183,0.917080925452679,0.419316701049058
MA0794.1,PROX1,0.12,7,0.1,655,0.1,Up,554143.5,0.664033425207589,90,7,11996,612,Up,0.228601360598199,-3.942357597768919,0.698804612588464,0.640921189082768
MA0638.1,CREB3,0.14,22,0.2,2061,0.2,Up,581700,0.204090014721769,90,21,11996,1842,Up,0.054867572738106,-2.388229083175879,0.629295901589544,1.26068425193739
MA0792.1,POU5F1B,0.08,35,0.4,3371,0.3,Up,570741,0.348419144299123,90,25,11996,2719,Up,0.255889289431629,-1.98431038629974,0.31377968237606,0.591947891674707
MA0843.1,TEF,0.04,0,0,325,0,Down,550485,0.746385155273741,90,0,11996,237,Down,0.426214107779002,-6.579194060908989,-1.841303652348433,-0.370372179142769
MA0484.2,HNF4G,0.13,25,0.3,3261,0.3,Up,549618,0.766376239330961,90,23,11996,2809,Up,0.618415325745965,-2.019742644197225,0.148971217583313,0.208719756145959
MA1624.1,Stat5a,0.01,0,0,307,0,Down,553365,0.681260495570691,90,0,11996,301,Down,0.176286800911941,-6.407078816568102,-2.185534141030208,-0.753780203331428
MA0526.3,USF2,0.13,69,0.8,7964,0.7,Up,591387.5,0.11787575488432,90,49,11996,5308,Up,0.055546742977093,-1.023363328905146,0.305748123803101,1.25534140114337
MA0881.1,Dlx4,0.13,752,8.4,92664,7.7,Up,575554,0.278537193370562,90,89,11996,11556,Up,0.264938119302154,-0.034969569326994,0.03787891901609,0.576855550907921
MA1137.1,FOSL1::JUNB,0.08,73,0.8,7336,0.6,Up,594946.5,0.094588084040214,90,37,11996,3699,Up,0.039373657089803,-1.484119275550061,0.426184157925472,1.40479424535305
MA0476.1,FOS,0.15,164,1.8,18089,1.5,Up,614659,0.023241217195499,90,66,11996,7433,Up,0.028895389664076,-0.567531726750709,0.245936550337387,1.539171444550532
MA0116.1,Znf423,0.01,1,0,7,0,Up,545503,0.863175403288501,90,1,11996,7,Up,0.058059683705979,-8.279159364353307,4.728551955982515,1.236125334421016
MA0715.1,PROP1,0.07,3,0,357,0,Up,545391,0.865846116258849,90,3,11996,274,Up,0.46364694695379,-5.071077281986743,0.757172633922283,0.33381259563619
MA1149.1,RARA::RXRG,0.02,1,0,27,0,Up,544781.5,0.880406129782474,90,1,11996,23,Up,0.164361756099035,-7.455310236318748,3.080853699913397,0.784199227229791
MA0032.2,FOXC1,0.08,59,0.7,6619,0.6,Up,613069.5,0.026334344110793,90,44,11996,4016,Up,0.003323870705391,-1.301357616446565,0.554490320659515,2.478355878097121
MA1122.1,TFDP1,0.14,200,2.2,30604,2.6,Down,583547,0.184841682483626,90,66,11996,9713,Down,0.078874879478529,-0.374556939484519,-0.140013024194994,-1.103061291352878
MA0786.1,POU3F1,0.05,5,0.1,884,0.1,Down,558246.5,0.576317250883726,90,3,11996,817,Down,0.287838506655535,-4.28387099129662,-0.817239947457963,-0.540851107170228
MA0163.1,PLAG1,0.11,7,0.1,1642,0.1,Down,566222.5,0.423340464489221,90,6,11996,1388,Down,0.183757739682962,-3.455210322538175,-0.688391692807876,-0.735754359831175
MA0659.2,MAFG,0.12,80,0.9,7484,0.6,Up,606339.5,0.043678573058586,90,50,11996,5475,Up,0.070566454097331,-0.986592672976288,0.289916537289755,1.151401704935893
MA0019.1,Ddit3::Cebpa,0.05,35,0.4,3319,0.3,Up,587350.5,0.149490692842974,90,29,11996,2829,Up,0.061502798747061,-1.85059867679584,0.466791678148952,1.211105120765259
MA1544.1,OVOL1,0.05,1,0,481,0,Down,554710,0.651607633672244,90,1,11996,464,Down,0.266482572772582,-5.30283726896624,-1.224092234791619,-0.574331187373538
MA0634.1,ALX3,0.01,40,0.4,3975,0.3,Up,570191,0.357060014934661,90,23,11996,2395,Up,0.186808656568689,-2.134735937613132,0.378957804415126,0.728603002769168
MA0527.1,ZBTB33,0.12,13,0.1,3322,0.3,Down,596957.5,0.083156285810234,90,8,11996,2361,Down,0.007462995753273,-2.878610581817692,-1.067544928030348,-2.127086805509552
MA0806.1,TBX4,0,10,0.1,1742,0.1,Down,557109,0.60008509637743,90,9,11996,1587,Down,0.436374487018801,-3.084851717522906,-0.334133312233427,-0.360140648713508
MA1106.1,HIF1A,0.1,95,1.1,9210,0.8,Up,609338.5,0.035021894129745,90,51,11996,5789,Up,0.113701397791782,-0.932224127710041,0.237757535620108,0.944234196266298
MA1541.1,NR6A1,0.02,1,0,12,0,Up,545278,0.868542228183068,90,1,11996,12,Up,0.092640834549003,-7.910676567270204,3.991586361816309,1.033197541285096
MA0779.1,PAX1,0.12,0,0,34,0,Down,541350,0.962994388781776,90,0,11996,34,Down,0.999999999950726,-7.97082368412906,0.941955594091708,0.0000000000214
MA0106.3,TP53,0.15,1,0,128,0,Up,541526.5,0.958729053059359,90,1,11996,95,Up,0.513441159389572,-6.443890248139692,1.058013723555286,0.289509319577169
MA1153.1,Smad4,0.09,306,3.4,43466,3.6,Down,568514,0.384230645220627,90,83,11996,11576,Down,0.039781689061076,-0.083778006659763,-0.064727175898781,-1.400316781434512
MA0822.1,HES7,0.11,10,0.1,635,0.1,Up,560379,0.532996171767442,90,6,11996,339,Up,0.043656082584374,-4.471232171325233,1.343652004766239,1.359955237667649
MA0464.2,BHLHE40,0.01,15,0.2,1614,0.1,Up,555264,0.639548854511487,90,9,11996,846,Up,0.296576154829456,-3.538439026848531,0.573041306417822,0.527863769835918
MA0895.1,HMBOX1,0.09,80,0.9,7385,0.6,Up,611852.5,0.02893722633598,90,48,11996,5096,Up,0.041968316722859,-1.067483937912715,0.335101786033273,1.377078449245364
MA0090.3,TEAD1,0.13,71,0.8,7000,0.6,Up,606540,0.043048162862039,90,48,11996,5136,Up,0.053804969926811,-1.061844526639675,0.323822963487194,1.269177607008314
MA0107.1,RELA,0.13,51,0.6,4951,0.4,Up,606141,0.044310357827548,90,41,11996,4032,Up,0.01881534759529,-1.34883678782318,0.448060664173798,1.725487754100852
MA0079.4,SP1,0.13,74,0.8,14118,1.2,Down,614628.5,0.023297463715605,90,40,11996,6765,Down,0.025003449615461,-0.993170488941412,-0.333650790514337,-1.602000069503642
MA1579.1,ZBTB26,0.02,39,0.4,4693,0.4,Up,565234.5,0.440897302886886,90,33,11996,3807,Up,0.308997192562796,-1.544727156601931,0.221940919952996,0.510045466400488
MA0024.3,E2F1,0.14,200,2.2,34122,2.8,Down,605955.5,0.044907720224266,90,49,11996,8015,Down,0.017819550474694,-0.726119201515621,-0.288740130975948,-1.749103255900841
MA0796.1,TGIF1,0.13,3,0,257,0,Up,547603.5,0.813409558924434,90,3,11996,226,Up,0.243099054002968,-5.209724831466225,1.034467732881247,0.614216731169376
MA1600.1,ZNF684,0.15,3,0,171,0,Up,550206,0.752800396968786,90,3,11996,169,Up,0.136682721996741,-5.418837719921171,1.452693509791137,0.864286380938588
MA0774.1,MEIS2,0.09,91,1,13991,1.2,Down,573144.5,0.312234403746646,90,57,11996,8210,Down,0.306719628943281,-0.60071370402057,-0.10728426423652,-0.513258429857193
MA0871.2,TFEC,0.11,35,0.4,4275,0.4,Up,562955.5,0.482947609192561,90,24,11996,2629,Up,0.305678419042086,-2.037444599720193,0.304617113504392,0.514735221469457
MA0132.2,PDX1,0.01,82,0.9,10360,0.9,Up,567760.5,0.39684005304019,90,34,11996,3773,Up,0.210535542219812,-1.529979904694057,0.277316948778042,0.676674576849953
MA0780.1,PAX3,0.13,33,0.4,3375,0.3,Up,572450,0.322426197677243,90,22,11996,2188,Up,0.13253564869792,-2.231296030033783,0.446606478560506,0.877667291912294
MA0478.1,FOSL2,0.07,66,0.7,7096,0.6,Up,590824.5,0.121940511072135,90,35,11996,3436,Up,0.035496508210281,-1.576850230752888,0.453502926348729,1.449814366370024
MA1628.1,Zic1::Zic2,0.15,200,2.2,26598,2.2,Up,545390.5,0.865858042543593,90,68,11996,9960,Down,0.066927788960521,-0.335068646244148,-0.133490315757061,-1.174393522196652
MA0859.1,Rarg,0.12,1,0,98,0,Up,541408,0.961592625900919,90,1,11996,98,Up,0.524316726115006,-6.421578752429378,1.013390732134658,0.280406287730517
MA0686.1,SPDEF,0.12,8,0.1,2688,0.2,Down,596671,0.084713056367372,90,8,11996,2299,Down,0.010332520959439,-2.897802250703008,-1.029161590259717,-1.98579370508235
MA1606.1,Foxf1,0.02,37,0.4,5107,0.4,Down,548718,0.787293887595595,90,32,11996,3948,Up,0.575882278977912,-1.540357518491237,0.125758888872972,0.239666285353612
MA1105.2,GRHL2,0.12,60,0.7,6514,0.5,Up,590964.5,0.120919641941761,90,45,11996,4910,Up,0.085777491630121,-1.140361484580044,0.296620475391071,1.066626657876905
MA0078.1,Sox17,0.03,62,0.7,9718,0.8,Down,579710.5,0.22641148180012,90,41,11996,6270,Down,0.205987319647537,-1.030383811567755,-0.18884528833705,-0.686159513497849
MA0692.1,TFEB,0.08,54,0.6,6048,0.5,Up,577030.5,0.259157271979054,90,31,11996,3302,Up,0.155272905201869,-1.691774527701091,0.338417128235605,0.808904321141539
MA0618.1,LBX1,0.09,114,1.3,13575,1.1,Up,586816.5,0.154116864473888,90,60,11996,6761,Up,0.054610358387789,-0.704090483732215,0.246215667847209,1.262724973339416
MA0893.2,GSX2,0.02,43,0.5,4859,0.4,Up,581932,0.2015951373213,90,33,11996,3309,Up,0.058772476978184,-1.645842539555015,0.424171685859165,1.230826005469227
MA0028.2,ELK1,0.07,1,0,1902,0.2,Down,607694.5,0.039565960196587,90,1,11996,1639,Down,6.668083668068535E-5,-4.393084568961036,-3.043597634802027,-4.175998959481029
MA0153.2,HNF1B,0.09,3,0,173,0,Up,551817,0.716006209815517,90,3,11996,132,Up,0.079546825448161,-5.596484176764062,1.807986423476921,1.099377147480081
MA0722.1,VAX1,0.07,134,1.5,14623,1.2,Up,623434,0.011227333335509,90,59,11996,5792,Up,0.001363386592623,-0.827691818988081,0.445327390425637,2.865380981115402
MA0877.2,BARHL1,0.13,276,3.1,36688,3.1,Up,561860,0.503910678738236,90,76,11996,10950,Down,0.036307330620514,-0.187037428992919,-0.11084123079527,-1.440005680015683
MA0630.1,SHOX,0.11,752,8.4,92664,7.7,Up,575554,0.278537193370562,90,89,11996,11556,Up,0.264938119302154,-0.034969569326994,0.03787891901609,0.576855550907921
MA1556.1,RXRG(var.2),0.14,3,0,1023,0.1,Down,564838.5,0.448049741223245,90,3,11996,954,Down,0.117711912827776,-4.172107757787374,-1.040766414476456,-0.929179582920695
MA0730.1,RARA(var.2),0.13,1,0,74,0,Up,542666.5,0.931213361718454,90,1,11996,70,Up,0.412710811997412,-6.66282898595817,1.495891199192241,0.384354153537638
MA0665.1,MSC,0.1,3,0,962,0.1,Down,554789,0.649882384131554,90,2,11996,598,Down,0.32814166494387,-4.751518146602712,-0.852799291186262,-0.483938622688048
MA1563.1,SOX18,0.13,631,7,84850,7.1,Down,548182.5,0.799814179126916,90,89,11996,11975,Down,0.151752227702315,-0.009278887864951,-0.013502443907995,-0.818864924821262
MA1524.1,MSGN1,0.01,3,0,194,0,Up,544357.5,0.890559038917677,90,2,11996,167,Up,0.359375443810222,-5.670113222401897,0.984390860412106,0.444451601634576
MA0130.1,ZNF354C,0.01,203,2.3,29142,2.4,Down,569342.5,0.370652712449985,90,84,11996,10893,Up,0.580190627434141,-0.119056226776765,0.040179551951487,0.236429291194353
MA0604.1,Atf1,0.02,4,0,1194,0.1,Down,564624,0.451951338281412,90,4,11996,1080,Down,0.190651705691505,-3.901381733367235,-0.857078304547317,-0.719759304898075
MA0901.2,HOXB13,0.03,20,0.2,1433,0.1,Up,582931.5,0.1911008792386,90,17,11996,1318,Up,0.026284535278387,-2.778103476113381,0.815081211950284,1.580299697086347
MA0821.1,HES5,0.11,13,0.1,1006,0.1,Up,562189.5,0.497555420989747,90,8,11996,563,Up,0.074774167978169,-3.912218591806864,0.999671091947996,1.126248410720589
MA1560.1,SOHLH2,0.01,8,0.1,676,0.1,Up,548991,0.780931868187261,90,4,11996,329,Up,0.316224306717745,-4.758056084292963,0.856270397304138,0.500004750888082
MA0063.2,NKX2-5,0.01,25,0.3,2194,0.2,Up,588077.5,0.143363812616109,90,23,11996,1993,Up,0.032017723286856,-2.26724754168066,0.643981012550184,1.494609553088453
MA0639.1,DBP,0.15,49,0.5,6279,0.5,Up,565211.5,0.441310924049348,90,27,11996,2921,Up,0.218523212429142,-1.878159268783295,0.319346190449499,0.660502423707541
MA1576.1,THRB(var.3),0.15,0,0,333,0,Down,554220,0.66234994895483,90,0,11996,320,Down,0.178838840233567,-6.362995639208775,-2.273700495748864,-0.74753815518622
MA0496.3,MAFK,0.03,4,0,278,0,Up,551603,0.72085815227491,90,4,11996,271,Up,0.14888862061664,-4.897719217894807,1.135596664507828,0.827138493599413
MA0156.2,FEV,0.08,18,0.2,5891,0.5,Down,646280,0.001245138879944,90,14,11996,4206,Down,5.276268641453939E-5,-2.076893100483411,-1.129943582944444,-4.277673100439757
MA1473.1,CDX4,0.01,3,0,117,0,Up,552636,0.69754453833406,90,3,11996,115,Up,0.057837539251737,-5.695533930781314,2.006085931511425,1.237790192755809
MA0099.3,FOS::JUN,0.12,108,1.2,11845,1,Up,603796,0.052375763995133,90,51,11996,5217,Up,0.013869482472033,-1.007264158902937,0.387837598005899,1.857939743954376
MA0724.1,VENTX,0.08,94,1,12448,1,Up,562251,0.496373978624294,90,47,11996,7171,Down,0.160863079819769,-0.836128512818245,-0.187723531868025,-0.793543620726558
MA0004.1,Arnt,0.08,117,1.3,13918,1.2,Up,569790.5,0.363436318946807,90,53,11996,6320,Up,0.245986564525987,-0.841440931409734,0.166124061455352,0.60908861286236
MA1466.1,ATF6,0.05,1,0,33,0,Up,544333,0.891146269894949,90,1,11996,33,Up,0.224681830975905,-7.19956006692868,2.569353361133261,0.648432045631341
MA0858.1,Rarb(var.2),0.1,0,0,23,0,Down,540855,0.974961921693317,90,0,11996,23,Down,0.999999999930243,-8.247791486679326,1.495891199192241,0.000000000030295
MA0886.1,EMX2,0.07,88,1,10689,0.9,Up,574303,0.295710891217516,90,36,11996,3978,Up,0.178263093855022,-1.451169191249664,0.282295726092951,0.748938560325293
MA0608.1,Creb3l2,0.14,128,1.4,14735,1.2,Up,568716.5,0.380884170735161,90,54,11996,6268,Up,0.168258769520622,-0.834041478107899,0.204759831603239,0.774022291412077
MA0892.1,GSX1,0.02,82,0.9,10346,0.9,Up,567900,0.39448694950706,90,34,11996,3771,Up,0.210380199796885,-1.530362328835788,0.278081797061503,0.676995136778751
MA0755.1,CUX2,0.12,91,1,12068,1,Up,560895,0.522766835582177,90,56,11996,6490,Up,0.137309672554793,-0.782939478239027,0.206545107142018,0.862298868522809
MA1528.1,NFIX(var.2),0.09,23,0.3,1215,0.1,Up,591203.5,0.119192339557372,90,14,11996,711,Up,8.87013271670207E-4,-3.358735441691117,1.433741099470967,3.05206988211865
MA0775.1,MEIS3,0.03,143,1.6,21123,1.8,Down,567613,0.399337291140118,90,71,11996,9759,Down,0.586410288755959,-0.318854483129144,-0.042240134351345,-0.231798418464577
MA1608.1,Isl1,0.04,74,0.8,6434,0.5,Up,600124,0.067447381240847,90,48,11996,4774,Up,0.012504564483933,-1.114562520246042,0.429258950699928,1.902931429524714
MA0014.3,PAX5,0.15,46,0.5,6891,0.6,Down,560241.5,0.535738996467015,90,34,11996,5040,Down,0.454004611585167,-1.321148116230888,-0.140346628148296,-0.342939735742414
MA0766.2,GATA5,0.05,173,1.9,20616,1.7,Up,575403,0.280573335393852,90,76,11996,9068,Up,0.063313734129481,-0.323067880052969,0.161219671324831,1.198502071820426
MA0140.2,GATA1::TAL1,0.05,12,0.1,1141,0.1,Up,562893,0.484130706888574,90,12,11996,1079,Up,0.191714426578429,-3.165084053619529,0.618188712622098,0.717345205078837
MA1484.1,ETS2,0.15,79,0.9,16952,1.4,Down,664235.5,1.61411154736335E-4,90,48,11996,8359,Down,0.001191748424394,-0.71052902202495,-0.378808045742256,-2.923815413579618
MA0813.1,TFAP2B(var.3),0.15,235,2.6,34755,2.9,Down,577823.5,0.249143417528293,90,63,11996,9581,Down,0.024772109778326,-0.417725661807752,-0.186871077006576,-1.606037004069562
MA0479.1,FOXH1,0.11,45,0.5,5361,0.4,Up,567873,0.394941728944572,90,36,11996,4197,Up,0.3201734734089,-1.412516328165939,0.204989999925503,0.494614652520904
MA1474.1,CREB3L4,0.07,11,0.1,1090,0.1,Up,553788,0.67187878907378,90,10,11996,1027,Up,0.346989297877181,-3.326465861844242,0.437874795079593,0.45968391986204
MA1549.1,POU6F1(var.2),0.13,98,1.1,9957,0.8,Up,626660,0.008454248005009,90,59,11996,6099,Up,0.00576323035847,-0.790439396464669,0.370822545378814,2.239334021159075
MA0676.1,Nr2e1,0.08,96,1.1,10815,0.9,Up,584146.5,0.17889229831409,90,57,11996,6890,Up,0.285328063575319,-0.72714440772415,0.14557714317064,0.544655511004989
MA1572.1,TGIF2LY,0.11,5,0.1,573,0,Up,547799.5,0.808800804388653,90,4,11996,350,Up,0.338523166073934,-4.713488094791678,0.767134418301567,0.470411605992658
MA0047.3,FOXA2,0.14,117,1.3,14720,1.2,Up,567172,0.406859806048681,90,65,11996,7755,Up,0.150318676171243,-0.547872371742743,0.162898972393975,0.822987057641802
MA1512.1,KLF11,0.08,47,0.5,5251,0.4,Up,574172,0.297549407801442,90,35,11996,3960,Up,0.260656056372553,-1.474478921799405,0.248760308441764,0.583932179738984
MA1546.1,PAX3(var.2),0.14,5,0.1,337,0,Up,554942.5,0.646535527060803,90,5,11996,330,Up,0.104508985193657,-4.611116872445651,1.141405207999483,0.9808463693398
MA0699.1,LBX2,0.02,89,1,10776,0.9,Up,544621.5,0.884235199595478,90,40,11996,5880,Down,0.399230236784984,-1.094299354746907,-0.131393058903348,-0.398776573668295
MA1550.1,PPARD,0.15,1,0,321,0,Down,547733,0.810363754235756,90,1,11996,309,Down,0.731440499882096,-5.595706862550434,-0.638353047623231,-0.135820996433913
MA1583.1,ZFP57,0.09,68,0.8,13559,1.1,Down,629632,0.006459560530523,90,43,11996,7328,Down,0.012263853541152,-0.883963053643543,-0.345878675181869,-1.911373044605834
MA0904.2,HOXB5,0.09,233,2.6,25800,2.2,Up,613836,0.024800953069408,90,64,11996,7131,Up,0.030509148868495,-0.619477363961436,0.261717464602969,1.515569907954845
MA1497.1,HOXA6,0.14,1092,12.1,137735,11.5,Up,563133,0.479596191148594,90,90,11996,11734,Up,0.26949233763337,-0.015928593801242,0.031857187602484,0.56945357842104
MA1632.1,ATF2,0.05,10,0.1,1046,0.1,Up,556310,0.617040598788107,90,10,11996,958,Up,0.245302642289938,-3.376609890294689,0.538162851980488,0.61029777374323
MA0007.3,Ar,0.03,1,0,20,0,Up,545185,0.870762300932446,90,1,11996,14,Up,0.106119058670095,-7.80361416459378,3.777461556463461,0.974206611085077
MA1548.1,PLAGL2,0.08,117,1.3,16496,1.4,Down,565991,0.427417119584164,90,48,11996,7302,Down,0.158944982858921,-0.80804212256631,-0.183781844659536,-0.798753176154835
MA0723.1,VAX2,0.06,134,1.5,14623,1.2,Up,623434,0.011227333335509,90,59,11996,5792,Up,0.001363386592623,-0.827691818988081,0.445327390425637,2.865380981115402
MA0679.2,ONECUT1,0.01,1,0,93,0,Up,541677.5,0.955080888538464,90,1,11996,92,Up,0.502319769204512,-6.46691393189941,1.104061091074722,0.299019729490299
MA1652.1,ZKSCAN5,0.14,120,1.3,16230,1.4,Down,550040,0.756625499229871,90,56,11996,8301,Down,0.169056196669371,-0.605418268518468,-0.148497312299099,-0.771968905761912
MA0785.1,POU2F1,0.09,28,0.3,2584,0.2,Up,579914.5,0.224045607575198,90,23,11996,2184,Up,0.07561610412898,-2.201247791457217,0.511981512103298,1.121385701991621
MA0882.1,DLX6,0.12,752,8.4,92664,7.7,Up,575554,0.278537193370562,90,89,11996,11556,Up,0.264938119302154,-0.034969569326994,0.03787891901609,0.576855550907921
MA0685.1,SP4,0.15,78,0.9,14323,1.2,Down,599927,0.0683477352242,90,41,11996,6660,Down,0.069850707914879,-0.986858812678869,-0.275895286114823,-1.155829188089989
MA0109.1,HLTF,0.01,236,2.6,28218,2.4,Up,591738,0.115399399671274,90,79,11996,10550,Down,0.871947050205099,-0.18613255935883,-0.001660744880041,-0.059509887202696
MA1139.1,FOSL2::JUNB(var.2),0.05,0,0,692,0.1,Down,554625,0.653465999911062,90,0,11996,329,Down,0.18133187251312,-6.343018585014119,-2.313654604138175,-0.741525853709239
MA1495.1,HOXA1,0.08,366,4.1,40674,3.4,Up,618270,0.017362156613328,90,74,11996,8591,Up,0.025486534991999,-0.381154492374326,0.200954251506565,1.593689204787478
MA0516.2,SP2,0.12,15,0.2,3034,0.3,Down,570814,0.347282337764241,90,13,11996,2405,Down,0.233005307468291,-2.5315816193953,-0.426753531048875,-0.6326341863648
MA0913.2,HOXD9,0.01,5,0.1,279,0,Up,551694,0.718793556297656,90,4,11996,272,Up,0.15027004034243,-4.895067201964844,1.130292632647901,0.823127596997408
MA0791.1,POU4F3,0.09,2,0,685,0.1,Down,554017,0.666820932736092,90,2,11996,580,Down,0.327514743676272,-4.77354573664168,-0.808744111108326,-0.484769144670298
MA0031.1,FOXD1,0,2,0,625,0.1,Down,554537,0.655392222439176,90,2,11996,593,Down,0.327758126312073,-4.75756975525351,-0.840696073884667,-0.484446531769869
MA0836.2,CEBPD,0.14,98,1.1,11376,0.9,Up,583842,0.181896083575897,90,60,11996,6930,Up,0.107549570582189,-0.686282431970359,0.210599564323495,0.968391319299375
MA0042.2,FOXI1,0.08,51,0.6,5428,0.5,Up,582725,0.193235395688436,90,37,11996,4131,Up,0.183603429303046,-1.404451591057415,0.26684878894018,0.736119211405578
MA1599.1,ZNF682,0.11,15,0.2,2509,0.2,Down,569454,0.368848404170731,90,11,11996,2186,Down,0.169484438070465,-2.716101117949034,-0.520365626154317,-0.770870172212483
MA0006.1,Ahr::Arnt,0.02,275,3.1,42180,3.5,Down,608232.5,0.038026738787885,90,75,11996,11019,Down,0.010200258017948,-0.191997970885213,-0.138886353745828,-1.991388842517138
MA0905.1,HOXC10,0.12,141,1.6,15428,1.3,Up,624298,0.010414845383524,90,73,11996,7984,Up,0.003289112160513,-0.443756564276641,0.2871660440596,2.482921316586904
MA1507.1,HOXD4,0.01,81,0.9,8190,0.7,Up,615218,0.022231024278434,90,53,11996,5441,Up,0.010758985652853,-0.949458077694978,0.38215835402584,1.968228671618901
MA1639.1,MEIS1(var.2),0.01,2,0,141,0,Up,545515,0.862889347629176,90,2,11996,140,Up,0.285536701356796,-5.796908704963999,1.237981825536313,0.544338061945904
MA0661.1,MEOX1,0.1,171,1.9,19037,1.6,Up,619056.5,0.016270196484477,90,66,11996,7349,Up,0.022003974445432,-0.575729500391065,0.262332097618099,1.657498868094858
MA0814.2,TFAP2C(var.2),0.13,106,1.2,16028,1.3,Down,579030,0.234432269533951,90,58,11996,8471,Down,0.2028429629317,-0.565702689432322,-0.127556956134958,-0.692840054328614
MA0809.2,TEAD4,0.1,71,0.8,7093,0.6,Up,605895.5,0.045102384959234,90,48,11996,5177,Up,0.054958167002874,-1.056109524870643,0.312352959949131,1.259967760552079
MA0503.1,Nkx2-5(var.2),0.05,27,0.3,2487,0.2,Up,584122.5,0.179127702104149,90,24,11996,2228,Up,0.056624870800104,-2.156802367654213,0.543332649372432,1.246992775899481
MA1536.1,NR2C2(var.2),0.13,709,7.9,102285,8.5,Down,587764,0.145981824110425,90,89,11996,11994,Down,0.022175774564952,-0.008135324597627,-0.015789570442644,-1.654121202007633
MA1558.1,SNAI1,0.04,166,1.8,23707,2,Down,550668.5,0.742175342185853,90,77,11996,9855,Up,0.489356426990584,-0.253667034796269,0.059891105974603,0.310374703476287
MA1470.1,BACH2(var.2),0.12,0,0,37,0,Down,541035,0.970609297369083,90,0,11996,27,Down,0.999999999928789,-8.134406055755814,1.269120337345218,0.000000000030926
MA0506.1,NRF1,0.15,142,1.6,22251,1.9,Down,588677.5,0.13845388903018,90,47,11996,7409,Down,0.06518808742524,-0.812577870320074,-0.234824816864368,-1.185831760681693
MA0694.1,ZBTB7B,0.14,98,1.1,18157,1.5,Down,628797.5,0.006971822311672,90,58,11996,8802,Down,0.071801736061508,-0.538054749351195,-0.182852836297211,-1.143865055022069
MA0491.2,JUND,0.13,73,0.8,7711,0.6,Up,595225.5,0.092930617390585,90,36,11996,3352,Up,0.013320572945343,-1.574662824682217,0.529282992958059,1.875477094861708
MA0076.2,ELK4,0.02,1,0,2128,0.2,Down,616081.5,0.020745608399785,90,1,11996,1825,Down,1.03876235617114E-5,-4.315566685440125,-3.19863340184385,-4.983483797205399
MA0083.3,SRF,0.07,0,0,37,0,Down,540855,0.974961921693317,90,0,11996,23,Down,0.999999999930243,-8.247791486679326,1.495891199192241,0.000000000030295
MA1100.2,ASCL1,0.1,702,7.8,86103,7.2,Up,565544,0.435353052865252,90,90,11996,11607,Up,0.121955020747886,-0.02377813874953,0.047556277499059,0.913800315578072
MA0708.1,MSX2,0.01,26,0.3,4622,0.4,Down,575095,0.284757798447332,90,22,11996,3647,Down,0.250442410850435,-1.86281323295068,-0.290359115605701,-0.601292124188945
MA1489.1,FOXN3,0.13,40,0.4,6373,0.5,Down,572729.5,0.318298723768299,90,29,11996,4665,Down,0.23232055638443,-1.489856394263935,-0.254692886914858,-0.633912360887033
MA0873.1,HOXD12,0.13,9,0.1,1979,0.2,Down,567058.5,0.408809465722052,90,9,11996,1787,Down,0.233899584296626,-2.999258392519795,-0.505319962239651,-0.630970550049941
MA0899.1,HOXA10,0.15,780,8.7,95230,7.9,Up,579238.5,0.231953658617649,90,89,11996,11605,Up,0.37318365235468,-0.031917494270253,0.031774768902608,0.428077389168991
MA0702.2,LMX1A,0.04,44,0.5,5273,0.4,Up,572599.5,0.320214154800826,90,29,11996,3018,Up,0.142845509168025,-1.803956344930862,0.373507014418994,0.845133408583328
MA0087.1,Sox5,0,58,0.6,6139,0.5,Up,596512,0.085587144884879,90,43,11996,4443,Up,0.037790235020529,-1.244873778177288,0.375942773885622,1.422620407162063
MA0867.2,SOX4,0.05,136,1.5,15400,1.3,Up,611769.5,0.029122545256227,90,74,11996,8290,Up,0.005894089321021,-0.406879953319405,0.252405173396722,2.22958328699091
MA1623.1,Stat2,0.13,148,1.6,12531,1,Up,671125.5,6.84075826934416E-5,90,65,11996,6967,Up,0.007070938042357,-0.625161720753833,0.317477670416157,2.150522968155558
MA1127.1,FOSB::JUN,0.04,0,0,382,0,Down,550845,0.738133384416358,90,0,11996,245,Down,0.267184585487006,-6.555296305360798,-1.889099163444816,-0.573188600953377
MA1559.1,SNAI3,0.03,15,0.2,2593,0.2,Down,560194.5,0.536678171565761,90,14,11996,2304,Down,0.422983253042383,-2.510976388786034,-0.261777006339199,-0.373676827081838
MA1593.1,ZNF317,0.15,75,0.8,8510,0.7,Up,598680.5,0.074276247755834,90,55,11996,5974,Up,0.034399601748072,-0.85557684680042,0.300293652134642,1.463446585324277
MA0135.1,Lhx3,0.15,54,0.6,7990,0.7,Down,560527,0.530051852909699,90,40,11996,4448,Up,0.155518385367038,-1.295609292544551,0.27122681669194,0.808218261354438
MA1140.2,JUNB(var.2),0.11,2,0,911,0.1,Down,557060,0.601118833943804,90,1,11996,518,Down,0.187862038719201,-5.223504572750953,-1.382757627222192,-0.726160968916854
MA0795.1,SMAD3,0.05,0,0,270,0,Down,545850,0.854911015708082,90,0,11996,134,Down,0.628677954349632,-6.989354731239833,-1.020982311686746,-0.201571768649609
MA0137.3,STAT1,0.14,95,1.1,10129,0.8,Up,608520.5,0.037223903047346,90,59,11996,6280,Up,0.014451021479115,-0.769345179133443,0.328634110716363,1.840101453456666
MA0714.1,PITX3,0,2,0,171,0,Up,544253,0.893064172932902,90,2,11996,168,Up,0.362066862712047,-5.665819474483534,0.975803364575382,0.441211221109112
MA1503.1,HOXB9,0.14,109,1.2,12148,1,Up,604405.5,0.050169611250393,90,65,11996,7134,Up,0.017202795366466,-0.608076106270491,0.283306441449471,1.764400976720907
MA0603.1,Arntl,0.06,31,0.3,3636,0.3,Up,564553,0.453246994722517,90,22,11996,2359,Up,0.286062246692006,-2.177026636284886,0.33806769106271,0.543539454796029
MA0114.4,HNF4A,0.15,73,0.8,9154,0.8,Up,549007.5,0.780547815347172,90,50,11996,6279,Up,0.596810446104202,-0.887763183666608,0.092257558670395,0.224163583917243
MA1504.1,HOXC4,0.01,81,0.9,8190,0.7,Up,615218,0.022231024278434,90,53,11996,5441,Up,0.010758985652853,-0.949458077694978,0.38215835402584,1.968228671618901
MA0788.1,POU3F3,0.09,7,0.1,1093,0.1,Down,559920,0.542179842928317,90,4,11996,999,Down,0.247374091589254,-3.957592033424675,-0.744657704432438,-0.606645787605148
MA0497.1,MEF2C,0.07,35,0.4,5557,0.5,Down,573138,0.312328796284995,90,26,11996,4266,Down,0.223733535812728,-1.631707018897637,-0.28043682724474,-0.650268913861277
MA0789.1,POU3F4,0.09,6,0.1,1161,0.1,Down,561093,0.518868566283533,90,4,11996,1013,Down,0.248866440243957,-3.947558225063539,-0.764725321154709,-0.604033664257335
MA0670.1,NFIA,0,0,0,145,0,Down,546255,0.845285413990018,90,0,11996,143,Down,0.629526056459093,-6.942632449180301,-1.114426875805811,-0.200986289476361
MA1568.1,TCF21(var.2),0.09,23,0.3,2003,0.2,Up,573213,0.311240794606669,90,15,11996,1232,Up,0.054725162599274,-2.91430179169207,0.737304429991479,1.261812939383371
MA1144.1,FOSL2::JUND,0.09,85,0.9,9022,0.8,Up,593721.5,0.102147743495042,90,38,11996,3746,Up,0.029809854067554,-1.45602877410369,0.445938855430772,1.525640150026114
MA0611.1,Dux,0.13,326,3.6,37966,3.2,Up,588990,0.135948476364336,90,86,11996,10933,Up,0.188742510168458,-0.099537955796541,0.06864059270012,0.724130273378499
MA1418.1,IRF3,0.07,10,0.1,17,0,Up,593045.5,0.106520898377933,90,9,11996,17,Up,1.316907980954095E-13,-6.336480647323869,6.169124547368496,12.880444570338183
MA1644.1,NFYC,0.14,133,1.5,14892,1.2,Up,589443,0.132378967875761,90,68,11996,8041,Up,0.091751704284944,-0.48944541079598,0.175263213346602,1.037385859994975
MA1567.1,TBX6,0.13,693,7.7,94881,7.9,Down,550723.5,0.740915039763594,90,89,11996,11980,Down,0.119399264478079,-0.008977774352295,-0.014104670933308,-0.922998348534083
MA0643.1,Esrrg,0.15,143,1.6,16137,1.3,Up,553285,0.683040425488128,90,60,11996,8754,Down,0.190371715782453,-0.517749759714356,-0.126465780188511,-0.720397575867908
MA0849.1,FOXO6,0.15,151,1.7,17847,1.5,Up,570632,0.350120964172245,90,67,11996,8564,Up,0.560438370692266,-0.454601459924232,0.063142339783715,0.25147213818026
MA1500.1,HOXB6,0.01,19,0.2,3396,0.3,Down,565470.5,0.436666045727582,90,16,11996,2663,Down,0.372860657510654,-2.313335070058343,-0.284233395332818,-0.42845343891658
MA0154.4,EBF1,0.01,1,0,43,0,Up,543883,0.901942437215971,90,1,11996,43,Up,0.280692637915189,-7.011132914233203,2.192499055742306,0.551768978013008
MA0855.1,RXRB,0.14,1,0,123,0,Up,540416.5,0.985568259681861,90,1,11996,120,Up,0.597053368337308,-6.276159994042586,0.722553215361073,0.223986847198114
MA0119.1,NFIC::TLX1,0.02,4,0,37,0,Up,556210.5,0.619166703195332,90,3,11996,36,Up,0.003006524144567,-6.526496172049334,3.668010414047465,2.521935304105164
MA0808.1,TEAD3,0,12,0.1,761,0.1,Up,567330,0.404154997555446,90,10,11996,735,Up,0.072019900092636,-3.567636435501349,0.920215942393809,1.142547485425811
MA1151.1,RORC,0.07,11,0.1,1637,0.1,Down,553108.5,0.686973622498068,90,9,11996,1517,Down,0.526701669935702,-3.117381755224829,-0.269073236829581,-0.278435304686547
MA0160.1,NR4A2,0.1,213,2.4,29535,2.5,Down,566096.5,0.42555646280373,90,77,11996,10906,Down,0.094695182542413,-0.180573419447953,-0.08629612472203,-1.023672114433519
MA0681.2,PHOX2B,0.15,34,0.4,3357,0.3,Up,582633,0.194191985903516,90,26,11996,2556,Up,0.092424971857097,-2.001148529893073,0.458446194746134,1.034210672995152
MA1517.1,KLF6,0.08,83,0.9,13328,1.1,Down,586795,0.154305377411476,90,51,11996,7621,Down,0.187937776471251,-0.733906024167101,-0.158878671465773,-0.725985915673597
MA0662.1,MIXL1,0.01,82,0.9,10540,0.9,Up,563818,0.466782320073288,90,34,11996,3889,Up,0.30903993925729,-1.508139188341834,0.233635516073596,0.509985390225087
MA0018.4,CREB1,0.07,9,0.1,2005,0.2,Down,561564,0.509656121385899,90,6,11996,1282,Down,0.300996624955941,-3.51249449820039,-0.573823341483447,-0.521438374078013
MA0486.2,HSF1,0.14,20,0.2,1797,0.1,Up,583267,0.187670015316583,90,19,11996,1536,Up,0.025900282094882,-2.589668777290539,0.750450218139164,1.586695505741777
MA1505.1,HOXC8,0.13,1291,14.3,160412,13.4,Up,573165,0.311936827347053,90,90,11996,11580,Up,0.077558464682168,-0.025458006944643,0.050916013889286,1.11037079663642
MA0614.1,Foxj2,0.02,30,0.3,3785,0.3,Up,562081,0.499643399592071,90,28,11996,3130,Up,0.279729303362699,-1.802552212495278,0.271192679153628,0.553262036230834
MA0093.3,USF1,0.01,2,0,65,0,Up,548935,0.782235718227481,90,2,11996,64,Up,0.086629751563708,-6.358508237362836,2.361180890333986,1.062332931066372
MA0101.1,REL,0.01,7,0.1,449,0,Up,561850,0.504104222102094,90,7,11996,443,Up,0.050293092012546,-4.175245467563353,1.164580352177333,1.298491663191817
MA0520.1,Stat6,0.03,3,0,838,0.1,Down,557835,0.584864106743042,90,3,11996,799,Down,0.285491494943668,-4.299931339749176,-0.78511925055285,-0.544406825260698
MA1554.1,RFX7,0.13,445,4.9,52834,4.4,Up,615457,0.021810906510782,90,86,11996,11805,Down,0.057578153687874,-0.044186036161917,-0.042063246569128,-1.239742265404863
MA1480.1,DPRX,0.04,37,0.4,512,0,Up,559852,0.543547068367798,90,7,11996,492,Up,0.100331158743455,-4.099650657542016,1.013390732134658,0.998564171975844
MA0475.2,FLI1,0.11,26,0.3,7684,0.6,Down,665670.5,1.354469697608662E-4,90,17,11996,5113,Down,2.788199576382315E-6,-1.80039671161511,-1.140332317046258,-5.55467614312086
MA0666.1,MSX1,0,6,0.1,361,0,Up,559815,0.544291719991445,90,6,11996,355,Up,0.052330744576174,-4.438013178637891,1.277214019391555,1.281243085955478
MA0027.2,EN1,0,4,0,302,0,Up,545109,0.872577311207356,90,2,11996,149,Up,0.310344483141426,-5.752121027975411,1.148406471559134,0.508155970473627
MA0688.1,TBX2,0.11,122,1.4,16009,1.3,Up,541839,0.9511800868865,90,61,11996,8645,Down,0.409027377869569,-0.514961816285785,-0.084739130916362,-0.388247621919929
MA0009.2,TBXT,0.14,5,0.1,441,0,Up,552987,0.689686118129997,90,4,11996,236,Up,0.103977410223752,-4.997275225127291,1.334708678972795,0.983061003785886
MA0524.2,TFAP2C,0.06,54,0.6,6163,0.5,Up,584291,0.177479832672853,90,31,11996,2932,Up,0.03573999715463,-1.777488254310251,0.509844581453923,1.446845486405879
MA1596.1,ZNF460,0.04,25,0.3,5102,0.4,Down,598447,0.075432237198453,90,16,11996,3492,Down,0.019197518303648,-2.117866652690505,-0.675170230068494,-1.716754909665831
MA0735.1,GLIS1,0.13,2,0,74,0,Up,548486,0.792711637378471,90,2,11996,74,Up,0.109845000842551,-6.254537604843383,2.153239625295079,0.959219703476272
MA0763.1,ETV3,0.1,4,0,2787,0.2,Down,623697,0.010974249059805,90,3,11996,2274,Down,1.818361051361391E-5,-3.545741591843516,-2.293498746364173,-4.740319879614797
MA0736.1,GLIS2,0.15,55,0.6,7193,0.6,Up,564626.5,0.451905754770952,90,37,11996,4426,Up,0.443121127859695,-1.354701214193622,0.167348035212595,0.353477542466404
MA0742.1,Klf12,0.15,98,1.1,16457,1.4,Down,589261,0.133804251698955,90,55,11996,8222,Down,0.139059470567359,-0.625197285481709,-0.160465470502781,-0.856799428410149
MA0912.2,HOXD3,0.11,127,1.4,14129,1.2,Up,608746,0.036605407891163,90,56,11996,5644,Up,0.004175426964095,-0.883681393916032,0.408028938496028,2.379299108523045
MA0837.1,CEBPE,0.14,132,1.5,15439,1.3,Up,584094.5,0.179402630909755,90,66,11996,7775,Up,0.097057654336403,-0.535084827398359,0.181042751632687,1.012970208807529
MA0750.2,ZBTB7A,0.02,0,0,1446,0.1,Down,598185,0.076746761853368,90,0,11996,1297,Down,5.285095321054159E-5,-5.354326500895523,-4.291038772375366,-4.276947175426657
MA0853.1,Alx4,0.1,59,0.7,6793,0.6,Up,575361,0.281141471929041,90,28,11996,2857,Up,0.107656485019845,-1.868372013884853,0.402832281932779,0.967959803987223
MA1464.1,ARNT2,0.04,41,0.5,4695,0.4,Up,562188,0.497584255349528,90,24,11996,2737,Up,0.378993677811314,-2.008409365772591,0.246546645609188,0.421368034661376
MA0632.2,TCFL5,0.15,410,4.6,67255,5.6,Down,610174.5,0.032887309585593,90,70,11996,10338,Down,0.030650839146322,-0.287440605533017,-0.145707858302789,-1.513557631043495
MA1601.1,ZNF75D,0.07,64,0.7,8980,0.7,Down,562620,0.489316854088603,90,42,11996,6191,Down,0.397261957355664,-1.022353817075262,-0.136202267740483,-0.400923021910567
MA0754.1,CUX1,0.09,88,1,11918,1,Down,555028.5,0.644663530514066,90,55,11996,6452,Up,0.169485653287913,-0.800056718852425,0.189253396238652,0.770867058296269
MA1561.1,SOX12,0.03,1,0,38,0,Up,544108,0.896541958977646,90,1,11996,38,Up,0.253206335446438,-7.099211391810115,2.368656010896133,0.596525432086727
MA0697.1,ZIC3,0.12,17,0.2,2209,0.2,Up,554003,0.667129715366629,90,17,11996,1902,Up,0.467895070216266,-2.513604034850207,0.286082329423937,0.329851530548686
MA0622.1,Mlxip,0.01,29,0.3,4458,0.4,Down,558211,0.577052258365104,90,20,11996,3107,Down,0.470447992609649,-2.045540572239179,-0.193506620451886,-0.327488380251722
MA0844.1,XBP1,0.08,2,0,606,0.1,Down,554434,0.657649693144184,90,2,11996,591,Down,0.327649331174955,-4.760004685904569,-0.835826212582549,-0.484590714224928
MA1121.1,TEAD2,0.01,15,0.2,1124,0.1,Up,570631,0.350136601570441,90,13,11996,1063,Up,0.090121154018787,-3.120340002456074,0.750763235072674,1.045173255687861
MA1555.1,RXRB(var.2),0.13,5,0.1,588,0,Up,545885,0.854078299231795,90,5,11996,529,Up,0.600270639909391,-4.271126666203328,0.461424795514839,0.221652898085351
MA0074.1,RXRA::VDR,0.05,1,0,21,0,Up,544873,0.878217630692032,90,1,11996,21,Up,0.151752227702315,-7.519472284806517,3.209177796888936,0.818864924821262
MA0084.1,SRY,0.03,58,0.6,6130,0.5,Up,596754.5,0.084256922625888,90,43,11996,4438,Up,0.03759510111745,-1.245685923636241,0.377567064803529,1.424868742739101
MA0874.1,Arx,0.1,49,0.5,5640,0.5,Up,574780.5,0.289073925219454,90,25,11996,2485,Up,0.116338726356447,-2.049213047561093,0.443585004898766,0.934275695045084
MA0819.1,CLOCK,0,2,0,20,0,Up,545368,0.866394756931676,90,1,11996,10,Up,0.078961673163467,-8.036445950768185,4.243125128812274,1.102583657729981
MA1649.1,ZBTB12,0.08,116,1.3,16593,1.4,Down,572768.5,0.317725560997359,90,56,11996,8320,Down,0.16804010810924,-0.603769175887296,-0.151795497561443,-0.774587047728956
MA1125.1,ZNF384,0.04,761,8.5,102101,8.5,Down,557692.5,0.58783750750235,90,78,11996,9446,Up,0.070059799566875,-0.274993446310103,0.139536616237049,1.154531109483707
MA1581.1,ZBTB6,0.05,28,0.3,4906,0.4,Down,585121.5,0.169522495571655,90,21,11996,3904,Down,0.070346072276612,-1.846492486604461,-0.454177291553293,-1.152760146078753
MA0761.2,ETV1,0.02,7,0.1,528,0,Up,558973,0.561373380396372,90,7,11996,506,Up,0.107395030117681,-4.079431385313316,0.972952187677258,0.969015815865586
MA0716.1,PRRX1,0.03,325,3.6,43153,3.6,Up,541620,0.956469983479061,90,76,11996,10516,Down,0.335585391780316,-0.21620848105925,-0.052499126662608,-0.474196952513427
MA0869.1,Sox11,0.12,0,0,30,0,Down,541125,0.968433305338201,90,0,11996,29,Down,0.999999999936292,-8.083764387837224,1.167837001508036,0.000000000027668
MA1571.1,TGIF2LX,0.13,6,0.1,679,0.1,Up,548765.5,0.786185909094946,90,5,11996,461,Up,0.399429161985156,-4.370276684376608,0.6597248318614,0.398560230835128
MA0713.1,PHOX2A,0.03,3,0,293,0,Up,547690.5,0.811363028557283,90,3,11996,223,Up,0.237144873499621,-5.219342940897683,1.053703951744164,0.624986259310194
MA0883.1,Dmbx1,0.14,140,1.6,15723,1.3,Up,569368,0.370239585373152,90,54,11996,7908,Down,0.264336828296959,-0.666399564986559,-0.13052399463944,-0.577842325283333
MA1126.1,FOS::JUN(var.2),0.14,31,0.3,3696,0.3,Up,571389,0.338410689015834,90,26,11996,2648,Up,0.126350583128002,-1.975645788587852,0.407440712135691,0.898422749401453
MA0139.1,CTCF,0.07,5,0.1,270,0,Up,558127.5,0.578782817882947,90,5,11996,259,Up,0.047020354805811,-4.785574739020555,1.490320941149294,1.327714098102944
MA1136.1,FOSB::JUNB(var.2),0.06,0,0,715,0.1,Down,555480,0.634872696760046,90,0,11996,348,Down,0.116616128992792,-6.302578489583932,-2.394534794998546,-0.933241378838246
MA1509.1,IRF6,0,6,0.1,58,0,Up,573198,0.311458194712105,90,6,11996,58,Up,7.637760577255453E-6,-5.739683693655896,3.880555049427566,5.117033959684425
MA1479.1,DMRTC2,0.1,24,0.3,2679,0.2,Up,558151.5,0.578285161920568,90,20,11996,2261,Up,0.417236214119909,-2.274777769893397,0.264967774856551,0.379618003913092
MA0492.1,JUND(var.2),0.08,17,0.2,1659,0.1,Up,569570,0.366977086105345,90,15,11996,1318,Up,0.091046099375135,-2.865646829392427,0.639994505392193,1.040738655647667
MA1636.1,CEBPG(var.2),0.05,2,0,116,0,Up,546596,0.837198704754482,90,2,11996,116,Up,0.219331839859955,-5.932028792747323,1.508222001102959,0.658898318291674
MA0677.1,Nr2f6,0.15,4,0,415,0,Up,546218,0.846163854704308,90,4,11996,390,Up,0.540765605522012,-4.635534042725999,0.611226314170211,0.266990938750999
MA0767.1,GCM2,0.09,26,0.3,4191,0.3,Down,571805,0.332083788278967,90,20,11996,3389,Down,0.239804095603096,-1.982881532483739,-0.318824699962767,-0.620143403878391
MA0471.2,E2F6,0.08,61,0.7,10694,0.9,Down,588924,0.136474682298815,90,42,11996,6439,Down,0.203257370443438,-0.994023965364803,-0.192861971161401,-0.691953697222809
MA0051.1,IRF2,0.12,57,0.6,1991,0.2,Up,703647,6.76638401420071E-7,90,39,11996,1737,Up,4.818397156157869E-11,-1.991796907180477,1.591463536548748,10.317097406160178
MA0468.1,DUX4,0.02,6,0.1,277,0,Up,557861.5,0.584311930486378,90,5,11996,268,Up,0.052900374001929,-4.76098096420679,1.441133391521762,1.276541257522475
MA1588.1,ZNF136,0.13,3,0,239,0,Up,547320,0.820087199846321,90,3,11996,233,Up,0.257086717741935,-5.187769081634512,0.99055623321782,0.589920360387063
MA1481.1,DRGX,0.01,56,0.6,6880,0.6,Up,563619,0.470485193670993,90,34,11996,4046,Up,0.434262864742248,-1.479594244065382,0.176545627520691,0.362247307011407
MA1533.1,NR1I2,0.12,5,0.1,579,0,Up,544392.5,0.889720241730412,90,5,11996,564,Up,0.615965307649879,-4.224955217812996,0.369081898734174,0.210443747446787
MA0111.1,Spz1,0.14,15,0.2,3348,0.3,Down,583177.5,0.188580774959214,90,15,11996,2897,Down,0.107953249448289,-2.297691284377789,-0.495916584637081,-0.966764280645898
MA1133.1,JUN::JUNB(var.2),0.05,0,0,303,0,Down,551610,0.720699264715517,90,0,11996,262,Down,0.26949233763337,-6.506999106241402,-1.985693561683608,-0.56945357842104
MA0865.1,E2F8,0.13,3,0,117,0,Up,552592.5,0.698520729159486,90,3,11996,116,Up,0.059024997344283,-5.689315379162203,1.993648828273201,1.228964023789486
MA0772.1,IRF7,0.12,59,0.7,2888,0.2,Up,663084.5,1.855496310083637E-4,90,37,11996,2427,Up,8.217625997948288E-6,-1.788048777116927,1.034043161059204,5.085253628311849
MA0595.1,SREBF1,0.13,143,1.6,17312,1.4,Up,594046.5,0.100096743443955,90,77,11996,8922,Up,0.014784480650553,-0.325407569412833,0.20337217520773,1.830193926772655
MA1630.1,Znf281,0.14,84,0.9,13149,1.1,Down,578524,0.240525362073581,90,49,11996,7198,Down,0.282638564675545,-0.803667303259665,-0.133643927487862,-0.548768581046865
MA0671.1,NFIX,0.03,384,4.3,47784,4,Up,589580.5,0.131309993680635,90,90,11996,11733,Up,0.269754157915957,-0.015990068790238,0.031980137580476,0.569031852498473
MA1604.1,Ebf2,0.01,4,0,346,0,Up,548629,0.789371047299153,90,4,11996,337,Up,0.324370214240899,-4.740751565827892,0.821661360373997,0.488959032342271
MA0060.3,NFYA,0.13,129,1.4,14669,1.2,Up,587686,0.146638845512136,90,68,11996,7978,Up,0.073167025864264,-0.49511895986738,0.186610311489403,1.135684598062
MA1631.1,ASCL1(var.2),0.02,34,0.4,4325,0.4,Up,558368,0.573805010540807,90,30,11996,3477,Up,0.353553615137982,-1.677799844021901,0.217382589003163,0.45154471767201
MA1522.1,MAZ,0.14,238,2.6,34985,2.9,Down,571085.5,0.343075091713091,90,74,11996,10357,Down,0.279210710624044,-0.246307552353779,-0.06873962853453,-0.55406792603562
MA0863.1,MTF1,0.13,1,0,71,0,Up,542667.5,0.931189256368598,90,1,11996,70,Up,0.412710811997412,-6.66282898595817,1.495891199192241,0.384354153537638
MA0141.3,ESRRB,0.06,13,0.1,1325,0.1,Up,561230,0.516180094922783,90,13,11996,1246,Up,0.222454958180947,-3.00580857769066,0.521700385541846,0.652757910047973
MA1502.1,HOXB8,0.13,903,10,111539,9.3,Up,571903.5,0.330596975603118,90,90,11996,11692,Up,0.176435156610319,-0.01851506482339,0.03703012964678,0.753414872715686
MA0740.1,KLF14,0.14,110,1.2,17477,1.5,Down,587525,0.148002155178126,90,55,11996,8083,Down,0.215331732592442,-0.63749579328764,-0.135868454890919,-0.666891965186745
MA0105.4,NFKB1,0.15,14,0.2,1316,0.1,Up,560449,0.531602558103216,90,12,11996,1147,Up,0.209999774546215,-3.121018598480197,0.530057802343432,0.677781171520306
MA0680.1,PAX7,0.09,7,0.1,637,0.1,Up,554861,0.648311637820679,90,6,11996,463,Up,0.164660037455146,-4.246653289134833,0.894494240385439,0.783411790135712
MA0480.1,Foxo1,0.15,345,3.8,39910,3.3,Up,609614.5,0.034304455691016,90,88,11996,11074,Up,0.046451420227503,-0.07380616552641,0.083131657052403,1.333001003144215
MA0606.1,NFAT5,0.11,214,2.4,24757,2.1,Up,614843,0.022904388721666,90,85,11996,9992,Up,0.002567422078714,-0.172844678921291,0.181702613447966,2.590502728372539
MA1498.1,HOXA7,0.04,255,2.8,28129,2.3,Up,592509,0.110096162032853,90,76,11996,9258,Up,0.128846553368335,-0.308110610513445,0.131305132245783,0.88992719428912
MA1535.1,NR2C1,0.13,388,4.3,57229,4.8,Down,591016,0.120545794854847,90,87,11996,11844,Down,0.108913001691107,-0.033515517632974,-0.030238515235805,-0.962920272442062
MA0734.2,GLI2,0.12,2,0,748,0.1,Down,560119,0.538188578021139,90,2,11996,717,Down,0.176630882566021,-4.620704354292938,-1.11442687580581,-0.752933361033437
MA1511.1,KLF10,0.13,268,3,36430,3,Down,553623,0.675532342624104,90,75,11996,10591,Down,0.14076422093851,-0.220573891781431,-0.081734511953392,-0.851507718941003
MA1516.1,KLF3,0.08,115,1.3,22943,1.9,Down,641527,0.002040994110552,90,52,11996,8545,Down,0.006937804858239,-0.637488557889178,-0.29622362305581,-2.158777919855972
MA0818.1,BHLHE22,0.01,6,0.1,229,0,Up,558147,0.578378457085939,90,4,11996,124,Up,0.015232801749365,-5.460122445762948,2.260403120244109,1.817220210099204
MA0591.1,Bach1::Mafk,0.07,3,0,118,0,Up,552547.5,0.699531106698887,90,3,11996,117,Up,0.060223973485668,-5.683149978206843,1.981318026362482,1.220230593792208
MA1645.1,NKX2-2,0.14,119,1.3,14521,1.2,Up,579460.5,0.229335074636937,90,68,11996,8161,Up,0.140496340111775,-0.478760564147378,0.153893520049398,0.852334988854723
MA1654.1,ZNF16,0.11,0,0,27,0,Down,541035,0.970609297369083,90,0,11996,27,Down,0.999999999928789,-8.134406055755814,1.269120337345218,0.000000000030926
MA0117.2,Mafb,0.07,65,0.7,5361,0.4,Up,619006,0.016338451850338,90,43,11996,4276,Up,0.020083642433708,-1.272506752264226,0.431208722059497,1.697157519345592
MA1622.1,Smad2::Smad3,0.13,92,1,10180,0.8,Up,591878,0.114421778593377,90,42,11996,4243,Up,0.027282111542276,-1.294870963390589,0.408832024890171,1.564122019804775
MA1493.1,HES6,0.15,19,0.2,1784,0.1,Up,567564.5,0.400160478100731,90,16,11996,1527,Up,0.153591559592867,-2.714410520485872,0.51791750552224,0.813632649688363
MA1619.1,Ptf1a(var.2),0.05,246,2.7,23738,2,Up,588630.5,0.138833760966636,90,62,11996,7302,Up,0.129658097269109,-0.62510640132883,0.182089597815424,0.887200355952224
MA1521.1,MAFA,0.05,1,0,13,0,Up,545366.5,0.866430540084244,90,1,11996,10,Up,0.078961673163467,-8.036445950768185,4.243125128812274,1.102583657729981
MA1618.1,Ptf1a,0.12,109,1.2,14546,1.2,Down,540493,0.983717658544403,90,63,11996,8015,Up,0.575173764622282,-0.546455168169343,0.070587935716608,0.240200931630083
MA0493.1,Klf1,0.05,12,0.1,2068,0.2,Down,563554,0.471698179701244,90,10,11996,1862,Down,0.305841098613409,-2.897414846010321,-0.420227236588248,-0.514504154954748
MA0517.1,STAT1::STAT2,0.03,17,0.2,89,0,Up,614044.5,0.024397467687869,90,13,11996,87,Up,3.716852162993704E-13,-4.922036605520246,4.354156441201017,12.429824712531635
MA0832.1,Tcf21,0.14,9,0.1,2008,0.2,Down,565074,0.443788291000586,90,6,11996,1366,Down,0.183563268124744,-3.466731181185995,-0.665349975512237,-0.73621421881401
MA0122.3,Nkx3-2,0.03,16,0.2,2784,0.2,Down,563861,0.465984331274748,90,14,11996,2402,Down,0.354252150171999,-2.480935057123802,-0.321859669663663,-0.450687505074855
MA0729.1,RARA,0.15,1,0,637,0.1,Down,561417,0.512522123293788,90,1,11996,613,Down,0.091491430523991,-5.102144895326114,-1.625476982071871,-1.03861958189456
MA0790.1,POU4F1,0.1,4,0,1242,0.1,Down,566301.5,0.421954520331062,90,3,11996,992,Down,0.119421840288851,-4.143946805474182,-1.097088319102839,-0.922916240630919
MA0747.1,SP8,0.1,130,1.4,17010,1.4,Up,550114,0.754919590215104,90,68,11996,8329,Up,0.250374684230146,-0.464062780381438,0.124497952517518,0.601409585425543
MA0739.1,Hic1,0.07,117,1.3,17916,1.5,Down,589113,0.134972001803479,90,60,11996,9156,Down,0.034942734173094,-0.485364029112116,-0.191237241392989,-1.456643115671655
MA1130.1,FOSL2::JUN,0.13,119,1.3,13658,1.1,Up,597239,0.081649338795841,90,57,11996,6046,Up,0.014935739919863,-0.821398602759839,0.334085533242017,1.825773257482101
MA0908.1,HOXD11,0.15,182,2,20030,1.7,Up,621162.5,0.013637956046345,90,75,11996,8962,Up,0.067167607165441,-0.34104079361729,0.159199291718327,1.172840123092637
MA0802.1,TBR1,0.15,139,1.5,16076,1.3,Up,592181.5,0.112324823029475,90,73,11996,8675,Up,0.075078679923411,-0.383884143895623,0.167421203297564,1.124483371999256
MA0684.2,RUNX3,0.05,30,0.3,5695,0.5,Down,591151,0.119570101022694,90,26,11996,4510,Down,0.101054208357938,-1.591589858588966,-0.360671147862082,-0.99544559576992
MA0801.1,MGA,0.11,118,1.3,14688,1.2,Up,580583,0.216416728557646,90,70,11996,8248,Up,0.06808092955187,-0.450352200327648,0.180115331286473,1.166974523186515
MA1475.1,CREB3L4(var.2),0.02,2,0,864,0.1,Down,554836,0.648856858962628,90,1,11996,468,Down,0.267189294854818,-5.296652043327973,-1.236462686068153,-0.573180946191312
MA1589.1,ZNF140,0.09,0,0,23,0,Down,540855,0.974961921693317,90,0,11996,23,Down,0.999999999930243,-8.247791486679326,1.495891199192241,0.000000000030295
MA0753.2,ZNF740,0.07,23,0.3,2907,0.2,Up,562203.5,0.497286343205225,90,12,11996,1084,Up,0.192570771649113,-3.161750648794645,0.611521902972328,0.715409629333921
MA1138.1,FOSL2::JUNB,0.08,83,0.9,8686,0.7,Up,594639.5,0.096439180880421,90,37,11996,3650,Up,0.037824163907738,-1.493737384981519,0.445420376788389,1.42223066315326
MA0848.1,FOXO4,0.14,313,3.5,33731,2.8,Up,619589.5,0.015564936988326,90,86,11996,10680,Up,0.059147900512588,-0.116426015251486,0.102416711610011,1.228060666285078
MA0721.1,UNCX,0.13,692,7.7,84753,7.1,Up,576886,0.261011610819581,90,89,11996,11482,Up,0.187458952648644,-0.039603442331863,0.047146665025828,0.727093813748382
MA0150.2,Nfe2l2,0.12,14,0.2,966,0.1,Up,582153,0.19923930467444,90,14,11996,918,Up,0.009424586932861,-3.174527459398683,1.0653251348861,2.025737675255914
MA0068.2,PAX4,0.04,44,0.5,4492,0.4,Up,582323,0.197440861567438,90,26,11996,2469,Up,0.065957303412502,-2.026124058547323,0.508397252054633,1.180737108288431
MA0161.2,NFIC,0.11,38,0.4,6616,0.6,Down,577793,0.24952349298464,90,33,11996,5029,Down,0.33595173883842,-1.343941683031788,-0.17963002718729,-0.473723106721957
MA0816.1,Ascl2,0.13,286,3.2,29102,2.4,Up,592058,0.113174428673362,90,78,11996,8900,Up,0.005254608086711,-0.317940203698476,0.225430131013794,2.279459670144945
MA1147.1,NR4A2::RXRA,0.09,3,0,296,0,Up,545452.5,0.864379417024958,90,3,11996,274,Up,0.46364694695379,-5.071077281986743,0.757172633922283,0.33381259563619
MA0745.2,SNAI2,0.03,32,0.4,5526,0.5,Down,580367.5,0.218855302866576,90,25,11996,4269,Down,0.150200061725113,-1.658947536146995,-0.336946017929429,-0.823329888857348
MA1629.1,Zic2,0.01,1,0,452,0,Down,553717,0.673449980543482,90,1,11996,442,Down,0.264884612957698,-5.337837839672387,-1.154091093379326,-0.576943268964578
MA0815.1,TFAP2C(var.3),0.14,156,1.7,22672,1.9,Down,557668,0.588349427239002,90,56,11996,8034,Down,0.368375064167048,-0.629000166261761,-0.101333516812513,-0.433709775492497
MA1487.1,FOXE1,0.15,123,1.4,15293,1.3,Up,590314,0.125720202540817,90,66,11996,7486,Up,0.037376933002841,-0.562406850156225,0.235686797148419,1.42739633791142
MA0056.2,MZF1,0.11,125,1.4,15552,1.3,Up,540914,0.973535139690107,90,56,11996,8433,Down,0.105009309586638,-0.594038543697627,-0.171256761940782,-0.978772196902631
MA0847.2,FOXD2,0.12,83,0.9,9622,0.8,Up,592317,0.1113984590802,90,52,11996,5464,Up,0.025209973499097,-0.960026263453114,0.348851788072062,1.598427610856751
MA0872.1,TFAP2A(var.3),0.15,203,2.3,29157,2.4,Down,571920.5,0.330340804890946,90,64,11996,9247,Down,0.207357256263399,-0.432048444800839,-0.113140373718226,-0.68328076232546
MA1152.1,SOX15,0.08,601,6.7,75074,6.3,Up,562652.5,0.488697890949711,90,90,11996,11748,Up,0.267287513581443,-0.015068493602572,0.030136987205143,0.573021328970135
MA0646.1,GCM1,0.09,2,0,935,0.1,Down,567208,0.406242572441673,90,2,11996,874,Down,0.065415957751664,-4.477964578113637,-1.399906428164413,-1.184316295741229
MA0017.2,NR2F1,0.03,29,0.3,3325,0.3,Up,569312.5,0.371139110582827,90,27,11996,2890,Up,0.215481627323544,-1.885854377247376,0.33473640737766,0.666589753309084
MA0906.1,HOXC12,0.08,1,0,351,0,Down,549261,0.774654149743567,90,1,11996,343,Down,0.523189464925775,-5.520521517748516,-0.788723737227066,-0.281341009658306
MA0811.1,TFAP2B,0.14,534,5.9,80008,6.7,Down,582923.5,0.191183247948538,90,82,11996,11506,Down,0.031881824509518,-0.096844082053256,-0.073359181568268,-1.496456833080727
MA1467.1,ATOH1(var.2),0.08,8,0.1,2201,0.2,Down,570543,0.3515144274157,90,7,11996,1590,Down,0.158047093258243,-3.254008286444128,-0.677894010061117,-0.80121348712914
MA0693.2,VDR,0.09,210,2.3,26843,2.2,Up,565818.5,0.430469612422989,90,83,11996,10496,Up,0.20190113340006,-0.154423401817946,0.076563614417586,0.694861243077113
MA0033.2,FOXL1,0.15,722,8,89997,7.5,Up,563028.5,0.481567741664665,90,90,11996,11658,Up,0.184601101492223,-0.020615688610564,0.041231377221128,0.733765711920253
MA0864.2,E2F2,0.11,81,0.9,12652,1.1,Down,589880.5,0.129000926067706,90,34,11996,5730,Down,0.071217961122442,-1.228601030243238,-0.325440800123597,-1.147410463769706
MA0062.3,GABPA,0.03,12,0.1,794,0.1,Up,571816,0.331917534301801,90,11,11996,760,Up,0.030233091278347,-3.47790271562739,1.003237569202394,1.519517444734508
MA1634.1,BATF,0.11,102,1.1,11175,0.9,Up,592968,0.107031601360886,90,46,11996,4811,Up,0.039911912351287,-1.139371000254679,0.357367848559009,1.398897462801942
MA0776.1,MYBL1,0.15,34,0.4,2797,0.2,Up,588026,0.143791394745212,90,22,11996,1835,Up,0.026225727403904,-2.358180664803533,0.700375748100005,1.581272457257548
MA0615.1,Gmeb1,0.14,662,7.4,90182,7.5,Down,542863.5,0.926465853971293,90,81,11996,11505,Down,0.011964111281015,-0.105703805222532,-0.090827855259192,-1.92211955614673
MA0805.1,TBX1,0,10,0.1,1742,0.1,Down,557109,0.60008509637743,90,9,11996,1587,Down,0.436374487018801,-3.084851717522906,-0.334133312233427,-0.360140648713508
MA0703.2,LMX1B,0.09,69,0.8,8529,0.7,Up,572478,0.322011145106066,90,34,11996,3612,Up,0.133331546348641,-1.561432747991358,0.340222635372643,0.875067084012639
MA1519.1,LHX5,0.02,82,0.9,10360,0.9,Up,567760.5,0.39684005304019,90,34,11996,3773,Up,0.210535542219812,-1.529979904694057,0.277316948778042,0.676674576849953
MA0490.2,JUNB,0.14,91,1,9604,0.8,Up,598954,0.07294068249102,90,41,11996,3964,Up,0.013474116823944,-1.361104591663319,0.472596271854076,1.870499691525858
MA0605.2,ATF3,0.04,0,0,692,0.1,Down,554625,0.653465999911062,90,0,11996,329,Down,0.18133187251312,-6.343018585014119,-2.313654604138175,-0.741525853709239
MA1646.1,OSR2,0.01,3,0,1014,0.1,Down,566019,0.426922834589959,90,3,11996,981,Down,0.11847662962326,-4.151986222756258,-1.081009484538689,-0.926367308950386
MA0108.2,TBP,0.02,13,0.1,2307,0.2,Down,569331.5,0.370831012458586,90,10,11996,2028,Down,0.158883623717386,-2.835828407525628,-0.543400113557634,-0.798920863621365
MA0909.2,HOXD13,0.05,11,0.1,395,0,Up,582499,0.195591491387202,90,10,11996,388,Up,7.314942362750253E-4,-4.028041806924909,1.841026685240929,3.135789091498771
MA0887.1,EVX1,0.01,52,0.6,7037,0.6,Down,561571,0.509519854663038,90,31,11996,3342,Up,0.193733929507325,-1.683090028277828,0.321048129389079,0.712794312644901
MA0058.3,MAX,0.01,45,0.5,5590,0.5,Up,554690.5,0.652033774040317,90,26,11996,3126,Up,0.547471859536596,-1.855959284280978,0.168067703521943,0.261638198975624
MA0100.3,MYB,0.01,71,0.8,8723,0.7,Up,560359,0.533394686237028,90,49,11996,6069,Up,0.525780610839891,-0.926726623425072,0.112474712842952,0.279195433369453
MA0890.1,GBX2,0.01,58,0.6,7036,0.6,Up,553750,0.672719530693698,90,33,11996,4934,Down,0.451858794442723,-1.357697221175163,-0.152118950900539,-0.344997260709236
MA0823.1,HEY1,0.15,156,1.7,23666,2,Down,581910.5,0.201825404321381,90,62,11996,8685,Down,0.477965095723225,-0.499997176228922,-0.068128852384393,-0.320603817380103
MA0507.1,POU2F2,0.03,12,0.1,1074,0.1,Up,561210,0.516572121707985,90,11,11996,993,Up,0.177608482009329,-3.285116855864803,0.617665849677221,0.750536297555812
MA0652.1,IRF8,0.06,7,0.1,5,0,Up,581581,0.205378397905514,90,7,11996,5,Up,7.695522369940412E-13,-7.341924805395237,7.4979390278411,12.113761895042018
MA1529.1,NHLH2,0.13,9,0.1,1446,0.1,Down,555808.5,0.627788929547187,90,6,11996,1167,Down,0.471995828939437,-3.580262636149086,-0.438287065586054,-0.326061839240044
MA1101.2,BACH2,0.14,22,0.2,2221,0.2,Up,563316,0.47615425322725,90,13,11996,1194,Up,0.157295110013623,-3.036546592208244,0.583176414577014,0.803284778502654
MA0725.1,VSX1,0.09,250,2.8,33209,2.8,Up,563979,0.463798398696152,90,66,11996,9610,Down,0.112537063822616,-0.382246806824842,-0.124633289514348,-0.948704420106771
MA0620.3,MITF,0.01,4,0,252,0,Up,546366,0.842651249951639,90,2,11996,121,Up,0.233060378602273,-5.901715613271574,1.44759564215146,0.632531552378102
MA0770.1,HSF2,0.14,17,0.2,1569,0.1,Up,569087,0.374807869660086,90,15,11996,1346,Up,0.128587788808234,-2.850488500073871,0.609677846755081,0.890800271730633
MA0879.1,Dlx1,0,2,0,20,0,Up,550916,0.736509473383737,90,2,11996,20,Up,0.011499151366343,-7.185345862765421,4.014856141139156,1.939334209256277
MA0851.1,Foxj3,0.07,24,0.3,2554,0.2,Up,574848,0.288143875612253,90,23,11996,2239,Up,0.103106729743479,-2.183311011251477,0.476107951691818,0.98671298752857
MA1647.1,PRDM4,0.09,138,1.5,13655,1.1,Up,648401.5,9.924219555261793E-4,90,74,11996,8012,Up,0.001521459044585,-0.431483284090331,0.301611834938574,2.817739733709989
MA0596.1,SREBF2,0.15,202,2.2,28089,2.3,Down,543271.5,0.916641964519172,90,84,11996,10453,Up,0.082333487982152,-0.148796974251492,0.099661046900942,1.084423485714263
MA0644.1,ESX1,0.13,880,9.8,105235,8.8,Up,586903,0.15336019699142,90,90,11996,11706,Up,0.281583925804249,-0.017651876952857,0.035303753905715,0.550392140487898
MA0642.1,EN2,0.08,246,2.7,34443,2.9,Down,571104,0.342789600274231,90,72,11996,10365,Down,0.088535796417452,-0.265380323076091,-0.109112947984359,-1.052881101693546
MA0668.1,NEUROD2,0.02,8,0.1,362,0,Up,562888,0.484225422553371,90,6,11996,289,Up,0.022655891716854,-4.58615628445298,1.573500231021733,1.644818839682648
MA0743.2,SCRT1,0.15,60,0.7,6488,0.5,Up,587730.5,0.146263729808691,90,44,11996,4907,Up,0.132617488678349,-1.156832920858179,0.265440929482742,0.877399200398236
MA0726.1,VSX2,0.04,44,0.5,5273,0.4,Up,572599.5,0.320214154800826,90,29,11996,3018,Up,0.142845509168025,-1.803956344930862,0.373507014418994,0.845133408583328
MA1653.1,ZNF148,0,3,0,202,0,Up,549030,0.780024193219207,90,3,11996,195,Up,0.183163150398031,-5.315896052835667,1.24681017562013,0.737161895234349
MA1578.1,VEZF1,0.12,789,8.8,107394,9,Down,546778,0.832889603720917,90,84,11996,11596,Down,0.127705879766678,-0.073945282726086,-0.05004233614987,-0.893789106719064
MA0442.2,SOX10,0.02,129,1.4,14392,1.2,Up,607353,0.040570179956884,90,72,11996,8035,Up,0.009207894973024,-0.449045326790279,0.258217059444017,2.035839642994288
MA1545.1,OVOL2,0.02,2,0,601,0.1,Down,553812,0.671348005688501,90,2,11996,577,Down,0.327616294038111,-4.777283296922753,-0.80126899054618,-0.484634506683098
MA1539.1,NR2F6(var.3),0.12,1,0,113,0,Up,541311.5,0.963924932750594,90,1,11996,100,Up,0.531433193948981,-6.407078816568102,0.984390860412106,0.274551322528965
MA0623.2,NEUROG1,0.01,4,0,98,0,Up,549655,0.765519809886517,90,2,11996,48,Up,0.053348714923432,-6.5641654439809,2.772495303570113,1.272876037502567
MA0145.3,TFCP2,0.15,40,0.4,5939,0.5,Down,568620,0.382476672349537,90,24,11996,3924,Down,0.259408742117329,-1.748584418384695,-0.273103249166604,-0.586015392209758
MA0870.1,Sox1,0.14,4,0,231,0,Up,553847,0.67057424040804,90,4,11996,221,Up,0.086989825834275,-5.044541967519479,1.429242163757172,1.060531538673529
MA0891.1,GSC2,0.05,150,1.7,16757,1.4,Up,569809.5,0.363132222302492,90,55,11996,8244,Down,0.137649086334991,-0.623269836050513,-0.164320369365173,-0.861226666951281
MA0146.2,Zfx,0.07,198,2.2,35139,2.9,Down,645321,0.001377846576545,90,70,11996,10643,Down,0.003777581958709,-0.266467724774546,-0.187653619819731,-2.422786104400257
MA1592.1,ZNF274,0.09,1,0,470,0,Down,554348.5,0.659525988883479,90,1,11996,456,Down,0.265446540949197,-5.315369137165455,-1.199028498393188,-0.57602292960504
MA1643.1,NFIB,0.1,9,0.1,238,0,Up,562069.5,0.499864978412155,90,5,11996,173,Up,0.010516560314049,-5.075974176910366,2.071119816928914,1.978126283081381
MA0857.1,Rarb,0.15,1,0,114,0,Up,540732.5,0.977924558700825,90,1,11996,113,Up,0.575191279955887,-6.319330418512109,0.808894064300119,0.240187706588572
MA1141.1,FOS::JUND,0.15,136,1.5,14886,1.2,Up,612994.5,0.026488692017403,90,62,11996,6596,Up,0.010290472368659,-0.698451249861523,0.32877929488081,1.987564689144915
MA0687.1,SPIC,0.15,75,0.8,9197,0.8,Up,575218,0.283081694287118,90,55,11996,6193,Up,0.089749246443348,-0.829608377394425,0.24835671332265,1.046969189177161
MA1124.1,ZNF24,0.13,16,0.2,1558,0.1,Up,561151.5,0.517719685190838,90,11,11996,998,Up,0.179394276217935,-3.281495625767652,0.610423389482919,0.746191417739097
MA0876.1,BSX,0.02,145,1.6,15307,1.3,Up,564847,0.447895527644042,90,65,11996,8060,Up,0.367276831251232,-0.520047602824194,0.107249434556878,0.435006467181812
MA0136.2,ELF5,0.07,129,1.4,21354,1.8,Down,614644.5,0.02326794262565,90,66,11996,9684,Down,0.081721224856093,-0.37671376943377,-0.135699364296491,-1.087665132687463
MA0777.1,MYBL2,0.15,16,0.2,792,0.1,Up,575382,0.280857306121632,90,10,11996,550,Up,0.008605586213812,-3.776627824346579,1.338198720084269,2.065219540124089
MA0799.1,RFX4,0.13,1,0,609,0.1,Down,553830,0.670950025682963,90,1,11996,443,Down,0.264870591736521,-5.336209515007035,-1.15734774271003,-0.576966258220498
MA0515.1,Sox6,0.01,4,0,214,0,Up,554311,0.660349602752633,90,4,11996,211,Up,0.076491349758762,-5.077866485237013,1.49589119919224,1.116387675492789
MA1547.1,PITX2,0,9,0.1,929,0.1,Up,554175,0.663340023147463,90,9,11996,876,Up,0.308119788324899,-3.513317015416582,0.522797283553925,0.511280409166541
MA0888.1,EVX2,0.02,167,1.9,18683,1.6,Up,600781.5,0.064512778973095,90,63,11996,7283,Up,0.082632273323451,-0.615535483235592,0.208748565849105,1.082850299061908
MA1607.1,Foxl2,0.03,11,0.1,695,0.1,Up,575363.5,0.281107632436123,90,11,11996,674,Up,0.017709558145956,-3.564467618015504,1.176367373978623,1.751792274336016
MA1478.1,DMRTA2,0.08,181,2,22948,1.9,Up,561078.5,0.51915353520667,90,66,11996,9592,Down,0.14485990033203,-0.383599122522472,-0.121928658119088,-0.83905181794287
MA0131.2,HINFP,0.14,66,0.7,11122,0.9,Down,618493,0.017046202597049,90,36,11996,6545,Down,0.007569021208017,-1.092029790004197,-0.435983076397982,-2.120960277889773
MA1494.1,HNF4A(var.2),0.11,1,0,95,0,Up,541543,0.95833036911842,90,1,11996,95,Up,0.513441159389572,-6.443890248139692,1.058013723555286,0.289509319577169
MA0502.2,NFYB,0.14,86,1,8956,0.7,Up,617778.5,0.018076719308114,90,58,11996,5803,Up,0.002849059647566,-0.838549795644256,0.41813725628891,2.545298458328894
MA1594.1,ZNF382,0.1,0,0,7,0,Down,540135,0.992378580101179,90,0,11996,7,Down,0.999999999980243,-9.071640614713885,3.143589455261358,0.00000000000858
MA0518.1,Stat4,0.03,18,0.2,1501,0.1,Up,579155.5,0.232938109680481,90,17,11996,1388,Up,0.045085690352819,-2.740788673136238,0.740451605995998,1.345961276013915
MA0482.2,GATA4,0.13,102,1.1,11578,1,Up,607680,0.03960816614996,90,65,11996,6929,Up,0.005266590595847,-0.629106640390402,0.325367509689294,2.278470440684687
MA0098.3,ETS1,0.06,4,0,2630,0.2,Down,615185,0.02228958157918,90,4,11996,2191,Down,1.716943237220053E-4,-3.391271930034661,-1.877297911212464,-3.765244062538328
MA0073.1,RREB1,0.1,2,0,166,0,Up,544524,0.88656987155054,90,2,11996,162,Up,0.345860526320259,-5.691973911116555,1.028112237841424,0.461099001962357
MA0508.3,PRDM1,0.11,81,0.9,7821,0.7,Up,629144.5,0.006754539979282,90,54,11996,5490,Up,0.007762560831906,-0.929632839679376,0.395942554746194,2.10999498341984
MA1580.1,ZBTB32,0.11,20,0.2,4782,0.4,Down,607004,0.041618695502357,90,17,11996,3719,Down,0.011744242075451,-2.02999791287625,-0.681129914523978,-1.930175005542024
MA0854.1,Alx1,0.07,44,0.5,4916,0.4,Up,581670,0.204414261441769,90,26,11996,2455,Up,0.065257782078079,-2.03022513163889,0.516599398237767,1.185367690701684
MA1523.1,MSANTD3,0.09,136,1.5,16664,1.4,Up,583889.5,0.181425065425027,90,75,11996,8809,Up,0.040619874855953,-0.353461331246313,0.184040366976373,1.391261418928571
MA0003.4,TFAP2A,0.01,2,0,697,0.1,Down,558177,0.577756623024946,90,2,11996,674,Down,0.243908035649566,-4.665284548600329,-1.025266487191028,-0.612773891442001
MA1597.1,ZNF528,0.15,3,0,158,0,Up,550747.5,0.740365307177973,90,3,11996,157,Up,0.116833260382425,-5.471804442295703,1.558626954540203,0.932433503591195
MA1128.1,FOSL1::JUN,0.12,90,1,9254,0.8,Up,617424,0.018607969839511,90,50,11996,4875,Up,0.004938416573723,-1.070312938812819,0.457357068962816,2.306412278511277
MA0663.1,MLX,0.04,8,0.1,524,0,Up,552712,0.695840211061573,90,4,11996,246,Up,0.116089058408488,-4.967401493608032,1.274961215934278,0.935208711327281
MA0151.1,Arid3a,0.04,239,2.7,26586,2.2,Up,613838.5,0.024796081088275,90,78,11996,9503,Up,0.0897102766999,-0.270653928350396,0.130857580317636,1.047157803796326
MA0704.1,Lhx4,0.08,185,2.1,21058,1.8,Up,594107,0.099718592050581,90,66,11996,7799,Up,0.119708266285842,-0.532861732156854,0.176596561149677,0.921875858963907
MA1540.1,NR5A1,0.12,255,2.8,30046,2.5,Up,590757,0.122435117237836,90,86,11996,10908,Up,0.141760883350079,-0.101189241932084,0.071943164971206,0.848443589243214
MA0512.2,Rxra,0.15,0,0,146,0,Down,546165,0.847422494582562,90,0,11996,141,Down,0.629202375415972,-6.952756791102204,-1.094178191962005,-0.201209646461813
MA0850.1,FOXP3,0.08,80,0.9,9303,0.8,Up,585656,0.164544632855546,90,54,11996,6172,Up,0.112912392189516,-0.845174142114609,0.22702515961666,0.947258391430357
MA0709.1,Msx3,0.01,58,0.6,7043,0.6,Up,553967.5,0.667912952556639,90,33,11996,4939,Down,0.451876719234254,-1.356966668631006,-0.153580055988853,-0.344980033018314
MA1638.1,HAND2,0,1,0,37,0,Up,544153,0.895462430124159,90,1,11996,37,Up,0.247585710772313,-7.118195316909625,2.406623861095153,0.606274423916101
MA0834.1,ATF7,0.1,2,0,1105,0.1,Down,558208,0.577114391908755,90,1,11996,542,Down,0.192434114649123,-5.190864998491645,-1.448036775740808,-0.715717933906739
MA0102.4,CEBPA,0.14,85,0.9,9274,0.8,Up,594635.5,0.096463489316276,90,55,11996,6084,Up,0.056473846833784,-0.842416480576101,0.273972919686003,1.248152628381703
MA0157.2,FOXO3,0.13,30,0.3,3785,0.3,Up,562081,0.499643399592071,90,28,11996,3130,Up,0.279729303362699,-1.802552212495278,0.271192679153628,0.553262036230834
MA1602.1,ZSCAN29,0.11,6,0.1,1226,0.1,Down,555753,0.628983349044315,90,6,11996,1149,Down,0.470170341381281,-3.591470678088508,-0.41587098170721,-0.327744769895679
MA1648.1,TCF12(var.2),0.11,96,1.1,14421,1.2,Down,564926,0.446463692044541,90,56,11996,7896,Down,0.503719146361557,-0.641497617494054,-0.076338614347927,-0.297811541298054
MA0080.5,SPI1,0.07,5,0.1,214,0,Up,560307.5,0.534421553793825,90,5,11996,211,Up,0.022473066866203,-4.933113176639521,1.785397816387225,1.648337656010695
MA0500.2,MYOG,0.03,246,2.7,23738,2,Up,588630.5,0.138833760966636,90,62,11996,7302,Up,0.129658097269109,-0.62510640132883,0.182089597815424,0.887200355952224
MA1577.1,TLX2,0,4,0,302,0,Up,545109,0.872577311207356,90,2,11996,149,Up,0.310344483141426,-5.752121027975411,1.148406471559134,0.508155970473627
MA0619.1,LIN54,0.15,1198,13.3,148314,12.4,Up,579740,0.226068259752157,90,86,11996,11640,Down,0.345401290911016,-0.054339094749208,-0.021757129394544,-0.461676043622981
MA0155.1,INSM1,0.05,0,0,347,0,Down,555390,0.636819339848548,90,0,11996,346,Down,0.188130022324662,-6.306730141449538,-2.386231491267336,-0.725541892968938
MA0817.1,BHLHE23,0.03,10,0.1,356,0,Up,561445,0.511975571154496,90,5,11996,187,Up,0.014227189751764,-5.019996710507875,1.959164884123932,1.84688087615128
MA0758.1,E2F7,0.15,3,0,93,0,Up,553629,0.675399351471639,90,3,11996,93,Up,0.034737646838178,-5.847961221545524,2.310940513039845,1.459199604421099
MA1569.1,TFAP2E,0.14,1254,13.9,189230,15.8,Down,591116,0.11982246263756,90,87,11996,11808,Down,0.170239801549288,-0.035711309353945,-0.025846931793864,-0.768938895647378
MA0635.1,BARHL2,0.14,792,8.8,95917,8,Up,587759,0.146023873165475,90,87,11996,11867,Down,0.075486799891469,-0.032116141943583,-0.033037266614588,-1.122128985264823
MA0828.1,SREBF2(var.2),0.11,15,0.2,1322,0.1,Up,569276.5,0.371723310922707,90,11,11996,795,Up,0.051201709227076,-3.445445874324114,0.938323886595843,1.29071554106524
MA0649.1,HEY2,0.15,120,1.3,13177,1.1,Up,585223.5,0.168563940008463,90,52,11996,5853,Up,0.091461123650857,-0.910421252618729,0.249641766403292,1.038763467372904
MA0910.2,HOXD8,0.12,874,9.7,108094,9,Up,572259,0.325266755049449,90,90,11996,11682,Up,0.177625741932137,-0.019132260600461,0.038264521200921,0.750494095038521
MA0861.1,TP73,0.13,10,0.1,894,0.1,Up,555197,0.641002255979312,90,8,11996,727,Up,0.263079050127211,-3.727952772995152,0.631139454324571,0.579913734872899
MA0866.1,SOX21,0.15,2,0,283,0,Down,540183,0.991217264683953,90,2,11996,258,Up,0.720453231972161,-5.357111629916996,0.358387675442305,0.14239420604451
MA1472.1,BHLHA15(var.2),0.05,246,2.7,23760,2,Up,588361.5,0.141023384332975,90,62,11996,7306,Up,0.129802889356123,-0.624711385906299,0.18129956697036,0.886715640220902
MA0810.1,TFAP2A(var.2),0.01,3,0,209,0,Up,549931.5,0.759128874222427,90,3,11996,174,Up,0.145277370627887,-5.397866838384517,1.41075174671783,0.837802029038665
MA1143.1,FOSL1::JUND(var.2),0.06,1,0,1106,0.1,Down,568968,0.376752937932307,90,1,11996,778,Down,0.030167992761745,-4.930328047618048,-1.969110677488003,-1.520453584803394
MA0610.1,DMRT3,0.12,202,2.2,26716,2.2,Up,545318,0.867587675806642,90,69,11996,10235,Down,0.034923373494998,-0.304968396808166,-0.151872835103063,-1.456883811372585
MA0613.1,FOXG1,0.04,40,0.4,5633,0.5,Down,553300,0.682706553998355,90,36,11996,4238,Up,0.376522253410975,-1.405504597202169,0.190966537997962,0.424209350809933
MA0727.1,NR3C2,0.03,1,0,49,0,Up,544414.5,0.889193060902841,90,1,11996,31,Up,0.212972698442169,-7.243964700407609,2.658162628091118,0.671676066401009
MA0103.3,ZEB1,0,2,0,76,0,Up,548440,0.793787045305356,90,2,11996,75,Up,0.112249987949725,-6.244919495411923,2.134003406432162,0.949813696947074
MA0594.2,HOXA9,0.1,162,1.8,25250,2.1,Down,592584,0.109590731195734,90,71,11996,10143,Down,0.143442612216146,-0.291016285314112,-0.097916529981408,-0.843321814489322
MA0711.1,OTX1,0,3,0,142,0,Up,551554.5,0.721959346758945,90,3,11996,139,Up,0.089381808935019,-5.559347795574748,1.733713661098294,1.04875086020881
MA1515.1,KLF2,0.02,35,0.4,6616,0.6,Down,593216,0.105404151460604,90,26,11996,4685,Down,0.051042983009843,-1.564132038276954,-0.415586788486106,-1.292063952882931
MA0601.1,Arid3b,0.02,7,0.1,2588,0.2,Down,582847,0.191972218477108,90,7,11996,1852,Down,0.054688956837422,-3.144011701117287,-0.8978871807148,-1.26210036048113
MA1135.1,FOSB::JUNB,0.07,72,0.8,7421,0.6,Up,596118,0.087784561231415,90,36,11996,3403,Up,0.018612029211496,-1.563771935881389,0.507501215356402,1.73020627451501
MA0510.2,RFX5,0.14,0,0,437,0,Down,553635,0.675266370451366,90,0,11996,307,Down,0.17668095066351,-6.392864612404844,-2.213962549356725,-0.752810272608089
MA0831.2,TFE3,0.1,43,0.5,7099,0.6,Down,572020.5,0.328836519957978,90,32,11996,4959,Down,0.284159412194608,-1.375912523516106,-0.20313110107729,-0.546437954271785
MA0700.2,LHX2,0.02,58,0.6,7031,0.6,Up,553609.5,0.675831609744171,90,33,11996,4931,Down,0.451861993184079,-1.358135908105638,-0.15124157703959,-0.34499418631781
MA0039.4,KLF4,0.01,67,0.7,7336,0.6,Up,578712,0.23824862793362,90,42,11996,4801,Up,0.234778378604027,-1.205755713315925,0.230601524740842,0.629341900973515
MA1107.2,KLF9,0.15,163,1.8,24599,2.1,Down,570313,0.355131756361405,90,57,11996,8543,Down,0.102944470665449,-0.572035136126578,-0.164641400024505,-0.987396975165169
MA0884.1,DUXA,0.09,54,0.6,5287,0.4,Up,613395,0.025673446583807,90,42,11996,3998,Up,0.009596647110454,-1.337768858170848,0.494627814450688,2.017880474853471
MA0897.1,Hmx2,0.05,3,0,184,0,Up,549838.5,0.761276636287295,90,3,11996,177,Up,0.150518862360293,-5.38557084429332,1.386159758535437,0.822409072789817
MA1627.1,Wt1,0.11,72,0.8,11106,0.9,Down,582419.5,0.196425281757885,90,40,11996,6346,Down,0.112988827742881,-1.039288175537079,-0.241415417323004,-0.946964497131562
MA0124.2,Nkx3-1,0.03,14,0.2,2742,0.2,Down,580093.5,0.221984272574625,90,11,11996,2404,Down,0.064644512158034,-2.647544329051786,-0.657479203948813,-1.189468337614902
MA0914.1,ISL2,0,1,0,535,0,Down,557363,0.594739476857715,90,1,11996,523,Down,0.188512893369101,-5.216581798692162,-1.396603175339775,-0.7246589408027
MA0467.1,Crx,0.07,15,0.2,1234,0.1,Up,565931,0.42847742349546,90,13,11996,1170,Up,0.15103133200779,-3.051187551880404,0.612458333921334,0.82093294736545
MA0162.4,EGR1,0.07,21,0.2,6035,0.5,Down,621859.5,0.012853719486926,90,18,11996,4082,Down,0.00493634453357,-1.922740644479141,-0.73530375395023,-2.306594536210107
MA0494.1,Nr1h3::Rxra,0.1,3,0,984,0.1,Down,563793,0.467246615356978,90,3,11996,931,Down,0.161182425281569,-4.189702472018523,-1.005576986014156,-0.792682313767499
MA1520.1,MAF,0.14,10,0.1,657,0.1,Up,559468.5,0.551289795817681,90,7,11996,497,Up,0.102754164371343,-4.09236425699838,0.998817931047386,0.988200568217383
MA0712.2,OTX2,0.14,144,1.6,15715,1.3,Up,564203,0.459664585527632,90,54,11996,7924,Down,0.263719033108878,-0.664941652492921,-0.133439819626716,-0.578858525208969
MA1683.1,FOXA3,0.14,166,1.8,21039,1.8,Up,554443.5,0.657441348655752,90,73,11996,9003,Up,0.22092943717452,-0.357114627544237,0.113882170594792,0.655746413822061
MA0626.1,Npas2,0.14,109,1.2,12297,1,Up,574937,0.286920675376217,90,46,11996,5480,Up,0.339391469579821,-1.045460604662971,0.169547057375594,0.469299077636992
MA0896.1,Hmx1,0.14,20,0.2,2721,0.2,Down,562862.5,0.484708628691241,90,13,11996,2330,Down,0.284064046926703,-2.554430262666938,-0.381056244505598,-0.546583730055381
MA0650.2,HOXA13,0.06,25,0.3,1274,0.1,Up,613240.5,0.025985334147193,90,21,11996,1189,Up,2.431242805502154E-4,-2.703883756954528,1.260605249146841,3.61417166648614
MA0164.1,Nr2e3,0.02,96,1.1,9874,0.8,Up,592636.5,0.109238022225865,90,38,11996,3919,Up,0.070469897418655,-1.423465687150105,0.380812681523602,1.151996360694368
MA0800.1,EOMES,0.15,175,1.9,20434,1.7,Up,590487.5,0.124425517256792,90,79,11996,9587,Up,0.064534989740908,-0.255174956237138,0.136424048876575,1.19020475464857
MA0648.1,GSC,0,2,0,26,0,Up,550646,0.742691119987431,90,2,11996,26,Up,0.018281975101507,-7.000161637792863,3.64448769119404,1.737976886865369
MA1637.1,EBF3,0.01,4,0,346,0,Up,548629,0.789371047299153,90,4,11996,337,Up,0.324370214240899,-4.740751565827892,0.821661360373997,0.488959032342271
MA1603.1,Dmrt1,0.05,4,0,279,0,Up,551644,0.719927696771904,90,4,11996,270,Up,0.14751224908682,-4.90038101988358,1.140920268485375,0.831171915347244
MA1108.2,MXI1,0.01,72,0.8,9071,0.8,Up,552322.5,0.70459094644203,90,46,11996,5873,Up,0.751105070538428,-0.99550413614483,0.069634120339311,0.124299306187244
MA0148.4,FOXA1,0.13,72,0.8,7846,0.7,Up,598758,0.073895783326418,90,50,11996,5378,Up,0.043613861414153,-0.999486089659679,0.315703370656537,1.36037546075562
MA0748.2,YY2,0.15,87,1,14468,1.2,Down,598767,0.073851703797727,90,53,11996,8179,Down,0.068847664386746,-0.655453948897356,-0.205849903569405,-1.162110788321415
MA1538.1,NR2F1(var.3),0.1,1,0,108,0,Up,541536.5,0.958487425189804,90,1,11996,95,Up,0.513441159389572,-6.443890248139692,1.058013723555286,0.289509319577169
MA0113.3,NR3C1,0.03,2,0,52,0,Up,544560,0.885707723079724,90,1,11996,28,Up,0.195080366992625,-7.316159655075195,2.802552537426292,0.709786436068363
MA0488.1,JUN,0.1,24,0.3,2774,0.2,Up,567810,0.396004113085152,90,22,11996,2255,Up,0.176224470702625,-2.20954357899363,0.4031015764802,0.753933785179293
MA1501.1,HOXB7,0.05,14,0.2,2954,0.2,Down,569116.5,0.37432665065664,90,13,11996,2337,Down,0.284226639609744,-2.552266836605229,-0.385383096629015,-0.546335219535528
MA0658.1,LHX6,0.03,45,0.5,5047,0.4,Up,582232.5,0.198396783548802,90,27,11996,2540,Up,0.051329139813744,-1.978957681356958,0.520943015596825,1.289636013691211
MA0752.1,ZNF410,0.1,0,0,37,0,Down,540855,0.974961921693317,90,0,11996,23,Down,0.999999999930243,-8.247791486679326,1.495891199192241,0.000000000030295
MA0624.1,NFATC1,0.01,154,1.7,17680,1.5,Up,596760,0.084226947797118,90,75,11996,8776,Up,0.031007860167604,-0.356168541085392,0.189454786654531,1.508528203110199
MA0720.1,Shox2,0.01,140,1.6,17403,1.5,Up,546517.5,0.839058817155995,90,48,11996,6795,Down,0.524299097786552,-0.859947496262244,-0.079971097267668,-0.280420889619214
MA0043.3,HLF,0.02,6,0.1,357,0,Up,560163,0.53730808186415,90,6,11996,347,Up,0.047870609470746,-4.454431469642163,1.3100506014001,1.319931043207481
MA0875.1,BARX1,0.06,646,7.2,78968,6.6,Up,578841.5,0.236689221433345,90,89,11996,11499,Up,0.186941610806477,-0.03853626714396,0.045012314650023,0.728294019475814
MA0698.1,ZBTB18,0.08,18,0.2,2054,0.2,Up,557383,0.594319487324496,90,17,11996,1862,Up,0.380516599485938,-2.528932048927218,0.316738357577958,0.419626393011935
MA0598.3,EHF,0.01,5,0.1,124,0,Up,564230,0.459167710285341,90,5,11996,124,Up,0.002730358176059,-5.315369137165455,2.549909737439093,2.563780377251431
MA1117.1,RELB,0.12,205,2.3,21019,1.8,Up,653804.5,5.472211731526455E-4,90,79,11996,9611,Up,0.083243886200303,-0.253371492566274,0.132817121534847,1.079647653160666
MA0633.1,Twist2,0.12,109,1.2,11927,1,Up,579299,0.231237940447176,90,46,11996,5193,Up,0.136753181434995,-1.084260801429594,0.24714745090884,0.864062561421653
MA0465.2,CDX2,0.06,35,0.4,2915,0.2,Up,592557,0.109772474586237,90,27,11996,2453,Up,0.034924861073126,-2.004093277721701,0.57121420832631,1.45686531278127
MA0707.1,MNX1,0.02,61,0.7,7509,0.6,Up,572725.5,0.318357547964871,90,33,11996,3595,Up,0.167524469948372,-1.586052970104114,0.304592546957361,0.775921747508515
MA0826.1,OLIG1,0.02,9,0.1,251,0,Up,563472.5,0.473221510455604,90,5,11996,141,Up,0.004637559874511,-5.223040981783555,2.365253426675292,2.333710470260628
MA0860.1,Rarg(var.2),0.13,1,0,77,0,Up,542756.5,0.929044135607441,90,1,11996,68,Up,0.403813740990402,-6.683588620677303,1.537410468630507,0.393818906950644
MA0768.1,LEF1,0.04,3,0,90,0,Up,553807.5,0.67144751509717,90,3,11996,89,Up,0.031180435434646,-5.879500562857215,2.374019195663226,1.506117824184269
MA0040.1,Foxq1,0.01,2,0,176,0,Up,544028,0.898461593126637,90,2,11996,173,Up,0.375461188441903,-5.644725938785333,0.933616293178979,0.425434949516464
MA0158.2,HOXA5,0.14,946,10.5,114460,9.5,Up,585813,0.163103596547487,90,90,11996,11645,Up,0.116572145310419,-0.021420487678407,0.042840975356814,0.933405211010614
MA0504.1,NR2C2,0.09,0,0,233,0,Down,549540,0.7681826195009,90,0,11996,216,Down,0.413615531517404,-6.645974305154783,-1.707743163856847,-0.383403161583219
MA0825.1,MNT,0,1,0,31,0,Up,544423,0.888989390511507,90,1,11996,31,Up,0.212972698442169,-7.243964700407609,2.658162628091118,0.671676066401009
MA0835.2,BATF3,0.12,56,0.6,6148,0.5,Up,593249,0.105189083752467,90,44,11996,4642,Up,0.050973654550118,-1.196876099623554,0.345527287013492,1.29265422860369
MA0631.1,Six3,0.06,3,0,102,0,Up,553267.5,0.683430020602997,90,3,11996,101,Up,0.042454362142473,-5.788740492896754,2.192499055742306,1.372077679811655
MA0636.1,BHLHE41,0.04,7,0.1,763,0.1,Up,551749,0.717546716822074,90,5,11996,393,Up,0.223655852083877,-4.485260190445752,0.889691843999688,0.650419733778001
MA0025.2,NFIL3,0.03,12,0.1,1241,0.1,Up,560019,0.540192394678968,90,12,11996,1139,Up,0.207131135684188,-3.126065212998133,0.540151031379306,0.683754613615127
MA0609.2,CREM,0.04,2,0,876,0.1,Down,552686.5,0.696411886993029,90,1,11996,419,Down,0.377962186253655,-5.376341161937654,-1.077084448848789,-0.422551647577712
MA0654.1,ISX,0.01,140,1.6,17403,1.5,Up,546517.5,0.839058817155995,90,48,11996,6795,Down,0.524299097786552,-0.859947496262244,-0.079971097267668,-0.280420889619214
MA0706.1,MEOX2,0.07,191,2.1,20780,1.7,Up,621249,0.013538385816095,90,69,11996,7572,Up,0.008144073584771,-0.522338397315023,0.282867165910651,2.08915831097546
MA0645.1,ETV6,0.03,4,0,2718,0.2,Down,616341,0.020316459923792,90,4,11996,2215,Down,1.702533727887895E-4,-3.383415106054016,-1.893011559173756,-3.768904275779049
MA0830.2,TCF4,0.06,136,1.5,18169,1.5,Down,556231.5,0.618717711494678,90,71,11996,8819,Up,0.281321948604707,-0.391909667782221,0.10387023495481,0.550796383063903
MA1553.1,RARG(var.3),0.13,6,0.1,371,0,Up,560547,0.529654606697842,90,6,11996,337,Up,0.042640516791191,-4.475494207478501,1.352176077072777,1.370177540421392
MA0793.1,POU6F2,0.14,240,2.7,27231,2.3,Up,614870,0.022855321307982,90,76,11996,8862,Up,0.021766873448817,-0.339642987664698,0.194369886548289,1.662203947690218
MA0509.2,RFX1,0.06,0,0,567,0,Down,563850,0.466188395797121,90,0,11996,534,Down,0.034569642918321,-5.994062843657899,-3.011566086850614,-1.461305106410834
MA0846.1,FOXC2,0.11,120,1.3,14062,1.2,Up,592630.5,0.109278286335975,90,61,11996,7092,Up,0.106464419760573,-0.657789394767664,0.200916026047397,0.972795508501559
MA0731.1,BCL6B,0.15,0,0,25,0,Down,540945,0.972785508217142,90,0,11996,25,Down,0.99999999993236,-8.188873241532397,1.378054708898381,0.000000000029376
MA0144.2,STAT3,0.15,168,1.9,19585,1.6,Up,615783,0.021249007250048,90,77,11996,9111,Up,0.034633817752219,-0.310287277395731,0.173131591173527,1.460499632697292
MA0683.1,POU4F2,0.14,2,0,132,0,Up,546008,0.851153190875476,90,2,11996,129,Up,0.255128659194545,-5.855717721231187,1.355599858070686,0.593240753342595
MA0514.1,Sox3,0.09,103,1.1,11597,1,Up,598742,0.073974200039426,90,63,11996,7180,Up,0.05226916889242,-0.6258092734116,0.229296146201121,1.281754405360551
MA0803.1,TBX15,0.11,73,0.8,7827,0.7,Up,584111.5,0.179235672460484,90,49,11996,5570,Up,0.138111802590659,-0.988612046351544,0.236245558695896,0.859769206425193
MA0519.1,Stat5a::Stat5b,0.07,42,0.5,3774,0.3,Up,584086.5,0.179481239588412,90,27,11996,2669,Up,0.09722197954898,-1.943229138923559,0.449485930730026,1.012235540446766
MA0798.2,RFX3,0.09,1,0,827,0.1,Down,568811,0.37932862670411,90,1,11996,777,Down,0.030170618943623,-4.931255229648584,-1.967256313426931,-1.520415780277687
MA0762.1,ETV2,0.1,4,0,1771,0.1,Down,587055,0.152037410471609,90,4,11996,1575,Down,0.011206954395892,-3.629326392288218,-1.40118898670535,-1.950512395323743
MA1142.1,FOSL1::JUND,0.09,123,1.4,13896,1.2,Up,601521.5,0.061336832880155,90,57,11996,6193,Up,0.033660579818989,-0.80407128509729,0.29943089791692,1.472878407373313
MA1525.1,NFATC4,0.07,284,3.2,33708,2.8,Up,595897,0.089036905962183,90,88,11996,10991,Up,0.032948280268441,-0.079232806201108,0.0939849384018,1.482167248427101
MA0592.3,ESRRA,0.1,28,0.3,2958,0.2,Up,573957.5,0.300576266108282,90,25,11996,2560,Up,0.154807641285542,-2.027768319657949,0.400695549092479,0.8102076064035
MA0868.2,SOX8,0,2,0,48,0,Up,549700,0.764478592767382,90,2,11996,47,Up,0.05145795356317,-6.579194060908989,2.802552537426292,1.288547489285704
MA0856.1,RXRG,0.14,0,0,146,0,Down,546210,0.84635381301368,90,0,11996,142,Down,0.62935494393043,-6.947676857992093,-1.104338058182227,-0.201104351830813
MA1421.1,TCF7L1,0.07,4,0,177,0,Up,555976,0.624190067521875,90,4,11996,174,Up,0.043761309868428,-5.216581798692163,1.773321826102538,1.358909687129004
MA1099.2,HES1,0.15,659,7.3,110622,9.2,Down,631382.5,0.005493483843599,90,77,11996,11085,Down,0.025351541736421,-0.168830598636871,-0.109781766344193,-1.595995624209934
MA0523.1,TCF7L2,0.15,230,2.6,28206,2.4,Up,571507.5,0.33660060167583,90,82,11996,10238,Up,0.135202545206837,-0.18106643183222,0.095085517989662,0.86901513266302
MA0675.1,NKX6-2,0.02,109,1.2,13426,1.1,Up,575283.5,0.282191867803817,90,51,11996,5908,Up,0.169928317162917,-0.917547547758936,0.208404375717897,0.769734243480209
MA1155.1,ZSCAN4,0.15,1,0,552,0,Down,557726,0.587137869206492,90,1,11996,531,Down,0.18988825566603,-5.205641721392015,-1.418483329940071,-0.721501894963684
MA1146.1,NR1H4::RXRA,0.12,2,0,176,0,Up,545172,0.871072715237786,90,2,11996,147,Up,0.304842956826423,-5.761836292949861,1.167837001508036,0.51592383458254
MA1641.1,MYF5,0.07,246,2.7,23738,2,Up,588630.5,0.138833760966636,90,62,11996,7302,Up,0.129658097269109,-0.62510640132883,0.182089597815424,0.887200355952224
MA0075.3,PRRX2,0.02,44,0.5,5273,0.4,Up,572599.5,0.320214154800826,90,29,11996,3018,Up,0.142845509168025,-1.803956344930862,0.373507014418994,0.845133408583328
MA0664.1,MLXIPL,0.02,12,0.1,1033,0.1,Up,558585,0.569331082828448,90,8,11996,649,Up,0.155490585651141,-3.809761634169035,0.794757176672336,0.808295900679152
MA1129.1,FOSL1::JUN(var.2),0.07,0,0,744,0.1,Down,556335,0.616506905000677,90,0,11996,367,Down,0.117524404571682,-6.264285692656282,-2.47112038885385,-0.929871940453582
MA1651.1,ZFP42,0.06,1,0,738,0.1,Down,565113,0.443084813929278,90,1,11996,695,Down,0.064573062251866,-5.011651309886447,-1.806464152951205,-1.189948617534802
MA0749.1,ZBED1,0.14,0,0,287,0,Down,548820,0.784915182902656,90,0,11996,200,Down,0.40839105475414,-6.701356699290684,-1.596978375585043,-0.388923779105848
MA0840.1,Creb5,0.08,1,0,980,0.1,Down,561169,0.517376258750791,90,1,11996,604,Down,0.136796853874292,-5.112805397533005,-1.60415597765809,-0.863923890633053
MA1565.1,TBX18,0.05,13,0.1,2029,0.2,Down,565388.5,0.438133569901928,90,9,11996,1830,Down,0.186622815204369,-2.982111126644079,-0.539614493991082,-0.729035263528086
MA0142.1,Pou5f1::Sox2,0.07,1,0,94,0,Up,541632.5,0.956167994925789,90,1,11996,93,Up,0.506054549545474,-6.459157432213749,1.088548091703397,0.295802666382146
MA1616.1,Prdm15,0.06,5,0.1,273,0,Up,557652.5,0.588673401170695,90,5,11996,270,Up,0.054263077703804,-4.755627711286089,1.43042688568036,1.26549557747688
MA0473.3,ELF1,0.01,9,0.1,561,0,Up,563575.5,0.471296770542364,90,8,11996,543,Up,0.067286280407469,-3.93828637937932,1.051806667092908,1.172073478877635
MA0600.2,RFX2,0.11,0,0,382,0,Down,548730,0.787013936492532,90,0,11996,198,Down,0.408042526140658,-6.708588313946667,-1.582515146273081,-0.389294572435171
MA0628.1,POU6F1,0.03,78,0.9,10074,0.8,Up,567925.5,0.394057726621253,90,34,11996,3705,Up,0.16976902345724,-1.543097429257037,0.303551997904,0.77014154947985
MA0705.1,Lhx8,0.07,109,1.2,12595,1,Up,591250.5,0.118854947138745,90,46,11996,4965,Up,0.067963125383113,-1.116644866158954,0.311915580367559,1.167726657680715
MA0072.1,RORA(var.2),0.15,32,0.4,3359,0.3,Up,567592,0.399693597459656,90,26,11996,2929,Up,0.325686605444846,-1.902906317932571,0.261961770825129,0.487200102353184
MA1499.1,HOXB4,0.01,63,0.7,5944,0.5,Up,628648.5,0.007067033569569,90,48,11996,4349,Up,0.001285933347813,-1.181812566886461,0.563759043980765,2.890781541075082
MA0852.2,FOXK1,0.13,128,1.4,15424,1.3,Up,574982.5,0.286296687599762,90,66,11996,8083,Up,0.259545129190658,-0.507062508712098,0.124998114260165,0.585787116989211
MA1103.2,FOXK2,0.15,140,1.6,16542,1.4,Up,577754,0.250010081160581,90,67,11996,8179,Up,0.21366157008922,-0.487779643572514,0.129498707080279,0.670273584523123
MA0077.1,SOX9,0,3,0,150,0,Up,551107.5,0.732135370390612,90,3,11996,149,Up,0.104266449479205,-5.50940761439029,1.633833298729376,0.981855414968178
MA0660.1,MEF2B,0.13,3,0,1119,0.1,Down,568693.5,0.3812633606468,90,3,11996,1039,Down,0.08683222601866,-4.110571430060157,-1.163839069930888,-1.061319065322724
MA0911.1,Hoxa11,0.15,138,1.5,15277,1.3,Up,619792.5,0.01530348791516,90,73,11996,7987,Up,0.003290133545093,-0.443485584739102,0.286624084984523,2.48278647386773
MA0751.1,ZIC4,0.12,42,0.5,6194,0.5,Down,547710.5,0.810892743428126,90,36,11996,4330,Up,0.442564809097671,-1.390014686599567,0.159986716792757,0.354023122316369
MA0091.1,TAL1::TCF3,0.04,5,0.1,346,0,Up,554540,0.655326517908095,90,5,11996,339,Up,0.113553845441127,-4.59173622107713,1.102643905262443,0.944798154041481
MA0088.2,ZNF143,0.11,4,0,330,0,Up,549568,0.767534029907771,90,4,11996,316,Up,0.304017738582031,-4.787092567082817,0.914343362883849,0.51710107578749
MA1552.1,RARB(var.3),0.14,7,0.1,616,0.1,Up,556324,0.61674170532199,90,7,11996,563,Up,0.201739125717032,-4.002504714627775,0.819098846306175,0.695209865618862
MA0607.1,Bhlha15,0.04,25,0.3,3015,0.3,Up,560558.5,0.529426258676375,90,19,11996,2036,Up,0.322804358981505,-2.386446753585313,0.344006170728711,0.491060609424463
MA0839.1,CREB3L1,0.05,1,0,17,0,Up,545053,0.873915117099923,90,1,11996,17,Up,0.125966011196344,-7.667963153685084,3.506159534646068,0.899746622669425
MA0771.1,HSF4,0.11,17,0.2,1847,0.2,Up,562641,0.488916860424118,90,16,11996,1605,Up,0.215043009305886,-2.678485377976032,0.446067220502562,0.667474671078853
MA0521.1,Tcf12,0.09,246,2.7,23749,2,Up,588474,0.140104441701902,90,62,11996,7306,Up,0.129802889356123,-0.624711385906299,0.18129956697036,0.886715640220902
MA1131.1,FOSL2::JUN(var.2),0.06,2,0,1065,0.1,Down,561446.5,0.511946300159309,90,1,11996,616,Down,0.091508428181687,-5.098626119956147,-1.632514532811805,-1.038538904357249
MA0599.1,KLF5,0,23,0.3,5060,0.4,Down,586313,0.158577708556412,90,16,11996,3130,Down,0.090426603528945,-2.196800159898422,-0.51730321565266,-1.043703781182901
MA1584.1,ZIC5,0.14,9,0.1,1681,0.1,Down,552010.5,0.711628901072734,90,9,11996,1452,Down,0.628853061828753,-3.148960931650406,-0.205914883978428,-0.201450820201523
MA0057.1,MZF1(var.2),0.01,29,0.3,1823,0.2,Up,610727.5,0.031537364658945,90,23,11996,1537,Up,0.001237448984952,-2.454606139122343,1.01869820743355,2.907472696241137
MA0841.1,NFE2,0.09,6,0.1,475,0,Up,559101,0.558760011664247,90,6,11996,364,Up,0.057644594871125,-4.41997855128413,1.241144764684033,1.239241408710919
MA0782.2,PKNOX1,0.07,5,0.1,1029,0.1,Down,559146,0.55784265536204,90,4,11996,971,Down,0.246646675531334,-3.978088319004316,-0.703665133273155,-0.60792473387355
MA1115.1,POU5F1,0.02,33,0.4,3743,0.3,Up,568116,0.390860131250358,90,28,11996,3067,Up,0.227083593632786,-1.81721709116064,0.300522436484352,0.643814241615288
MA1119.1,SIX2,0.02,1,0,16,0,Up,545098,0.872840065873293,90,1,11996,16,Up,0.119399264478079,-7.710407602478339,3.59104843223258,0.922998348534082
MA0143.4,SOX2,0.14,137,1.5,18023,1.5,Up,547298.5,0.820594156091805,90,68,11996,8498,Up,0.353708426425202,-0.449573615936299,0.095519623627241,0.451354593828516
MA0065.2,Pparg::Rxra,0.15,83,0.9,8622,0.7,Up,593054.5,0.106461716327998,90,53,11996,5954,Up,0.090315610026321,-0.88447009202709,0.252182382690063,1.044237180335517
MA0037.3,GATA3,0.03,159,1.8,18218,1.5,Up,593308,0.104805436850309,90,75,11996,8568,Up,0.013283895354457,-0.373470066265167,0.224057837014082,1.876674554269135
MA0629.1,Rhox11,0.04,8,0.1,686,0.1,Up,558004,0.581346848678034,90,8,11996,660,Up,0.160960739651912,-3.797647116269561,0.770528140873389,0.793280040935761
MA0112.3,ESR1,0.12,4,0,116,0,Up,553686.5,0.674125367275391,90,3,11996,92,Up,0.033829382662635,-5.855717721231187,2.326453512411169,1.470705927386633
MA1506.1,HOXD10,0.09,1,0,467,0,Down,554392,0.658571113664302,90,1,11996,457,Down,0.265548134750015,-5.313790695571864,-1.202185381580371,-0.575856744783803
MA0498.2,MEIS1,0.11,718,8,95010,7.9,Up,552486,0.700912816495494,90,89,11996,11976,Down,0.145377087868298,-0.009218655106028,-0.013622909425842,-0.837504034993199
MA0773.1,MEF2D,0.12,2,0,1054,0.1,Down,571816,0.331917534301801,90,2,11996,976,Down,0.032776251830011,-4.398383748131068,-1.559068088129552,-1.484440712224187
MA0701.2,LHX9,0.01,17,0.2,1778,0.1,Up,557857.5,0.584395262299334,90,14,11996,1473,Up,0.333705739333562,-2.833579742392358,0.38342970087345,0.476636323943166
MA0637.1,CENPB,0.06,3,0,179,0,Up,549979.5,0.758021077238719,90,3,11996,174,Up,0.145277370627887,-5.397866838384517,1.41075174671783,0.837802029038665
MA1468.1,ATOH7,0.02,8,0.1,406,0,Up,560322,0.534132334861211,90,6,11996,348,Up,0.048414644887052,-4.452358630513387,1.305904923142547,1.315023249273066
MA0689.1,TBX20,0,1,0,12,0,Up,545278,0.868542228183068,90,1,11996,12,Up,0.092640834549003,-7.910676567270204,3.991586361816309,1.033197541285096
MA1132.1,JUN::JUNB,0.06,38,0.4,3871,0.3,Up,596843.5,0.0837729346165,90,35,11996,3270,Up,0.01722306561762,-1.612564603218773,0.5249316712805,1.763889543804584
MA0898.1,Hmx3,0.05,3,0,226,0,Up,547905,0.806322804063242,90,3,11996,220,Up,0.231217898200972,-5.229091028710583,1.073200127369961,0.635978550921667
MA0528.2,ZNF263,0,3,0,81,0,Up,554256,0.661558314177606,90,3,11996,79,Up,0.023178636876333,-5.964966973847166,2.544952017643127,1.634912108255673
MA0616.2,HES2,0.01,5,0.1,313,0,Up,554601,0.653991105061811,90,4,11996,202,Up,0.067630756612497,-5.109234362910995,1.558626954540203,1.169855753920298
MA1640.1,MEIS2(var.2),0.06,10,0.1,1070,0.1,Up,554315,0.660261730977863,90,10,11996,1004,Up,0.337849663461024,-3.342796276762118,0.470535624915346,0.471276509348427
MA1145.1,FOSL2::JUND(var.2),0.04,0,0,705,0.1,Down,555300,0.638768492977878,90,0,11996,344,Down,0.187194275835774,-6.310905826166,-2.377880121834414,-0.727707435570913
MA0499.2,MYOD1,0.07,39,0.4,6719,0.6,Down,584409,0.176332574137644,90,30,11996,5014,Down,0.108663244607878,-1.413772173567422,-0.310672751905795,-0.963917331381633
MA0757.1,ONECUT3,0.1,6,0.1,744,0.1,Up,544191,0.894550978627009,90,6,11996,700,Up,0.651708825720508,-3.948745433232189,0.298678528580152,0.185946397562385
MA0046.2,HNF1A,0.08,3,0,166,0,Up,552741,0.695190279819059,90,3,11996,111,Up,0.053204080467663,-5.72095850152919,2.056935073007177,1.274055058369773
MA0002.2,RUNX1,0.04,25,0.3,2849,0.2,Up,573420,0.308250896125126,90,25,11996,2500,Up,0.117696886298947,-2.04487279667861,0.4349045031338,0.929235026375534
MA0760.1,ERF,0.1,5,0.1,2923,0.2,Down,622258,0.012423505044471,90,4,11996,2370,Down,4.794294526924624E-5,-3.334635572933791,-1.990570625414205,-4.319275289557877
MA1573.1,THAP11,0.15,2,0,1513,0.1,Down,579990,0.223174499108101,90,2,11996,1153,Down,0.011053265388457,-4.278220720732971,-1.799394142925743,-1.956509402459242
MA1657.1,ZNF652,0.15,47,0.5,5636,0.5,Up,581822.5,0.202769891228768,90,40,11996,4196,Up,0.075335142909732,-1.337675478339918,0.355359188282675,1.123002383542098
MA1113.2,PBX2,0.11,52,0.6,6976,0.6,Down,558194,0.577404390115593,90,33,11996,4010,Up,0.503467754641127,-1.507258118644003,0.14700284403714,0.298028339270977
MA1491.1,GLI3,0.1,3,0,791,0.1,Down,555897,0.625886331098477,90,3,11996,756,Down,0.378263449655893,-4.339810315380974,-0.705361299289256,-0.42220562111709
MA0728.1,Nr2f6(var.2),0.1,0,0,23,0,Down,540855,0.974961921693317,90,0,11996,23,Down,0.999999999930243,-8.247791486679326,1.495891199192241,0.000000000030295
MA1476.1,DLX5,0.01,58,0.6,7043,0.6,Up,553967.5,0.667912952556639,90,33,11996,4939,Down,0.451876719234254,-1.356966668631006,-0.153580055988853,-0.344980033018314
MA0674.1,NKX6-1,0.05,110,1.2,13003,1.1,Up,594479,0.09741841073519,90,49,11996,5090,Up,0.024408612461635,-1.053611776191985,0.366245018376779,1.612456907898784
MA0717.1,RAX2,0.14,876,9.7,108080,9,Up,575636,0.277435696729809,90,90,11996,11682,Up,0.177625741932137,-0.019132260600461,0.038264521200921,0.750494095038521
MA1420.1,IRF5,0.1,11,0.1,122,0,Up,600387,0.066260619958529,90,11,11996,120,Up,3.195084947867296E-9,-4.806860266374657,3.66115267069693,8.495517590745148
MA0470.2,E2F4,0.14,36,0.4,6089,0.5,Down,586726,0.154911555933699,90,22,11996,4023,Down,0.073048084403458,-1.792041705675629,-0.431902170155804,-1.136391168421208
MA0625.1,NFATC3,0.04,235,2.6,29194,2.4,Up,578583.5,0.239803148028962,90,86,11996,10629,Up,0.042924245553065,-0.11987874108725,0.109322163281539,1.367297329364958
MA0627.2,POU2F3,0.06,19,0.2,1648,0.1,Up,575404,0.280559817843855,90,17,11996,1479,Up,0.074795367300777,-2.6949974134487,0.648869086620923,1.126125300772119
MA0678.1,OLIG2,0.03,9,0.1,324,0,Up,561470,0.511487835252195,90,5,11996,186,Up,0.01393653550339,-5.023854193071877,1.966879849251937,1.855845174499205
MA0095.2,YY1,0.01,0,0,492,0,Down,560565,0.529297214552041,90,0,11996,461,Down,0.051141470708132,-6.099992493695258,-2.799706786775897,-1.291226786844644
MA1496.1,HOXA4,0.03,81,0.9,8190,0.7,Up,615218,0.022231024278434,90,53,11996,5441,Up,0.010758985652853,-0.949458077694978,0.38215835402584,1.968228671618901
MA0066.1,PPARG,0.13,0,0,30,0,Down,540945,0.972785508217142,90,0,11996,25,Down,0.99999999993236,-8.188873241532397,1.378054708898381,0.000000000029376
MA0041.1,Foxd3,0.06,15,0.2,3245,0.3,Down,562801,0.485875082366114,90,12,11996,2066,Down,0.400331832474979,-2.696670993443512,-0.318637407729938,-0.397579875499246
MA0138.2,REST,0.14,5,0.1,99,0,Up,565397.5,0.437972361748838,90,5,11996,98,Up,0.001009960603925,-5.484344193471308,2.887859850050799,2.995695566644808
MA1635.1,BHLHE22(var.2),0.01,246,2.7,23760,2,Up,588361.5,0.141023384332975,90,62,11996,7306,Up,0.129802889356123,-0.624711385906299,0.18129956697036,0.886715640220902
MA0690.1,TBX21,0.06,11,0.1,1964,0.2,Down,559863,0.543325783265715,90,10,11996,1779,Down,0.373631362329805,-2.930299092373871,-0.354458743861147,-0.427556676566378
MA0089.2,NFE2L1,0.1,6,0.1,158,0,Up,568782,0.379805573302084,90,6,11996,156,Up,0.001301420778869,-5.029856629981289,2.460900922078351,2.885582263472556
MA0472.2,EGR2,0.13,18,0.2,3543,0.3,Down,569788.5,0.363468338385695,90,17,11996,2858,Down,0.320535422548587,-2.219923116578784,-0.301279507118909,-0.494123969367261
MA1542.1,OSR1,0.11,47,0.5,7211,0.6,Down,566018.5,0.426931658185203,90,36,11996,5357,Down,0.396212659435454,-1.236501518296181,-0.147039619814015,-0.402071652383721
MA0481.3,FOXP1,0.12,127,1.4,14847,1.2,Up,572374.5,0.323547095813999,90,62,11996,7695,Up,0.378908234589817,-0.587294094918115,0.106464984993992,0.421465956355891
MA1570.1,TFAP4(var.2),0.02,8,0.1,483,0,Up,556521.5,0.612531957719364,90,5,11996,295,Up,0.073015288951506,-4.691862943110729,1.302897349329642,1.136586191769312
MA0765.2,ETV5,0.01,8,0.1,3242,0.3,Down,614736,0.023099742045363,90,7,11996,2584,Down,7.091848595739812E-4,-2.903805871240833,-1.378298840467708,-3.149240544748591
MA0029.1,Mecom,0.11,10,0.1,571,0,Up,575190,0.283462657563726,90,10,11996,544,Up,0.00800589702523,-3.78453308177031,1.354009234931731,2.096590000249159
MA1625.1,Stat5b,0.06,13,0.1,1609,0.1,Up,551294,0.72788382117779,90,13,11996,1459,Up,0.516079906895911,-2.892012913685277,0.294109057531079,0.287283049463479
MA0759.1,ELK3,0.06,3,0,2396,0.2,Down,613129.5,0.02621142593346,90,3,11996,2018,Down,1.626773512223806E-4,-3.631874515749087,-2.121232898553028,-3.788672907566129
MA1620.1,Ptf1a(var.3),0.03,33,0.4,4475,0.4,Down,559794.5,0.544704515450825,90,22,11996,3558,Down,0.299472827165627,-1.880632604038405,-0.254720373430252,-0.523642577439596
MA0845.1,FOXB1,0.07,20,0.2,1268,0.1,Up,595973,0.088604621484944,90,18,11996,1157,Up,0.003335374007233,-2.83196099062987,1.083136938351229,2.476855460047187
MA0258.2,ESR2,0.06,8,0.1,377,0,Up,571782,0.332431584072639,90,8,11996,354,Up,0.005491196923237,-4.246533583273217,1.668301074880701,2.260332981506138
MA1615.1,Plagl1,0.14,252,2.8,39772,3.3,Down,594509.5,0.097231717391436,90,75,11996,10389,Down,0.351872988750262,-0.234464240342771,-0.05395381483071,-0.453614070155298
MA1513.1,KLF15,0.13,186,2.1,34183,2.8,Down,639285.5,0.002559396652525,90,57,11996,9122,Down,0.008753915226429,-0.524734121810035,-0.259243428657591,-2.057797663442848
MA1518.1,LHX1,0.05,408,4.5,49161,4.1,Up,569244,0.372251203541872,90,80,11996,11099,Down,0.222485897253576,-0.140523939261821,-0.056810139413534,-0.652697512499061
MA0764.2,ETV4,0.02,223,2.5,28895,2.4,Up,551416.5,0.725095789033335,90,81,11996,10589,Up,0.74250671862278,-0.165548409723377,0.028861353742499,0.129299612249675
MA1656.1,ZNF449,0.15,73,0.8,10631,0.9,Down,574943,0.286838338759869,90,46,11996,6803,Down,0.287904345084494,-0.889475805157295,-0.142422541635758,-0.540751780651688
MA0756.1,ONECUT2,0.05,0,0,207,0,Down,548910,0.782817991986206,90,0,11996,202,Down,0.408810478345193,-6.69419686363215,-1.61129804690211,-0.388477981197276
MA0653.1,IRF9,0.14,11,0.1,78,0,Up,596329,0.086602179349903,90,10,11996,78,Up,8.824941371267148E-10,-5.181616826682951,4.148176724757011,9.054288171177504
MA1102.2,CTCFL,0.14,114,1.3,20295,1.7,Down,619410,0.01579938571564,90,56,11996,8837,Down,0.016470138265787,-0.560285134018489,-0.238763581299058,-1.783302754939772
MA0787.1,POU3F2,0.15,49,0.5,5434,0.5,Up,570404.5,0.353689883731383,90,35,11996,3977,Up,0.26183206968053,-1.471389245156598,0.24258095515615,0.581977161328764
MA1508.1,IKZF1,0.13,201,2.2,21137,1.8,Up,656578,3.991978323213408E-4,90,85,11996,9651,Up,2.564572593826041E-4,-0.197890923709807,0.231795103024999,3.590985003109494
MA0710.1,NOTO,0.03,41,0.5,4985,0.4,Up,564688,0.450785219215612,90,26,11996,2839,Up,0.262480413128716,-1.925415087024114,0.306979309008215,0.580903099067526
MA0071.1,RORA,0,1,0,28,0,Up,544558,0.885755616677439,90,1,11996,28,Up,0.195080366992625,-7.316159655075195,2.802552537426292,0.709786436068363
MA0489.1,JUN(var.2),0.07,84,0.9,8929,0.7,Up,588611,0.138991602817648,90,37,11996,3773,Up,0.05315981993897,-1.469832787835201,0.397611182495754,1.274416498753464
MA0880.1,Dlx3,0.12,752,8.4,92664,7.7,Up,575554,0.278537193370562,90,89,11996,11556,Up,0.264938119302154,-0.034969569326994,0.03787891901609,0.576855550907921
MA0030.1,FOXF2,0.03,6,0.1,467,0,Up,555216,0.640589957211699,90,6,11996,457,Up,0.160179886852182,-4.256052086861896,0.913291835839566,0.795392017449656
MA0513.1,SMAD2::SMAD3::SMAD4,0.03,4,0,163,0,Up,556649,0.609821037770373,90,4,11996,159,Up,0.033323189553497,-5.281417104914554,1.902992438547321,1.477253436461279
MA0640.2,ELF3,0.01,7,0.1,281,0,Up,563386.5,0.474831882066539,90,6,11996,279,Up,0.019493832445185,-4.611513817026004,1.62421529616778,1.710102771135043
MA0069.1,PAX6,0.09,1,0,44,0,Up,543882.5,0.901954443428099,90,1,11996,43,Up,0.280692637915189,-7.011132914233203,2.192499055742306,0.551768978013008
MA0104.4,MYCN,0.01,4,0,998,0.1,Down,549751,0.763299061301709,90,2,11996,487,Down,0.588280616729509,-4.899492660755977,-0.556850262879733,-0.230415460954891
MA0833.2,ATF4,0.03,2,0,118,0,Up,546506,0.839331393481136,90,2,11996,118,Up,0.22481531682113,-5.919750240625334,1.483664896858981,0.648174103315215
MA0602.1,Arid5a,0.01,0,0,200,0,Down,548685,0.788063894766404,90,0,11996,197,Down,0.407895289649913,-6.712231490985912,-1.575228792194588,-0.389451309860308
MA0807.1,TBX5,0.09,117,1.3,15553,1.3,Up,568166.5,0.390015124761249,90,55,11996,8525,Down,0.046792849393046,-0.599093613411831,-0.212672814642536,-1.329820508173952
MA0081.2,SPIB,0.03,2,0,75,0,Up,548485,0.792735011627688,90,2,11996,74,Up,0.109845000842551,-6.254537604843383,2.153239625295079,0.959219703476272
MA0820.1,FIGLA,0.1,361,4,42093,3.5,Up,550652,0.74255356793391,90,89,11996,11006,Up,0.006455025779708,-0.070143947316937,0.108227674995977,2.190102018933925
MA1532.1,NR1D2,0.13,7,0.1,654,0.1,Up,553600.5,0.676031149623696,90,7,11996,625,Up,0.237634471773055,-3.927207577630975,0.668504572312577,0.624090559419334
MA0673.1,NKX2-8,0.04,83,0.9,12715,1.1,Down,572286.5,0.324856774023627,90,52,11996,7509,Down,0.381960027455511,-0.730712584883361,-0.109775569067443,-0.417982084114028
MA0778.1,NFKB2,0.11,34,0.4,3057,0.3,Up,591982.5,0.11369631195008,90,21,11996,1561,Up,0.006988182173674,-2.507595108156809,0.868027951551403,2.155635781996209
MA0889.1,GBX1,0.07,238,2.6,32861,2.7,Down,557977,0.581908112957409,90,70,11996,10042,Down,0.150461501363059,-0.308394815852333,-0.103799437664158,-0.822574608936885
MA0741.1,KLF16,0.11,241,2.7,35032,2.9,Down,564095.5,0.461645867526684,90,68,11996,9555,Down,0.357201406128436,-0.365012045970069,-0.073603516305219,-0.447086840173697
MA0511.2,RUNX2,0.08,38,0.4,6562,0.5,Down,590673.5,0.123049130867417,90,29,11996,5037,Down,0.068181734287986,-1.434518278685878,-0.365369118070973,-1.166331956141403
MA0469.3,E2F3,0.12,0,0,38,0,Down,540810,0.97605019935662,90,0,11996,22,Down,0.999999999959558,-8.279159364353308,1.558626954540203,0.000000000017564
MA1566.1,TBX3,0.05,192,2.1,26693,2.2,Down,569366,0.370271977156216,90,75,11996,10537,Down,0.195054820877636,-0.224261037497201,-0.07436022052185,-0.709843311413806
MA1575.1,THRB(var.2),0.1,5,0.1,266,0,Up,550829.5,0.738488055940479,90,3,11996,155,Up,0.113639253052397,-5.481023066424041,1.577064202796878,0.944471629545091
MA0149.1,EWSR1-FLI1,0.1,1,0,400,0,Down,541420.5,0.961290537233637,90,1,11996,97,Up,0.520718516786362,-6.428939505282761,1.028112237841424,0.283396978507992
MA0036.3,GATA2,0.08,115,1.3,13765,1.1,Up,592056,0.113188229016659,90,68,11996,7592,Up,0.01561286536772,-0.53089022701047,0.258152845775582,1.806517385266141
MA0827.1,OLIG3,0.01,4,0,106,0,Up,554473,0.656794553891483,90,3,11996,74,Up,0.019657984278548,-6.011824191258262,2.63866645246532,1.706461016594649
MA0038.2,GFI1,0.04,1,0,473,0,Down,554662,0.652656798973876,90,1,11996,463,Down,0.266325371063873,-5.304391897844801,-1.220982977034497,-0.574587459215611
MA0125.1,Nobox,0.03,70,0.8,8954,0.7,Up,566354,0.421034954586988,90,35,11996,5695,Down,0.112420183894833,-1.212408960595681,-0.275379613965685,-0.949155708631714
MA0797.1,TGIF2,0.14,7,0.1,413,0,Up,564563,0.453064381149312,90,7,11996,381,Up,0.025485410812546,-4.283870991296619,1.381831399643866,1.593708361400992
MA0804.1,TBX19,0.13,3,0,583,0,Down,542655,0.931490577771357,90,3,11996,330,Up,0.739199956328723,-4.937155220735497,0.48932851141979,0.131238067445681
MA0719.1,RHOXF1,0,9,0.1,929,0.1,Up,554175,0.663340023147463,90,9,11996,876,Up,0.308119788324899,-3.513317015416582,0.522797283553925,0.511280409166541
MA0842.2,NRL,0.13,54,0.6,4435,0.4,Up,614903,0.02279547406012,90,39,11996,3667,Up,0.011293457208334,-1.452904913149217,0.513679548486229,1.947173089371434
MA0783.1,PKNOX2,0.13,3,0,257,0,Up,547603.5,0.813409558924434,90,3,11996,226,Up,0.243099054002968,-5.209724831466225,1.034467732881247,0.614216731169376
