Transcription Factor ID,Transcription Factor Name,Deficit,No. Search Sites,Mean Sites Per Search Gene,No. Background Sites,Mean Sites Per Background Gene,Site Representation,Mann-Whitney U,Site P-Value,Total No. Search Genes,No. Transcription Factor Search Genes,Total No. Background Genes,No. Transcription Factor Background Genes,Gene Representation,Gene P-Value,Average Log2 Proportion Bound,Log2 Enrichment,Significance Score
MA0067.1,Pax2,0.01,111,0.5,4159,0.4,Up,1222296.5,0.130470432985983,217,78,10629,3202,Up,0.07290160042504,-1.600527050920259,0.260552418151591,1.137262937414065
MA0597.1,THAP1,0.07,1657,7.6,82026,7.7,Down,1157645,0.923257997621306,217,215,10629,10592,Down,0.183170427693052,-0.009179069310402,-0.008296924673181,-0.737144640528473
MA1471.1,BARX2,0.02,3,0,435,0,Down,1183109.5,0.51309684667134,217,3,10629,422,Down,0.050408736325662,-5.305247626367002,-1.304538084622969,-1.297494189561864
MA1642.1,NEUROG2(var.2),0.14,248,1.1,11871,1.1,Up,1168948.5,0.730931895841954,217,134,10629,6938,Down,0.281017662175884,-0.654393625668395,-0.078031205022143,-0.551266383495388
MA0885.1,Dlx2,0,4,0,791,0.1,Down,1212161.5,0.196951758037157,217,4,10629,738,Down,0.001506252581759,-4.721139296877027,-1.747614584833504,-2.822102195687486
MA0647.1,GRHL1,0.11,24,0.1,1524,0.1,Down,1173843.5,0.651924308928043,217,13,10629,829,Down,0.371087956255244,-3.844836016420911,-0.330296144303422,-0.430523140549538
MA1655.1,ZNF341,0.01,10,0,691,0.1,Down,1172778,0.668829333295531,217,10,10629,669,Down,0.394396001001648,-4.180700018929042,-0.383708298056577,-0.404067497259534
MA1485.1,FERD3L,0.06,0,0,171,0,Down,1170389.5,0.707329393683608,217,0,10629,158,Down,0.079506965777599,-7.416159337910874,-2.697424505650434,-1.099594820195764
MA0900.2,HOXA2,0.15,734,3.4,38375,3.6,Down,1216562.5,0.16554233159987,217,174,10629,9053,Down,0.053503018628945,-0.274657281198987,-0.086262166654902,-1.271621714485115
MA0894.1,HESX1,0.01,115,0.5,5203,0.5,Up,1188323.5,0.442360101814496,217,85,10629,3812,Up,0.317725288923379,-1.413141784425142,0.132245417149898,0.497948216703281
MA0672.1,NKX2-3,0.06,493,2.3,26515,2.5,Down,1251971.5,0.03060621141309,217,187,10629,9656,Down,0.023980567018048,-0.176313128583517,-0.075623353538661,-1.620140552267282
MA0052.4,MEF2A,0.07,128,0.6,5009,0.5,Up,1236443.5,0.068442874815086,217,91,10629,3719,Up,0.037144052688433,-1.382032442669145,0.265721380434193,1.430110713299465
MA0593.1,FOXP2,0.09,124,0.6,8095,0.8,Down,1274142.5,0.008103718518705,217,87,10629,5249,Down,0.007372793968187,-1.165741146379466,-0.295838665048591,-2.132367902232765
MA0463.2,BCL6,0.08,0,0,125,0,Down,1166809,0.766444039660984,217,0,10629,125,Down,0.184525143769894,-7.584557076005192,-2.3606290294618,-0.733944447626827
MA0462.2,BATF::JUN,0.02,39,0.2,2303,0.2,Down,1198881.5,0.317580409342857,217,33,10629,2050,Down,0.139277076093367,-2.536404243588083,-0.324756313380471,-0.856120359135452
MA1537.1,NR2F1(var.2),0.08,4,0,66,0,Up,1167450,0.755749052042105,217,4,10629,65,Up,0.049179142021885,-6.468654851490697,1.747416524393835,1.308219052222177
MA1514.1,KLF17,0.14,124,0.6,5854,0.6,Up,1198774,0.31872174594696,217,96,10629,4201,Up,0.161506629912465,-1.255755949948706,0.166682792961391,0.791809645002851
MA0612.2,EMX1,0,12,0.1,262,0,Up,1171131,0.69529124417344,217,6,10629,129,Up,0.053799312192793,-5.711704850066755,1.294545954943512,1.26922327661584
MA0115.1,NR1H2::RXRA,0.15,5,0,74,0,Up,1172002,0.68124836420097,217,5,10629,72,Up,0.018889226219595,-6.250658498654462,1.890437053111336,1.723785832202197
MA1112.2,NR4A1,0.08,49,0.2,1803,0.2,Up,1205817.5,0.249589795327464,217,43,10629,1627,Up,0.071239348530865,-2.514636191029714,0.385416192284704,1.147280060724013
MA0696.1,ZIC1,0.07,4,0,69,0,Up,1167018,0.762951903003052,217,4,10629,69,Up,0.058282916621701,-6.425895815897667,1.661898453207779,1.234458723185226
MA1104.2,GATA6,0.15,289,1.3,14756,1.4,Down,1196410,0.344498264468576,217,144,10629,7366,Down,0.372596796415002,-0.559484207772005,-0.060923400926814,-0.428760883485047
MA0059.1,MAX::MYC,0.06,38,0.2,1020,0.1,Up,1234364.5,0.075642623707347,217,32,10629,814,Up,4.534865473554017E-4,-3.224259502203591,0.96351144899191,3.343435591726207
MA0035.4,GATA1,0.13,364,1.7,18039,1.7,Down,1165272.5,0.792258574214048,217,161,10629,8266,Down,0.216633726214925,-0.396103219356784,-0.066756033370764,-0.664273930126099
MA0862.1,GMEB2,0.07,66,0.3,3491,0.3,Down,1188850.5,0.435534721472379,217,40,10629,2308,Down,0.278948895561253,-2.314033843013582,-0.221975489675768,-0.554475353746722
MA0477.2,FOSL1,0.05,25,0.1,1617,0.2,Down,1196848.5,0.339619095922448,217,22,10629,1488,Down,0.11285362488624,-3.054580551696722,-0.436875885419388,-0.947484486716405
MA0474.2,ERG,0.06,89,0.4,2501,0.2,Up,1316851.5,3.395687020428806E-4,217,73,10629,2079,Up,1.661953549264252E-6,-1.959482195739217,0.788565899678981,5.779381118686763
MA1154.1,ZNF282,0.06,2,0,16,0,Up,1162139.5,0.845577938296143,217,2,10629,16,Up,0.049406448229571,-7.88716774585767,2.888448500017882,1.306216365898918
MA0050.2,IRF1,0.12,117,0.5,5617,0.5,Up,1170139,0.711412999468409,217,75,10629,3886,Down,0.569469096191095,-1.488998582867413,-0.074936537087199,-0.244529839131578
MA1111.1,NR2F2,0.09,299,1.4,13045,1.2,Up,1240913,0.054862270922541,217,165,10629,7465,Up,0.071285366246691,-0.451973563377881,0.115578758898015,1.146999614756747
MA0718.1,RAX,0.04,646,3,33232,3.1,Down,1191877,0.397531337444629,217,189,10629,9059,Up,0.498550969381403,-0.214693976992576,0.031752848855155,0.302290434966111
MA0907.1,HOXC13,0.15,85,0.4,4859,0.5,Down,1215932.5,0.169791903441144,217,65,10629,3798,Down,0.085580547260349,-1.608010299258938,-0.246876579879406,-1.067624940668285
MA1650.1,ZBTB14,0.03,30,0.1,1239,0.1,Up,1189369.5,0.428872715351892,217,30,10629,1122,Up,0.119875226190334,-3.03871031938488,0.40915213242335,0.92127056035833
MA1118.1,SIX1,0,1,0,6,0,Up,1157910,0.918650057811843,217,1,10629,6,Up,0.131954531074851,-8.927627743549452,3.495437307069037,0.879575692317604
MA0691.1,TFAP4,0.09,184,0.8,10480,1,Down,1225051.5,0.115814699723919,217,72,10629,4223,Down,0.058109795756747,-1.458262640128306,-0.2533997211857,-1.235750651008886
MA1123.2,TWIST1,0.01,18,0.1,640,0.1,Up,1176769.5,0.606432675560733,217,17,10629,617,Up,0.239278487807545,-3.870539681272074,0.4699022149619,0.621096344622818
MA1150.1,RORB,0.02,2,0,308,0,Down,1175604.5,0.624376062474983,217,2,10629,304,Down,0.096398639375031,-5.78421559658373,-1.317455798529997,-1.015929095932086
MA1114.1,PBX3,0.15,36,0.2,2618,0.2,Down,1248033.5,0.037902280253867,217,29,10629,2313,Down,0.002575739276424,-2.541076636517009,-0.682303809714481,-2.589098099596764
MA0669.1,NEUROG2,0.1,35,0.2,2096,0.2,Down,1192602.5,0.388727472641363,217,17,10629,1215,Down,0.105033008745811,-3.38202025549373,-0.507136636594789,-0.978674193660431
MA1120.1,SOX13,0.1,158,0.7,9011,0.8,Down,1230412.5,0.091028686836328,217,105,10629,5696,Down,0.130940716264343,-0.971849225389043,-0.143846353279725,-0.882925287754933
MA0902.2,HOXB2,0.01,74,0.3,4953,0.5,Down,1211468,0.202275016254364,217,35,10629,2235,Down,0.091316181081936,-2.432264377956916,-0.365720186548986,-1.039452259355721
MA0732.1,EGR3,0.04,0,0,104,0,Down,1164313.5,0.808488816923624,217,0,10629,102,Down,0.273683445520229,-7.730588803227854,-2.068565575016474,-0.56275147126598
MA0505.1,Nr5a2,0.12,114,0.5,5487,0.5,Up,1184440,0.4945043446602,217,93,10629,4164,Up,0.292225182970192,-1.284917834449569,0.133881407202231,0.534282360770889
MA1585.1,ZKSCAN1,0.15,138,0.6,7417,0.7,Down,1203852,0.267732143873886,217,96,10629,5170,Down,0.216893231889204,-1.106056292302324,-0.132716522331372,-0.663753999848565
MA1116.1,RBPJ,0.01,352,1.6,18586,1.7,Down,1215340.5,0.173859196459038,217,157,10629,8648,Down,0.00148622217337,-0.381607735093744,-0.168111674510137,-2.827916263619748
MA0878.2,CDX1,0.07,36,0.2,2170,0.2,Down,1195253,0.357585597612443,217,31,10629,1900,Down,0.179771583350863,-2.635607236299636,-0.303968861873076,-0.745278956480735
MA0092.1,Hand1::Tcf3,0.04,161,0.7,8298,0.8,Down,1192574,0.389071061188614,217,106,10629,5719,Down,0.149330504007809,-0.962137384644022,-0.13604917173246,-0.825851469106138
MA0781.1,PAX9,0.1,0,0,11,0,Down,1154440,0.979146797237529,217,0,10629,11,Down,0.999999999965992,-9.30854787495207,1.08735256843196,0.000000000014769
MA0641.1,ELF4,0.1,60,0.3,1673,0.2,Up,1267620.5,0.012249271023132,217,51,10629,1460,Up,1.418315396243111E-4,-2.470955267974379,0.785168408843013,3.848227182681122
MA0461.2,Atoh1,0.02,8,0,848,0.1,Down,1190318.5,0.416845573406802,217,6,10629,636,Down,0.04195950976156,-4.563100641959353,-1.002662461271292,-1.377169594575071
MA0651.1,HOXC11,0.11,19,0.1,1545,0.1,Down,1206316,0.245128307761284,217,19,10629,1409,Down,0.053667426481842,-3.197143862264242,-0.5646510192192,-1.270289229969764
MA0746.2,SP3,0.13,549,2.5,26936,2.5,Down,1155766,0.955995831723623,217,183,10629,8477,Up,0.104223062296792,-0.285799144602574,0.081127613419393,0.98203617047975
MA0495.3,MAFF,0.07,20,0.1,824,0.1,Up,1173383,0.659209226159358,217,20,10629,791,Up,0.29838059982571,-3.577330080602945,0.340020988969876,0.525229417333879
MA1527.1,NFIC(var.2),0.14,26,0.1,1724,0.2,Down,1194574,0.365409870586947,217,17,10629,1215,Down,0.105033008745811,-3.38202025549373,-0.507136636594789,-0.978674193660431
MA1134.1,FOS::JUNB,0.07,82,0.4,4639,0.4,Down,1199739,0.308572292906512,217,45,10629,2653,Down,0.177209888155084,-2.129591116175422,-0.254971668723945,-0.751512048524725
MA0744.2,SCRT2,0.14,97,0.4,5773,0.5,Down,1223309,0.124925394631267,217,79,10629,4423,Down,0.126318771089961,-1.358401071446953,-0.187175128009564,-0.898532108074532
MA1564.1,SP9,0.12,1175,5.4,59491,5.6,Down,1173697.5,0.654230415936323,217,206,10629,9707,Up,0.065631919629007,-0.102887823872935,0.056028409112579,1.182884893136148
MA1562.1,SOX14,0.14,153,0.7,7975,0.8,Down,1201937.5,0.286255854030475,217,95,10629,5213,Down,0.131460342912251,-1.107596182612426,-0.159693160175831,-0.8812052392038
MA0656.1,JDP2(var.2),0.13,36,0.2,1393,0.1,Up,1183576,0.506536756762416,217,22,10629,793,Up,0.150658719723099,-3.508359098398149,0.470681207983467,0.822005727462015
MA0769.2,TCF7,0.02,70,0.3,4187,0.4,Down,1213599.5,0.18624200910624,217,56,10629,3290,Down,0.118721506518458,-1.818193818508436,-0.252997619624934,-0.9254706010433
MA1633.1,BACH1,0.13,23,0.1,1668,0.2,Down,1202109.5,0.284557114610038,217,20,10629,1430,Down,0.069949841646211,-3.150400959509944,-0.513837253216126,-1.155213264335194
MA0829.2,SREBF1(var.2),0.06,55,0.3,1921,0.2,Up,1204243.5,0.264048004806706,217,43,10629,1668,Up,0.109145936714116,-2.496689119465053,0.349522049155382,0.961992427572659
MA0903.1,HOXB3,0.07,2097,9.7,102866,9.7,Down,1181720.5,0.532888323533922,217,207,10629,10377,Down,0.042580420928786,-0.051259434117949,-0.03328926076771,-1.37079004965802
MA0483.1,Gfi1b,0.04,8,0,689,0.1,Down,1182034.5,0.528380667611697,217,8,10629,656,Down,0.151838102248993,-4.347271831908964,-0.660273835153575,-0.818619232919554
MA0738.1,HIC2,0.08,1406,6.5,70002,6.6,Down,1166752.5,0.767388904758633,217,213,10629,10579,Down,0.02261091479125,-0.016790810622665,-0.01997704098587,-1.645681866634945
MA0784.1,POU1F1,0.05,5,0,129,0,Up,1166355,0.774046108854265,217,5,10629,124,Up,0.116673628997266,-5.860612077627889,1.11034421105819,0.933027293699035
MA0466.2,CEBPB,0.14,160,0.7,9095,0.9,Down,1231645,0.085981201317746,217,103,10629,5694,Down,0.085488283270281,-0.985908645365849,-0.170951975741834,-1.068093404099359
MA1463.1,ARGFX,0.09,185,0.9,10493,1,Down,1219697,0.145581167200993,217,71,10629,4046,Down,0.119940505485699,-1.499163744527704,-0.211673018859994,-0.921034125173184
MA0070.1,PBX1,0.02,8,0,186,0,Up,1164492,0.805461383418342,217,5,10629,142,Up,0.222161676785437,-5.763203989135877,0.915528034074166,0.653330855368375
MA0737.1,GLIS3,0.15,8,0,266,0,Up,1167950.5,0.747430588384283,217,8,10629,256,Up,0.257592883392992,-5.025189924551881,0.695562350132259,0.589066139549209
MA0501.1,MAF::NFE2,0.05,3,0,43,0,Up,1164524.5,0.804910482277523,217,3,10629,43,Up,0.064004199579511,-6.945179644027411,1.975325950697849,1.193791529229059
MA0147.3,MYC,0.08,224,1,7877,0.7,Up,1266518.5,0.013110775794801,217,84,10629,3108,Up,0.003251061084869,-1.568887703070762,0.409791097233712,2.487974870377075
MA0259.1,ARNT::HIF1A,0.01,131,0.6,5478,0.5,Up,1222516,0.129252393483389,217,93,10629,3994,Up,0.119547908290761,-1.314982016070874,0.194009770444839,0.922458018257761
MA1574.1,THRB,0.04,3,0,38,0,Up,1165174,0.793921588218336,217,3,10629,37,Up,0.045394979303567,-7.052242046703835,2.189450756050697,1.342992177568699
MA1587.1,ZNF135,0.01,8,0,185,0,Up,1176108,0.616592932790719,217,8,10629,181,Up,0.057378733647717,-5.274684563357533,1.194551627743562,1.241249040890957
MA1419.1,IRF4,0.14,1,0,114,0,Down,1159977,0.882813739887234,217,1,10629,111,Down,0.729383497532187,-6.877397652659846,-0.605022874710175,-0.137044066922683
MA0152.1,NFATC2,0.15,2406,11.1,118594,11.2,Down,1173586,0.655993813538072,217,216,10629,10628,Down,0.03961626482595,-0.003392053986523,-0.006512644045686,-1.402126473823936
MA1621.1,Rbpjl,0.06,428,2,20779,2,Up,1169677,0.718966122805717,217,186,10629,8727,Up,0.179685312699483,-0.253136574632901,0.062593608304095,0.74548742024357
MA0667.1,MYF6,0.12,34,0.2,2482,0.2,Down,1205092.5,0.256179185200022,217,23,10629,1592,Down,0.082276962131006,-2.974495598569928,-0.471574280977052,-1.084721751908001
MA0655.1,JDP2,0.15,79,0.4,4404,0.4,Down,1191966.5,0.396438809274796,217,40,10629,2353,Down,0.214811127077186,-2.300107782693638,-0.249827610315656,-0.667943226217076
MA0048.2,NHLH1,0.1,269,1.2,14493,1.4,Down,1212352.5,0.19550383307363,217,102,10629,5518,Down,0.169815292644594,-1.015558572380789,-0.139665837699711,-0.770023202124442
MA1110.1,NR1H4,0.02,23,0.1,1496,0.1,Down,1185404.5,0.481254978036739,217,22,10629,1368,Down,0.259683029581873,-3.115212445133261,-0.315612098546308,-0.58555643080876
MA1483.1,ELF2,0.09,61,0.3,1904,0.2,Up,1251106,0.032097032648833,217,52,10629,1654,Up,0.001309174089941,-2.367116305991246,0.632980465842557,2.883002598465635
MA0522.3,TCF3,0.01,124,0.6,5712,0.5,Up,1178097.5,0.586264996125254,217,90,10629,4182,Up,0.528335984936495,-1.305330996976117,0.080610586646464,0.277089808531069
MA1557.1,SMAD5,0.09,16,0.1,472,0,Up,1180078.5,0.55677265945242,217,12,10629,340,Up,0.076386944861936,-4.542645264087179,0.843259726251627,1.116980859472725
MA0159.1,RARA::RXRA,0.09,1,0,171,0,Down,1165729,0.784563753257332,217,1,10629,164,Down,0.267124374746381,-6.596875715752379,-1.166066748525112,-0.573286481372616
MA0733.1,EGR4,0.15,324,1.5,16193,1.5,Down,1192130,0.394447647579994,217,129,10629,6759,Down,0.225907712330557,-0.700574299632321,-0.094978006834432,-0.646068942318108
MA0657.1,KLF13,0.1,1,0,260,0,Down,1174088,0.648069822884181,217,1,10629,241,Down,0.097333824202099,-6.319907913202113,-1.720002353625643,-1.011736213054886
MA0525.2,TP63,0.15,2,0,62,0,Up,1158546,0.90760243504418,217,2,10629,49,Up,0.271800103492755,-7.094686495497092,1.303485999296726,0.565750382238094
MA1530.1,NKX6-3,0.02,53,0.2,2032,0.2,Up,1211353.5,0.203163901714749,217,47,10629,1756,Up,0.052492173366067,-2.396157118203918,0.40228227159755,1.279905445495347
MA0812.1,TFAP2B(var.2),0.11,288,1.3,13474,1.3,Up,1218879,0.150603392055807,217,149,10629,6627,Up,0.065328058227474,-0.611203491004214,0.140667148932457,1.184900250330408
MA0621.1,mix-a,0.12,165,0.8,9418,0.9,Down,1217741.5,0.157805352435199,217,59,10629,3488,Down,0.092454766319998,-1.738724412174481,-0.262658830507331,-1.034070694746928
MA0682.2,PITX1,0.15,738,3.4,34924,3.3,Up,1199521,0.310846224932489,217,195,10629,9820,Down,0.157312521004839,-0.134026072172064,-0.03964144251335,-0.803236709119258
MA1531.1,NR1D1,0.08,3,0,26,0,Up,1166369,0.773811355542459,217,3,10629,26,Up,0.019682130929201,-7.302691164670176,2.690348991983379,1.705927883511724
MA0695.1,ZBTB7C,0.15,1350,6.2,66131,6.2,Down,1161873,0.850149918926332,217,208,10629,10511,Down,0.00100190165952,-0.038536597582827,-0.044862839417201,-2.999174904041189
MA1534.1,NR1I3,0.04,103,0.5,5606,0.5,Down,1222321.5,0.130331256340054,217,73,10629,4232,Down,0.0685286373784,-1.446845504170893,-0.236707483457666,-1.164127903596661
MA1148.1,PPARA::RXRA,0.09,9,0,224,0,Up,1177293,0.598445492633821,217,9,10629,219,Up,0.049265625791803,-5.057326531491106,1.080764908397201,1.307455996255947
MA1109.1,NEUROD1,0.02,44,0.2,1724,0.2,Up,1189981,0.421099909806993,217,39,10629,1585,Up,0.21159868629786,-2.603077397840106,0.283973110562237,0.67448703292873
MA0485.2,HOXC9,0.08,6,0,523,0,Down,1175889.5,0.61996529586731,217,6,10629,502,Down,0.252200219245819,-4.733619100876886,-0.661625543436226,-0.598254540216514
MA0838.1,CEBPG,0.06,11,0.1,220,0,Up,1168303,0.741589468815396,217,6,10629,157,Up,0.145032653277899,-5.570504984716393,1.012146224242787,0.838534207820981
MA0794.1,PROX1,0.11,2,0,247,0,Down,1167906,0.748169018011602,217,2,10629,233,Down,0.338306856208514,-5.975725435682066,-0.934436120333327,-0.470689200605896
MA0638.1,CREB3,0.15,70,0.3,2928,0.3,Up,1183304,0.510356349720864,217,54,10629,2404,Up,0.413936871291237,-2.070476085154262,0.147577638390195,0.383065887237493
MA0792.1,POU5F1B,0.13,221,1,11837,1.1,Down,1243523.5,0.048026101433393,217,117,10629,6296,Down,0.124824432775961,-0.821903183043534,-0.132902922255114,-0.903700398778399
MA0843.1,TEF,0.14,49,0.2,2354,0.2,Up,1179518.5,0.565036023957951,217,46,10629,1962,Up,0.290661249784999,-2.331510978093386,0.211596396930653,0.536612863400874
MA0484.2,HNF4G,0.08,28,0.1,1315,0.1,Up,1164676.5,0.802335249902914,217,27,10629,1211,Up,0.590700208291334,-3.058359651492574,0.149695548562287,0.228632876002282
MA1624.1,Stat5a,0.08,25,0.1,1758,0.2,Down,1199179.5,0.314430542611696,217,24,10629,1590,Down,0.12281096618415,-2.945341602653216,-0.409640287935332,-0.910762851919399
MA0526.3,USF2,0.05,6,0,476,0,Down,1180198.5,0.555009631164951,217,2,10629,349,Down,0.050480464614333,-5.684790482849178,-1.516306025999101,-1.296876656566766
MA0881.1,Dlx4,0.13,1640,7.6,83049,7.8,Down,1193213,0.381411876716357,217,204,10629,10257,Down,0.060920837311656,-0.070154569619754,-0.037519976349175,-1.215234136239922
MA1137.1,FOSL1::JUNB,0.04,18,0.1,1128,0.1,Down,1182865.5,0.516545604903571,217,16,10629,1062,Down,0.25050410407771,-3.521508230345137,-0.397938482065,-0.601185154572376
MA0116.1,Znf423,0.02,3,0,23,0,Up,1166694.5,0.768359214549373,217,3,10629,23,Up,0.014630212042945,-7.389356966112956,2.86368059486894,1.834749379382998
MA0476.1,FOS,0.05,47,0.2,2808,0.3,Down,1190084.5,0.419792545308464,217,34,10629,2003,Down,0.254440512779791,-2.531913227376094,-0.248867813163656,-0.59441373785101
MA0715.1,PROP1,0.02,7,0,109,0,Up,1167254,0.759014423957921,217,4,10629,67,Up,0.053625412423042,-6.446958553734006,1.704023928880455,1.27062935471654
MA1149.1,RARA::RXRG,0.08,6,0,600,0.1,Down,1182863.5,0.516573922974021,217,6,10629,566,Down,0.122035086774604,-4.647142920999774,-0.834577903190451,-0.913515285703763
MA0786.1,POU3F1,0.15,279,1.3,14734,1.4,Down,1224900,0.116585486376414,217,132,10629,6841,Down,0.283800757849622,-0.675356100465841,-0.079333881639376,-0.546986449155255
MA1122.1,TFDP1,0.09,324,1.5,15270,1.4,Up,1212449,0.194775264097042,217,165,10629,7169,Up,0.00668919431979,-0.481156752710731,0.173945137563716,2.174626187694168
MA0032.2,FOXC1,0.09,121,0.6,8396,0.8,Down,1267538.5,0.012311603738194,217,72,10629,4603,Down,0.002855599739826,-1.39611659237929,-0.377691816683734,-2.544302666282034
MA0163.1,PLAG1,0.03,1,0,12,0,Up,1157259,0.929974508677844,217,1,10629,12,Up,0.231165830238004,-8.455919507732636,2.552020835435405,0.636076360717755
MA0659.2,MAFG,0.06,27,0.1,1159,0.1,Up,1178125,0.585850673173978,217,27,10629,1084,Up,0.30740705431003,-3.138241827382111,0.309459900341359,0.51228617062688
MA1544.1,OVOL1,0.03,7,0,143,0,Up,1169899.5,0.715325044891343,217,6,10629,141,Up,0.074718469287902,-5.64777987249409,1.166695999798183,1.12657203381526
MA0019.1,Ddit3::Cebpa,0.03,48,0.2,1709,0.2,Up,1189273,0.430106908219573,217,38,10629,1572,Up,0.287941979041478,-2.627513431749801,0.258856763417223,0.540695014743185
MA0634.1,ALX3,0.14,1558,7.2,78532,7.4,Down,1191388,0.403532556174794,217,201,10629,10208,Down,0.020970385656914,-0.084269200238607,-0.051932723939033,-1.678393582547066
MA0527.1,ZBTB33,0.08,19,0.1,1332,0.1,Down,1196845.5,0.339652325506904,217,13,10629,1046,Down,0.063636634317561,-3.677206803770989,-0.665554569603268,-1.196292797849532
MA0806.1,TBX4,0.08,83,0.4,5275,0.5,Down,1252280,0.030089392500048,217,67,10629,4129,Down,0.01669534627663,-1.526045356796803,-0.324021273776913,-1.77740456885458
MA1106.1,HIF1A,0.11,479,2.2,19763,1.9,Up,1269892.5,0.010629789740406,217,171,10629,7920,Up,0.156922402648178,-0.383608574231923,0.081603499337289,0.804315050983124
MA1541.1,NR6A1,0.07,5,0,146,0,Up,1163978,0.814186766809024,217,5,10629,146,Up,0.231683100304557,-5.743234616450804,0.875589288704022,0.635105643862813
MA0779.1,PAX1,0.14,0,0,53,0,Down,1158997,0.899779040258368,217,0,10629,53,Down,0.628420555097367,-8.199595359780005,-1.130552461912173,-0.201749617999723
MA0106.3,TP53,0.15,5,0,117,0,Up,1159686.5,0.887837495957484,217,3,10629,88,Up,0.431920085275309,-6.432848616910277,0.950663896463579,0.364596599792712
MA1153.1,Smad4,0.04,190,0.9,11201,1.1,Down,1270618.5,0.010154032339607,217,115,10629,6718,Down,0.002768706867784,-0.787492606484122,-0.251259885671823,-2.557723022023564
MA0822.1,HES7,0.03,0,0,190,0,Down,1163554,0.821401803791747,217,0,10629,95,Down,0.268036960841171,-7.781614438962703,-1.966514303546776,-0.571805314991427
MA0464.2,BHLHE40,0.06,224,1,7898,0.7,Up,1265737,0.013753780055511,217,84,10629,3114,Up,0.003293341228112,-1.567496706296275,0.407009103684737,2.482363269042587
MA0895.1,HMBOX1,0.09,103,0.5,6643,0.6,Down,1282324,0.004700116335803,217,70,10629,4576,Down,0.00140302084752,-1.420538694131274,-0.409563088412046,-2.852935875731641
MA0107.1,RELA,0.04,16,0.1,1147,0.1,Down,1187028,0.459396201714463,217,16,10629,1091,Down,0.211282837727578,-3.502083585805955,-0.436787771143365,-0.675135778777884
MA0079.4,SP1,0.07,38,0.2,1691,0.2,Up,1166970.5,0.763745149773564,217,30,10629,1352,Up,0.607378950205716,-2.904253744842045,0.140238983337682,0.216540263402136
MA0090.3,TEAD1,0.04,8,0,676,0.1,Down,1181255,0.53960645990297,217,8,10629,649,Down,0.151781095734809,-4.355004574631467,-0.644808349708569,-0.818782316248921
MA0024.3,E2F1,0.1,145,0.7,8071,0.8,Down,1202853,0.277292589955053,217,61,10629,3496,Down,0.144455632213782,-1.713223705385946,-0.218266760021809,-0.840265520682496
MA1579.1,ZBTB26,0.02,75,0.3,4161,0.4,Down,1226744.5,0.107471209781427,217,54,10629,3381,Down,0.032322839701756,-1.824512871380655,-0.344348789157019,-1.490490491566158
MA0796.1,TGIF1,0.09,0,0,83,0,Down,1160950,0.866022615483634,217,0,10629,71,Down,0.406571412732318,-7.990393184591383,-1.548956812289416,-0.39086316118513
MA1600.1,ZNF684,0.15,1,0,155,0,Down,1164533.5,0.804757942149746,217,1,10629,153,Down,0.378070181701713,-6.64680017993491,-1.066217820160049,-0.422427573981212
MA0132.2,PDX1,0.12,2037,9.4,101137,9.5,Down,1181637,0.534090281571083,217,207,10629,10376,Down,0.043320386791983,-0.05132894818955,-0.033150232624508,-1.363307674371881
MA0774.1,MEIS2,0.11,460,2.1,24491,2.3,Down,1258384,0.021301694132332,217,178,10629,9422,Down,0.00483091514431,-0.229491633690168,-0.111199386033646,-2.315970590888902
MA0780.1,PAX3,0.09,24,0.1,856,0.1,Up,1187410,0.454334974225858,217,20,10629,663,Up,0.088015816469319,-3.704576522986439,0.594513873736864,1.055439277984717
MA0871.2,TFEC,0.08,47,0.2,1253,0.1,Up,1207699,0.233044625360497,217,29,10629,931,Up,0.028627678128388,-3.197301348828838,0.630145614909177,1.54321387436472
MA0478.1,FOSL2,0.04,35,0.2,2248,0.2,Down,1198373.5,0.322997500481832,217,22,10629,1505,Down,0.094200353120734,-3.046388808453401,-0.453259371906029,-1.02594746920183
MA1628.1,Zic1::Zic2,0.13,182,0.8,7558,0.7,Up,1227578.5,0.103539869146835,217,118,10629,5155,Up,0.086856037557239,-0.960008909984721,0.167761136293779,1.061199987387778
MA0859.1,Rarg,0.07,1,0,4,0,Up,1158127,0.914878790279151,217,1,10629,4,Up,0.096130238389283,-9.192885101898844,4.025952023767818,1.017139980698206
MA0686.1,SPDEF,0.1,37,0.2,1292,0.1,Up,1190580.5,0.413560493886212,217,31,10629,1182,Up,0.156087826641632,-2.97787665711724,0.380569979762132,0.806630966434834
MA1606.1,Foxf1,0.03,114,0.5,7549,0.7,Down,1280103.5,0.005464948856066,217,79,10629,5025,Down,0.001537406408826,-1.266361662559594,-0.371253945784282,-2.813211312864832
MA1105.2,GRHL2,0.11,28,0.1,1202,0.1,Up,1174264,0.64530104290455,217,27,10629,1125,Up,0.372947587483573,-3.111473825491169,0.255923896559477,0.428352197859043
MA0078.1,Sox17,0.04,221,1,13053,1.2,Down,1262976,0.016253964266015,217,129,10629,7002,Down,0.051108950146278,-0.675097527656366,-0.145931550786342,-1.291503040006636
MA0692.1,TFEB,0.09,195,0.9,6909,0.7,Up,1243982,0.04690257415813,217,81,10629,3248,Up,0.037139844301034,-1.563185780941831,0.294084688873636,1.430159921257076
MA0618.1,LBX1,0.13,494,2.3,26374,2.5,Down,1224514.5,0.118564969713921,217,159,10629,8370,Down,0.054423521878954,-0.396073502416585,-0.102770949109273,-1.264213357390794
MA0893.2,GSX2,0.13,2290,10.6,111764,10.5,Up,1161558.5,0.855551847950561,217,208,10629,10408,Down,0.050773180300689,-0.045639790218994,-0.030656454144866,-1.294365632660355
MA0028.2,ELK1,0.04,53,0.2,1426,0.1,Up,1257763.5,0.022079084340669,217,45,10629,1256,Up,1.936274687816162E-4,-2.668834054940901,0.823514208807014,3.713033031872388
MA0153.2,HNF1B,0.03,1,0,18,0,Up,1156716,0.939431205049152,217,1,10629,17,Up,0.305159197445433,-8.213206094147516,2.066594008265163,0.515473535949554
MA0722.1,VAX1,0.12,952,4.4,47832,4.5,Down,1179454.5,0.565984150179721,217,180,10629,9402,Down,0.018059015742517,-0.222986996573157,-0.092059134551524,-1.743305923415769
MA0877.2,BARHL1,0.15,1623,7.5,84750,8,Down,1233242,0.079779920771582,217,214,10629,10551,Down,0.220572627167054,-0.015331691021412,-0.009412124430266,-0.656448384044097
MA0630.1,SHOX,0.13,2702,12.5,129925,12.2,Up,1171032.5,0.696886040157043,217,209,10629,10445,Down,0.05906425826283,-0.039628670222808,-0.028872973627861,-1.22867524559675
MA1556.1,RXRG(var.2),0.07,5,0,46,0,Up,1175678.5,0.62322950783602,217,5,10629,38,Up,0.001587057888988,-6.707219773314478,2.803559602431369,2.799407231777371
MA0730.1,RARA(var.2),0.1,1,0,26,0,Up,1155740,0.956449479501056,217,1,10629,26,Up,0.420933586648664,-7.9138873753384,1.467956570646931,0.375786420143566
MA0665.1,MSC,0.12,31,0.1,2333,0.2,Down,1214743,0.178037637647177,217,22,10629,1649,Down,0.028698451107531,-2.980495773533275,-0.585045441746283,-1.542141542067562
MA1524.1,MSGN1,0.1,1832,8.4,94217,8.9,Down,1200567,0.300035987994596,217,211,10629,10552,Down,0.006284665459529,-0.025423321998077,-0.029868831236128,-2.201717835392076
MA0130.1,ZNF354C,0,169,0.8,7969,0.7,Up,1205680,0.250830318588235,217,122,10629,5470,Up,0.170481359270951,-0.893281390950658,0.130095478434275,0.768323100591366
MA1563.1,SOX18,0.06,219,1,12804,1.2,Down,1259511.5,0.019949985106812,217,127,10629,7215,Down,0.004189232299065,-0.664710307160767,-0.211615693432931,-2.377865556706167
MA0901.2,HOXB13,0.09,43,0.2,2517,0.2,Down,1202985.5,0.276011353546113,217,34,10629,2162,Down,0.104413642451933,-2.476824415885768,-0.359045436144307,-0.981242753685154
MA0821.1,HES5,0.02,0,0,190,0,Down,1163554,0.821401803791747,217,0,10629,95,Down,0.268036960841171,-7.781614438962703,-1.966514303546776,-0.571805314991427
MA0604.1,Atf1,0.08,211,1,8861,0.8,Up,1230177,0.092019727474855,217,126,10629,5522,Up,0.085967497534283,-0.863279166512104,0.162802300940646,1.065665715146938
MA1560.1,SOHLH2,0.14,283,1.3,9947,0.9,Up,1296698,0.001679695713566,217,111,10629,4347,Up,0.002683028471859,-1.12689374692345,0.325844112215328,2.571374718641706
MA0063.2,NKX2-5,0.12,138,0.6,8197,0.8,Down,1237334.5,0.065534643621805,217,98,10629,5516,Down,0.054533360866368,-1.04453418862765,-0.196571165304128,-1.263337736115863
MA0639.1,DBP,0.12,55,0.3,2763,0.3,Down,1172835,0.667920621485896,217,40,10629,1744,Up,0.406207642864391,-2.516104910441078,0.182166645179223,0.391251909531398
MA1576.1,THRB(var.3),0.09,1,0,27,0,Up,1156390.5,0.945104181698353,217,1,10629,20,Up,0.346106448592571,-8.099071600310957,1.838325020592046,0.460790308934478
MA0496.3,MAFK,0.11,18,0.1,1352,0.1,Down,1198559,0.321012466332778,217,15,10629,1156,Down,0.075806571577609,-3.505455922469045,-0.610438715760342,-1.120293144286354
MA0156.2,FEV,0.07,114,0.5,3497,0.3,Up,1299367.5,0.001373489434495,217,81,10629,2699,Up,1.476284886280229E-4,-1.69672652514041,0.561166177270794,3.830829826387757
MA1473.1,CDX4,0.07,63,0.3,4022,0.4,Down,1233321,0.079482849027736,217,50,10629,3160,Down,0.035191816441083,-1.928254561835449,-0.356811092297694,-1.453558316285589
MA0099.3,FOS::JUN,0.05,31,0.1,1937,0.2,Down,1201739,0.288224816839499,217,23,10629,1587,Down,0.082152198153203,-2.976763988868313,-0.46703750038028,-1.085380811619854
MA0724.1,VENTX,0,2,0,15,0,Up,1162248,0.843718029681242,217,2,10629,15,Up,0.044490443253102,-7.932266650343458,2.978646308989461,1.351733267405079
MA0004.1,Arnt,0,224,1,7910,0.7,Up,1265410,0.014030991288789,217,84,10629,3116,Up,0.00330968419111,-1.567033636134043,0.406082963360273,2.480213444472514
MA1466.1,ATF6,0.06,1,0,46,0,Up,1153570,0.994347111156838,217,1,10629,46,Up,0.614001460855709,-7.508268197065984,0.656718214102098,0.211830595567597
MA0858.1,Rarb(var.2),0.1,1,0,20,0,Up,1156391,0.945095465239087,217,1,10629,20,Up,0.346106448592571,-8.099071600310957,1.838325020592046,0.460790308934478
MA0886.1,EMX2,0,4,0,20,0,Up,1162790.5,0.834431754139082,217,2,10629,10,Up,0.023045984202448,-8.213206094147516,3.540525196597575,1.637404740151087
MA0892.1,GSX1,0.1,2225,10.3,107462,10.1,Up,1182992,0.514756123133357,217,207,10629,10383,Down,0.038446456253356,-0.050842490305689,-0.03412314839223,-1.415143684485163
MA0608.1,Creb3l2,0.09,137,0.6,4781,0.4,Up,1254153,0.027109894477559,217,74,10629,2666,Up,0.003401837219993,-1.770378786407999,0.449351432268141,2.468286471484805
MA0755.1,CUX2,0,1,0,9,0,Up,1157584.5,0.924310365833421,217,1,10629,9,Up,0.183057931238015,-8.653883845898205,2.947949511766545,0.737411449965817
MA1528.1,NFIX(var.2),0.15,134,0.6,6841,0.6,Down,1204308,0.263444410008985,217,81,10629,4542,Down,0.126979350151262,-1.321329376304299,-0.189628120401427,-0.896266899867141
MA0775.1,MEIS3,0.05,628,2.9,33869,3.2,Down,1259042,0.020503471914171,217,197,10629,10028,Down,0.036792231971917,-0.111565325258653,-0.055194844825944,-1.434243865235342
MA1608.1,Isl1,0.04,88,0.4,5793,0.5,Down,1261685.5,0.0175537288104,217,68,10629,4278,Down,0.007800917539071,-1.48986812387744,-0.353942767796247,-2.107854312858255
MA0014.3,PAX5,0.15,151,0.7,5992,0.6,Up,1208152.5,0.229175813003812,217,97,10629,4405,Up,0.365687344799614,-1.214118670582768,0.113154787192576,0.436890068862925
MA0766.2,GATA5,0.02,128,0.6,6021,0.6,Up,1197555.5,0.331846154166663,217,99,10629,4371,Up,0.186196441579255,-1.205060200875972,0.153626461367061,0.730028623125144
MA1484.1,ETS2,0.07,100,0.5,3644,0.3,Up,1255274.5,0.025450616264295,217,78,10629,2877,Up,0.00435468786506,-1.677718372024968,0.414935060361007,2.361042968863047
MA0140.2,GATA1::TAL1,0.03,10,0,306,0,Up,1173915,0.650796159612693,217,10,10629,299,Up,0.142195206109667,-4.760964045196804,0.776819754478948,0.847115044922799
MA0813.1,TFAP2B(var.3),0.04,27,0.1,2013,0.2,Down,1193532.5,0.377617230618708,217,14,10629,1062,Down,0.085760827948201,-3.614714792460578,-0.584351606295881,-1.066711034885454
MA0479.1,FOXH1,0.11,99,0.5,4750,0.4,Up,1177726.5,0.591867823558486,217,82,10629,3706,Up,0.388238093424941,-1.459246847832699,0.121394942684848,0.410901854438136
MA1474.1,CREB3L4,0.15,256,1.2,9701,0.9,Up,1280361,0.005370832218199,217,137,10629,5882,Up,0.02278031816364,-0.757578098718736,0.191988632789335,1.642440214596327
MA1549.1,POU6F1(var.2),0.02,44,0.2,1726,0.2,Up,1192351,0.391765866937722,217,39,10629,1551,Up,0.174043495206088,-2.618714488127666,0.315247291137357,0.759342203628718
MA0676.1,Nr2e1,0,4,0,343,0,Down,1173282,0.660811366834827,217,3,10629,333,Down,0.166383770082005,-5.475879916359482,-0.963273504638008,-0.778889039268805
MA1572.1,TGIF2LY,0.08,0,0,153,0,Down,1167460,0.755582567799177,217,0,10629,131,Down,0.117416770862137,-7.550869358334426,-2.42800446480333,-0.930269867545812
MA0047.3,FOXA2,0.08,69,0.3,4892,0.5,Down,1268894,0.011316475015585,217,55,10629,3725,Down,0.003080419043066,-1.741511746014304,-0.457887956743362,-2.511390200476005
MA1512.1,KLF11,0.15,901,4.2,45857,4.3,Down,1184404,0.495002625621436,217,205,10629,9746,Up,0.169207714957196,-0.103497301129798,0.043240588150781,0.771579839364647
MA1546.1,PAX3(var.2),0.13,10,0,207,0,Up,1184449.5,0.494372898589114,217,10,10629,202,Up,0.010240704720461,-5.043281092705204,1.341453849495746,1.98967015608707
MA0699.1,LBX2,0.01,68,0.3,2652,0.2,Up,1222649.5,0.128515912070198,217,58,10629,2184,Up,0.033797084659341,-2.088602797966766,0.38819185362816,1.471120760401852
MA1550.1,PPARD,0.05,1,0,21,0,Up,1156282.5,0.946987089179005,217,1,10629,21,Up,0.359214522546342,-8.06471522526895,1.769612270508031,0.444646113724542
MA1583.1,ZFP57,0.01,13,0.1,561,0.1,Up,1163513,0.822100296487477,217,13,10629,541,Up,0.531636483991781,-4.152476338094679,0.284984499044115,0.274385222889925
MA0904.2,HOXB5,0.01,56,0.3,4316,0.4,Down,1220910,0.13837117927228,217,25,10629,1842,Down,0.023057288492845,-2.810391730003614,-0.564109037521964,-1.63719176650507
MA1497.1,HOXA6,0.14,2469,11.4,123274,11.6,Down,1187327,0.455431984843193,217,206,10629,10409,Down,0.006756544825636,-0.052523290864517,-0.044700656904257,-2.170275337604983
MA1632.1,ATF2,0.09,85,0.4,3938,0.4,Up,1180025.5,0.557552198268791,217,65,10629,2925,Up,0.442913918384793,-1.796383600802217,0.129870023207154,0.353680671978199
MA0007.3,Ar,0.11,4,0,502,0,Down,1175385,0.627782336859783,217,2,10629,303,Down,0.096350881793478,-5.786588452409055,-1.312710086879347,-1.016144306371378
MA1548.1,PLAGL2,0.14,1461,6.7,70586,6.6,Up,1181094.5,0.541932602401058,217,199,10629,9375,Up,0.134610483641167,-0.152866426448543,0.056479543869597,0.870921115370525
MA0723.1,VAX2,0.12,948,4.4,47710,4.5,Down,1180372.5,0.55245809645957,217,180,10629,9393,Down,0.018612170685486,-0.223677795485709,-0.090677536726422,-1.73020297336289
MA0679.2,ONECUT1,0.1,61,0.3,2596,0.2,Up,1185344.5,0.482073523742502,217,50,10629,2134,Up,0.304430191293702,-2.211381887980861,0.20944355999313,0.516512279424264
MA1652.1,ZKSCAN5,0.08,93,0.4,4237,0.4,Up,1182882,0.516312011525584,217,76,10629,3404,Up,0.37802651804759,-1.575021322708471,0.135075149330063,0.422477733925231
MA0785.1,POU2F1,0,1,0,3,0,Up,1158235.5,0.912993869461636,217,1,10629,3,Up,0.077670027728888,-9.374170141591199,4.388522103152527,1.109746539798462
MA0685.1,SP4,0.01,1,0,7,0,Up,1157801.5,0.920536383465234,217,1,10629,7,Up,0.149333059244589,-8.82440230481574,3.288986429601611,0.825844037833161
MA0882.1,DLX6,0.15,1802,8.3,89953,8.5,Down,1182059,0.528029774119368,217,205,10629,10299,Down,0.049475683607221,-0.06368822038064,-0.036377573347535,-1.305608196418329
MA0109.1,HLTF,0,2,0,58,0,Up,1161487.5,0.856772307921858,217,2,10629,22,Up,0.082488488607969,-7.66343825737206,2.440989523046661,1.083606653666486
MA1139.1,FOSL2::JUNB(var.2),0.01,6,0,34,0,Up,1167345.5,0.757489489590464,217,3,10629,17,Up,0.007003363507643,-7.602009883479291,3.288986429601611,2.154693331132163
MA1495.1,HOXA1,0.13,1443,6.6,74471,7,Down,1216059,0.168932119332928,217,182,10629,9454,Down,0.022166349396005,-0.211059802039208,-0.084118269859006,-1.654305825501543
MA0516.2,SP2,0.13,93,0.4,3696,0.3,Up,1226700,0.107684253101154,217,70,10629,2767,Up,0.042428901436723,-1.783369375946723,0.316098275218852,1.372338212780771
MA0913.2,HOXD9,0.13,321,1.5,17869,1.7,Down,1239409,0.059156746895812,217,147,10629,7836,Down,0.051738419275844,-0.500046413400875,-0.120508066172025,-1.28618684408228
MA0791.1,POU4F3,0.1,12,0.1,819,0.1,Down,1180171.5,0.555406074542653,217,9,10629,688,Down,0.206634922248153,-4.232708674191302,-0.568470806202405,-0.68479627885711
MA0031.1,FOXD1,0.09,166,0.8,10805,1,Down,1283078.5,0.004463178524512,217,109,10629,6234,Down,0.014713204763662,-0.879906249774586,-0.220356562720662,-1.832292720910524
MA0836.2,CEBPD,0.15,217,1,12566,1.2,Down,1248305.5,0.037354623015643,217,135,10629,6954,Down,0.348841422771347,-0.647388792650004,-0.070667513464429,-0.457371950881395
MA0042.2,FOXI1,0.08,69,0.3,4899,0.5,Down,1269363,0.010989176777289,217,55,10629,3729,Down,0.002493585070718,-1.740737664093803,-0.459436120584364,-2.603175810877352
MA1599.1,ZNF682,0.05,10,0,270,0,Up,1177821,0.590438356099399,217,10,10629,263,Up,0.072928381040119,-4.85334056577259,0.961572795630519,1.137103427368673
MA0006.1,Ahr::Arnt,0.01,323,1.5,13690,1.3,Up,1218704.5,0.151691653978236,217,148,10629,6848,Up,0.282370294844765,-0.592383132820955,0.083661325771261,0.549180992689481
MA0905.1,HOXC10,0.07,49,0.2,3225,0.3,Down,1216571,0.16548554836482,217,43,10629,2669,Down,0.081283008202837,-2.157680188223957,-0.32849581332681,-1.090000231958319
MA1507.1,HOXD4,0.09,888,4.1,47331,4.5,Down,1228388,0.099834184820061,217,187,10629,9572,Down,0.066953726549351,-0.182615440420194,-0.063018729865307,-1.174225245765051
MA1639.1,MEIS1(var.2),0.04,22,0.1,803,0.1,Up,1172643,0.670983479465995,217,18,10629,707,Up,0.334973295591026,-3.73230900130648,0.353781552398678,0.474989813977283
MA0661.1,MEOX1,0.13,809,3.7,42213,4,Down,1211527,0.201818095981847,217,174,10629,9127,Down,0.023481542651517,-0.268785215714628,-0.098006297623622,-1.629273374927239
MA0814.2,TFAP2C(var.2),0.08,170,0.8,7320,0.7,Up,1233709,0.078036843197785,217,119,10629,5145,Up,0.064002892645784,-0.955347669705775,0.182685773900866,1.193800397395599
MA0809.2,TEAD4,0.01,8,0,678,0.1,Down,1181472,0.536469426758344,217,8,10629,651,Down,0.151730105818812,-4.352786748071341,-0.649244002828822,-0.818928239293905
MA0503.1,Nkx2-5(var.2),0.07,112,0.5,6141,0.6,Down,1225841,0.111862595549198,217,78,10629,4650,Down,0.022454761707087,-1.331433418013698,-0.277634847661532,-1.648691549367515
MA1536.1,NR2C2(var.2),0.01,299,1.4,13065,1.2,Up,1239763,0.058121621927216,217,165,10629,7469,Up,0.071275093097977,-0.451587170321199,0.114805972784652,1.147062206752123
MA1558.1,SNAI1,0.14,623,2.9,30944,2.9,Down,1166286.5,0.775195020807005,217,208,10629,9820,Up,0.067225423842069,-0.087586684103408,0.053237333623962,1.172466450961242
MA1470.1,BACH2(var.2),0.12,3,0,32,0,Up,1161275.5,0.860418525536973,217,2,10629,24,Up,0.094676893057867,-7.602009883479291,2.318132775261127,1.023756002432474
MA0506.1,NRF1,0.12,334,1.5,11503,1.1,Up,1322404.5,2.116465571759818E-4,217,123,10629,4573,Up,7.357468343158919E-5,-1.016603769322786,0.400198820342746,4.133271597855055
MA0694.1,ZBTB7B,0.09,65,0.3,2708,0.3,Up,1207333,0.236200580046352,217,58,10629,2312,Up,0.081634596318292,-2.047527668043357,0.306041593781341,1.08812575048729
MA0491.2,JUND,0.09,56,0.3,3384,0.3,Down,1201237,0.293244928548616,217,41,10629,2444,Down,0.165774153314696,-2.255147292303046,-0.26936973417224,-0.780483181553154
MA0076.2,ELK4,0.02,62,0.3,1858,0.2,Up,1253922,0.027463026036268,217,51,10629,1595,Up,0.001078018685979,-2.407182142749312,0.65762215839288,2.967373711183245
MA0083.3,SRF,0.09,4,0,57,0,Up,1164844.5,0.799491437192938,217,3,10629,40,Up,0.054314110951596,-6.996726390509462,2.078419443661952,1.265087324881355
MA1100.2,ASCL1,0.06,388,1.8,20318,1.9,Down,1226947,0.106505955670685,217,117,10629,6346,Down,0.093427066877962,-0.816197644159324,-0.144314000023534,-1.029527285517241
MA0708.1,MSX2,0.01,65,0.3,4138,0.4,Down,1209602.5,0.217113194342845,217,58,10629,3259,Down,0.23386264279418,-1.799929013237655,-0.189155715830062,-0.631039146827405
MA1489.1,FOXN3,0.13,99,0.5,5702,0.5,Down,1200866,0.296992500637718,217,78,10629,4159,Down,0.361370885503504,-1.411921277654447,-0.116659128380035,-0.442046840083089
MA0873.1,HOXD12,0.09,6,0,546,0.1,Down,1178385,0.581940170977417,217,6,10629,525,Down,0.199955513151582,-4.701335516928942,-0.726192711332114,-0.69906661704533
MA0899.1,HOXA10,0.04,62,0.3,4479,0.4,Down,1258433,0.021241332938012,217,51,10629,3428,Down,0.006426720796192,-1.855397685956036,-0.445946755193673,-2.192010567260428
MA0702.2,LMX1A,0.05,162,0.7,9232,0.9,Down,1209148,0.220844026130537,217,59,10629,3372,Down,0.161778575938645,-1.763118607408791,-0.213870440038713,-0.791078991794691
MA0087.1,Sox5,0.01,174,0.8,8944,0.8,Down,1206085,0.247188712041665,217,101,10629,5523,Down,0.11507291848021,-1.021977387350246,-0.155116572401338,-0.939026872186627
MA0867.2,SOX4,0.09,494,2.3,25919,2.4,Down,1211575,0.201446919736198,217,180,10629,9375,Down,0.025394201495696,-0.225061381116131,-0.087910365465578,-1.595265438730836
MA1127.1,FOSB::JUN,0.02,6,0,73,0,Up,1163278,0.826106556783945,217,3,10629,55,Up,0.109752882407423,-6.769443458776723,1.623853580196472,0.959584065188798
MA1623.1,Stat2,0.05,44,0.2,1961,0.2,Up,1183004,0.514586537364404,217,40,10629,1665,Up,0.259037309747345,-2.549534032201089,0.249024888699247,0.586637678967285
MA1559.1,SNAI3,0.03,31,0.1,2313,0.2,Down,1227101,0.10577649645759,217,28,10629,2050,Down,0.018297783943874,-2.653003831734599,-0.557955489673501,-1.73760150476271
MA1593.1,ZNF317,0.13,124,0.6,5704,0.5,Up,1187420.5,0.454196301981682,217,95,10629,4313,Up,0.364223052404525,-1.244292818642835,0.113700111884987,0.43863257030593
MA0795.1,SMAD3,0.11,14,0.1,422,0,Up,1168943.5,0.731014252486203,217,9,10629,298,Up,0.214717610890977,-4.835571535626381,0.637254916667754,0.668132333770034
MA0135.1,Lhx3,0.12,59,0.3,3261,0.3,Down,1188850,0.43554116824028,217,35,10629,2042,Down,0.295329803557563,-2.497395111711713,-0.23545871903939,-0.529692723480356
MA1140.2,JUNB(var.2),0.02,6,0,59,0,Up,1164776,0.800650649254886,217,3,10629,41,Up,0.057460040741482,-6.979131676278313,2.043230015199652,1.240634070411694
MA0137.3,STAT1,0.01,9,0,328,0,Up,1166845.5,0.765833824608209,217,9,10629,315,Up,0.308750755655271,-4.79561699876751,0.55734584295001,0.510391970812399
MA0714.1,PITX3,0.13,964,4.4,46827,4.4,Up,1181841,0.531156176936497,217,205,10629,10277,Down,0.08330364911285,-0.065230685414086,-0.033292643280644,-1.079335973924984
MA0603.1,Arntl,0.08,224,1,7896,0.7,Up,1265777.5,0.013719785412177,217,84,10629,3114,Up,0.003293341228112,-1.567496706296275,0.407009103684737,2.482363269042587
MA1503.1,HOXB9,0.12,112,0.5,6586,0.6,Down,1216714,0.164532450133785,217,84,10629,4627,Down,0.166661260679429,-1.281880497460517,-0.164223313986779,-0.778165337354667
MA0114.4,HNF4A,0.11,38,0.2,1591,0.1,Up,1182293.5,0.524677240521049,217,35,10629,1445,Up,0.272460253426361,-2.746778846489711,0.263308750516606,0.564696843760244
MA1504.1,HOXC4,0.09,888,4.1,47331,4.5,Down,1228388,0.099834184820061,217,187,10629,9572,Down,0.066953726549351,-0.182615440420194,-0.063018729865307,-1.174225245765051
MA0788.1,POU3F3,0.02,2,0,28,0,Up,1160837.5,0.867961095236212,217,2,10629,28,Up,0.120426589176346,-7.492919798454525,2.099952605211594,0.919277613928089
MA0789.1,POU3F4,0.14,98,0.5,4412,0.4,Up,1176159,0.615806950388148,217,62,10629,3207,Down,0.654196937362859,-1.763819935661011,-0.070534740825985,-0.184291493365308
MA0497.1,MEF2C,0.06,38,0.2,1464,0.1,Up,1194743,0.363452522543602,217,35,10629,1330,Up,0.120271745756827,-2.806578895717126,0.382908848971435,0.91983638515475
MA0670.1,NFIA,0,1,0,124,0,Down,1161170,0.862234149294534,217,1,10629,122,Down,0.52282628117932,-6.809528633118713,-0.740760913792441,-0.281642589637245
MA1568.1,TCF21(var.2),0.11,43,0.2,2899,0.3,Down,1204723,0.259583587984281,217,22,10629,1560,Down,0.064527128175217,-3.020505983856135,-0.505025021100562,-1.190257663041177
MA1144.1,FOSL2::JUND,0.06,74,0.3,4130,0.4,Down,1195062.5,0.359770055272362,217,40,10629,2372,Down,0.187364893879697,-2.294307665584029,-0.261427844534874,-0.727311778563395
MA0611.1,Dux,0.11,369,1.7,19115,1.8,Down,1213377.5,0.187866696626769,217,159,10629,8198,Down,0.191767528815709,-0.411050414786872,-0.072817124368698,-0.717224928187314
MA1418.1,IRF3,0.13,6,0,206,0,Up,1164482.5,0.805622434313063,217,6,10629,190,Up,0.292679996060097,-5.43328540016337,0.737707055136743,0.533606959484886
MA1644.1,NFYC,0.01,45,0.2,2395,0.2,Down,1184952.5,0.487439938883837,217,33,10629,1930,Down,0.285953625294243,-2.579904838280762,-0.237755123995113,-0.543704393136177
MA1567.1,TBX6,0.04,81,0.4,4917,0.5,Down,1244417.5,0.045855966658532,217,62,10629,3866,Down,0.018444907295412,-1.629030461794618,-0.340113688558772,-1.734123523207149
MA0643.1,Esrrg,0,3,0,47,0,Up,1164090.5,0.81227501594865,217,3,10629,47,Up,0.078065223503199,-6.881723587786301,1.84841383821563,1.107542392553647
MA1500.1,HOXB6,0.01,37,0.2,3043,0.3,Down,1240598,0.055739521225649,217,33,10629,2385,Down,0.010486091993979,-2.427246272259538,-0.543072256037559,-1.979386336561066
MA0849.1,FOXO6,0.1,166,0.8,10809,1,Down,1283279,0.004402062226533,217,109,10629,6236,Down,0.014694866347063,-0.879674881792347,-0.220819298685141,-1.832834359574162
MA0154.4,EBF1,0.01,2,0,40,0,Up,1159535.5,0.890450605505475,217,2,10629,40,Up,0.205033922733354,-7.239439804094584,1.592992616491711,0.688174279251067
MA0855.1,RXRB,0.11,3,0,67,0,Up,1162134.5,0.845663669200296,217,3,10629,65,Up,0.154991773080967,-6.649939891183049,1.384846445009126,0.809691353444947
MA0119.1,NFIC::TLX1,0.01,2,0,12,0,Up,1157372.5,0.927999036632466,217,1,10629,11,Up,0.215451691134534,-8.516066624591494,2.672315069153117,0.666650092675573
MA1151.1,RORC,0.15,422,1.9,18445,1.7,Up,1257788.5,0.022047292509098,217,187,10629,8736,Up,0.150250410867531,-0.248535605094696,0.068821599483697,0.823184331722843
MA0808.1,TEAD3,0.14,1046,4.8,54354,5.1,Down,1215002.5,0.176213808687371,217,212,10629,10513,Down,0.095334132001408,-0.024691632640879,-0.017721854140294,-1.020751583244277
MA0160.1,NR4A2,0.1,562,2.6,26011,2.4,Up,1237194,0.06598635284835,217,207,10629,9644,Up,0.016817684096224,-0.104099724259303,0.072391319515,1.774233809577288
MA0681.2,PHOX2B,0.04,2,0,41,0,Up,1159534.5,0.890467914865873,217,2,10629,40,Up,0.205033922733354,-7.239439804094584,1.592992616491711,0.688174279251067
MA1517.1,KLF6,0.06,224,1,9571,0.9,Up,1257910.5,0.021892719048959,217,140,10629,5989,Up,0.018498396037727,-0.729005764193012,0.197120987355695,1.732865926849078
MA0662.1,MIXL1,0.13,1927,8.9,98600,9.3,Down,1196745,0.340766721235825,217,207,10629,10405,Down,0.027657884039994,-0.049315754880809,-0.037176619241988,-1.558181048554456
MA0018.4,CREB1,0.15,193,0.9,9887,0.9,Down,1174124.5,0.647495213872971,217,117,10629,6081,Down,0.332972264031553,-0.846964633455367,-0.082780021431447,-0.477591940907254
MA0486.2,HSF1,0.05,4,0,86,0,Up,1165386.5,0.790335047384741,217,4,10629,84,Up,0.099699018073434,-6.28492663411833,1.379960089649102,1.001309118994154
MA1505.1,HOXC8,0.13,2838,13.1,143782,13.5,Down,1191318,0.40439604356138,217,204,10629,10270,Down,0.055106056985948,-0.069240937603057,-0.03934724038257,-1.258800663017499
MA0614.1,Foxj2,0.06,112,0.5,7281,0.7,Down,1263082,0.016151061310657,217,82,10629,4917,Down,0.013272686327411,-1.255313077274723,-0.286472598431104,-1.877041169140045
MA0093.3,USF1,0.05,0,0,157,0,Down,1170064,0.712637254638181,217,0,10629,155,Down,0.078742556959518,-7.429943467915276,-2.669856245641629,-1.103790486734272
MA0101.1,REL,0.05,133,0.6,7687,0.7,Down,1223395,0.124463006391679,217,98,10629,5287,Down,0.192769666842461,-1.075117921805052,-0.135403698949325,-0.714961303209846
MA0520.1,Stat6,0.02,18,0.1,508,0,Up,1185237.5,0.483535140533393,217,16,10629,490,Up,0.070692838393005,-4.079077130191732,0.717199317628188,1.150624580601081
MA1554.1,RFX7,0.15,1440,6.6,71961,6.8,Down,1181614.5,0.534414396466094,217,214,10629,10610,Down,0.009187309296112,-0.011309423373846,-0.017456659725399,-2.036811662602277
MA1480.1,DPRX,0.04,15,0.1,470,0,Up,1181738,0.532636589719974,217,14,10629,424,Up,0.078850695050286,-4.276527983640272,0.739274776063507,1.103194474114741
MA0475.2,FLI1,0.08,98,0.5,2873,0.3,Up,1311481,5.293249274488376E-4,217,77,10629,2334,Up,6.969008402162133E-6,-1.837817713722364,0.698141056521022,5.156829011874068
MA0666.1,MSX1,0,10,0,320,0,Up,1172292.5,0.676588881467182,217,10,10629,314,Up,0.155712507046804,-4.725712038151553,0.706315740388444,0.807676502889404
MA0027.2,EN1,0.12,1829,8.4,93780,8.8,Down,1194070.5,0.371280292346655,217,207,10629,10411,Down,0.025870482578871,-0.048899932692933,-0.038008263617742,-1.587195470031584
MA0688.1,TBX2,0.13,446,2.1,22742,2.1,Down,1193773.5,0.374770365578236,217,172,10629,9167,Down,0.005250275418011,-0.273946254348297,-0.120945569444524,-2.27981791385406
MA0009.2,TBXT,0.12,0,0,128,0,Down,1161818,0.851094112539045,217,0,10629,79,Down,0.411517149108644,-7.9138873753384,-1.701968430795382,-0.385612061768682
MA0524.2,TFAP2C,0.14,1206,5.6,55888,5.3,Up,1204211,0.264352502793347,217,207,10629,9832,Up,0.117015792473369,-0.090173806948297,0.044539484892987,0.931755521833318
MA1596.1,ZNF460,0,40,0.2,1208,0.1,Up,1221508,0.134919502656759,217,36,10629,1145,Up,0.010778300838412,-2.894535701888231,0.638977340064316,1.967449698765709
MA0735.1,GLIS1,0.13,2,0,64,0,Up,1156931.5,0.935677035824168,217,2,10629,64,Up,0.381882151656535,-6.90375117782527,0.921615363953082,0.418070639134454
MA0763.1,ETV3,0.11,126,0.6,3667,0.3,Up,1321514.5,2.285215736383961E-4,217,87,10629,2811,Up,1.734367949786325E-5,-1.616161131294011,0.605001304780498,4.760858760602703
MA0736.1,GLIS2,0.15,103,0.5,6316,0.6,Down,1245270.5,0.043862956045244,217,62,10629,3889,Down,0.015316446149098,-1.624752214862309,-0.348670182423391,-1.814841991679976
MA0742.1,Klf12,0.02,1,0,243,0,Down,1171593,0.687829162093319,217,1,10629,218,Down,0.136676166155712,-6.392102867869699,-1.575612444290469,-0.864307211909935
MA0912.2,HOXD3,0.07,59,0.3,3544,0.3,Down,1205807,0.249684374730244,217,35,10629,2235,Down,0.091316181081936,-2.432264377956916,-0.365720186548986,-1.039452259355721
MA0837.1,CEBPE,0.14,248,1.1,13740,1.3,Down,1237002.5,0.06660615651034,217,128,10629,6914,Down,0.072194874248315,-0.689811970422612,-0.138870142239201,-1.141493635736391
MA0750.2,ZBTB7A,0.01,26,0.1,753,0.1,Up,1205783.5,0.249896143175656,217,24,10629,692,Up,0.012162691391674,-3.545138800454698,0.789954107667631,1.914970312627473
MA1464.1,ARNT2,0.06,224,1,7898,0.7,Up,1265737,0.013753780055511,217,84,10629,3114,Up,0.003293341228112,-1.567496706296275,0.407009103684737,2.482363269042587
MA0853.1,Alx4,0.01,2,0,13,0,Up,1162680,0.83632141717902,217,2,10629,11,Up,0.026882021926521,-8.14758382750839,3.409280663319323,1.570538069007111
MA0632.2,TCFL5,0.11,809,3.7,34649,3.3,Up,1258690.5,0.020926571270784,217,179,10629,7880,Up,0.004637807912409,-0.354373109567486,0.154683105308892,2.333687242827892
MA0754.1,CUX1,0,1,0,9,0,Up,1157584.5,0.924310365833421,217,1,10629,9,Up,0.183057931238015,-8.653883845898205,2.947949511766545,0.737411449965817
MA1601.1,ZNF75D,0.08,274,1.3,14322,1.3,Down,1212318,0.195764790144132,217,144,10629,7704,Down,0.054895504054668,-0.527123202899809,-0.125645410671207,-1.260463222839598
MA1561.1,SOX12,0.04,4,0,50,0,Up,1169079.5,0.728775259399375,217,4,10629,50,Up,0.02261091479125,-6.656260610883524,2.122628043179491,1.645681866634945
MA0697.1,ZIC3,0.07,7,0,219,0,Up,1168510,0.738166265668228,217,7,10629,202,Up,0.201486722970654,-5.285994506290325,0.856027022325505,0.695753566547972
MA0622.1,Mlxip,0.02,224,1,7904,0.7,Up,1265646.5,0.013830012350507,217,84,10629,3114,Up,0.003293341228112,-1.567496706296275,0.407009103684737,2.482363269042587
MA0844.1,XBP1,0.13,31,0.1,1298,0.1,Up,1171588,0.687909759656094,217,28,10629,1208,Up,0.451013028008834,-3.034382967015415,0.204802780888132,0.345810912865659
MA1121.1,TEAD2,0.01,10,0,1019,0.1,Down,1204655,0.26021350618616,217,10,10629,961,Down,0.021774427397883,-3.919598617921249,-0.905911100072164,-1.662053256812115
MA1555.1,RXRB(var.2),0.09,6,0,116,0,Up,1173605.5,0.655685277937312,217,6,10629,106,Up,0.024824600468146,-5.852754183797113,1.576644622404227,1.605117732394543
MA0074.1,RXRA::VDR,0.01,1,0,0,0,Up,1158561,0.907342085005463,217,1,10629,0,Up,0.020007375991101,-10.77784760262,7.195877025210129,1.698809866251951
MA0084.1,SRY,0.05,310,1.4,14898,1.4,Up,1209029.5,0.221824261765912,217,131,10629,7163,Down,0.033859476942725,-0.647644894402743,-0.156615414082091,-1.470319755106085
MA0874.1,Arx,0.15,249,1.1,13860,1.3,Down,1218050.5,0.155823626396833,217,86,10629,4732,Down,0.167468845228383,-1.248821343866681,-0.16284403846537,-0.776065974321866
MA0819.1,CLOCK,0.1,224,1,7880,0.7,Up,1266504,0.013122459830256,217,84,10629,3107,Up,0.003244994249773,-1.569119796869562,0.41025528483131,2.488786068445748
MA1125.1,ZNF384,0.05,2255,10.4,106409,10,Up,1196949.5,0.338501583238292,217,186,10629,8873,Up,0.406911000565394,-0.241169168964435,0.038658796967163,0.390500569128602
MA1649.1,ZBTB12,0.13,461,2.1,20359,1.9,Up,1227279,0.104938298900009,217,189,10629,8752,Up,0.071410691255756,-0.239562113237098,0.081489121344198,1.146236762932687
MA1581.1,ZBTB6,0.04,74,0.3,2941,0.3,Up,1221086,0.137348308809472,217,63,10629,2464,Up,0.051163540977064,-1.942446876758879,0.332519945589909,1.291039406070192
MA0761.2,ETV1,0.13,295,1.4,13443,1.3,Up,1212191.5,0.196723816962603,217,166,10629,7472,Up,0.050611866291551,-0.446952031162218,0.122917614994779,1.29574764796728
MA0716.1,PRRX1,0.13,1559,7.2,78267,7.4,Down,1180583,0.549379040557075,217,203,10629,10272,Down,0.021351712474497,-0.072636505819944,-0.046700201299798,-1.670567287458662
MA0869.1,Sox11,0.14,2,0,30,0,Up,1160728,0.869848644991857,217,2,10629,29,Up,0.12710987667937,-7.468043280855976,2.050199570014494,0.89582070262696
MA1571.1,TGIF2LX,0.09,0,0,133,0,Down,1165290,0.791963213486271,217,0,10629,111,Down,0.176661877125395,-7.669878903020425,-2.189985375431332,-0.752857159267224
MA0883.1,Dmbx1,0.03,24,0.1,1552,0.1,Down,1196247,0.346323304521033,217,21,10629,1434,Down,0.107775904452461,-3.114030349245196,-0.449152973577594,-0.967478323871292
MA0713.1,PHOX2A,0.01,4,0,69,0,Up,1167448,0.755782350252002,217,4,10629,65,Up,0.049179142021885,-6.468654851490697,1.747416524393835,1.308219052222177
MA1126.1,FOS::JUN(var.2),0.03,6,0,45,0,Up,1165957.5,0.780719971666496,217,3,10629,30,Up,0.027731475815761,-7.201282723170332,2.487532108983691,1.557027017490788
MA0139.1,CTCF,0.12,29,0.1,1722,0.2,Down,1181840.5,0.531163358362193,217,26,10629,1538,Down,0.330043905410577,-2.912714261532205,-0.248473749281372,-0.481428282518499
MA1136.1,FOSB::JUNB(var.2),0,6,0,34,0,Up,1167345.5,0.757489489590464,217,3,10629,17,Up,0.007003363507643,-7.602009883479291,3.288986429601611,2.154693331132163
MA1509.1,IRF6,0.14,82,0.4,3290,0.3,Up,1223580.5,0.123470191634543,217,70,10629,2790,Up,0.051553699526965,-1.777399211256008,0.304157945837421,1.287740164008069
MA1479.1,DMRTC2,0.12,73,0.3,4477,0.4,Down,1232830.5,0.081341951257827,217,54,10629,3390,Down,0.02723945738245,-1.82259552598602,-0.348183479946289,-1.56480154793969
MA0492.1,JUND(var.2),0.12,75,0.3,4681,0.4,Down,1216305,0.167269486938256,217,53,10629,3128,Down,0.114023146002844,-1.893967665430335,-0.258873877809218,-0.943006980584768
MA1636.1,CEBPG(var.2),0.15,76,0.4,4868,0.5,Down,1236861,0.067067205215025,217,59,10629,3649,Down,0.029932407439912,-1.706178418496813,-0.327750817862668,-1.523858351792544
MA0677.1,Nr2f6,0.1,8,0,107,0,Up,1184780,0.489811614104567,217,8,10629,101,Up,0.001518246122466,-5.69392947376282,2.033041448554137,2.818657819372963
MA0767.1,GCM2,0.05,7,0,1052,0.1,Down,1223974.5,0.121381983900428,217,7,10629,993,Down,8.162552202979649E-4,-4.138695476551483,-1.438571037152179,-3.088174028210774
MA0471.2,E2F6,0.08,201,0.9,9416,0.9,Up,1201419,0.291418149553634,217,125,10629,5663,Up,0.216384461346152,-0.850817982051392,0.114979890532146,0.664773929304458
MA0051.1,IRF2,0.11,22,0.1,1323,0.1,Down,1191974,0.396347339014583,217,16,10629,1157,Down,0.120871524617033,-3.459733554227551,-0.521487834300172,-0.917675999869385
MA0468.1,DUX4,0.04,9,0,686,0.1,Down,1180547,0.54990502451674,217,8,10629,645,Down,0.19179486913196,-4.359460789701813,-0.635895919567878,-0.717163015191855
MA1588.1,ZNF136,0.15,9,0,406,0,Up,1157442,0.926789604595474,217,9,10629,402,Up,0.718771407237571,-4.619942609757795,0.20599706493058,0.143409207475599
MA1481.1,DRGX,0.14,1333,6.1,69032,6.5,Down,1206584.5,0.242748601205387,217,200,10629,10196,Down,0.014103058397558,-0.088706437564594,-0.057413453433153,-1.850686695773662
MA1533.1,NR1I2,0.11,10,0,309,0,Up,1173175.5,0.662502437853641,217,10,10629,306,Up,0.147830491886963,-4.744298509745806,0.743488683576952,0.830235978035608
MA0111.1,Spz1,0.06,3,0,110,0,Up,1157255,0.930044136781812,217,3,10629,110,Up,0.495271050176974,-6.272700112256059,0.630366887155145,0.305157056866806
MA1133.1,JUN::JUNB(var.2),0.13,46,0.2,1680,0.2,Up,1197547.5,0.331933460043325,217,30,10629,1056,Up,0.066759937566609,-3.082421658231664,0.496574810116919,1.175484078141531
MA0865.1,E2F8,0.08,5,0,63,0,Up,1172983.5,0.665555475869162,217,5,10629,63,Up,0.01150157627328,-6.346270700275846,2.081661456354105,1.939242636178926
MA0772.1,IRF7,0.07,1,0,131,0,Down,1162037.5,0.847327209147606,217,1,10629,130,Down,0.525562245973531,-6.763894604335057,-0.832028971359755,-0.279375840088823
MA0671.1,NFIX,0,2,0,247,0,Down,1168557,0.737389736521103,217,2,10629,239,Down,0.245809659196109,-5.957423882668806,-0.971039226359845,-0.6094010553261
MA0595.1,SREBF1,0.02,3,0,479,0,Down,1188311.5,0.442516227680394,217,3,10629,470,Down,0.027172597238522,-5.227625935587508,-1.459781466181959,-1.565868848426083
MA1630.1,Znf281,0.02,22,0.1,1540,0.1,Down,1199141.5,0.314831056814524,217,19,10629,1358,Down,0.080156447967308,-3.223728318438466,-0.511482106870753,-1.09606153626696
MA1604.1,Ebf2,0.05,13,0.1,991,0.1,Down,1185724,0.476908990556019,217,12,10629,886,Down,0.169522200368568,-3.852412347643871,-0.537206106634991,-0.770773419194116
MA1631.1,ASCL1(var.2),0.11,364,1.7,17638,1.7,Up,1171270.5,0.693034930608289,217,181,10629,8194,Up,0.027229343122003,-0.318195879773127,0.114300054065573,1.564962835411055
MA0060.3,NFYA,0.13,263,1.2,13062,1.2,Down,1184005.5,0.500536194262677,217,138,10629,7105,Down,0.309209390679327,-0.616097541304708,-0.070063766764388,-0.50974732504387
MA1522.1,MAZ,0.03,266,1.2,16554,1.6,Down,1264930,0.014446838671285,217,128,10629,7065,Down,0.02431002563858,-0.674228606799438,-0.17003686948555,-1.614214583127539
MA0863.1,MTF1,0.1,2,0,17,0,Up,1162031,0.847438707883778,217,2,10629,17,Up,0.054508276251178,-7.844723297064413,2.803559602431369,1.263537551717273
MA0141.3,ESRRB,0.01,6,0,96,0,Up,1174717.5,0.638189410003017,217,6,10629,96,Up,0.016436345807988,-5.923880475275991,1.718897205361985,1.784194730094451
MA1502.1,HOXB8,0.02,58,0.3,4361,0.4,Down,1255913,0.024545776968048,217,49,10629,3272,Down,0.009112469258819,-1.917561804524471,-0.43590633226402,-2.040363923776608
MA0740.1,KLF14,0.15,423,1.9,20279,1.9,Up,1185359,0.481875639186267,217,168,10629,7802,Up,0.213644774141852,-0.407166093986362,0.077798568864259,0.670307725777344
MA0105.4,NFKB1,0.14,17,0.1,1059,0.1,Down,1169348.5,0.724353486417189,217,16,10629,928,Down,0.544423299564107,-3.618752743333641,-0.203449456087994,-0.264063296665632
MA0680.1,PAX7,0.08,10,0,337,0,Up,1173261.5,0.66113674394609,217,8,10629,206,Up,0.078432607345449,-5.181598446645685,1.008379394319867,1.105503347441533
MA0480.1,Foxo1,0.02,3,0,436,0,Down,1188742.5,0.436928501004667,217,2,10629,427,Down,0.013029131457333,-5.539474500650265,-1.806937990396925,-1.885084534084779
MA0606.1,NFAT5,0.15,1835,8.5,93284,8.8,Down,1215307.5,0.174088043988607,217,215,10629,10602,Down,0.1138350516172,-0.00849839219413,-0.009658278905726,-0.943723991191984
MA1498.1,HOXA7,0.09,1348,6.2,68713,6.5,Down,1201485.5,0.290752585007266,217,199,10629,10124,Down,0.023515265910708,-0.097424864075411,-0.054403580876669,-1.628650105886635
MA1535.1,NR2C1,0.01,368,1.7,15032,1.4,Up,1294374,0.001996157567825,217,177,10629,7945,Up,0.02169578202224,-0.356530098775284,0.126667444862476,1.66362469115254
MA0734.2,GLI2,0.08,6,0,129,0,Up,1171348,0.691782597009114,217,6,10629,127,Up,0.050707149378719,-5.722932275480602,1.317000805771207,1.294930803648349
MA1511.1,KLF10,0.03,15,0.1,418,0,Up,1184128,0.498831675870222,217,14,10629,402,Up,0.049065446535708,-4.314915868915802,0.816050546614566,1.309224244366234
MA1516.1,KLF3,0.01,0,0,158,0,Down,1169087.5,0.72864362573016,217,0,10629,146,Down,0.124082391894733,-7.472950425769453,-2.583842329933276,-0.906289843364408
MA0818.1,BHLHE22,0.06,29,0.1,1983,0.2,Down,1193873,0.37359887984695,217,14,10629,1073,Down,0.085851695422421,-3.607285117487404,-0.599210956242228,-1.066251123853891
MA0591.1,Bach1::Mafk,0.15,14,0.1,1003,0.1,Down,1189241.5,0.430510225480474,217,12,10629,924,Down,0.111803513825826,-3.822136003391117,-0.597758795140498,-0.95154454697566
MA1645.1,NKX2-2,0.13,154,0.7,8738,0.8,Down,1259547,0.019908670073448,217,95,10629,5784,Down,0.001932710487163,-1.032626166031433,-0.309633193337818,-2.713833196796329
MA1654.1,ZNF16,0.15,0,0,78,0,Down,1161709.5,0.852957373868843,217,0,10629,78,Down,0.410471718437284,-7.923018478534765,-1.683706224402653,-0.386716760468418
MA0117.2,Mafb,0.07,120,0.6,4786,0.5,Up,1233983.5,0.077026824927439,217,93,10629,3805,Up,0.037966369015222,-1.349946470644211,0.263938679591514,1.420600935440036
MA1493.1,HES6,0.02,0,0,88,0,Down,1162794.5,0.834363367905839,217,0,10629,88,Down,0.425593802535931,-7.836526077939078,-1.856691025594025,-0.371004704829652
MA1622.1,Smad2::Smad3,0.03,39,0.2,2301,0.2,Down,1198669.5,0.319833802464787,217,33,10629,2048,Down,0.139336177078201,-2.53710816901154,-0.323348462533555,-0.855936109235768
MA1619.1,Ptf1a(var.2),0.02,90,0.4,5130,0.5,Down,1229638.5,0.094318444846878,217,32,10629,2275,Down,0.018622557181062,-2.483161010982255,-0.518685533450762,-1.729960683538805
MA1521.1,MAFA,0.13,16,0.1,658,0.1,Up,1160013,0.88219149849182,217,10,10629,429,Up,0.601991800871948,-4.500912981021965,0.25671762612927,0.220409423792538
MA1618.1,Ptf1a,0.01,0,0,198,0,Down,1174729.5,0.63800167768348,217,0,10629,198,Down,0.035689401300676,-7.253831254409098,-3.022080672653985,-1.44746073739019
MA0517.1,STAT1::STAT2,0.08,23,0.1,861,0.1,Up,1178588,0.578895475807814,217,21,10629,797,Up,0.240629978700695,-3.537526121303413,0.397838570538839,0.61865026738173
MA0493.1,Klf1,0.04,37,0.2,1237,0.1,Up,1219015,0.149759368473358,217,36,10629,1149,Up,0.01093248877943,-2.892021198181479,0.633948332650811,1.961280959721403
MA0832.1,Tcf21,0.08,2,0,469,0,Down,1174255.5,0.645434649856195,217,2,10629,290,Down,0.133715754102841,-5.818167628834632,-1.249551734028193,-0.873817422080834
MA0122.3,Nkx3-2,0.03,26,0.1,2557,0.2,Down,1257422,0.022517369865934,217,26,10629,2197,Down,0.001186025186144,-2.655544900683594,-0.762812470978594,-2.925906088301231
MA0729.1,RARA,0.11,1,0,31,0,Up,1155197.5,0.965918011192591,217,1,10629,31,Up,0.476732751416563,-7.789207640870041,1.218597101710214,0.321725011129613
MA0790.1,POU4F1,0.08,7,0,539,0.1,Down,1175541,0.62536065605504,217,5,10629,451,Down,0.227497749038779,-4.9313219549215,-0.748236034354588,-0.643022896083236
MA0747.1,SP8,0.14,785,3.6,42143,4,Down,1193557,0.377327211956975,217,201,10629,9514,Up,0.145582583250801,-0.13505477493958,0.049638425462914,0.836890578666597
MA0739.1,Hic1,0.13,1032,4.8,55526,5.2,Down,1272153,0.00921035137301,217,212,10629,10543,Down,0.035626087010616,-0.022636217315321,-0.021832684791411,-1.448231875741047
MA0908.1,HOXD11,0.09,9,0,808,0.1,Down,1189340,0.429249788759601,217,9,10629,772,Down,0.084073124923223,-4.149669534862916,-0.734549084859178,-1.075342809943489
MA1130.1,FOSL2::JUN,0.05,37,0.2,2232,0.2,Down,1203044.5,0.275442142020443,217,31,10629,1993,Down,0.112493531550697,-2.601144946231954,-0.372893442008441,-0.948872449042422
MA0801.1,MGA,0.1,141,0.6,8403,0.8,Down,1260299,0.01905087039707,217,94,10629,5673,Down,0.003815295530402,-1.054195992082468,-0.2968663488651,-2.418471816227674
MA0802.1,TBR1,0.13,116,0.5,7394,0.7,Down,1279180,0.005814857853435,217,85,10629,5252,Down,0.003113121440083,-1.182008324757424,-0.330021502185537,-2.506803937547741
MA0684.2,RUNX3,0.05,92,0.4,5024,0.5,Down,1200998.5,0.29565042223555,217,72,10629,3984,Down,0.202711535319519,-1.500282817057173,-0.169359367327966,-0.693121537034312
MA1589.1,ZNF140,0.15,4,0,82,0,Up,1165714,0.784816265303427,217,4,10629,81,Up,0.090534463016782,-6.311002275143883,1.432111371700208,1.043186069977612
MA1475.1,CREB3L4(var.2),0.15,151,0.7,5373,0.5,Up,1230644,0.09006286227616,217,61,10629,2326,Up,0.031364231947952,-2.007098864432334,0.369483558070966,1.503565343065286
MA0753.2,ZNF740,0.11,39,0.2,4237,0.4,Down,1237194.5,0.065984740804592,217,25,10629,1960,Down,0.007661825924681,-2.765613218736535,-0.653666060056121,-2.115667719334055
MA1138.1,FOSL2::JUNB,0.15,450,2.1,23063,2.2,Down,1183054.5,0.513873182292831,217,161,10629,8266,Down,0.216633726214925,-0.396103219356784,-0.066756033370764,-0.664273930126099
MA0848.1,FOXO4,0.13,323,1.5,19858,1.9,Down,1300009,0.001308019956293,217,151,10629,8282,Down,0.004910153235757,-0.440816569759913,-0.161762075006453,-2.308904954230328
MA0721.1,UNCX,0.15,2875,13.2,145405,13.7,Down,1200909.5,0.296551445304273,217,210,10629,10509,Down,0.013777450247254,-0.031787435037813,-0.030815465263763,-1.860831148611831
MA0150.2,Nfe2l2,0.15,36,0.2,2382,0.2,Down,1214882,0.177058972179936,217,31,10629,2097,Down,0.046856315448182,-2.564461343567026,-0.446260647338296,-1.329231865193521
MA0068.2,PAX4,0,12,0.1,262,0,Up,1171131,0.69529124417344,217,6,10629,129,Up,0.053799312192793,-5.711704850066755,1.294545954943512,1.26922327661584
MA0816.1,Ascl2,0.12,420,1.9,22290,2.1,Down,1239203.5,0.059764633633924,217,127,10629,6906,Down,0.052471662661806,-0.696282600869558,-0.148471106015349,-1.280075174158679
MA0161.2,NFIC,0.11,103,0.5,5837,0.5,Down,1209997.5,0.213907783424709,217,81,10629,4448,Down,0.187116520948402,-1.336413157333757,-0.159460558342512,-0.727887865947501
MA0745.2,SNAI2,0.15,451,2.1,22311,2.1,Down,1157700,0.922301415751491,217,192,10629,8935,Up,0.090278779823117,-0.213305162957084,0.074296415606514,1.044414319329194
MA1147.1,NR4A2::RXRA,0.15,46,0.2,1769,0.2,Up,1212720.5,0.192736144200695,217,43,10629,1538,Up,0.032166569855197,-2.55520274088944,0.466549292004157,1.492595248466555
MA1629.1,Zic2,0.15,290,1.3,12486,1.2,Up,1248007.5,0.037954985645537,217,154,10629,6867,Up,0.052850811985681,-0.561812694046781,0.136808262430129,1.276948335921522
MA0815.1,TFAP2C(var.3),0.14,464,2.1,19906,1.9,Up,1237992.5,0.063452967598899,217,154,10629,7050,Up,0.167690036553602,-0.542842410357095,0.098867695050758,0.775492740604035
MA1487.1,FOXE1,0.11,117,0.5,6032,0.6,Down,1202592.5,0.279823346651342,217,66,10629,3838,Down,0.086670453113017,-1.589524168849682,-0.24012997277044,-1.062128932939213
MA0847.2,FOXD2,0.13,181,0.8,11378,1.1,Down,1269661.5,0.01078527062753,217,94,10629,5811,Down,9.329448248015822E-4,-1.036860206460932,-0.331537920108172,-3.030144040061402
MA0056.2,MZF1,0.11,262,1.2,13715,1.3,Down,1198013.5,0.326872645723586,217,142,10629,7460,Down,0.134431993680701,-0.560391494814346,-0.099323973739282,-0.871497360557158
MA0872.1,TFAP2A(var.3),0.02,2,0,237,0,Down,1168475,0.738744705698945,217,1,10629,190,Down,0.190124421278805,-6.491024008873338,-1.377770162283193,-0.720962094889264
MA0646.1,GCM1,0.07,2,0,236,0,Down,1167901,0.748252002085402,217,2,10629,233,Down,0.338306856208514,-5.975725435682066,-0.934436120333327,-0.470689200605896
MA1152.1,SOX15,0.05,409,1.9,22077,2.1,Down,1243815,0.047309210387732,217,163,10629,8598,Down,0.036592168369091,-0.358820795394748,-0.10580793968652,-1.436611854442646
MA0017.2,NR2F1,0.08,319,1.5,12644,1.2,Up,1309257.5,6.337024218804332E-4,217,173,10629,7317,Up,4.644194640865001E-4,-0.43236536404339,0.212571251771121,3.333089587020841
MA0906.1,HOXC12,0,1,0,0,0,Up,1158561,0.907342085005463,217,1,10629,0,Up,0.020007375991101,-10.77784760262,7.195877025210129,1.698809866251951
MA0811.1,TFAP2B,0.06,177,0.8,7106,0.7,Up,1258160,0.021579537328715,217,94,10629,3623,Up,0.005911013749814,-1.37762355137767,0.349988769725305,2.22833803042247
MA1467.1,ATOH1(var.2),0.1,58,0.3,3688,0.3,Down,1230560.5,0.090410271323618,217,36,10629,2527,Down,0.012296674655258,-2.32366888514538,-0.502756293421386,-1.910212317351345
MA0693.2,VDR,0.07,367,1.7,18341,1.7,Down,1157764,0.921188443863254,217,182,10629,8457,Up,0.125575429014698,-0.291444747756212,0.076651621575002,0.901095329446354
MA0033.2,FOXL1,0.05,166,0.8,10809,1,Down,1283279,0.004402062226533,217,109,10629,6236,Down,0.014694866347063,-0.879674881792347,-0.220819298685141,-1.832834359574162
MA0864.2,E2F2,0.08,25,0.1,1637,0.2,Down,1185423.5,0.480995929714703,217,16,10629,1086,Down,0.210562680748576,-3.505395563710709,-0.430163815333857,-0.676618598873022
MA0062.3,GABPA,0.13,260,1.2,11322,1.1,Up,1237180,0.066031503251878,217,155,10629,6791,Up,0.022178038521836,-0.565186200826118,0.162170760441259,1.654076866519234
MA1634.1,BATF,0.02,39,0.2,2303,0.2,Down,1198881.5,0.317580409342857,217,33,10629,2050,Down,0.139277076093367,-2.536404243588083,-0.324756313380471,-0.856120359135452
MA0776.1,MYBL1,0.15,54,0.2,2493,0.2,Up,1182045,0.528230270144987,217,40,10629,1637,Up,0.218016310091658,-2.561764255882177,0.273485336061423,0.661511015029152
MA0615.1,Gmeb1,0.04,36,0.2,2373,0.2,Down,1181490.5,0.536202408934698,217,19,10629,1177,Down,0.324524564238633,-3.32687207129938,-0.305194601148924,-0.48875242456614
MA0805.1,TBX1,0.15,200,0.9,11817,1.1,Down,1281202.5,0.005073381935784,217,115,10629,6918,Down,3.112416254967431E-4,-0.766332549416388,-0.293579999807291,-3.50690232519575
MA0703.2,LMX1B,0.09,136,0.6,7568,0.7,Down,1208920.5,0.222728661558811,217,55,10629,3225,Down,0.117315103359998,-1.845467369050285,-0.249976710671399,-0.93064607242276
MA1519.1,LHX5,0.02,162,0.7,9232,0.9,Down,1209148,0.220844026130537,217,59,10629,3372,Down,0.161778575938645,-1.763118607408791,-0.213870440038713,-0.791078991794691
MA0490.2,JUNB,0.1,87,0.4,4818,0.5,Down,1192672,0.38789037368222,217,47,10629,2706,Down,0.236973247386936,-2.084294712457782,-0.221442539894721,-0.625300680015337
MA0605.2,ATF3,0.01,6,0,34,0,Up,1167345.5,0.757489489590464,217,3,10629,17,Up,0.007003363507643,-7.602009883479291,3.288986429601611,2.154693331132163
MA1646.1,OSR2,0.02,59,0.3,4327,0.4,Down,1270010,0.010551470569846,217,51,10629,3515,Down,0.002703846563045,-1.837321499817218,-0.482099127471309,-2.568017957225123
MA0108.2,TBP,0.07,264,1.2,12563,1.2,Up,1201975,0.285884906589153,217,132,10629,5953,Up,0.167162830835478,-0.775643404394802,0.121240726218546,0.776860282863315
MA0887.1,EVX1,0.01,93,0.4,6314,0.6,Down,1236883.5,0.066993718415556,217,46,10629,3002,Down,0.022019337114127,-2.024775182130063,-0.401875194995992,-1.657195759479174
MA0909.2,HOXD13,0.01,1,0,27,0,Up,1155739.5,0.956458203635496,217,1,10629,26,Up,0.420933586648664,-7.9138873753384,1.467956570646931,0.375786420143566
MA0058.3,MAX,0.02,224,1,7898,0.7,Up,1265737,0.013753780055511,217,84,10629,3114,Up,0.003293341228112,-1.567496706296275,0.407009103684737,2.482363269042587
MA0100.3,MYB,0.01,160,0.7,7667,0.7,Up,1164364.5,0.807623541169761,217,105,10629,5361,Down,0.583437886544965,-1.015568774553918,-0.056407254949975,-0.234005372637712
MA0890.1,GBX2,0.01,123,0.6,6314,0.6,Down,1159278.5,0.894900805681948,217,94,10629,4412,Up,0.626340132867293,-1.235517359347089,0.065776385664141,0.20318975990272
MA0823.1,HEY1,0.07,224,1,7898,0.7,Up,1265737,0.013753780055511,217,84,10629,3114,Up,0.003293341228112,-1.567496706296275,0.407009103684737,2.482363269042587
MA0507.1,POU2F2,0.15,160,0.7,8091,0.8,Down,1211867,0.199199653379375,217,95,10629,5158,Down,0.170542866376208,-1.11524648833873,-0.144392548723225,-0.768166441945489
MA0652.1,IRF8,0.14,2,0,169,0,Down,1160631.5,0.8715127173824,217,2,10629,166,Down,0.77704921474777,-6.219675622001264,-0.446535747694927,-0.109551474099324
MA1529.1,NHLH2,0.02,1,0,0,0,Up,1158561,0.907342085005463,217,1,10629,0,Up,0.020007375991101,-10.77784760262,7.195877025210129,1.698809866251951
MA1101.2,BACH2,0.06,5,0,73,0,Up,1163462.5,0.822960828836191,217,3,10629,53,Up,0.101416176851965,-6.795917898751202,1.676802460145431,0.993892765345932
MA0725.1,VSX1,0.05,162,0.7,9232,0.9,Down,1209148,0.220844026130537,217,59,10629,3372,Down,0.161778575938645,-1.763118607408791,-0.213870440038713,-0.791078991794691
MA0620.3,MITF,0.03,26,0.1,505,0,Up,1181371.5,0.537921150946436,217,10,10629,232,Up,0.030801332699338,-4.943626688593501,1.14214504127234,1.511430492218806
MA0770.1,HSF2,0.07,5,0,155,0,Up,1164061.5,0.812767716293194,217,5,10629,145,Up,0.229236587657802,-5.748175372207787,0.885470800217986,0.639716064934305
MA0879.1,Dlx1,0.01,160,0.7,9222,0.9,Down,1213842,0.184479186554146,217,58,10629,3371,Down,0.121934588667518,-1.775559052024836,-0.237895638255701,-0.91387308243189
MA0851.1,Foxj3,0.11,104,0.5,7101,0.7,Down,1279285,0.005774080735416,217,77,10629,4833,Down,0.003728946116981,-1.312840387185631,-0.351813596552444,-2.428413892119246
MA1647.1,PRDM4,0,1,0,16,0,Up,1156825,0.937532171000286,217,1,10629,16,Up,0.290950711386472,-8.255650542940772,2.151482905851676,0.536180576601378
MA0596.1,SREBF2,0.04,36,0.2,1408,0.1,Up,1191880,0.39749468701045,217,34,10629,1307,Up,0.143982686008144,-2.839769009024341,0.366843750132839,0.841689728899257
MA0644.1,ESX1,0.13,1850,8.5,94324,8.9,Down,1204005.5,0.266283471516977,217,207,10629,10387,Down,0.035978946780624,-0.050564661590899,-0.034678805821809,-1.443951553999313
MA0642.1,EN2,0.14,2594,12,133063,12.5,Down,1206261,0.245617783866238,217,210,10629,10477,Down,0.040568937182288,-0.033987190938388,-0.026415953462612,-1.391806369715287
MA0668.1,NEUROD2,0.03,8,0,862,0.1,Down,1187194.5,0.457186322707536,217,5,10629,559,Down,0.061262452353385,-4.776615883173731,-1.057648177850124,-1.212805622249888
MA0743.2,SCRT1,0.07,26,0.1,1081,0.1,Up,1171318.5,0.692259192601151,217,24,10629,1012,Up,0.415115714278005,-3.271120834593299,0.241918175944832,0.381830826016688
MA0726.1,VSX2,0,12,0.1,262,0,Up,1171131,0.69529124417344,217,6,10629,129,Up,0.053799312192793,-5.711704850066755,1.294545954943512,1.26922327661584
MA1653.1,ZNF148,0.05,122,0.6,8284,0.8,Down,1252507.5,0.029713091205673,217,79,10629,4644,Down,0.032186160821329,-1.323233586624501,-0.257510097654469,-1.492330823051822
MA1578.1,VEZF1,0.09,989,4.6,57148,5.4,Down,1260383,0.018957088513735,217,190,10629,9632,Down,0.127393307193586,-0.16665797646046,-0.049132853564617,-0.894853387740428
MA0442.2,SOX10,0.01,60,0.3,3832,0.4,Down,1218941,0.15021816794553,217,52,10629,3106,Down,0.09689106691835,-1.912668924676682,-0.275914296786572,-1.013716261823383
MA1545.1,OVOL2,0.02,16,0.1,516,0,Up,1179346.5,0.567585842888379,217,15,10629,495,Up,0.141083026182287,-4.116860074193896,0.61236958768936,0.850525233437685
MA1539.1,NR2F6(var.3),0.15,9,0,268,0,Up,1173039,0.664672384411137,217,9,10629,258,Up,0.115911918289773,-4.939354861101317,0.844821567617624,0.935871906733839
MA0145.3,TFCP2,0.09,7,0,687,0.1,Down,1185137.5,0.484903308784592,217,6,10629,588,Down,0.094654269230429,-4.619659691390809,-0.889544362408379,-1.023859793095816
MA0623.2,NEUROG1,0.05,33,0.2,2101,0.2,Down,1190408,0.415721653303357,217,14,10629,1044,Down,0.10547674841857,-3.627039966883238,-0.559701257450563,-0.976843266872903
MA0870.1,Sox1,0.12,5,0,102,0,Up,1169282,0.725445752593115,217,5,10629,97,Up,0.053683555893659,-6.036947886787123,1.46301582937666,1.270158725069923
MA0891.1,GSC2,0.1,862,4,42285,4,Down,1160571,0.872556286531214,217,193,10629,9916,Down,0.019267319704234,-0.134426324873553,-0.068511019436255,-1.71517869627463
MA1592.1,ZNF274,0.02,2,0,2,0,Up,1163658.5,0.819622140744829,217,2,10629,2,Up,0.00232818546128,-9.248400758093215,5.610914524488973,2.63298242711385
MA0146.2,Zfx,0.01,69,0.3,2421,0.2,Up,1244092.5,0.046635132291386,217,60,10629,2087,Up,0.004448911459375,-2.097116993218892,0.502217279514791,2.351746237337441
MA1643.1,NFIB,0.06,2,0,18,0,Up,1156724.5,0.939283102714264,217,1,10629,17,Up,0.305159197445433,-8.213206094147516,2.066594008265163,0.515473535949554
MA0857.1,Rarb,0.09,1,0,6,0,Up,1157910,0.918650057811843,217,1,10629,6,Up,0.131954531074851,-8.927627743549452,3.495437307069037,0.879575692317604
MA1141.1,FOS::JUND,0.05,26,0.1,1659,0.2,Down,1200792.5,0.297738728328431,217,22,10629,1525,Down,0.094609175930277,-3.036869072526412,-0.472298843760008,-1.024066740314607
MA0687.1,SPIC,0.03,2,0,45,0,Up,1158993,0.899848385714187,217,2,10629,45,Up,0.242008727136764,-7.15546748543755,1.42504797917764,0.616168972536098
MA1124.1,ZNF24,0.07,4,0,531,0,Down,1172362,0.675475959066229,217,3,10629,323,Down,0.223399073715132,-5.497840440955522,-0.91935245544593,-0.650918631942167
MA0876.1,BSX,0.06,1828,8.4,91267,8.6,Down,1178902.5,0.574193280183902,217,205,10629,10324,Down,0.037140847944047,-0.061939413471806,-0.039875187165204,-1.430148185323837
MA0136.2,ELF5,0,2,0,20,0,Up,1161705.5,0.85302608128106,217,2,10629,20,Up,0.070836895352762,-7.730588803227854,2.575290614758252,1.149740481371162
MA0777.1,MYBL2,0.09,0,0,92,0,Down,1160950,0.866022615483634,217,0,10629,71,Down,0.406571412732318,-7.990393184591383,-1.548956812289416,-0.39086316118513
MA0799.1,RFX4,0.15,18,0.1,1092,0.1,Down,1177383,0.597077160472439,217,13,10629,860,Down,0.312791975406354,-3.818369410878741,-0.383229355387762,-0.504744397176907
MA1547.1,PITX2,0.15,964,4.4,47015,4.4,Up,1155859,0.954373286224242,217,197,10629,10011,Down,0.040895606643965,-0.112789168650779,-0.052747158041693,-1.388323345116538
MA0515.1,Sox6,0.14,638,2.9,33065,3.1,Down,1211170.5,0.204590466391879,217,193,10629,9920,Down,0.018915380363715,-0.134135414945551,-0.069092839292259,-1.723184921185847
MA0888.1,EVX2,0.07,1084,5,54923,5.2,Down,1196881,0.339259242388204,217,194,10629,9914,Down,0.039334658885272,-0.130853529423544,-0.06078343265271,-1.405224611730678
MA0131.2,HINFP,0.07,70,0.3,3209,0.3,Up,1187798.5,0.449220019953582,217,60,10629,2586,Up,0.263885765555109,-1.942504496241403,0.192992285559813,0.578584035727651
MA1478.1,DMRTA2,0.09,464,2.1,25112,2.4,Down,1236708.5,0.067567033189938,217,175,10629,9105,Down,0.040582435162521,-0.266403980269903,-0.086280780323255,-1.391661896535922
MA1494.1,HNF4A(var.2),0.11,2,0,86,0,Up,1154544.5,0.977321412753518,217,2,10629,86,Up,0.696275413051403,-6.692050691718534,0.498214391739611,0.157218940404818
MA1607.1,Foxl2,0.14,113,0.5,7928,0.7,Down,1309900,6.017264300002267E-4,217,78,10629,5225,Down,1.151275319026928E-4,-1.247341792438691,-0.445818098811545,-3.938820805617879
MA0502.2,NFYB,0.14,174,0.8,7921,0.7,Up,1195307.5,0.35696218704201,217,113,10629,5141,Up,0.303472728768368,-0.993067808028178,0.109489409166004,0.517880330214947
MA1594.1,ZNF382,0.15,0,0,11,0,Down,1154440,0.979146797237529,217,0,10629,11,Down,0.999999999965992,-9.30854787495207,1.08735256843196,0.000000000014769
MA0518.1,Stat4,0.01,6,0,174,0,Up,1166571,0.770426513064852,217,6,10629,171,Up,0.171393632794765,-5.509076610823625,0.889289476457252,0.766005315980276
MA0482.2,GATA4,0.1,69,0.3,4311,0.4,Down,1213654,0.185844747852602,217,61,10629,3470,Down,0.164967152352897,-1.718607693501034,-0.207498783791633,-0.782602522283294
MA0098.3,ETS1,0.07,94,0.4,2752,0.3,Up,1308084.5,6.961926410559149E-4,217,75,10629,2258,Up,7.972204301854057E-6,-1.88055188409928,0.708170065376536,5.098421580263703
MA1580.1,ZBTB32,0.04,27,0.1,903,0.1,Up,1200922.5,0.296419720750533,217,26,10629,830,Up,0.029983734982412,-3.35745044671779,0.640998621089796,1.523114269379054
MA0508.3,PRDM1,0.13,324,1.5,17472,1.6,Down,1212979.5,0.190805569137228,217,158,10629,8377,Down,0.036194998616738,-0.400007304864957,-0.113050511463453,-1.441351435632943
MA0073.1,RREB1,0.1,1,0,150,0,Down,1163774,0.817656225385943,217,1,10629,146,Down,0.374985479175973,-6.680469175408875,-0.998879829212119,-0.425985549434542
MA0854.1,Alx1,0.02,7,0,127,0,Up,1172572.5,0.672109499482218,217,6,10629,116,Up,0.035680813247661,-5.788015921582891,1.447168097975784,1.447565255614677
MA1523.1,MSANTD3,0.08,236,1.1,12404,1.2,Down,1202609.5,0.279657714467519,217,136,10629,7145,Down,0.165558651304687,-0.622540657112544,-0.099147585407388,-0.781048120162786
MA0003.4,TFAP2A,0.06,170,0.8,7321,0.7,Up,1233653,0.078244212850499,217,119,10629,5145,Up,0.064002892645784,-0.955347669705775,0.182685773900866,1.193800397395599
MA1597.1,ZNF528,0.14,0,0,96,0,Down,1163662.5,0.819554038066046,217,0,10629,96,Down,0.268553832627124,-7.774100334346538,-1.981542512779108,-0.57096864527346
MA1128.1,FOSL1::JUN,0.06,39,0.2,2301,0.2,Down,1198669.5,0.319833802464787,217,33,10629,2048,Down,0.139336177078201,-2.53710816901154,-0.323348462533555,-0.855936109235768
MA0663.1,MLX,0.07,39,0.2,987,0.1,Up,1198713.5,0.319365259195279,217,19,10629,512,Up,0.015438531880284,-3.926923646353049,0.894908548958414,1.811394001060293
MA0151.1,Arid3a,0.06,641,3,33438,3.1,Down,1253549.5,0.028040828730187,217,172,10629,8830,Down,0.144003155141341,-0.300962870630859,-0.0669123368794,-0.841627992311261
MA0704.1,Lhx4,0.09,744,3.4,39891,3.8,Down,1224997,0.116091516803743,217,177,10629,9182,Down,0.045914867891452,-0.252155607975045,-0.082081536738002,-1.338046660918931
MA1540.1,NR5A1,0.04,99,0.5,4272,0.4,Up,1216730,0.164426067454372,217,83,10629,3427,Up,0.066781980764501,-1.507006231410257,0.251677866296437,1.175340703845061
MA0512.2,Rxra,0.11,2,0,71,0,Up,1156387,0.945165197097178,217,2,10629,69,Up,0.654160823328878,-6.849894269175143,0.813901546652829,0.1843154686512
MA0850.1,FOXP3,0.05,92,0.4,5775,0.5,Down,1245903.5,0.042431685595511,217,69,10629,4206,Down,0.020557017671775,-1.491656002147877,-0.308549031729413,-1.687039890777859
MA0709.1,Msx3,0.01,123,0.6,6321,0.6,Down,1158707,0.90480853549112,217,94,10629,4417,Up,0.62648148927598,-1.234700431150551,0.064142529271066,0.203091756631624
MA0102.4,CEBPA,0.12,70,0.3,4449,0.4,Down,1228367.5,0.099926705331902,217,57,10629,3448,Down,0.05661365938471,-1.771707201788721,-0.295348676005988,-1.247078772350476
MA1638.1,HAND2,0,2,0,33,0,Up,1160295,0.877319819149183,217,2,10629,33,Up,0.154638372012224,-7.376320210308011,1.866753428918564,0.810682731081348
MA0157.2,FOXO3,0.15,227,1,13052,1.2,Down,1251371,0.03163409642963,217,124,10629,6950,Down,0.014179168577766,-0.708877362059008,-0.191984593218003,-1.848349234080646
MA0834.1,ATF7,0.01,6,0,34,0,Up,1167345.5,0.757489489590464,217,3,10629,17,Up,0.007003363507643,-7.602009883479291,3.288986429601611,2.154693331132163
MA1648.1,TCF12(var.2),0.12,663,3.1,31674,3,Up,1178549,0.579479836234477,217,206,10629,9747,Up,0.103303965840783,-0.099921600128355,0.05009596162342,0.985883005588729
MA1602.1,ZSCAN29,0.06,11,0.1,382,0,Up,1171289,0.692735910079022,217,11,10629,372,Up,0.194737113922791,-4.537999567277309,0.593379865196462,0.710551270689446
MA0080.5,SPI1,0.12,37,0.2,1653,0.2,Up,1178638,0.578146700944753,217,36,10629,1516,Up,0.327600872439109,-2.692151682228483,0.23420930074482,0.484654950333517
MA0500.2,MYOG,0,6,0,42,0,Up,1166911.5,0.764730791099878,217,3,10629,21,Up,0.011726539719925,-7.453519014600727,2.992004691844479,1.930830121067898
MA1577.1,TLX2,0,12,0.1,262,0,Up,1171131,0.69529124417344,217,6,10629,129,Up,0.053799312192793,-5.711704850066755,1.294545954943512,1.26922327661584
MA0619.1,LIN54,0.04,223,1,10636,1,Up,1178893.5,0.574327590499898,217,109,10629,5750,Down,0.271257385886914,-0.938199479676151,-0.103770102917532,-0.566618427866876
MA0155.1,INSM1,0.14,451,2.1,21774,2,Up,1178516.5,0.579967014599288,217,181,10629,8381,Up,0.110109608444067,-0.30191961175944,0.081747518038199,0.958174781735206
MA0817.1,BHLHE23,0.07,12,0.1,1037,0.1,Down,1189598,0.425958525042239,217,9,10629,774,Down,0.08412942790983,-4.147804381864001,-0.738279390857009,-1.075052064328756
MA0758.1,E2F7,0.09,3,0,20,0,Up,1167020,0.76291850859306,217,3,10629,20,Up,0.010411871473145,-7.487875389642733,3.060717441928494,1.982471201573973
MA1569.1,TFAP2E,0.05,596,2.7,27329,2.6,Up,1211518,0.201887747003179,217,156,10629,7195,Up,0.212215530609761,-0.518879817052946,0.088054146498947,0.673222836215504
MA0635.1,BARHL2,0.14,1659,7.6,85833,8.1,Down,1214400.5,0.180466272443239,217,211,10629,10521,Down,0.026790955642189,-0.027545537928898,-0.025624399374487,-1.572011794688643
MA0828.1,SREBF2(var.2),0.09,37,0.2,882,0.1,Up,1202915.5,0.276687729192703,217,19,10629,471,Up,0.007030673431987,-3.987070763211905,1.015202782676125,2.153003074156785
MA0910.2,HOXD8,0.14,2437,11.2,120453,11.3,Down,1172369.5,0.675355901869531,217,210,10629,10496,Down,0.022333920586456,-0.032680276984207,-0.029029781370975,-1.651035032432084
MA0649.1,HEY2,0.13,258,1.2,9302,0.9,Up,1274586,0.007873879748649,217,102,10629,3992,Up,0.005680142390728,-1.249050457078557,0.327317931695824,2.245640777188202
MA0861.1,TP73,0.09,7,0,148,0,Up,1172614.5,0.671438590266974,217,6,10629,115,Up,0.034477873690687,-5.794234473202003,1.459605201214008,1.462459525703365
MA0866.1,SOX21,0.14,1,0,192,0,Down,1166603.5,0.769882328314295,217,1,10629,172,Down,0.268874829137914,-6.562621326787234,-1.234575526455402,-0.570449852585828
MA1472.1,BHLHA15(var.2),0.02,149,0.7,8933,0.8,Down,1254959,0.025908278296424,217,66,10629,4115,Down,0.013536307082251,-1.539261634355595,-0.340655041758612,-1.868499801866054
MA0810.1,TFAP2A(var.2),0.02,45,0.2,1464,0.1,Up,1221218.5,0.13658210503933,217,36,10629,1135,Up,0.007837603751031,-2.900860578187125,0.651627092662103,2.105816697108313
MA0610.1,DMRT3,0.02,9,0,812,0.1,Down,1189670,0.425042667673463,217,9,10629,775,Down,0.08417058669652,-4.146873610740739,-0.740140933103532,-1.074839645638961
MA0613.1,FOXG1,0.07,147,0.7,9714,0.9,Down,1287914,0.003184695900812,217,99,10629,5872,Down,0.005716138282419,-0.992136996258973,-0.272219947866937,-2.24289727348406
MA1143.1,FOSL1::JUND(var.2),0.01,2,0,19,0,Up,1161814,0.851162789510608,217,2,10629,19,Up,0.065232387531339,-7.766663696105772,2.647440400514088,1.185536725835779
MA0727.1,NR3C2,0.08,4,0,392,0,Down,1163879.5,0.815861520497533,217,2,10629,196,Down,0.443878581960064,-6.100172054407593,-0.685542882882271,-0.352735810056786
MA0103.3,ZEB1,0.01,347,1.6,17093,1.6,Down,1158785,0.903455390685564,217,175,10629,8037,Up,0.093066300117758,-0.356399684276961,0.093710627690862,1.031207551267987
MA0594.2,HOXA9,0.15,1603,7.4,75593,7.1,Up,1206216,0.246018773833875,217,215,10629,10588,Down,0.212386108670812,-0.009451520102723,-0.007752023088539,-0.672873892133427
MA0711.1,OTX1,0.14,738,3.4,34924,3.3,Up,1199521,0.310846224932489,217,195,10629,9820,Down,0.157312521004839,-0.134026072172064,-0.03964144251335,-0.803236709119258
MA0601.1,Arid3b,0.04,238,1.1,12241,1.2,Down,1265623,0.013849868394286,217,83,10629,5148,Down,0.003113008327605,-1.213508480087334,-0.335317636349409,-2.50681971753523
MA1515.1,KLF2,0.06,951,4.4,48267,4.5,Down,1186782,0.462672170425453,217,192,10629,9690,Down,0.183365655610056,-0.154793839764206,-0.042726230779242,-0.736682004411874
MA1135.1,FOSB::JUNB,0.11,201,0.9,10922,1,Down,1200554.5,0.30016367533615,217,88,10629,4793,Down,0.190814197482646,-1.223094219447873,-0.148343642410441,-0.719389314857402
MA0510.2,RFX5,0.1,6,0,208,0,Up,1164639,0.802970388544135,217,5,10629,139,Up,0.215501960068413,-5.778552387747335,0.946224831297083,0.666548775419609
MA0831.2,TFE3,0.12,280,1.3,10909,1,Up,1264985,0.014398644429089,217,127,10629,5421,Up,0.028307689691745,-0.870913959127562,0.200791610500659,1.548095573766983
MA0700.2,LHX2,0.01,33,0.2,1438,0.1,Up,1178342.5,0.582578553159897,217,32,10629,1327,Up,0.301456645237216,-2.871896873620592,0.258786191825912,0.520775138210821
MA0039.4,KLF4,0,4,0,85,0,Up,1165388.5,0.790301312660643,217,4,10629,84,Up,0.099699018073434,-6.28492663411833,1.379960089649102,1.001309118994154
MA0884.1,DUXA,0.01,4,0,51,0,Up,1163682,0.819222057005288,217,3,10629,51,Up,0.093347486239415,-6.823401128360167,1.731768919363359,1.029897372702048
MA1107.2,KLF9,0.04,7,0,178,0,Up,1172083.5,0.67993990545803,217,7,10629,169,Up,0.09110829011559,-5.414312823608146,1.112663656961148,1.04044210395292
MA0897.1,Hmx2,0.02,1,0,13,0,Up,1157150.5,0.931863359157648,217,1,10629,13,Up,0.246566643945879,-8.400403851538266,2.440989523046661,0.608065676037411
MA1627.1,Wt1,0.08,89,0.4,5416,0.5,Down,1234597,0.07480795408335,217,61,10629,3761,Down,0.026123801022961,-1.660525412797251,-0.3236633451992,-1.582963632787533
MA0467.1,Crx,0.06,10,0,732,0.1,Down,1182187,0.526198467499337,217,9,10629,710,Down,0.166665137236162,-4.210019676637394,-0.613848801310221,-0.778155235741301
MA0914.1,ISL2,0.04,120,0.6,8078,0.8,Down,1280921,0.005171185523116,217,88,10629,5421,Down,0.002492305266398,-1.134287902515492,-0.325956276275202,-2.603398764824858
MA0124.2,Nkx3-1,0.06,116,0.5,7675,0.7,Down,1271425.5,0.00964752557201,217,86,10629,5243,Down,0.00486864152136,-1.174857535698155,-0.310771654802423,-2.312592201430041
MA0162.4,EGR1,0.05,35,0.2,1475,0.1,Up,1180648.5,0.548422678770064,217,32,10629,1306,Up,0.296035536138399,-2.88339924180634,0.281790928197407,0.528656153054307
MA0494.1,Nr1h3::Rxra,0.04,3,0,31,0,Up,1165826.5,0.782922978822165,217,3,10629,31,Up,0.029978216435761,-7.178011430201817,2.440989523046661,1.523194209217864
MA1520.1,MAF,0.12,3,0,336,0,Down,1167884,0.748534169746444,217,2,10629,233,Down,0.338306856208514,-5.975725435682066,-0.934436120333327,-0.470689200605896
MA0712.2,OTX2,0.01,228,1.1,10308,1,Up,1194976,0.360764709106598,217,123,10629,5770,Up,0.492113676693014,-0.848904929679353,0.06480114105588,0.307934565000935
MA0626.1,Npas2,0.03,224,1,7898,0.7,Up,1265737,0.013753780055511,217,84,10629,3114,Up,0.003293341228112,-1.567496706296275,0.407009103684737,2.482363269042587
MA1683.1,FOXA3,0.1,118,0.5,8036,0.8,Down,1287723.5,0.003227958233328,217,84,10629,5208,Down,0.00309879966734,-1.196563017786644,-0.334858273334525,-2.508806499327347
MA0896.1,Hmx1,0.15,60,0.3,3996,0.4,Down,1225448,0.113816381565425,217,52,10629,3163,Down,0.071278972570208,-1.899553153890092,-0.302145838359752,-1.147038568936178
MA0650.2,HOXA13,0.01,2,0,56,0,Up,1157907,0.918702208176735,217,2,10629,55,Up,0.316365878187926,-7.012156872361843,1.13842675302623,0.49981036371361
MA0164.1,Nr2e3,0.02,148,0.7,8794,0.8,Down,1211330,0.203346688005351,217,60,10629,3479,Down,0.12452870574851,-1.728565088306607,-0.234886530309778,-0.904730525586882
MA0800.1,EOMES,0.12,92,0.4,5425,0.5,Down,1240187,0.056901664500874,217,67,10629,4185,Down,0.011362411901571,-1.516328923384741,-0.343454140601038,-1.944529471057991
MA0648.1,GSC,0.09,829,3.8,40375,3.8,Up,1153453,0.99639156929626,217,193,10629,9883,Down,0.031206611720698,-0.136830818834753,-0.063702031513856,-1.505753382596638
MA1637.1,EBF3,0.04,13,0.1,1000,0.1,Down,1186390,0.467919234022162,217,12,10629,892,Down,0.170433796479473,-3.847546578634984,-0.546937644652764,-0.768444281815894
MA1603.1,Dmrt1,0.03,6,0,58,0,Up,1173766,0.653148028362928,217,5,10629,56,Up,0.007341591331198,-6.430523562454335,2.250167180711083,2.134209794109536
MA0148.4,FOXA1,0.15,243,1.1,14292,1.3,Down,1276931.5,0.006752725413817,217,128,10629,7155,Down,0.010616296471368,-0.665098145706092,-0.188297791672241,-1.974026961839061
MA1108.2,MXI1,0.01,154,0.7,8089,0.8,Down,1185821,0.47559381633933,217,104,10629,5226,Down,0.732071861581961,-1.040834570319256,-0.033355776671905,-0.135446285667449
MA0748.2,YY2,0.14,236,1.1,8948,0.8,Up,1307885.5,7.073459882953603E-4,217,148,10629,5830,Up,7.979355629945558E-5,-0.708467346050018,0.315829752229386,4.098032178531237
MA1538.1,NR2F1(var.3),0.11,4,0,143,0,Up,1159947.5,0.883323686070327,217,4,10629,134,Up,0.358868847849383,-5.94963517098111,0.709377163374662,0.445064239616905
MA0113.3,NR3C1,0.08,4,0,395,0,Down,1163989,0.813999791037028,217,2,10629,197,Down,0.444030900704218,-6.096510384004663,-0.69286622368813,-0.352586805699885
MA0488.1,JUN,0.05,10,0,206,0,Up,1170476,0.705921232640312,217,7,10629,186,Up,0.112304985326517,-5.345367645048699,0.974773299842253,0.949600964560087
MA1501.1,HOXB7,0.04,17,0.1,1762,0.2,Down,1228828,0.097864799413803,217,15,10629,1425,Down,0.004386665803565,-3.354604535818164,-0.912141489062105,-2.357865450891695
MA0658.1,LHX6,0.01,14,0.1,263,0,Up,1182241,0.525426859569533,217,9,10629,174,Up,0.011290811213798,-5.222823483153959,1.411758811722907,1.947274854087465
MA0752.1,ZNF410,0.15,0,0,66,0,Down,1158888.5,0.901660305086865,217,0,10629,52,Down,0.627987094144328,-8.213206094147516,-1.103330993177149,-0.202049281421238
MA0624.1,NFATC1,0.01,330,1.5,15773,1.5,Up,1167051.5,0.76239260487439,217,167,10629,7798,Up,0.245264495071549,-0.411829740006769,0.069950869231626,0.610365316492094
MA0720.1,Shox2,0.01,285,1.3,15553,1.5,Down,1195862.5,0.350652726462113,217,126,10629,6058,Up,0.781991432740791,-0.796459599921301,0.029163167759041,0.106798004911739
MA0043.3,HLF,0.02,9,0,313,0,Up,1168052.5,0.745738883401936,217,9,10629,304,Up,0.299167659612307,-4.821215887305619,0.608543620026226,0.524085356031657
MA0875.1,BARX1,0.07,2105,9.7,104667,9.8,Down,1180955.5,0.543951177776064,217,208,10629,10400,Down,0.057558221348485,-0.046194432964716,-0.029547168653422,-1.239892635000777
MA0598.3,EHF,0.13,312,1.4,13221,1.2,Up,1233045,0.080524652392491,217,163,10629,7402,Up,0.086114597566495,-0.466857005199078,0.11026447992214,1.06492322363089
MA1117.1,RELB,0.12,362,1.7,18601,1.8,Down,1215798.5,0.170706236546915,217,160,10629,8520,Down,0.025303922488518,-0.378752920503965,-0.119378366219644,-1.596812151429845
MA0698.1,ZBTB18,0.06,31,0.1,1073,0.1,Up,1197919,0.327894854570877,217,29,10629,1010,Up,0.061780761241861,-3.138580525109789,0.512703967471079,1.209146744770362
MA0633.1,Twist2,0,1,0,16,0,Up,1156825,0.937532171000286,217,1,10629,16,Up,0.290950711386472,-8.255650542940772,2.151482905851676,0.536180576601378
MA0465.2,CDX2,0.09,83,0.4,5040,0.5,Down,1211366,0.203066723726366,217,67,10629,3764,Down,0.173411671226743,-1.592799782520527,-0.190512422329466,-0.76092167630159
MA0707.1,MNX1,0.13,2137,9.8,109403,10.3,Down,1200818.5,0.297474613543764,217,205,10629,10299,Down,0.049475683607221,-0.06368822038064,-0.036377573347535,-1.305608196418329
MA0826.1,OLIG1,0.08,16,0.1,1363,0.1,Down,1198780.5,0.31865265870349,217,10,10629,913,Down,0.036061890752534,-3.956539682277453,-0.832028971359755,-1.442951506624565
MA0860.1,Rarg(var.2),0.12,1,0,34,0,Up,1154980,0.969715575705774,217,1,10629,33,Up,0.497523368802271,-7.744803007391114,1.129787834752358,0.303186515514192
MA0768.1,LEF1,0.11,16,0.1,564,0.1,Up,1179504.5,0.565243361300409,217,16,10629,540,Up,0.158128324572636,-4.009056389434026,0.577157836112776,0.800990330549689
MA0040.1,Foxq1,0.1,104,0.5,7000,0.7,Down,1284487,0.004049622072546,217,73,10629,4703,Down,0.001837718121174,-1.370733186063014,-0.388932119673424,-2.735721102202801
MA0158.2,HOXA5,0.15,2274,10.5,116176,10.9,Down,1206094,0.24710821017768,217,208,10629,10394,Down,0.063439380755239,-0.046610695070296,-0.028714644442261,-1.197641064906962
MA0504.1,NR2C2,0.1,11,0.1,307,0,Up,1180988,0.543478873948791,217,11,10629,282,Up,0.051227541473929,-4.737494346300797,0.992369423243436,1.290496486402153
MA0825.1,MNT,0.01,224,1,7898,0.7,Up,1265737,0.013753780055511,217,84,10629,3114,Up,0.003293341228112,-1.567496706296275,0.407009103684737,2.482363269042587
MA0835.2,BATF3,0.03,39,0.2,2303,0.2,Down,1198881.5,0.317580409342857,217,33,10629,2050,Down,0.139277076093367,-2.536404243588083,-0.324756313380471,-0.856120359135452
MA0631.1,Six3,0.11,15,0.1,583,0.1,Up,1171440.5,0.690288979242216,217,15,10629,566,Up,0.285966284543873,-4.020264624876882,0.419178689055332,0.543685167219522
MA0025.2,NFIL3,0.03,22,0.1,1103,0.1,Down,1160004,0.882347052040059,217,22,10629,1007,Up,0.72526054552075,-3.336120243108075,0.126203497403318,0.139505947698447
MA0636.1,BHLHE41,0.05,35,0.2,783,0.1,Up,1190044,0.420303838378056,217,15,10629,397,Up,0.028298252144336,-4.275825172701281,0.930299784704131,1.548240388062707
MA0609.2,CREM,0.12,31,0.1,1132,0.1,Up,1177455,0.595983520527968,217,16,10629,559,Up,0.167373662989223,-3.984134632813153,0.527314322871032,0.776312879188131
MA0654.1,ISX,0.05,304,1.4,16403,1.5,Down,1192794,0.386423592980521,217,131,10629,6284,Up,0.727819597286095,-0.742078232400872,0.032251261914167,0.137976254769807
MA0706.1,MEOX2,0.01,17,0.1,1701,0.2,Down,1223077,0.126179448443917,217,15,10629,1372,Down,0.007281304775515,-3.381935480840859,-0.857479599016713,-2.137790790188043
MA0645.1,ETV6,0.04,95,0.4,2739,0.3,Up,1290076.5,0.002729327889913,217,70,10629,2206,Up,9.47751906959698E-5,-1.946781160793188,0.642921844911781,4.023305333062181
MA0830.2,TCF4,0.07,428,2,20792,2,Up,1169226,0.726365989196561,217,186,10629,8728,Up,0.179725649184605,-0.253053927116719,0.062428313271732,0.745389939004326
MA1553.1,RARG(var.3),0.13,14,0.1,313,0,Up,1191486.5,0.40231937776452,217,13,10629,284,Up,0.009019266818631,-4.616742680745553,1.21351718434586,2.044828765070536
MA0793.1,POU6F2,0.15,611,2.8,32234,3,Down,1220648.5,0.13990178136765,217,167,10629,8577,Down,0.165829060655606,-0.343149457585501,-0.067409695610909,-0.780339359331978
MA0509.2,RFX1,0.05,12,0.1,392,0,Up,1171727.5,0.685662420981725,217,11,10629,369,Up,0.191423817346947,-4.543832597878996,0.605045926399835,0.718004027380329
MA0846.1,FOXC2,0.09,88,0.4,6577,0.6,Down,1274759,0.007785819461304,217,64,10629,4171,Down,0.003855458071029,-1.551539960235029,-0.404208750155616,-2.413924015563314
MA0731.1,BCL6B,0.11,1,0,3,0,Up,1158235.5,0.912993869461636,217,1,10629,3,Up,0.077670027728888,-9.374170141591199,4.388522103152527,1.109746539798462
MA0144.2,STAT3,0.15,376,1.7,17416,1.6,Up,1217022.5,0.162490378917644,217,177,10629,8067,Up,0.053969982140625,-0.345538267097403,0.104683781506713,1.267847725648499
MA0683.1,POU4F2,0.12,2,0,41,0,Up,1159427,0.892328973876123,217,2,10629,41,Up,0.212386108670812,-7.221845089863434,1.557803188029411,0.672873892133428
MA0514.1,Sox3,0.1,294,1.4,15167,1.4,Down,1188810,0.436057087995652,217,142,10629,7514,Down,0.097819171406353,-0.555189099496337,-0.1097287643753,-1.009576020263182
MA0803.1,TBX15,0.13,188,0.9,9934,0.9,Down,1197569.5,0.331693404597438,217,119,10629,6185,Down,0.331039751928362,-0.822558197145251,-0.082893171220183,-0.480119852125972
MA0519.1,Stat5a::Stat5b,0.02,14,0.1,1009,0.1,Down,1181036.5,0.542774431103773,217,14,10629,938,Down,0.274199266046026,-3.704231888001354,-0.405317415214329,-0.56193371202859
MA0762.1,ETV2,0.11,44,0.2,1722,0.2,Up,1191156.5,0.406392444835921,217,38,10629,1515,Up,0.171159293389919,-2.654146514240962,0.312122928399546,0.766599515115731
MA0798.2,RFX3,0.01,5,0,133,0,Up,1166024.5,0.779593921562018,217,5,10629,127,Up,0.193494995292087,-5.8434363252325,1.075992706267412,0.713330263436483
MA1142.1,FOSL1::JUND,0.03,11,0.1,822,0.1,Down,1185268,0.483118266541161,217,10,10629,787,Down,0.146437308320514,-4.063602084953876,-0.617904166006908,-0.834348262529454
MA1525.1,NFATC4,0.04,330,1.5,15760,1.5,Up,1168113.5,0.744727762342438,217,167,10629,7837,Up,0.311014042890317,-0.408231299019628,0.062753987257344,0.507220001287994
MA0592.3,ESRRA,0.11,78,0.4,3126,0.3,Up,1208325.5,0.22771206046524,217,64,10629,2652,Up,0.132616275600748,-1.878146707367887,0.2490047441101,0.877403172991315
MA0868.2,SOX8,0.09,393,1.8,20573,1.9,Down,1235742.5,0.070804797907595,217,160,10629,8315,Down,0.115187481323102,-0.396320460357175,-0.084243286513226,-0.938594717854861
MA0856.1,RXRG,0.11,2,0,59,0,Up,1157689,0.922492723179227,217,2,10629,57,Up,0.331103765187294,-6.986619780064709,1.08735256843196,0.480035880586598
MA1421.1,TCF7L1,0.04,2,0,52,0,Up,1158233.5,0.913028610151328,217,2,10629,52,Up,0.294130523658811,-7.052242046703835,1.218597101710214,0.531459903854967
MA1099.2,HES1,0.07,458,2.1,17344,1.6,Up,1303343,0.001011776000229,217,157,10629,6852,Up,0.017748566892485,-0.549517489930369,0.167707835163115,1.750836708288468
MA0523.1,TCF7L2,0.15,478,2.2,25183,2.4,Down,1235142.5,0.072879129312591,217,168,10629,9104,Down,0.001234940986578,-0.295844425259169,-0.144844768590126,-2.908353795291702
MA0675.1,NKX6-2,0.1,2674,12.3,128530,12.1,Up,1170578.5,0.7042539055007,217,208,10629,10435,Down,0.020881338233585,-0.043771013214087,-0.034394008154679,-1.680241671913187
MA1155.1,ZSCAN4,0.15,6,0,493,0,Down,1172836.5,0.66789671458227,217,6,10629,474,Down,0.314125152054855,-4.774976855399477,-0.578910034391044,-0.502897288175513
MA1146.1,NR1H4::RXRA,0.12,7,0,148,0,Up,1176910,0.604284351217483,217,7,10629,124,Up,0.016104151752099,-5.636882589142278,1.557803188029411,1.793062145671029
MA1641.1,MYF5,0.07,406,1.9,21020,2,Down,1218451.5,0.153280100173794,217,121,10629,6477,Down,0.122851140732094,-0.777311903643958,-0.125494366972703,-0.910620806531449
MA0075.3,PRRX2,0.03,162,0.7,9232,0.9,Down,1209148,0.220844026130537,217,59,10629,3372,Down,0.161778575938645,-1.763118607408791,-0.213870440038713,-0.791078991794691
MA0664.1,MLXIPL,0.07,224,1,7898,0.7,Up,1265737,0.013753780055511,217,84,10629,3114,Up,0.003293341228112,-1.567496706296275,0.407009103684737,2.482363269042587
MA1129.1,FOSL1::JUN(var.2),0,6,0,34,0,Up,1167345.5,0.757489489590464,217,3,10629,17,Up,0.007003363507643,-7.602009883479291,3.288986429601611,2.154693331132163
MA1651.1,ZFP42,0.09,43,0.2,1505,0.1,Up,1188486,0.440249002397221,217,34,10629,1367,Up,0.219989646400802,-2.807404065751533,0.302113863587224,0.657597758345111
MA0749.1,ZBED1,0.15,1,0,315,0,Down,1171191.5,0.694312366766894,217,1,10629,214,Down,0.135199825429815,-6.405430683870226,-1.548956812289416,-0.869023869155605
MA1565.1,TBX18,0.14,368,1.7,20043,1.9,Down,1219521,0.14665077060512,217,168,10629,8894,Down,0.016181993180289,-0.312677566373386,-0.111178486361693,-1.790967986191729
MA0142.1,Pou5f1::Sox2,0.11,15,0.1,563,0.1,Up,1174014.5,0.649227548257781,217,15,10629,542,Up,0.21454489991757,-4.051491034121219,0.481631507544007,0.668481804897251
MA0840.1,Creb5,0.14,55,0.3,2049,0.2,Up,1196128.5,0.347653955701998,217,32,10629,1164,Up,0.079975207277403,-2.966397484360916,0.447787413306561,1.097044625650664
MA1616.1,Prdm15,0.08,3,0,414,0,Down,1181259,0.539548551417841,217,3,10629,405,Down,0.068916786170155,-5.334872339843138,-1.245288657670696,-1.161674983416571
MA0473.3,ELF1,0.15,381,1.8,16923,1.6,Up,1240070.5,0.057234723253213,217,179,10629,8302,Up,0.134808712337692,-0.316743784874016,0.079424455921954,0.870282039566906
MA0600.2,RFX2,0.05,2,0,72,0,Up,1154440.5,0.979138063072861,217,1,10629,38,Up,0.545972394260933,-7.644454332272549,0.929090484515228,0.262829315762731
MA0705.1,Lhx8,0.15,2789,12.9,139175,13.1,Down,1176775.5,0.606340862399807,217,203,10629,10271,Down,0.021634595858976,-0.072706730461788,-0.046559752016112,-1.664851213146366
MA0628.1,POU6F1,0.04,160,0.7,9222,0.9,Down,1213842,0.184479186554146,217,58,10629,3371,Down,0.121934588667518,-1.775559052024836,-0.237895638255701,-0.91387308243189
MA0072.1,RORA(var.2),0.09,9,0,832,0.1,Down,1192559,0.389251971480776,217,9,10629,802,Down,0.066537011066091,-4.122186305253951,-0.789515544077107,-1.176936712133546
MA1499.1,HOXB4,0.12,929,4.3,49523,4.7,Down,1225405,0.114031775567841,217,190,10629,9685,Down,0.071787000711761,-0.162699852999663,-0.05704910048621,-1.14395419127677
MA0852.2,FOXK1,0.1,92,0.4,6162,0.6,Down,1272531,0.008990254880437,217,68,10629,4417,Down,0.002675115838725,-1.466805601780824,-0.400067811989479,-2.572657407276392
MA1103.2,FOXK2,0.08,140,0.6,9316,0.9,Down,1284264.5,0.004112547522688,217,96,10629,5687,Down,0.007285234287297,-1.037310871916145,-0.27020736310373,-2.137556477106884
MA0077.1,SOX9,0.1,237,1.1,12499,1.2,Down,1230219.5,0.091840239049919,217,125,10629,6736,Down,0.087731514958948,-0.725665322254827,-0.135325429060984,-1.056844371124386
MA0660.1,MEF2B,0.13,14,0.1,998,0.1,Down,1179682,0.562617331181272,217,14,10629,925,Down,0.273590719944817,-3.714293765481504,-0.385193660254029,-0.562898637745449
MA0911.1,Hoxa11,0.12,67,0.3,4528,0.4,Down,1234273,0.07597318383033,217,59,10629,3540,Down,0.058582754396451,-1.728051270793033,-0.284005113270228,-1.232230212868521
MA0751.1,ZIC4,0.06,8,0,244,0,Up,1171109,0.695647325658343,217,8,10629,227,Up,0.148192959993566,-5.111736064812378,0.868654630653254,0.829172427318692
MA0091.1,TAL1::TCF3,0.06,21,0.1,693,0.1,Up,1191435,0.402953406119127,217,21,10629,675,Up,0.066599100871956,-3.657290495966687,0.637367319865386,1.176531634027658
MA0088.2,ZNF143,0.15,23,0.1,959,0.1,Up,1171755.5,0.685211676356013,217,22,10629,906,Up,0.390222757742154,-3.412320699943661,0.27860441107449,0.408687406203345
MA1552.1,RARB(var.3),0.11,8,0,155,0,Up,1179994,0.558015760632103,217,8,10629,145,Up,0.011748534102934,-5.434159760901266,1.513502022831028,1.930016318134562
MA0607.1,Bhlha15,0.14,922,4.2,46591,4.4,Down,1184834,0.489068509608522,217,189,10629,9464,Down,0.379589679594693,-0.183146545655712,-0.031342013818574,-0.420685603821156
MA0839.1,CREB3L1,0.07,0,0,72,0,Down,1161058.5,0.86415382249123,217,0,10629,72,Down,0.406738383087632,-7.98037430797311,-1.568994565525961,-0.390684842159967
MA0771.1,HSF4,0.15,76,0.4,4735,0.4,Down,1239823.5,0.057946229721943,217,56,10629,3537,Down,0.019803758603115,-1.76598215546968,-0.357420945702446,-1.703252376118277
MA0521.1,Tcf12,0.02,33,0.2,2614,0.2,Down,1242787,0.049878151682733,217,29,10629,2242,Down,0.005228927820691,-2.563561193396345,-0.637334695955809,-2.281587353062681
MA1131.1,FOSL2::JUN(var.2),0.01,6,0,34,0,Up,1167345.5,0.757489489590464,217,3,10629,17,Up,0.007003363507643,-7.602009883479291,3.288986429601611,2.154693331132163
MA0599.1,KLF5,0.02,427,2,24476,2.3,Down,1216819,0.163835259208238,217,152,10629,7815,Down,0.245129286904589,-0.477934907815414,-0.068542500940856,-0.610604798167698
MA1584.1,ZIC5,0.15,61,0.3,2443,0.2,Up,1189483.5,0.427417361864024,217,47,10629,1995,Up,0.292238402864543,-2.304133767059468,0.218235569308649,0.534262714287144
MA0057.1,MZF1(var.2),0.02,53,0.2,4183,0.4,Down,1279429.5,0.005718385234462,217,42,10629,3185,Down,5.35143152570055E-4,-2.046981323858626,-0.616998661479526,-3.271530027221551
MA0841.1,NFE2,0.02,3,0,90,0,Up,1159425,0.892363603881735,217,3,10629,90,Up,0.436526083501202,-6.416728448410172,0.918423559463372,0.359989801025539
MA0782.2,PKNOX1,0.11,19,0.1,1595,0.2,Down,1226709,0.107641138732282,217,16,10629,1473,Down,0.004997966766623,-3.285616120739351,-0.869722701276574,-2.301206635988763
MA1115.1,POU5F1,0.1,266,1.2,12941,1.2,Up,1211898,0.19896215369679,217,128,10629,6902,Down,0.072740690115235,-0.691064944645922,-0.13636419379258,-1.138222582964881
MA1119.1,SIX2,0.12,27,0.1,1102,0.1,Up,1177885,0.58947115471212,217,26,10629,1045,Up,0.299842883026782,-3.191379952404188,0.308857632462593,0.523106254976536
MA0143.4,SOX2,0.15,375,1.7,20592,1.9,Down,1255509,0.025114999698737,217,156,10629,8289,Down,0.038553633323327,-0.416784744722884,-0.116135998161176,-1.41393468744657
MA0629.1,Rhox11,0.12,291,1.3,13461,1.3,Up,1206083,0.247206603838617,217,159,10629,7412,Up,0.295651158074343,-0.483750303937778,0.072582653933114,0.529220415517196
MA0065.2,Pparg::Rxra,0.14,95,0.4,5817,0.5,Down,1247779,0.038420871870482,217,72,10629,4371,Down,0.021184504006591,-1.433417966140329,-0.303089069161654,-1.673981699693313
MA0037.3,GATA3,0.15,1273,5.9,63006,5.9,Down,1159817.5,0.885571479764028,217,209,10629,10349,Down,0.288972786630367,-0.046288911041937,-0.015552491989604,-0.539143054034955
MA0112.3,ESR1,0.11,3,0,78,0,Up,1163084,0.829417272260674,217,3,10629,56,Up,0.114017647584754,-6.756561910744181,1.598090484131389,0.943027923615168
MA1506.1,HOXD10,0.11,18,0.1,1256,0.1,Down,1183975,0.500961064231614,217,18,10629,1157,Down,0.269129443354211,-3.377203931092303,-0.356428588029676,-0.570038786863636
MA0498.2,MEIS1,0.11,1619,7.5,84627,8,Down,1239132.5,0.059975858363364,217,215,10629,10610,Down,0.065232387531339,-0.007954312579069,-0.010746438135847,-1.185536725835779
MA0773.1,MEF2D,0.12,10,0,945,0.1,Down,1195152,0.358742719655264,217,10,10629,873,Down,0.058858656883798,-3.988838195132818,-0.767431945649026,-1.230189652440461
MA0701.2,LHX9,0.11,522,2.4,27364,2.6,Down,1213116,0.189793849957371,217,163,10629,8274,Down,0.363898612041157,-0.386527229210311,-0.050395072055395,-0.439019600868879
MA0637.1,CENPB,0.14,48,0.2,1616,0.2,Up,1212622,0.193474114371719,217,41,10629,1478,Up,0.047311000021249,-2.617849873246953,0.456035427715574,1.325037872092623
MA0689.1,TBX20,0.13,85,0.4,5367,0.5,Down,1261541.5,0.017704266920413,217,64,10629,4145,Down,0.004774638824213,-1.556050023148944,-0.395188624327787,-2.321059474883114
MA1468.1,ATOH7,0.07,36,0.2,2488,0.2,Down,1201913,0.286498381893078,217,20,10629,1427,Down,0.085456618985858,-3.151915335546433,-0.510808501143148,-1.068254293648844
MA1132.1,JUN::JUNB,0.09,186,0.9,8425,0.8,Up,1208918.5,0.222745280672542,217,126,10629,5683,Up,0.191596833868846,-0.84255010301849,0.121344173953419,0.717611671899699
MA0898.1,Hmx3,0.15,67,0.3,3838,0.4,Down,1193999.5,0.372112780018076,217,54,10629,2990,Down,0.321326112030644,-1.913151189458439,-0.167072153001451,-0.493053980797589
MA0528.2,ZNF263,0.01,70,0.3,4923,0.5,Down,1248847,0.036284373954953,217,56,10629,3563,Down,0.016409835957488,-1.76069976725848,-0.367985722124845,-1.784895760392001
MA0616.2,HES2,0.12,362,1.7,13313,1.3,Up,1301609.5,0.001157030066926,217,138,10629,5737,Up,0.004763352178014,-0.770354503361717,0.238450157349629,2.322087307777981
MA1145.1,FOSL2::JUND(var.2),0.01,6,0,34,0,Up,1167345.5,0.757489489590464,217,3,10629,17,Up,0.007003363507643,-7.602009883479291,3.288986429601611,2.154693331132163
MA1640.1,MEIS2(var.2),0.13,108,0.5,6186,0.6,Down,1217335,0.160441384755059,217,76,10629,4273,Down,0.141590024272394,-1.411033728111748,-0.192900039863383,-0.848967343793625
MA0499.2,MYOD1,0.01,6,0,198,0,Up,1164075.5,0.812529851688375,217,6,10629,194,Up,0.299271615442243,-5.418295821416936,0.707727897643873,0.523934472071866
MA0046.2,HNF1A,0.03,1,0,18,0,Up,1156716,0.939431205049152,217,1,10629,17,Up,0.305159197445433,-8.213206094147516,2.066594008265163,0.515473535949554
MA0757.1,ONECUT3,0.09,14,0.1,536,0.1,Up,1166901.5,0.764897886776137,217,13,10629,512,Up,0.421778940451221,-4.192181004702439,0.364393832259633,0.374915108508706
MA0002.2,RUNX1,0.08,265,1.2,14598,1.4,Down,1217248.5,0.161006581750564,217,147,10629,7723,Down,0.123947920089633,-0.510523753096669,-0.099553386780437,-0.906760756521606
MA0760.1,ERF,0.11,97,0.4,2842,0.3,Up,1294558,0.001969236467535,217,72,10629,2281,Up,8.172864070499545E-5,-1.902490838750284,0.635056676058255,4.087625724123276
MA1573.1,THAP11,0.15,35,0.2,1375,0.1,Up,1178722.5,0.576882307859858,217,26,10629,1046,Up,0.300142025799305,-3.190690327571123,0.307478382796463,0.522673190530208
MA1113.2,PBX2,0.09,20,0.1,1414,0.1,Down,1215657,0.171675743507987,217,14,10629,1283,Down,0.010710929323782,-3.478404565129082,-0.856972060958873,-1.970172846378151
MA1657.1,ZNF652,0.15,96,0.4,5018,0.5,Down,1197524.5,0.33218454711484,217,67,10629,3748,Down,0.196265022951696,-1.595872211051232,-0.184367565268056,-0.707157090581104
MA1491.1,GLI3,0.06,6,0,134,0,Up,1170805.5,0.700566451344519,217,6,10629,132,Up,0.058648315212554,-5.695184719184751,1.261505693179504,1.231744459326811
MA0728.1,Nr2f6(var.2),0.03,1,0,3,0,Up,1158235.5,0.912993869461636,217,1,10629,3,Up,0.077670027728888,-9.374170141591199,4.388522103152527,1.109746539798462
MA1476.1,DLX5,0.01,123,0.6,6321,0.6,Down,1158707,0.90480853549112,217,94,10629,4417,Up,0.62648148927598,-1.234700431150551,0.064142529271066,0.203091756631624
MA0674.1,NKX6-1,0.14,1179,5.4,61621,5.8,Down,1220955.5,0.138106183160336,217,195,10629,9957,Down,0.033832182494927,-0.124032524701127,-0.059628537455223,-1.470669985217322
MA0717.1,RAX2,0.15,2643,12.2,135291,12.7,Down,1203756,0.268640902235485,217,210,10629,10490,Down,0.0273119102403,-0.033092730907167,-0.028204873525054,-1.563647923521615
MA0470.2,E2F4,0.1,12,0.1,1186,0.1,Down,1201268.5,0.292928206544253,217,10,10629,930,Down,0.028044718965093,-3.943238971561622,-0.858630392791418,-1.552148907678746
MA0625.1,NFATC3,0.02,275,1.3,13163,1.2,Up,1179078.5,0.571569761315587,217,154,10629,7128,Up,0.243057476523523,-0.534905930468478,0.082994735273524,0.614291015350723
MA0627.2,POU2F3,0.09,55,0.3,3365,0.3,Down,1213949.5,0.183701692081893,217,45,10629,2749,Down,0.099290663943632,-2.103954747250708,-0.306244406573372,-1.003091585224452
MA1420.1,IRF5,0.12,8,0,255,0,Up,1168722,0.734665750088908,217,8,10629,249,Up,0.177260524081783,-5.045149429686777,0.735481360402052,0.751387971011104
MA0095.2,YY1,0.03,35,0.2,1372,0.1,Up,1173345,0.659811828798856,217,29,10629,1245,Up,0.455447826961668,-2.987752675179238,0.211048267609978,0.34156136569516
MA0678.1,OLIG2,0.07,17,0.1,1526,0.1,Down,1199937.5,0.306511355190492,217,10,10629,922,Down,0.03636913071288,-3.949467591117318,-0.846173153680025,-1.439267079234299
MA1496.1,HOXA4,0.13,923,4.3,49757,4.7,Down,1242121.5,0.051602809484166,217,191,10629,9739,Down,0.063928136683995,-0.154912564643932,-0.057516888334403,-1.194307953780624
MA0066.1,PPARG,0.13,1,0,25,0,Up,1156280.5,0.9470219606613,217,1,10629,21,Up,0.359214522546342,-8.06471522526895,1.769612270508031,0.444646113724542
MA0041.1,Foxd3,0.03,12,0.1,262,0,Up,1184025,0.50026465624632,217,11,10629,256,Up,0.022730269318845,-4.807140367148544,1.131661464938932,1.64339541852073
MA0138.2,REST,0.02,1,0,2,0,Up,1158344,0.911109437971185,217,1,10629,2,Up,0.058834567161375,-9.616883555176319,4.873948930322768,1.230367437249225
MA1635.1,BHLHE22(var.2),0.01,406,1.9,21036,2,Down,1218855,0.150752713076928,217,121,10629,6479,Down,0.122686712422723,-0.777089213970061,-0.125939746320498,-0.911202470964739
MA0690.1,TBX21,0.15,151,0.7,8874,0.8,Down,1263014.5,0.016216522700512,217,99,10629,5907,Down,0.003733060174141,-0.987850538278148,-0.280792863828587,-2.4279350095147
MA0089.2,NFE2L1,0.07,4,0,86,0,Up,1165280,0.792131987391674,217,4,10629,85,Up,0.102846413029548,-6.276440094816472,1.362987011045387,0.98781085057732
MA0472.2,EGR2,0.14,97,0.4,4260,0.4,Up,1211243.5,0.204020528609613,217,79,10629,3247,Up,0.073986162379529,-1.581330470170778,0.258683669438085,1.130849498703695
MA1542.1,OSR1,0.14,166,0.8,7620,0.7,Up,1185413,0.48113907861065,217,116,10629,5392,Up,0.450860525004669,-0.939866502629529,0.078362113095437,0.345957787587936
MA0481.3,FOXP1,0.12,200,0.9,13342,1.3,Down,1313747,4.396093604912554E-4,217,122,10629,6891,Down,0.00974138432792,-0.726708724499713,-0.203049854467614,-2.011379322047801
MA1570.1,TFAP4(var.2),0.07,869,4,43308,4.1,Down,1162618.5,0.837373540122757,217,196,10629,9219,Up,0.129081389815555,-0.175899703882754,0.05882723081054,0.889136367206955
MA0765.2,ETV5,0.01,96,0.4,2831,0.3,Up,1287825.5,0.00320472799731,217,71,10629,2274,Up,1.590388005765694E-4,-1.914726324945555,0.619452141975708,3.798496908254493
MA0029.1,Mecom,0.08,2,0,247,0,Down,1168557,0.737389736521103,217,2,10629,239,Down,0.245809659196109,-5.957423882668806,-0.971039226359845,-0.6094010553261
MA0759.1,ELK3,0.03,53,0.2,1426,0.1,Up,1257763.5,0.022079084340669,217,45,10629,1256,Up,1.936274687816162E-4,-2.668834054940901,0.823514208807014,3.713033031872388
MA1625.1,Stat5b,0.1,62,0.3,3739,0.4,Down,1211321.5,0.203412831674108,217,42,10629,2629,Down,0.079521680860054,-2.185346994171379,-0.340267320854019,-1.09951444877509
MA1620.1,Ptf1a(var.3),0.07,428,2,20804,2,Up,1168830.5,0.732876337778523,217,186,10629,8729,Up,0.179771583351369,-0.252971289068691,0.062263037175676,0.745278956479513
MA0845.1,FOXB1,0.1,31,0.1,2938,0.3,Down,1277114.5,0.006671600050651,217,26,10629,2417,Down,7.545964924709911E-5,-2.586718538516876,-0.900465195312031,-4.122285217825765
MA0258.2,ESR2,0.12,75,0.3,2776,0.3,Up,1249799,0.034466118809587,217,67,10629,2369,Up,0.003896138927056,-1.926737581638861,0.477363175907203,2.409365565608056
MA1615.1,Plagl1,0.15,900,4.1,41324,3.9,Up,1204143,0.264990389216724,217,203,10629,9708,Up,0.326726303504008,-0.113370013007725,0.034766813075762,0.485815900704229
MA1513.1,KLF15,0.15,1203,5.5,57528,5.4,Up,1173267.5,0.661041504989598,217,197,10629,9365,Up,0.28738252986982,-0.160904279962978,0.043483064582704,0.541539636381839
MA1518.1,LHX1,0.15,9755,45,489862,46.1,Down,1192136,0.394374692702603,217,216,10629,10629,Down,0.020007375991101,-0.003324188004683,-0.006648376009366,-1.698809866251951
MA0764.2,ETV4,0.02,538,2.5,25420,2.4,Up,1188614,0.438590182025124,217,195,10629,9369,Up,0.523462649179265,-0.16793828147771,0.028182976097944,0.281114301251704
MA1656.1,ZNF449,0.11,96,0.4,3979,0.4,Up,1220108,0.143106669577244,217,80,10629,3248,Up,0.052939144644265,-1.572091419000061,0.276273412757175,1.276223080021387
MA0756.1,ONECUT2,0.03,3,0,65,0,Up,1162137.5,0.845612230438452,217,3,10629,65,Up,0.154991773080967,-6.649939891183049,1.384846445009126,0.809691353444947
MA0653.1,IRF9,0.14,0,0,79,0,Down,1161709.5,0.852957373868843,217,0,10629,78,Down,0.410471718437284,-7.923018478534765,-1.683706224402653,-0.386716760468418
MA1102.2,CTCFL,0.07,154,0.7,8083,0.8,Down,1197625.5,0.331082860889569,217,95,10629,5139,Down,0.192571387742131,-1.117908290327502,-0.139068944745679,-0.715408239894766
MA0787.1,POU3F2,0.02,4,0,133,0,Up,1160500,0.873781253775014,217,4,10629,129,Up,0.342961892716385,-5.976962208416144,0.764031238244733,0.464754132733913
MA0710.1,NOTO,0,4,0,20,0,Up,1162790.5,0.834431754139082,217,2,10629,10,Up,0.023045984202448,-8.213206094147516,3.540525196597575,1.637404740151087
MA1508.1,IKZF1,0.06,72,0.3,3207,0.3,Up,1203862.5,0.267632876765446,217,66,10629,2706,Up,0.099152625381406,-1.841581298872662,0.263984287275521,1.003695781977466
MA0071.1,RORA,0.01,12,0.1,303,0,Up,1184555,0.492914412178516,217,12,10629,299,Up,0.035320313235008,-4.635194661698822,1.028358521474913,1.451975453576004
MA0489.1,JUN(var.2),0.15,313,1.4,16509,1.6,Down,1193373.5,0.379502729356382,217,133,10629,6942,Down,0.221479714823888,-0.659361108783696,-0.089629100529681,-0.654666044355027
MA0880.1,Dlx3,0.12,1640,7.6,83049,7.8,Down,1193213,0.381411876716357,217,204,10629,10257,Down,0.060920837311656,-0.070154569619754,-0.037519976349175,-1.215234136239922
MA0030.1,FOXF2,0.1,103,0.5,6782,0.6,Down,1268850.5,0.011347266354208,217,75,10629,4699,Down,0.004577665029984,-1.351980705771933,-0.348972291278158,-2.339355989938477
MA0513.1,SMAD2::SMAD3::SMAD4,0.09,25,0.1,1707,0.2,Down,1190826.5,0.410490025699377,217,25,10629,1555,Down,0.242635033480248,-2.932534842227639,-0.319822813073913,-0.615046492221782
MA0640.2,ELF3,0.12,348,1.6,16073,1.5,Up,1199054.5,0.315749285664557,217,177,10629,8075,Up,0.064043678607034,-0.344823309451863,0.103253866215634,1.193523730580771
MA0069.1,PAX6,0.15,6,0,491,0,Down,1172206.5,0.677967001074854,217,6,10629,468,Down,0.312825483853631,-4.784156375080438,-0.560550995029121,-0.504697875029712
MA0104.4,MYCN,0.12,224,1,7888,0.7,Up,1266112,0.013441840707602,217,84,10629,3111,Up,0.003270938969258,-1.568191869395798,0.408399429883783,2.485327559073313
MA0833.2,ATF4,0.03,5,0,101,0,Up,1168860.5,0.732381825020336,217,5,10629,101,Up,0.061357063418774,-6.007945085069341,1.405010225941095,1.212135434123303
MA0602.1,Arid5a,0.04,157,0.7,6490,0.6,Up,1167176,0.760315108643886,217,74,10629,3431,Up,0.55850588567994,-1.588432773077705,0.085459405607551,0.252972245816319
MA0807.1,TBX5,0.07,127,0.6,6988,0.7,Down,1225447,0.113821387086949,217,87,10629,4970,Down,0.054280504926133,-1.205135662316672,-0.21704963317418,-1.26535612111522
MA0081.2,SPIB,0.07,8,0,716,0.1,Down,1186535.5,0.465967825662575,217,8,10629,698,Down,0.094977845936665,-4.302539279650676,-0.749738939670151,-1.022377684284725
MA0820.1,FIGLA,0.04,428,2,20830,2,Up,1167845.5,0.749173320960665,217,186,10629,8731,Up,0.208692202279958,-0.252806041368422,0.061932541775138,0.68049377791132
MA1532.1,NR1D2,0.09,6,0,92,0,Up,1175362.5,0.628131949545869,217,6,10629,90,Up,0.012478241130936,-5.970186050368429,1.81150835554686,1.903846626269133
MA0673.1,NKX2-8,0.07,409,1.9,21239,2,Down,1224209,0.12015230462946,217,170,10629,9000,Down,0.013449464951928,-0.295620171667194,-0.111246980089449,-1.871294992468056
MA0778.1,NFKB2,0.11,44,0.2,2720,0.3,Down,1187789.5,0.449338142289532,217,22,10629,1399,Down,0.222200349763735,-3.099054419029283,-0.347928150754267,-0.653255261775256
MA0889.1,GBX1,0.01,55,0.3,2172,0.2,Up,1186808.5,0.462318646358595,217,43,10629,1812,Up,0.275273014861782,-2.436974465161384,0.230092740548042,0.560236360604623
MA0741.1,KLF16,0.1,441,2,25599,2.4,Down,1248854,0.036270711710919,217,154,10629,8011,Down,0.152102793802193,-0.450669004221745,-0.085479117219943,-0.817862808815294
MA0511.2,RUNX2,0.01,0,0,100,0,Down,1163988,0.814016788396736,217,0,10629,99,Down,0.270695143874195,-7.752016542708754,-2.025710096054675,-0.567519535169861
MA0469.3,E2F3,0.13,1,0,56,0,Down,1155618,0.958578320442276,217,1,10629,27,Up,0.432548099227857,-7.88716774585767,1.41451731168547,0.363965592088738
MA1566.1,TBX3,0.02,75,0.3,4381,0.4,Down,1219792.5,0.145003291047016,217,59,10629,3516,Down,0.068520565604224,-1.732957720342652,-0.27419221417099,-1.164179060800229
MA1575.1,THRB(var.2),0.09,0,0,135,0,Down,1161926.5,0.84923168217426,217,0,10629,80,Down,0.412674637646044,-7.904870413923269,-1.720002353625644,-0.384392221379038
MA0149.1,EWSR1-FLI1,0.12,10,0,449,0,Up,1166461.5,0.772260827656397,217,5,10629,123,Up,0.113890072202584,-5.86642942786959,1.121978911541593,0.943514131720288
MA0036.3,GATA2,0.12,356,1.6,17764,1.7,Down,1185660.5,0.47777103241453,217,155,10629,7927,Down,0.30623791715093,-0.453618339419675,-0.060964962371626,-0.51394103770724
MA0827.1,OLIG3,0.08,36,0.2,2585,0.2,Down,1202065,0.284995958579296,217,20,10629,1430,Down,0.069949841646211,-3.150400959509944,-0.513837253216126,-1.155213264335194
MA0125.1,Nobox,0.15,1325,6.1,67369,6.3,Down,1182986,0.514840926907051,217,202,10629,10143,Down,0.102871780668693,-0.085305845279746,-0.035575295368715,-0.987703742639444
MA0797.1,TGIF2,0.11,5,0,188,0,Up,1161864,0.85030440866885,217,5,10629,165,Up,0.395830643791357,-5.65526934025832,0.699658736319053,0.402490587304125
MA0038.2,GFI1,0.07,7,0,730,0.1,Down,1191459.5,0.40265170634419,217,7,10629,694,Down,0.049999930636303,-4.396968113185622,-0.922025763883901,-1.301030598149813
MA0804.1,TBX19,0.11,0,0,137,0,Down,1162794.5,0.834363367905839,217,0,10629,88,Down,0.425593802535931,-7.836526077939078,-1.856691025594025,-0.371004704829652
MA0719.1,RHOXF1,0,22,0.1,836,0.1,Up,1184205.5,0.497754902517187,217,22,10629,788,Up,0.149134115935484,-3.512918832420485,0.479800676028138,0.826422995931982
MA0842.2,NRL,0.14,136,0.6,5254,0.5,Up,1275163,0.007583603012746,217,108,10629,4094,Up,9.108758540299461E-4,-1.189817450491996,0.372994184400769,3.040540810275913
MA0783.1,PKNOX2,0.09,3,0,71,0,Up,1162879,0.832919002271642,217,3,10629,58,Up,0.122731701788086,-6.731469032160073,1.547904726963173,0.911043243847221
