Transcription Factor ID,Transcription Factor Name,Deficit,No. Search Sites,Mean Sites Per Search Gene,No. Background Sites,Mean Sites Per Background Gene,Site Representation,Mann-Whitney U,Site P-Value,Total No. Search Genes,No. Transcription Factor Search Genes,Total No. Background Genes,No. Transcription Factor Background Genes,Gene Representation,Gene P-Value,Average Log2 Proportion Bound,Log2 Enrichment,Significance Score
MA0067.1,Pax2,0.02,41,0.5,5048,0.4,Up,538448,0.277115736982604,84,33,11996,3849,Up,0.160944780866398,-1.487330414233837,0.30508033681885,0.793323102095329
MA1471.1,BARX2,0.15,296,3.5,41461,3.5,Up,508347.5,0.887260954952153,84,69,11996,10363,Down,0.263036602053829,-0.246520302138301,-0.070836122840752,-0.579983814384887
MA0597.1,THAP1,0,0,0,329,0,Down,517272,0.673047622579914,84,0,11996,320,Down,0.175956842271466,-6.313512413808263,-2.174734044947842,-0.754593840491395
MA1642.1,NEUROG2(var.2),0.07,96,1.1,12185,1,Up,533172,0.356959870207366,84,54,11996,7459,Up,0.735831651860314,-0.659078916467212,0.052767609923907,0.133221534889474
MA0885.1,Dlx2,0,2,0,880,0.1,Down,526580,0.475098755442874,84,2,11996,826,Down,0.126943167667273,-4.469203135027796,-1.219496412734052,-0.896390668750496
MA0647.1,GRHL1,0.03,1,0,39,0,Up,508441,0.884942612712812,84,1,11996,33,Up,0.211462622823691,-7.150076841528169,2.668319811934283,0.674766385432887
MA1655.1,ZNF341,0.02,14,0.2,1515,0.1,Up,523353.5,0.53993791575315,84,13,11996,1391,Up,0.302182387493249,-2.876946339370096,0.46190881050276,0.519730851834845
MA1485.1,FERD3L,0.06,2,0,202,0,Up,508082,0.893849250415415,84,2,11996,184,Up,0.371980319524043,-5.550900136643754,0.943897590497866,0.429480036860598
MA0900.2,HOXA2,0,5,0.1,335,0,Up,520265.5,0.60588620989614,84,5,11996,322,Up,0.077304825009348,-4.579309202643676,1.275722769997579,1.111793398584409
MA0894.1,HESX1,0.05,238,2.8,34926,2.9,Down,512640,0.782133020266145,84,76,11996,10089,Up,0.132844216087607,-0.196625235325185,0.106267283471305,0.876657349615905
MA0672.1,NKX2-3,0.05,166,2,21961,1.8,Up,528516,0.438344779521742,84,77,11996,9943,Up,0.029099835630248,-0.197771465356942,0.146032868697991,1.536109464109555
MA0593.1,FOXP2,0,1,0,45,0,Up,507940,0.89737597194478,84,1,11996,45,Up,0.275001956116318,-6.929224116657706,2.226614362193359,0.560664216978823
MA0463.2,BCL6,0.06,2,0,57,0,Up,513434,0.763056699954896,84,2,11996,57,Up,0.063364476779582,-6.391893614201765,2.625884545613886,1.198154146885956
MA0052.4,MEF2A,0.05,40,0.5,4585,0.4,Up,529709,0.416534976573962,84,30,11996,3667,Up,0.341681889009646,-1.589943393055815,0.239602588673033,0.46637804055045
MA0462.2,BATF::JUN,0.15,132,1.6,17418,1.5,Up,518307.5,0.649483303414225,84,44,11996,7427,Down,0.09024852976674,-0.808405479273047,-0.23348105208548,-1.044559864429428
MA1537.1,NR2F1(var.2),0.06,1,0,40,0,Up,508191.5,0.89113112975802,84,1,11996,39,Up,0.243891499384577,-7.031231062668503,2.430628254214953,0.612803336359935
MA1514.1,KLF17,0.15,83,1,9062,0.8,Up,558170,0.088003741187874,84,49,11996,5929,Up,0.124833062731135,-0.894077006807444,0.245108381209739,0.903670374108762
MA0612.2,EMX1,0.11,337,4,49058,4.1,Down,507838,0.899910506658982,84,80,11996,10801,Up,0.140712400940351,-0.110672221892409,0.081419327449682,0.85166762664031
MA0115.1,NR1H2::RXRA,0.09,1,0,9,0,Up,509452,0.859941715235353,84,1,11996,9,Up,0.067424732387404,-8.059157680035263,4.486481488948471,1.171180768611136
MA1112.2,NR4A1,0.01,3,0,883,0.1,Down,521142,0.586803827774757,84,3,11996,839,Down,0.283620216101219,-4.215231968620317,-0.756585091208527,-0.547262816407544
MA0696.1,ZIC1,0.12,3,0,798,0.1,Down,517188,0.674973714710622,84,3,11996,745,Down,0.491218340251893,-4.300892954947111,-0.585263118554939,-0.308725426635824
MA1104.2,GATA6,0.15,104,1.2,16488,1.4,Down,530490.5,0.402601710635283,84,56,11996,8242,Down,0.723396536556595,-0.561080072631165,-0.039240802471663,-0.14062357486381
MA0035.4,GATA1,0.13,156,1.9,20179,1.7,Up,550353.5,0.144121808795374,84,73,11996,9279,Up,0.036047952131629,-0.285850836445971,0.169287490000302,1.443119402323067
MA0059.1,MAX::MYC,0.07,26,0.3,1850,0.2,Up,558221,0.087706034974652,84,19,11996,1403,Up,0.005495761897206,-2.605494903430248,0.980035372020623,2.259972091263184
MA0862.1,GMEB2,0.09,72,0.9,7481,0.6,Up,564604,0.056387543584388,84,37,11996,3968,Up,0.036466579410993,-1.38400429679767,0.423887102022732,1.438104971882289
MA0477.2,FOSL1,0.05,20,0.2,1835,0.2,Up,531272,0.38895165356561,84,16,11996,1685,Up,0.20585038175157,-2.593925171446302,0.474879709045142,0.686448323262334
MA0474.2,ERG,0.11,73,0.9,11316,0.9,Down,551233,0.136691369909173,84,35,11996,6619,Down,0.015155893104192,-1.054475861016722,-0.393312911521562,-1.819418466502314
MA1154.1,ZNF282,0.13,0,0,400,0,Down,520338,0.60429730666522,84,0,11996,393,Down,0.117210816718759,-6.165492774363891,-2.470773323836588,-0.931032307904076
MA0050.2,IRF1,0.05,3,0,152,0,Up,515932.5,0.704009691376724,84,3,11996,140,Up,0.077521390525088,-5.504712065978368,1.822375103507577,1.110578445813373
MA1111.1,NR2F2,0.15,150,1.8,18554,1.5,Up,564884,0.055260874599808,84,70,11996,9376,Up,0.289962290701104,-0.308410116968245,0.094164066169709,0.53765847798133
MA0718.1,RAX,0.05,337,4,49004,4.1,Down,507450.5,0.909548343796173,84,80,11996,10799,Up,0.140811950813039,-0.110805798582841,0.081686480830547,0.851360484740042
MA0907.1,HOXC13,0.09,8,0.1,407,0,Up,534912,0.329161907999906,84,8,11996,402,Up,0.007555040596668,-4.105448779991474,1.584064369919259,2.121763197656968
MA1650.1,ZBTB14,0,1,0,53,0,Up,507604,0.905728843931108,84,1,11996,53,Up,0.314522958226108,-6.812387943556482,1.992942015990908,0.502347648256845
MA0691.1,TFAP4,0.1,108,1.3,16210,1.4,Down,535327.5,0.322737206754018,84,34,11996,6070,Down,0.079193245571826,-1.137540641533259,-0.309628675941512,-1.101311858006173
MA1118.1,SIX1,0.03,2,0,539,0,Down,513777,0.754859468932598,84,2,11996,522,Down,0.587874532783051,-4.79999502618983,-0.557912630409984,-0.230715353403973
MA1123.2,TWIST1,0.09,66,0.8,8685,0.7,Up,524363.5,0.51917519024669,84,45,11996,6009,Up,0.584418389868577,-0.945190743988417,0.104211895809857,0.233276126596764
MA1150.1,RORB,0.02,0,0,354,0,Down,518364,0.648207328008351,84,0,11996,346,Down,0.179302330411423,-6.257246916049027,-2.287265040466315,-0.746414065829649
MA1114.1,PBX3,0.14,24,0.3,2906,0.2,Up,527194,0.463262578451031,84,22,11996,2567,Up,0.286519530871019,-2.066601858350018,0.315151036795016,0.542845768599185
MA0669.1,NEUROG2,0,2,0,17,0,Up,515155,0.722213075829044,84,2,11996,16,Up,0.006800634309945,-7.292441579994725,4.426980477199808,2.167450577814164
MA1120.1,SOX13,0.01,20,0.2,2128,0.2,Up,531620,0.382965067220172,84,18,11996,1913,Up,0.178181585955752,-2.419876911468911,0.456901681631353,0.749137179822265
MA0902.2,HOXB2,0,5,0.1,335,0,Up,520265.5,0.60588620989614,84,5,11996,322,Up,0.077304825009348,-4.579309202643676,1.275722769997579,1.111793398584409
MA0505.1,Nr5a2,0.01,1,0,53,0,Up,507645.5,0.904696581014101,84,1,11996,52,Up,0.309701718036138,-6.825998677923994,2.020163484725932,0.50905638543577
MA0732.1,EGR3,0.06,1,0,450,0,Down,515777.5,0.707625547250311,84,1,11996,427,Down,0.373330340091157,-5.313231131870426,-1.005371607381205,-0.427906714068511
MA1585.1,ZKSCAN1,0.05,15,0.2,2618,0.2,Down,522134,0.565549108225529,84,13,11996,2305,Down,0.48642583866701,-2.512726960829935,-0.26652994657756,-0.312983363643927
MA1116.1,RBPJ,0.01,131,1.6,20970,1.7,Down,548830,0.157720437382154,84,65,11996,9739,Down,0.399897464102683,-0.334075188974742,-0.066762491539984,-0.39805134987924
MA0878.2,CDX1,0.14,92,1.1,13288,1.1,Down,522389.5,0.560135237063167,84,46,11996,7358,Down,0.218435558036256,-0.783425284835448,-0.156590680677409,-0.660676663577427
MA0092.1,Hand1::Tcf3,0.08,377,4.5,46088,3.8,Up,569596.5,0.03894424996451,84,80,11996,11673,Down,0.291722166816397,-0.054669467754576,-0.030586180825983,-0.535030569300355
MA0781.1,PAX9,0.15,1,0,50,0,Up,507730,0.902595244043555,84,1,11996,50,Up,0.299958497889206,-6.854015695381159,2.076197519640261,0.522938829895515
MA0461.2,Atoh1,0.14,85,1,13443,1.1,Down,530024.5,0.410876041259362,84,43,11996,6801,Down,0.321636401981066,-0.888312320451674,-0.139247239963564,-0.492634804808995
MA0641.1,ELF4,0.12,16,0.2,2435,0.2,Down,522066,0.566994205958914,84,11,11996,2063,Down,0.384385659234997,-2.70838284758561,-0.337869265279123,-0.415232823478221
MA0651.1,HOXC11,0.05,0,0,349,0,Down,518154,0.652955078160184,84,0,11996,341,Down,0.178184520676463,-6.267731802972589,-2.266295266619192,-0.749130026880461
MA0746.2,SP3,0.03,2,0,980,0.1,Down,528423,0.440072104395169,84,2,11996,869,Down,0.090905633508206,-4.432617531020659,-1.292667620748326,-1.041409202303699
MA1527.1,NFIC(var.2),0.15,20,0.2,2607,0.2,Up,527606,0.455413429967427,84,18,11996,1924,Up,0.180176781927186,-2.415742026397739,0.44863191148901,0.744301174125925
MA0495.3,MAFF,0.15,59,0.7,7695,0.6,Up,528159.5,0.444987342000571,84,44,11996,5580,Up,0.323361966042341,-1.014646634297313,0.179001257963052,0.490311063308162
MA1134.1,FOS::JUNB,0.05,21,0.3,1968,0.2,Up,544199.5,0.205012862540547,84,16,11996,1284,Up,0.020463207609467,-2.789910039987999,0.866849446128536,1.6890262895923
MA0744.2,SCRT2,0.15,40,0.5,7741,0.6,Down,551682.5,0.133009717140284,84,34,11996,5670,Down,0.22888394808646,-1.186710340725846,-0.211289277556338,-0.640384663865082
MA1564.1,SP9,0.02,1,0,791,0.1,Down,527936.5,0.449171454090223,84,1,11996,716,Down,0.063034327046967,-4.940709989625983,-1.75041389187009,-1.200422879323394
MA1562.1,SOX14,0.09,18,0.2,2301,0.2,Up,524400,0.518432646207141,84,18,11996,2029,Up,0.305282022547416,-2.377421691954312,0.371991242602155,0.515298769688681
MA0656.1,JDP2(var.2),0.03,3,0,205,0,Up,514435.5,0.73920007433182,84,3,11996,175,Up,0.12692918184354,-5.344261615936551,1.501474203423942,0.896438519302869
MA0769.2,TCF7,0.04,65,0.8,12020,1,Down,562912.5,0.063607476106904,84,43,11996,7270,Down,0.092430813334426,-0.840211505249491,-0.235448870367929,-1.0341832254217
MA1633.1,BACH1,0.02,5,0.1,278,0,Up,522422.5,0.55943782548213,84,5,11996,271,Up,0.043074641975628,-4.703482683896805,1.524069732503835,1.36577832359915
MA0829.2,SREBF1(var.2),0.11,58,0.7,6588,0.5,Up,545069,0.195424538279024,84,36,11996,4388,Up,0.255943628192711,-1.330934311680014,0.239758868555693,0.591855677894125
MA0483.1,Gfi1b,0.14,191,2.3,26598,2.2,Up,512550.5,0.784291790076855,84,68,11996,10142,Down,0.363382957477018,-0.272523804590553,-0.06064709746221,-0.439635444796969
MA0903.1,HOXB3,0.04,431,5.1,63480,5.3,Down,516424.5,0.692576861595011,84,82,11996,11271,Up,0.243583235280997,-0.062245629866858,0.055376815660979,0.613352605511662
MA0738.1,HIC2,0.02,93,1.1,14296,1.2,Down,512322.5,0.7897986950992,84,54,11996,8119,Down,0.558477648068478,-0.597922938011271,-0.069544346987973,-0.25299420395352
MA0784.1,POU1F1,0.14,29,0.3,3335,0.3,Up,539231,0.266394108817343,84,25,11996,2695,Up,0.116034528839183,-1.941221419016337,0.425534649411296,0.935412756868421
MA0466.2,CEBPB,0.15,81,1,13574,1.1,Down,560079.5,0.077400055141542,84,43,11996,7369,Down,0.056701846114453,-0.830455426957182,-0.254961026952547,-1.246402800996553
MA1463.1,ARGFX,0.02,2,0,930,0.1,Down,528761,0.43381300611127,84,1,11996,743,Down,0.063967534807836,-4.914026970730847,-1.803779929660364,-1.194040385877452
MA0070.1,PBX1,0.15,26,0.3,4403,0.4,Down,539112.5,0.267998137498073,84,18,11996,3435,Down,0.181829046530383,-1.997723820452507,-0.387404500401456,-0.740336738604536
MA0737.1,GLIS3,0.13,4,0,174,0,Up,514766,0.731380763195975,84,3,11996,170,Up,0.119285065753193,-5.365111261576746,1.543173494704331,0.923413925709129
MA0501.1,MAF::NFE2,0.14,11,0.1,876,0.1,Up,529041,0.428667150439368,84,10,11996,833,Up,0.083330301231028,-3.427924781235046,0.838725535463242,1.079197048238708
MA0259.1,ARNT::HIF1A,0,5,0.1,476,0,Up,514264.5,0.743256438436201,84,5,11996,465,Up,0.263713077115808,-4.314568199019589,0.746240762749403,0.578868333693793
MA0147.3,MYC,0.02,30,0.4,2211,0.2,Up,551641.5,0.133342314851256,84,19,11996,1557,Up,0.013882755382695,-2.530393353730828,0.829832272621783,1.85752432864054
MA1574.1,THRB,0.04,1,0,40,0,Up,508191.5,0.89113112975802,84,1,11996,39,Up,0.243891499384577,-7.031231062668503,2.430628254214953,0.612803336359935
MA1587.1,ZNF135,0.13,29,0.3,3051,0.3,Up,549495,0.151669706548471,84,26,11996,2587,Up,0.045300421548885,-1.942970886199009,0.540023808960048,1.343897756585338
MA1419.1,IRF4,0.02,1,0,2,0,Up,509746,0.852696550822517,84,1,11996,2,Up,0.020717907154685,-9.022157389313374,6.412480907504692,1.683654117511635
MA1621.1,Rbpjl,0.02,9,0.1,2308,0.2,Down,535146,0.325533537658818,84,9,11996,2003,Down,0.184324417788833,-2.867485533180442,-0.570932779316313,-0.734417129194816
MA0152.1,NFATC2,0.07,239,2.8,31986,2.7,Up,536545.5,0.304378287446458,84,78,11996,10734,Up,0.375327923003714,-0.133308626009508,0.054099877237902,0.425589124488262
MA0667.1,MYF6,0.01,3,0,85,0,Up,513394,0.764014397374893,84,2,11996,58,Up,0.065261649750442,-6.37945627988225,2.601009876974857,1.185341951871201
MA0655.1,JDP2,0.07,6,0.1,581,0,Up,519948,0.612866422712692,84,6,11996,465,Up,0.144320824540105,-4.194064149267691,0.987248862253198,0.840670998564641
MA0048.2,NHLH1,0.15,209,2.5,32454,2.7,Down,533637.5,0.349382074586333,84,59,11996,9587,Down,0.039240755750783,-0.414724326824833,-0.182674692298816,-1.406262636989485
MA1483.1,ELF2,0.14,36,0.4,5693,0.5,Down,540738.5,0.246564170401614,84,23,11996,4230,Down,0.137769313813376,-1.675002026649749,-0.342577115909597,-0.86084750467509
MA1110.1,NR1H4,0,1,0,17,0,Up,509116,0.868236329249984,84,1,11996,17,Up,0.118113171619589,-7.618479928284572,3.605125985447089,0.927701668493728
MA0522.3,TCF3,0.01,32,0.4,6502,0.5,Down,548302.5,0.162648771660426,84,27,11996,4753,Down,0.179694406305564,-1.477535607803609,-0.283968229907831,-0.745465441802754
MA0657.1,KLF13,0.14,9,0.1,1070,0.1,Up,518098.5,0.654212202536156,84,9,11996,935,Up,0.305547737853525,-3.416842008775449,0.527780171873701,0.514920927265274
MA1557.1,SMAD5,0.09,1,0,533,0,Down,513989.5,0.749794759532971,84,1,11996,383,Down,0.525947016172483,-5.391580053005589,-0.848673765110878,-0.279058004406951
MA0733.1,EGR4,0.06,4,0,430,0,Up,510774,0.827464532168792,84,4,11996,405,Up,0.371928910942182,-4.558861134287842,0.655813398895938,0.429540061558627
MA0159.1,RARA::RXRA,0.08,2,0,111,0,Up,511330,0.813889752049123,84,2,11996,107,Up,0.175469454741609,-5.940542214879223,1.723181746968801,0.755798473452994
MA0525.2,TP63,0.13,1,0,35,0,Up,508692,0.878723965227178,84,1,11996,27,Up,0.177660154808448,-7.292441579994725,2.953049288867396,0.750409963793952
MA1530.1,NKX6-3,0.03,23,0.3,4629,0.4,Down,553422,0.119481717070659,84,16,11996,3557,Down,0.04055053178797,-2.055081606731485,-0.602807420384493,-1.39200344598879
MA0812.1,TFAP2B(var.2),0.13,216,2.6,46176,3.8,Down,629026.5,8.470955242356748E-5,84,57,11996,10108,Down,2.207394970777606E-4,-0.401217006045238,-0.308344758585143,-3.656119951259734
MA0682.2,PITX1,0,2,0,553,0,Down,514282,0.742840983755772,84,2,11996,534,Down,0.589894572979838,-4.783615570813708,-0.590671541162229,-0.229225599314411
MA0621.1,mix-a,0.13,149,1.8,21626,1.8,Down,514297.5,0.742473072144259,84,60,11996,7705,Up,0.208442154324603,-0.560334638946279,0.156636879877378,0.681014446892474
MA1531.1,NR1D1,0.14,7,0.1,493,0,Up,525777,0.49082559120477,84,7,11996,476,Up,0.050592218742793,-4.073991187358404,1.160004693369476,1.295916274008665
MA0695.1,ZBTB7C,0.02,3,0,222,0,Up,512707.5,0.780506006176109,84,3,11996,217,Up,0.19712496703579,-5.189489430720786,1.191929832992413,0.705258366287902
MA1534.1,NR1I3,0,3,0,193,0,Up,513801,0.754286921848427,84,3,11996,191,Up,0.152509328213016,-5.281324935126353,1.375600841803546,0.816703591939878
MA1148.1,PPARA::RXRA,0.06,2,0,56,0,Up,513558,0.760090147860697,84,2,11996,54,Up,0.057790463463618,-6.43054647728549,2.703190271781335,1.238143822597383
MA1109.1,NEUROD1,0.01,1,0,899,0.1,Down,533848.5,0.345981131898922,84,1,11996,857,Down,0.030155599919263,-4.811125006226969,-2.009583858668119,-1.520632027198543
MA0485.2,HOXC9,0.05,0,0,286,0,Down,515592,0.711961586947833,84,0,11996,280,Down,0.269107060732952,-6.409674206813238,-1.982410458937894,-0.570074907226469
MA0838.1,CEBPG,0.15,22,0.3,2404,0.2,Up,534832,0.330408365018261,84,20,11996,2077,Up,0.146297171427675,-2.286510303979739,0.486365744631276,0.834764070629494
MA0794.1,PROX1,0.04,1,0,38,0,Up,508484,0.883876752584253,84,1,11996,32,Up,0.205925789276175,-7.171937530242828,2.712041189363601,0.686289260769164
MA0638.1,CREB3,0.15,29,0.3,3295,0.3,Up,523889.5,0.528867714864732,84,22,11996,2700,Up,0.431780581457565,-2.030170722476801,0.242288765048583,0.364736893163114
MA0792.1,POU5F1B,0.12,89,1.1,10775,0.9,Up,536728.5,0.30168105839778,84,48,11996,6348,Up,0.445524361080606,-0.859546244931504,0.117159301672895,0.351128543942205
MA0843.1,TEF,0.05,3,0,436,0,Down,507735,0.902470925811153,84,3,11996,332,Up,0.50667929996874,-4.883319960894556,0.579590893339951,0.295266838146643
MA0484.2,HNF4G,0.06,2,0,836,0.1,Down,525470,0.496911320681095,84,2,11996,800,Down,0.180167414520784,-4.492259843415824,-1.173382995957996,-0.744323753720384
MA1624.1,Stat5a,0.11,57,0.7,5332,0.4,Up,585087.5,0.010737157625142,84,43,11996,4202,Up,0.002697092296375,-1.235614887131505,0.555357893396097,2.569104191433491
MA0526.3,USF2,0.1,36,0.4,3427,0.3,Up,562752,0.064330545935314,84,28,11996,2573,Up,0.011119492876427,-1.894399646431995,0.652820448629106,1.953915019048149
MA0881.1,Dlx4,0.06,337,4,49058,4.1,Down,507838,0.899910506658982,84,80,11996,10801,Up,0.140712400940351,-0.110672221892409,0.081419327449682,0.85166762664031
MA1137.1,FOSL1::JUNB,0.02,4,0,250,0,Up,517404,0.670025238884513,84,4,11996,248,Up,0.098427187176102,-4.912089165615334,1.362269461550925,1.006884925859974
MA0476.1,FOS,0.02,7,0.1,959,0.1,Up,511283.5,0.815022973698511,84,7,11996,811,Up,0.512312582320383,-3.689933747039389,0.391889812731446,0.290464977785168
MA0116.1,Znf423,0.09,10,0.1,1768,0.1,Down,532398,0.369786919086377,84,5,11996,1413,Down,0.1234432262525,-3.513358793883397,-0.856178047522979,-0.908532736285901
MA0715.1,PROP1,0.14,27,0.3,2646,0.2,Up,536694,0.302188331530473,84,20,11996,2132,Up,0.152750190270685,-2.267661671705766,0.44866848008333,0.816018240113512
MA1149.1,RARA::RXRG,0.08,6,0.1,666,0.1,Up,513378,0.764397577540449,84,6,11996,627,Up,0.453534170408069,-3.978647003628021,0.556414570973857,0.343389986529768
MA0786.1,POU3F1,0.05,9,0.1,884,0.1,Up,523225.5,0.542598596263443,84,9,11996,817,Up,0.186085836454362,-3.514101470203118,0.72229909472904,0.730286681054079
MA0032.2,FOXC1,0.07,46,0.5,4738,0.4,Up,548217,0.163458405623886,84,28,11996,2985,Up,0.077308188094684,-1.787279253347316,0.438579662459746,1.111774505357059
MA1122.1,TFDP1,0,0,0,222,0,Down,512946,0.77476496152811,84,0,11996,217,Down,0.408792593398183,-6.593166891749589,-1.615425089065192,-0.388496981453184
MA0163.1,PLAG1,0.03,1,0,19,0,Up,509032,0.870312288023979,84,1,11996,19,Up,0.130353861582642,-7.540420327325931,3.449006783529807,0.884876098832498
MA0659.2,MAFG,0.01,1,0,16,0,Up,509158,0.867198689518912,84,1,11996,16,Up,0.111929141770583,-7.660924377077829,3.690014883033602,0.951056826229046
MA1544.1,OVOL1,0.04,5,0.1,340,0,Up,519860.5,0.614796329370463,84,5,11996,332,Up,0.085360362073347,-4.557281612604709,1.231667589919645,1.068743751431256
MA0019.1,Ddit3::Cebpa,0.04,26,0.3,2642,0.2,Up,544015,0.207090678827828,84,23,11996,2336,Up,0.072936648430901,-2.103241600346415,0.513902031483736,1.137054197169865
MA0634.1,ALX3,0.05,284,3.4,40750,3.4,Down,504504.5,0.983154597522305,84,78,11996,10358,Up,0.107771212627868,-0.159028571155121,0.105539767529128,0.967497230489565
MA0527.1,ZBTB33,0.03,4,0,352,0,Up,511922,0.799497313797886,84,3,11996,235,Up,0.22968845082808,-5.13213360128244,1.07721817411572,0.638860841408082
MA0806.1,TBX4,0.11,124,1.5,20015,1.7,Down,547464.5,0.170715617423281,84,60,11996,9536,Down,0.077555016561039,-0.40654898690855,-0.15093442419808,-1.110390105080378
MA1106.1,HIF1A,0.01,41,0.5,5363,0.4,Up,532988.5,0.359975273378183,84,34,11996,3961,Up,0.162489397610029,-1.445424915284425,0.306139871560819,0.789174971360057
MA1541.1,NR6A1,0.15,8,0.1,1789,0.1,Down,525428,0.497747011871532,84,8,11996,1644,Down,0.338435044462804,-3.090154620074763,-0.446523949914164,-0.470524672734654
MA0779.1,PAX1,0.13,1,0,46,0,Up,507898,0.898419478585666,84,1,11996,46,Up,0.280062603917769,-6.91354203120304,2.195250191284024,0.552744877597048
MA0106.3,TP53,0.05,1,0,0,0,Up,509830,0.850628756637838,84,1,11996,0,Up,0.006953642384148,-10.183121436757055,8.734409002392056,2.157787648220589
MA1153.1,Smad4,0.09,344,4.1,43466,3.6,Up,563283,0.061963947711126,84,84,11996,11576,Up,0.122552856995247,-0.025707209355186,0.051414418710372,0.911676559868388
MA0822.1,HES7,0.09,2,0,341,0,Down,507084,0.918676161962398,84,2,11996,205,Up,0.65644409642669,-5.473141347833111,0.788380012876578,0.182802253043163
MA0464.2,BHLHE40,0.01,22,0.3,1614,0.1,Up,534667.5,0.33298097821562,84,11,11996,846,Up,0.049701909112019,-3.351138580141307,0.94764219983227,1.303626929156177
MA0895.1,HMBOX1,0.09,37,0.4,7385,0.6,Down,563947,0.059106422462888,84,25,11996,5096,Down,0.019767104209049,-1.48174446262002,-0.493419263381338,-1.704056948194911
MA0090.3,TEAD1,0.04,1,0,757,0.1,Down,528549,0.437732795984491,84,1,11996,731,Down,0.063315032630149,-4.925764409687813,-1.780305051746431,-1.198493164971068
MA0079.4,SP1,0.07,6,0.1,1935,0.2,Down,538484,0.276616430841929,84,5,11996,1540,Down,0.069291121829612,-3.451295394279309,-0.980304846731155,-1.159322407342215
MA0107.1,RELA,0.02,5,0.1,338,0,Up,519823.5,0.615613208018027,84,5,11996,333,Up,0.086189647119714,-4.555115402206693,1.227335169123611,1.064544897386484
MA1579.1,ZBTB26,0.05,93,1.1,13676,1.1,Down,524388,0.518676709693228,84,53,11996,8059,Down,0.417086378531365,-0.616631882202924,-0.085561135356228,-0.379773993384239
MA0024.3,E2F1,0.07,24,0.3,1533,0.1,Up,540599,0.248354529854904,84,12,11996,856,Up,0.018340726923722,-3.282519874188272,1.050993255361625,1.73658345532331
MA0796.1,TGIF1,0.13,3,0,257,0,Up,512293.5,0.790499894265513,84,3,11996,226,Up,0.213266374727151,-5.160241606065714,1.133434183682268,0.671077613475204
MA1600.1,ZNF684,0.15,0,0,171,0,Down,510930,0.823650388522796,84,0,11996,169,Down,0.633986959905046,-6.773031955549461,-1.255694961465446,-0.197919674767358
MA0132.2,PDX1,0,5,0.1,335,0,Up,520265.5,0.60588620989614,84,5,11996,322,Up,0.077304825009348,-4.579309202643676,1.275722769997579,1.111793398584409
MA0871.2,TFEC,0.11,49,0.6,4275,0.4,Up,560440.5,0.075517402656581,84,28,11996,2629,Up,0.016639671005771,-1.878871289294916,0.621763734354946,1.77885526469138
MA0774.1,MEIS2,0.13,260,3.1,37922,3.2,Down,532804,0.36302318479081,84,77,11996,11302,Down,0.341268675400396,-0.105363335877344,-0.038783390261206,-0.466903573207116
MA0780.1,PAX3,0.15,32,0.4,4912,0.4,Down,533252.5,0.355642072509398,84,16,11996,3084,Down,0.209153251298237,-2.157995161973145,-0.396980309901172,-0.679535379900428
MA0478.1,FOSL2,0.02,16,0.2,1093,0.1,Up,550319.5,0.144415154207404,84,15,11996,1038,Up,0.006056357565667,-2.988361781501873,1.083357311213127,2.217788492125584
MA1628.1,Zic1::Zic2,0.14,147,1.8,23934,2,Down,558929.5,0.08365369238142,84,59,11996,9691,Down,0.01824660944569,-0.406941675251395,-0.198239995445692,-1.738817823581617
MA0859.1,Rarg,0.04,1,0,1,0,Up,509788,0.851662526258456,84,1,11996,1,Up,0.013859503302842,-9.390640186396478,7.149446501670901,1.858252333699696
MA0686.1,SPDEF,0.15,56,0.7,5817,0.5,Up,554980.5,0.108299367021645,84,38,11996,4370,Up,0.110827453700252,-1.295418105256229,0.322650419337892,0.955352644719056
MA1606.1,Foxf1,0,1,0,37,0,Up,508276,0.889034457091494,84,1,11996,37,Up,0.233231043580074,-7.068712091509116,2.505590311896174,0.632213644486613
MA1105.2,GRHL2,0.11,6,0.1,1361,0.1,Down,527115,0.464776201769871,84,5,11996,1279,Down,0.211796584533599,-3.585204661779263,-0.71248631173125,-0.67408104767599
MA0078.1,Sox17,0.04,91,1.1,14490,1.2,Down,514707,0.732774628939394,84,58,11996,7839,Up,0.565197821024819,-0.572147363597834,0.083265293798107,0.247799521131196
MA0692.1,TFEB,0.07,55,0.7,4846,0.4,Up,559626,0.07981910803964,84,28,11996,2718,Up,0.025700560053659,-1.854860123636212,0.573741403037539,1.590057412638999
MA0618.1,LBX1,0,2,0,628,0.1,Down,522994,0.547427223669373,84,1,11996,606,Down,0.130732517020242,-5.060939519196801,-1.509954832728455,-0.883616377178141
MA0893.2,GSX2,0,5,0.1,335,0,Up,520265.5,0.60588620989614,84,5,11996,322,Up,0.077304825009348,-4.579309202643676,1.275722769997579,1.111793398584409
MA0153.2,HNF1B,0.12,7,0.1,428,0,Up,520713,0.596108876639943,84,5,11996,313,Up,0.0704274153173,-4.599726061397965,1.316556487506157,1.152258249901466
MA0028.2,ELK1,0.15,52,0.6,8175,0.7,Down,536066,0.311521342912709,84,32,11996,5382,Down,0.227317178196946,-1.267388431076108,-0.222246384355243,-0.643367743710808
MA0722.1,VAX1,0,5,0.1,335,0,Up,520265.5,0.60588620989614,84,5,11996,322,Up,0.077304825009348,-4.579309202643676,1.275722769997579,1.111793398584409
MA0877.2,BARHL1,0.14,284,3.4,43074,3.6,Down,526258.5,0.481361953534985,84,82,11996,11287,Up,0.241333010860372,-0.061222396366934,0.053330348661132,0.617383268833239
MA0630.1,SHOX,0.03,337,4,49058,4.1,Down,507838,0.899910506658982,84,80,11996,10801,Up,0.140712400940351,-0.110672221892409,0.081419327449682,0.85166762664031
MA1556.1,RXRG(var.2),0.12,9,0.1,544,0,Up,536248.5,0.308789738081188,84,9,11996,511,Up,0.009909868396696,-3.852343715523177,1.398783585369156,2.00393211291816
MA0730.1,RARA(var.2),0.1,0,0,28,0,Down,505008,0.970546966880396,84,0,11996,28,Down,0.99999999993932,-8.059157680035263,1.316556487506157,0.000000000026353
MA0665.1,MSC,0.05,5,0.1,140,0,Up,523080.5,0.545620521635329,84,4,11996,113,Up,0.008897774936657,-5.47736594275102,2.492823015822296,2.050718583641254
MA0130.1,ZNF354C,0.01,223,2.7,29142,2.4,Up,532117.5,0.374505331452989,84,82,11996,10893,Up,0.033484115164988,-0.086851612394438,0.10458878071614,1.475161173031834
MA1563.1,SOX18,0.04,52,0.6,6310,0.5,Up,540805,0.245713892262257,84,39,11996,4717,Up,0.217406326695029,-1.221808911785178,0.249420447360194,0.662727821754967
MA1524.1,MSGN1,0.08,345,4.1,49565,4.1,Down,513819,0.753857600123556,84,73,11996,11036,Down,0.102827563833025,-0.160768963197328,-0.080876256496984,-0.987890453278509
MA0604.1,Atf1,0.15,233,2.8,30258,2.5,Up,524040.5,0.525770044495767,84,66,11996,10430,Down,0.033179712296843,-0.273701121074271,-0.143791759413447,-1.479127384087285
MA0901.2,HOXB13,0.11,114,1.4,13438,1.1,Up,549441,0.152154351154931,84,54,11996,7008,Up,0.317652448057378,-0.704065530759872,0.142740838509228,0.498047793331351
MA0821.1,HES5,0.13,8,0.1,1626,0.1,Down,515654,0.710511299763273,84,4,11996,859,Down,0.524451782653878,-4.016963271657447,-0.42798232636485,-0.28029443404801
MA1560.1,SOHLH2,0.06,94,1.1,8844,0.7,Up,554233,0.113554803144659,84,32,11996,3562,Up,0.094846539539324,-1.565081631189992,0.373140015872525,1.022978509650298
MA0063.2,NKX2-5,0.12,57,0.7,9149,0.8,Down,566285,0.04990166464895,84,31,11996,6192,Down,0.008274895581993,-1.188809601300813,-0.46957982296291,-2.082237477727541
MA0639.1,DBP,0.07,8,0.1,980,0.1,Up,511735.5,0.804024324282089,84,7,11996,808,Up,0.511060875874958,-3.692605407576544,0.397233133805756,0.291527365067037
MA1576.1,THRB(var.3),0.15,3,0,333,0,Up,508377,0.886529394245345,84,3,11996,320,Up,0.492506323013461,-4.909834952779462,0.632620877109762,0.307588189466415
MA0496.3,MAFK,0.03,5,0.1,278,0,Up,522422.5,0.55943782548213,84,5,11996,271,Up,0.043074641975628,-4.703482683896805,1.524069732503835,1.36577832359915
MA0156.2,FEV,0.11,80,1,11975,1,Down,543119,0.217398784234806,84,38,11996,6844,Down,0.035152705310912,-0.971844697186779,-0.324496396801009,-1.454041246564772
MA1473.1,CDX4,0.13,149,1.8,19787,1.6,Up,505288.5,0.963526241443204,84,58,11996,8852,Down,0.321082725370282,-0.484485715686792,-0.092058002023975,-0.493383059360858
MA0099.3,FOS::JUN,0.04,17,0.2,1433,0.1,Up,543740.5,0.210210281501428,84,16,11996,1333,Up,0.0343299466391,-2.762904572662944,0.812838511478426,1.464326871621218
MA0724.1,VENTX,0.06,36,0.4,7063,0.6,Down,580687.5,0.015822075309284,84,22,11996,5016,Down,0.003713303928524,-1.583443421478162,-0.651165836948695,-2.430239502947605
MA0004.1,Arnt,0,94,1.1,9062,0.8,Up,551996.5,0.130483759901532,84,32,11996,3585,Up,0.119434072408551,-1.560439479475168,0.363855712442877,0.922871759068518
MA1466.1,ATF6,0.12,0,0,224,0,Down,513156,0.769720117167047,84,0,11996,222,Down,0.410087707640694,-6.576771924190754,-1.648215024182861,-0.387123248473612
MA0858.1,Rarb(var.2),0.1,0,0,23,0,Down,504798,0.975804649358671,84,0,11996,23,Down,0.999999999930549,-8.198308261278816,1.594857649993262,0.000000000030162
MA0886.1,EMX2,0.11,400,4.8,57182,4.8,Down,505234,0.964890135279204,84,81,11996,11077,Up,0.213509223184872,-0.083566256815441,0.062829949528669,0.670583359553349
MA0608.1,Creb3l2,0.05,34,0.4,2803,0.2,Up,560852,0.073417148402724,84,23,11996,1963,Up,0.011128529538919,-2.228702319945617,0.764823470682139,1.953562217095909
MA0892.1,GSX1,0.07,591,7,87626,7.3,Down,525939,0.487630446614071,84,83,11996,11509,Up,0.264780073392835,-0.038481770738698,0.042613253861131,0.577114701789607
MA0755.1,CUX2,0.14,96,1.1,16780,1.4,Down,573732.5,0.028190048177406,84,43,11996,7741,Down,0.015741257758719,-0.794932231190667,-0.326007418485579,-1.802960569572391
MA1528.1,NFIX(var.2),0.09,10,0.1,1215,0.1,Up,520797,0.594281622350505,84,8,11996,711,Up,0.16212414277879,-3.694511293229223,0.762189396394756,0.790152307206555
MA0775.1,MEIS3,0.04,210,2.5,30635,2.6,Down,518188.5,0.652174118537753,84,71,11996,10823,Down,0.094576037475044,-0.194727279180202,-0.092561640647187,-1.024218885909229
MA1608.1,Isl1,0.04,34,0.4,6434,0.5,Down,550735,0.140861545845978,84,26,11996,4774,Down,0.116869298230984,-1.501075488657496,-0.343766986122979,-0.932299563774826
MA0014.3,PAX5,0.15,65,0.8,6891,0.6,Up,583910,0.011931312635969,84,49,11996,5040,Up,0.003675214210448,-1.011248809179657,0.479451985954165,2.434717342918738
MA0766.2,GATA5,0.03,64,0.8,8661,0.7,Up,520800,0.594216410654308,84,46,11996,5887,Up,0.325089164287034,-0.944303561869864,0.165165873391422,0.487997505953812
MA0140.2,GATA1::TAL1,0.02,0,0,332,0,Down,517482,0.668241788746845,84,0,11996,325,Down,0.176114346832353,-6.302345820534817,-2.197067231494736,-0.754205263587928
MA1484.1,ETS2,0.01,9,0.1,616,0.1,Up,527380.5,0.459700199459575,84,8,11996,586,Up,0.068197418469552,-3.83387761747821,1.04092204489273,1.166232064722522
MA0813.1,TFAP2B(var.3),0.07,21,0.3,5489,0.5,Down,564144,0.058279980007402,84,10,11996,2927,Down,0.00689477695599,-2.521717248033965,-0.973689530938918,-2.161479778559838
MA0479.1,FOXH1,0.01,7,0.1,606,0.1,Up,515325.5,0.718207296902242,84,6,11996,589,Up,0.308775199881131,-4.023708826557206,0.646538216832228,0.510357588476512
MA1549.1,POU6F1(var.2),0.04,26,0.3,3160,0.3,Up,520089.5,0.60975116558745,84,21,11996,2658,Up,0.511672748809675,-2.074271934225164,0.199314505290156,0.291007712511446
MA1474.1,CREB3L4,0.09,16,0.2,2429,0.2,Down,531353,0.387553161840584,84,10,11996,2162,Down,0.197657326361823,-2.740201767022529,-0.53672049296179,-0.704087083473588
MA1572.1,TGIF2LY,0.12,9,0.1,781,0.1,Up,519060,0.632574774731175,84,6,11996,492,Up,0.161313098201847,-4.153392870875218,0.905906305468253,0.792330367602767
MA0676.1,Nr2e1,0.15,115,1.4,16951,1.4,Down,516626,0.687914475428867,84,57,11996,8677,Down,0.391572071310205,-0.511325789287442,-0.088127192100734,-0.407188291609481
MA0047.3,FOXA2,0.11,85,1,11611,1,Up,520303.5,0.605053172209475,84,52,11996,6891,Up,0.439677811168671,-0.743178769304994,0.113089701377864,0.356865450982886
MA1512.1,KLF11,0.02,1,0,853,0.1,Down,530459,0.403157859302344,84,1,11996,776,Down,0.043456947560026,-4.882700379563405,-1.866433111995246,-1.361940782028225
MA1546.1,PAX3(var.2),0.08,1,0,17,0,Up,509116,0.868236329249984,84,1,11996,17,Up,0.118113171619589,-7.618479928284572,3.605125985447089,0.927701668493728
MA0699.1,LBX2,0.07,337,4,49004,4.1,Down,507450.5,0.909548343796173,84,80,11996,10799,Up,0.140811950813039,-0.110805798582841,0.081686480830547,0.851360484740042
MA1550.1,PPARD,0.15,6,0.1,321,0,Up,526806,0.470722920017969,84,6,11996,309,Up,0.022290559680125,-4.488485028439956,1.576090620597727,1.651879026946481
MA1583.1,ZFP57,0.08,38,0.5,5889,0.5,Down,528709.5,0.434763348879896,84,26,11996,4372,Down,0.362638219337814,-1.564521125431527,-0.216875712574917,-0.440526426460013
MA0904.2,HOXB5,0,4,0,336,0,Up,508895,0.87369998972799,84,2,11996,165,Up,0.323919283443377,-5.629294936270344,1.100687189751044,0.489563196961214
MA1497.1,HOXA6,0,1,0,22,0,Up,508906,0.873427898115973,84,1,11996,22,Up,0.148400782730277,-7.437194888592218,3.242555906062381,0.82856380839295
MA1632.1,ATF2,0.08,24,0.3,1810,0.2,Up,562566,0.065176970113145,84,20,11996,1438,Up,0.002229881660229,-2.551651931938949,1.016649000549696,2.651718184338921
MA0007.3,Ar,0.04,1,0,48,0,Up,508644,0.879912622312086,84,1,11996,28,Up,0.183391697042326,-7.266676429674686,2.901518988227314,0.736620330663426
MA1548.1,PLAGL2,0.15,586,7,94809,7.9,Down,525577,0.494785681300982,84,74,11996,10899,Down,0.344341323481331,-0.160031259705481,-0.043359312229085,-0.46301085564847
MA0723.1,VAX2,0,5,0.1,335,0,Up,520265.5,0.60588620989614,84,5,11996,322,Up,0.077304825009348,-4.579309202643676,1.275722769997579,1.111793398584409
MA0679.2,ONECUT1,0.09,22,0.3,2558,0.2,Up,527888,0.450084397600739,84,19,11996,2142,Up,0.253739232070716,-2.300361833186578,0.369769231533285,0.595612378838318
MA1652.1,ZKSCAN5,0.01,11,0.1,808,0.1,Up,537544,0.289855354033329,84,11,11996,763,Up,0.021656294184263,-3.425579535690702,1.09652411093106,1.664415857637707
MA0785.1,POU2F1,0.07,8,0.1,761,0.1,Up,522120,0.565846483656623,84,8,11996,702,Up,0.15778241404699,-3.70369405893832,0.78055492781295,0.801941403585158
MA0685.1,SP4,0.09,12,0.1,3256,0.3,Down,546077.5,0.184720129808723,84,10,11996,2397,Down,0.07381892694435,-2.665786425775507,-0.685551175455834,-1.131832272138663
MA0882.1,DLX6,0.06,337,4,49058,4.1,Down,507838,0.899910506658982,84,80,11996,10801,Up,0.140712400940351,-0.110672221892409,0.081419327449682,0.85166762664031
MA0109.1,HLTF,0.02,411,4.9,57805,4.8,Up,522932,0.548724019021264,84,84,11996,11839,Up,0.630229322814612,-0.009502701672441,0.019005403344882,0.200501394179602
MA1139.1,FOSL2::JUNB(var.2),0.07,16,0.2,1244,0.1,Up,526538,0.475914416728236,84,8,11996,601,Up,0.073459842170509,-3.815660802904426,1.004488415745162,1.133950009077451
MA1495.1,HOXA1,0,4,0,336,0,Up,508895,0.87369998972799,84,2,11996,165,Up,0.323919283443377,-5.629294936270344,1.100687189751044,0.489563196961214
MA0516.2,SP2,0.11,8,0.1,2204,0.2,Down,539230.5,0.266400862962172,84,7,11996,1841,Down,0.092400369151637,-3.098824548363506,-0.790328584620321,-1.034326293712806
MA0913.2,HOXD9,0.13,148,1.8,19913,1.7,Up,514817.5,0.730164807918918,84,55,11996,8811,Down,0.107260581222421,-0.52580879509453,-0.161309549675096,-0.96955985401656
MA0791.1,POU4F3,0.1,2,0,913,0.1,Down,524134,0.523856611987263,84,2,11996,766,Down,0.175635554761945,-4.523567648844564,-1.110767385100516,-0.755387563179972
MA0836.2,CEBPD,0.01,3,0,305,0,Up,509178,0.86670465566268,84,3,11996,301,Up,0.471252038242108,-4.953918130138789,0.720787231828418,0.326746758387454
MA0031.1,FOXD1,0,2,0,625,0.1,Down,516770,0.684589787617867,84,2,11996,593,Down,0.442893633772474,-4.708086529852999,-0.741729623083645,-0.353700562292247
MA0042.2,FOXI1,0.15,129,1.5,17197,1.4,Up,536312,0.307843014182308,84,64,11996,8381,Up,0.233453225477092,-0.453492687182744,0.127681012647628,0.631800121316704
MA1599.1,ZNF682,0.15,35,0.4,7286,0.6,Down,558596,0.085541887385213,84,29,11996,5208,Down,0.121503423009285,-1.360955045383872,-0.314562683072942,-0.915411486896093
MA0006.1,Ahr::Arnt,0.01,117,1.4,15647,1.3,Up,547822,0.167238296409701,84,61,11996,7809,Up,0.168285862193855,-0.538838200430906,0.160946538975924,0.773952367857208
MA0905.1,HOXC10,0.04,3,0,1257,0.1,Down,535263,0.323729144532344,84,3,11996,1174,Down,0.062254746128675,-3.973009727082733,-1.241029574283693,-1.205827533566825
MA1507.1,HOXD4,0,8,0.1,385,0,Up,530375.5,0.404634320085862,84,7,11996,371,Up,0.015995618305239,-4.253548189044077,1.519118696740821,1.795998967748463
MA1639.1,MEIS1(var.2),0.03,1,0,557,0,Down,520273.5,0.605710790884494,84,1,11996,534,Down,0.186335183493026,-5.15209836789681,-1.327637135328435,-0.729705134614155
MA0661.1,MEOX1,0.12,197,2.3,29316,2.4,Down,516407,0.692982336798998,84,62,11996,9213,Down,0.517420712568112,-0.407943748649082,-0.05430280594203,-0.286156190281264
MA0814.2,TFAP2C(var.2),0.13,96,1.1,16028,1.3,Down,556671,0.097123864822497,84,50,11996,8471,Down,0.030437808298408,-0.622296082447616,-0.240743742165546,-1.516586622537992
MA0809.2,TEAD4,0.01,1,0,759,0.1,Down,528633,0.436177239759833,84,1,11996,733,Down,0.063397515282395,-4.923794858920361,-1.784244153281334,-1.197927762943044
MA0503.1,Nkx2-5(var.2),0.03,2,0,902,0.1,Down,527780,0.452121117016204,84,2,11996,855,Down,0.129686762378387,-4.444326617429246,-1.269249447931152,-0.887104351744928
MA1536.1,NR2C2(var.2),0.02,197,2.3,26099,2.2,Up,539491,0.262897906688334,84,76,11996,10510,Up,0.508270731860519,-0.167136924963931,0.047290662748797,0.293904897886198
MA1558.1,SNAI1,0.14,224,2.7,35132,2.9,Down,541054,0.242548415700622,84,74,11996,11096,Down,0.141698695689196,-0.147109886612075,-0.069202058415895,-0.84863414733611
MA1470.1,BACH2(var.2),0.15,2,0,131,0,Up,511968,0.798381760880428,84,2,11996,91,Up,0.136606053409641,-6.056788720531931,1.955674758274219,0.864530055382491
MA0506.1,NRF1,0.15,124,1.5,22251,1.9,Down,563410.5,0.061406552752575,84,40,11996,7409,Down,0.009383929247403,-0.878097447642725,-0.36586397150967,-2.027615275357392
MA0694.1,ZBTB7B,0.12,84,1,11816,1,Up,521264.5,0.58415919594655,84,55,11996,7106,Up,0.266427018420712,-0.680933012833998,0.148938885803838,0.574421735372481
MA0491.2,JUND,0.04,1,0,488,0,Down,517541,0.666894011028658,84,1,11996,469,Down,0.384452005560878,-5.245630762930168,-1.140572345261719,-0.415157869181325
MA0076.2,ELK4,0.15,283,3.4,39906,3.3,Up,511640,0.806345002421367,84,75,11996,11239,Down,0.11080838173145,-0.128255199027513,-0.068438995859186,-0.95542738760361
MA0083.3,SRF,0.07,0,0,37,0,Down,504798,0.975804649358671,84,0,11996,23,Down,0.999999999930549,-8.198308261278816,1.594857649993262,0.000000000030162
MA1100.2,ASCL1,0.11,699,8.3,104054,8.7,Down,533714.5,0.34813852062652,84,81,11996,11785,Down,0.186543290534744,-0.038875937105641,-0.026550689890932,-0.729220366757909
MA0708.1,MSX2,0.09,337,4,49058,4.1,Down,507838,0.899910506658982,84,80,11996,10801,Up,0.140712400940351,-0.110672221892409,0.081419327449682,0.85166762664031
MA1489.1,FOXN3,0,6,0.1,803,0.1,Up,507069,0.919049979230862,84,6,11996,778,Up,0.822209008963596,-3.823106213507569,0.245332990732954,0.085017768954669
MA0873.1,HOXD12,0.07,0,0,448,0,Down,522060,0.567121799496965,84,0,11996,434,Down,0.076905377663171,-6.093996503710434,-2.613765865143501,-1.11404329078656
MA0899.1,HOXA10,0.03,22,0.3,2471,0.2,Up,537875.5,0.285138650313836,84,21,11996,2140,Up,0.114157982978329,-2.230604249668125,0.511979136176077,0.942493713238892
MA0702.2,LMX1A,0.13,149,1.8,21667,1.8,Down,513847.5,0.753177996349115,84,60,11996,7711,Up,0.208383030995764,-0.559773169744595,0.15551394147401,0.681137649311825
MA0087.1,Sox5,0.13,158,1.9,23252,1.9,Down,511371.5,0.812878710969589,84,68,11996,9301,Up,0.513372425764102,-0.33496280820349,0.064230909763666,0.289567461843182
MA0867.2,SOX4,0.15,683,8.1,97449,8.1,Up,504662.5,0.979197678824439,84,83,11996,11934,Down,0.356443663331378,-0.012325288366536,-0.009699710883192,-0.448009101542036
MA1623.1,Stat2,0.13,89,1.1,12531,1,Up,504292,0.988477038656522,84,46,11996,6967,Down,0.579569308643699,-0.822810590568032,-0.077820069212241,-0.236894620853729
MA1127.1,FOSB::JUN,0.03,4,0,160,0,Up,516828,0.683252397391609,84,3,11996,119,Up,0.053100548730588,-5.621491822098458,2.055934615747754,1.274900990981902
MA1559.1,SNAI3,0.05,50,0.6,9740,0.8,Down,570068.5,0.03756273091565,84,34,11996,6297,Down,0.028680419466662,-1.111058707917747,-0.362592543172536,-1.542414501165871
MA1593.1,ZNF317,0.01,5,0.1,501,0,Up,513293.5,0.766422202662379,84,5,11996,488,Up,0.395566038135297,-4.279779501814792,0.676663368339811,0.402781002422646
MA0135.1,Lhx3,0.03,4,0,331,0,Up,519482,0.623175168702297,84,4,11996,196,Up,0.050561381892424,-5.081447435267174,1.700986000854605,1.296181064867032
MA0795.1,SMAD3,0.11,3,0,475,0,Down,507634.5,0.904970177258552,84,3,11996,333,Up,0.50788156857232,-4.88115375049654,0.575258472543918,0.294237547778965
MA1140.2,JUNB(var.2),0.04,3,0,168,0,Up,515908.5,0.704569130664598,84,3,11996,140,Up,0.077521390525088,-5.504712065978368,1.822375103507577,1.110578445813373
MA0137.3,STAT1,0,1,0,40,0,Up,508150,0.892161136300896,84,1,11996,40,Up,0.249166674964496,-7.013196435314742,2.394558999507431,0.60351004326018
MA0714.1,PITX3,0.13,373,4.4,52563,4.4,Up,521728.5,0.574192632568125,84,80,11996,11578,Down,0.54049636017749,-0.060563876472269,-0.018797363390597,-0.267207226336302
MA0603.1,Arntl,0.12,136,1.6,13820,1.2,Up,572809,0.030338956399509,84,54,11996,6242,Up,0.028073014086276,-0.787556424321383,0.309722625632251,1.551710956415644
MA1503.1,HOXB9,0.05,0,0,286,0,Down,515592,0.711961586947833,84,0,11996,280,Down,0.269107060732952,-6.409674206813238,-1.982410458937894,-0.570074907226469
MA0114.4,HNF4A,0.07,2,0,836,0.1,Down,525470,0.496911320681095,84,2,11996,800,Down,0.180167414520784,-4.492259843415824,-1.173382995957996,-0.744323753720384
MA1504.1,HOXC4,0.09,347,4.1,52696,4.4,Down,525623,0.493873351027309,84,73,11996,10766,Down,0.367315808565771,-0.178635659282418,-0.045142864326803,-0.434960380053458
MA0788.1,POU3F3,0.12,18,0.2,2138,0.2,Up,532830,0.362592693730474,84,18,11996,1824,Up,0.126257322878629,-2.454233286510918,0.525614431715367,0.898743423557413
MA0497.1,MEF2C,0.12,122,1.5,17367,1.4,Up,513128,0.770392205408742,84,53,11996,8349,Down,0.192995494343812,-0.591132148548273,-0.136560602665529,-0.714452829875443
MA0789.1,POU3F4,0.02,4,0,417,0,Up,511236,0.816180965388719,84,4,11996,394,Up,0.359113163808643,-4.578699441389748,0.695490013099753,0.444768674894335
MA0670.1,NFIA,0.01,67,0.8,9759,0.8,Down,525189,0.50251669904275,84,41,11996,6530,Down,0.323446573050067,-0.951594101994106,-0.148491805882307,-0.490197445894122
MA1568.1,TCF21(var.2),0.15,34,0.4,5778,0.5,Down,529464.5,0.420951885187572,84,13,11996,2547,Down,0.228654665266312,-2.440725720509311,-0.410532427218809,-0.640819933234769
MA1144.1,FOSL2::JUND,0.04,13,0.2,1405,0.1,Up,526850.5,0.469863935390227,84,11,11996,999,Up,0.114341299772424,-3.231290330716813,0.707945700983284,0.941796875259902
MA0611.1,Dux,0.01,33,0.4,6387,0.5,Down,558099,0.088419551271363,84,23,11996,4609,Down,0.042306318904766,-1.613110985121756,-0.466359198965583,-1.373594761217899
MA1418.1,IRF3,0.14,4,0,318,0,Up,515152,0.722283627347845,84,4,11996,301,Up,0.162543780331135,-4.772633090446435,1.083357311213127,0.789029643944207
MA1644.1,NFYC,0.14,120,1.4,14892,1.2,Up,544746,0.198947267469626,84,63,11996,8041,Up,0.130742736534745,-0.494635883489649,0.164882267959262,0.883582429194931
MA1567.1,TBX6,0.1,266,3.2,42632,3.6,Down,556907,0.095639838622939,84,78,11996,11570,Down,0.126359980259844,-0.079210518162108,-0.054096338456899,-0.898390450613054
MA0643.1,Esrrg,0.12,36,0.4,5089,0.4,Up,526210,0.482310676387502,84,34,11996,4061,Up,0.204733052520414,-1.427441994207278,0.270174029406526,0.688812038292773
MA0849.1,FOXO6,0.08,49,0.6,6424,0.5,Up,519970,0.612381610361615,84,35,11996,4675,Up,0.653819322232524,-1.305276657192031,0.108288680829057,0.184542248920892
MA1500.1,HOXB6,0.05,193,2.3,29361,2.4,Down,535338.5,0.322568237134717,84,58,11996,9329,Down,0.064814017403429,-0.446628302915634,-0.167772827566292,-1.188331058595189
MA0154.4,EBF1,0.14,41,0.5,7896,0.7,Down,555870,0.102298470514341,84,21,11996,4289,Down,0.04009494057958,-1.72917342161046,-0.490882519939254,-1.396910425808677
MA0855.1,RXRB,0.11,2,0,77,0,Up,512676,0.781265160292443,84,2,11996,75,Up,0.100146614339766,-6.195436270011414,2.232969857233183,0.99936372833158
MA0119.1,NFIC::TLX1,0.08,0,0,174,0,Down,510426,0.835987557456797,84,0,11996,157,Down,0.630229322814612,-6.825998677923995,-1.14976151671638,-0.200501394179602
MA0808.1,TEAD3,0,1,0,761,0.1,Down,528717,0.4346248747108,84,1,11996,735,Down,0.063490532089918,-4.921830671129641,-1.788172528862774,-1.197291033254092
MA1151.1,RORC,0.15,164,2,20972,1.7,Up,538522.5,0.276083129669333,84,73,11996,9875,Up,0.316256537342308,-0.240947475279396,0.079480767667152,0.499960488417401
MA0160.1,NR4A2,0.09,195,2.3,23982,2,Up,573583,0.028528759910704,84,77,11996,10306,Up,0.155566664288006,-0.171907050269284,0.094304038522675,0.808083460474999
MA0681.2,PHOX2B,0.15,37,0.4,3357,0.3,Up,561497,0.070221464485242,84,27,11996,2556,Up,0.022278347185825,-1.924945675011832,0.610851904508615,1.65211703229103
MA1517.1,KLF6,0.08,92,1.1,13328,1.1,Down,517082.5,0.677395812686063,84,61,11996,7621,Up,0.088622265754182,-0.556415809688579,0.19610175749127,1.052457150806777
MA0662.1,MIXL1,0.05,337,4,49004,4.1,Down,507450.5,0.909548343796173,84,80,11996,10799,Up,0.140811950813039,-0.110805798582841,0.081686480830547,0.851360484740042
MA0018.4,CREB1,0.15,97,1.2,11115,0.9,Up,563445,0.061256443962165,84,57,11996,6839,Up,0.046818418957029,-0.683020088768083,0.255261406860547,1.329583256376932
MA0486.2,HSF1,0.07,5,0.1,174,0,Up,520800.5,0.594205542356387,84,4,11996,169,Up,0.032362404590256,-5.188069454828305,1.914230039976867,1.489959216927451
MA1505.1,HOXC8,0,4,0,336,0,Up,508895,0.87369998972799,84,2,11996,165,Up,0.323919283443377,-5.629294936270344,1.100687189751044,0.489563196961214
MA0614.1,Foxj2,0.13,204,2.4,28152,2.3,Up,524412,0.518188642093631,84,75,11996,10063,Up,0.231632903002132,-0.207978052918473,0.091006711922734,0.635199749878489
MA0101.1,REL,0.05,75,0.9,8637,0.7,Up,544360.5,0.203212119914808,84,47,11996,5980,Up,0.275391236231629,-0.917649687592917,0.17325171928336,0.560049884401549
MA0093.3,USF1,0.13,49,0.6,5216,0.4,Up,559610,0.079905564708826,84,36,11996,3768,Up,0.033066732725165,-1.440803069009162,0.45949638321399,1.480608714960259
MA0520.1,Stat6,0.02,5,0.1,582,0,Up,510215,0.841164715098611,84,5,11996,561,Up,0.597852095399067,-4.179315771598685,0.475735907907595,0.223406244267321
MA1554.1,RFX7,0.03,9,0.1,998,0.1,Up,518344.5,0.6486475924043,84,9,11996,933,Up,0.304749116093683,-3.41838582428274,0.530867802888283,0.516057545352542
MA1480.1,DPRX,0.05,3,0,1017,0.1,Down,526606.5,0.474584507033659,84,3,11996,969,Down,0.158309042623971,-4.111376682035435,-0.964295664378289,-0.800494277496895
MA0475.2,FLI1,0.12,63,0.8,9311,0.8,Down,530619.5,0.400328952190207,84,33,11996,5858,Down,0.099857461989934,-1.184400286139788,-0.300779919369247,-1.000619476311891
MA0666.1,MSX1,0.09,337,4,49058,4.1,Down,507838,0.899910506658982,84,80,11996,10801,Up,0.140712400940351,-0.110672221892409,0.081419327449682,0.85166762664031
MA0027.2,EN1,0.06,337,4,49058,4.1,Down,507838,0.899910506658982,84,80,11996,10801,Up,0.140712400940351,-0.110672221892409,0.081419327449682,0.85166762664031
MA0688.1,TBX2,0.14,248,3,36757,3.1,Down,526108.5,0.484299433162995,84,83,11996,11284,Up,0.063060915761721,-0.052723103006323,0.071095918396381,1.200239726779132
MA0009.2,TBXT,0.11,0,0,86,0,Down,506184,0.941134053859188,84,0,11996,56,Down,0.999999999930438,-7.565513205910041,0.329267539255711,0.00000000003021
MA0524.2,TFAP2C,0.09,97,1.2,19831,1.7,Down,582000,0.014119763182321,84,42,11996,7473,Down,0.023688789755129,-0.837123053598716,-0.308730893091533,-1.625457126533268
MA1596.1,ZNF460,0.09,102,1.2,11287,0.9,Up,560888.5,0.073233185848754,84,46,11996,5325,Up,0.061235711268415,-1.016672647581507,0.309904044814709,1.212995233350724
MA0735.1,GLIS1,0.12,1,0,41,0,Up,508108,0.893203737813944,84,1,11996,41,Up,0.254405482118255,-6.995601721083593,2.359369571045131,0.59447353442278
MA0763.1,ETV3,0.01,4,0,355,0,Up,513276,0.766841703674062,84,4,11996,346,Up,0.310016333317082,-4.67228441532787,0.882659960975998,0.508615424608903
MA0736.1,GLIS2,0.06,2,0,168,0,Up,508854,0.874714280721276,84,2,11996,166,Up,0.326474668356048,-5.624949456138322,1.091996229486999,0.486150510621624
MA0912.2,HOXD3,0,5,0.1,335,0,Up,520265.5,0.60588620989614,84,5,11996,322,Up,0.077304825009348,-4.579309202643676,1.275722769997579,1.111793398584409
MA0742.1,Klf12,0.07,35,0.4,3733,0.3,Up,555113,0.107388210547128,84,30,11996,3003,Up,0.031117891576432,-1.734019544072956,0.527754890707316,1.506989836738311
MA0837.1,CEBPE,0.15,114,1.4,18489,1.5,Down,558358.5,0.086907441809504,84,52,11996,8542,Down,0.069480936967004,-0.588258614626257,-0.196750607979609,-1.158134333620796
MA0750.2,ZBTB7A,0.14,213,2.5,30443,2.5,Down,508120,0.892905832753867,84,70,11996,10736,Down,0.073852270063057,-0.210708938801586,-0.10123829016361,-1.13163615085024
MA1464.1,ARNT2,0.03,43,0.5,3559,0.3,Up,556790.5,0.096370134436545,84,24,11996,2193,Up,0.02248306305882,-2.118738269550414,0.665137354766876,1.648144521442734
MA0853.1,Alx4,0.08,24,0.3,4306,0.4,Down,531956.5,0.377230321938288,84,10,11996,2146,Down,0.196735095973837,-2.745558747004342,-0.526006532998165,-0.706118158493633
MA0632.2,TCFL5,0.1,194,2.3,37287,3.1,Down,571220,0.034366271738169,84,56,11996,8756,Down,0.217156236105184,-0.517443895882985,-0.126513155968023,-0.663227694428936
MA1601.1,ZNF75D,0.05,22,0.3,4618,0.4,Down,549620,0.150552355565174,84,19,11996,3775,Down,0.097969805833306,-1.891675576745442,-0.447603281348988,-1.008907752679982
MA0754.1,CUX1,0.09,73,0.9,11918,1,Down,555017,0.108047760782997,84,35,11996,6452,Down,0.028159641505255,-1.072907866874627,-0.356448899805751,-1.550372878410625
MA1561.1,SOX12,0.15,61,0.7,6983,0.6,Up,557551,0.091682434498922,84,44,11996,5209,Up,0.121552724117571,-1.064271373582811,0.278250736534049,0.915235303739837
MA0697.1,ZIC3,0.12,9,0.1,2209,0.2,Down,535828,0.315107522553298,84,8,11996,1902,Down,0.132777051283997,-2.98503089729701,-0.656771395469669,-0.876876980404481
MA0622.1,Mlxip,0.02,94,1.1,9056,0.8,Up,552084,0.129786543042575,84,32,11996,3583,Up,0.119343387408149,-1.560841961014662,0.364660675521865,0.923201639428165
MA0844.1,XBP1,0.13,13,0.2,1448,0.1,Up,519395,0.625108052252799,84,12,11996,1345,Up,0.38359034417061,-2.956711254410063,0.399376015805206,0.416132333530053
MA1121.1,TEAD2,0.12,100,1.2,13988,1.2,Up,525271.5,0.500867532322425,84,65,11996,8017,Up,0.047252327933999,-0.474422819684404,0.21393276987934,1.325576790668255
MA1555.1,RXRB(var.2),0.07,2,0,60,0,Up,513719,0.756243680012814,84,2,11996,50,Up,0.050646186403659,-6.485532898298055,2.813163113806467,1.295453250919721
MA0074.1,RXRA::VDR,0.12,3,0,127,0,Up,516613.5,0.688203362686504,84,3,11996,124,Up,0.058520102832381,-5.591924260054791,1.996799491660422,1.232694919397434
MA0874.1,Arx,0.11,43,0.5,6874,0.6,Down,527498.5,0.457454199599383,84,16,11996,2894,Down,0.307903041458616,-2.203856406823967,-0.305257820199527,-0.51158602112548
MA0084.1,SRY,0.14,1066,12.7,148546,12.4,Up,505271.5,0.963951664952511,84,83,11996,11978,Down,0.124254648451505,-0.00967072166904,-0.015008844278183,-0.905687355036682
MA0819.1,CLOCK,0.04,2,0,1024,0.1,Down,527163,0.463856204168049,84,1,11996,703,Down,0.094676825492272,-4.953918130138789,-1.723997610844477,-1.023756312364226
MA1649.1,ZBTB12,0.03,53,0.6,6024,0.5,Up,554484,0.11176814860477,84,41,11996,4658,Up,0.071912595768767,-1.195258082459423,0.338836155048328,1.143195034599412
MA1125.1,ZNF384,0,0,0,538,0,Down,525546,0.495401020271143,84,0,11996,517,Down,0.052055158705203,-5.967895160924289,-2.865968550715789,-1.283536225112382
MA1581.1,ZBTB6,0.02,29,0.3,2456,0.2,Up,567083,0.047048832066918,84,25,11996,2057,Up,0.005208840683411,-2.136051658477392,0.815195128333406,2.283258925610769
MA0761.2,ETV1,0.08,59,0.7,7973,0.7,Up,521212,0.58529193022527,84,43,11996,5631,Up,0.444788650232005,-1.024479172802744,0.133086464738577,0.351846303270647
MA0716.1,PRRX1,0,2,0,628,0.1,Down,522994,0.547427223669373,84,1,11996,606,Down,0.130732517020242,-5.060939519196801,-1.509954832728455,-0.883616377178141
MA0869.1,Sox11,0.11,0,0,23,0,Down,504756,0.976856319338316,84,0,11996,22,Down,0.99999999993694,-8.229676138952795,1.657593405341225,0.000000000027387
MA1571.1,TGIF2LX,0.12,6,0.1,413,0,Up,520671,0.59702346281586,84,5,11996,311,Up,0.068947451419289,-4.604342701286984,1.325789767284194,1.161481782497495
MA0713.1,PHOX2A,0.14,134,1.6,16425,1.4,Up,541696,0.234519450797387,84,58,11996,7301,Up,0.144554400967614,-0.62343174613153,0.1858340588655,0.839968681669875
MA1126.1,FOS::JUN(var.2),0.14,40,0.5,3696,0.3,Up,560325,0.076115637903671,84,28,11996,2648,Up,0.017225618446295,-1.87367778338657,0.611376722538255,1.763825176793815
MA0883.1,Dmbx1,0.02,4,0,328,0,Up,514288,0.742698559384506,84,4,11996,322,Up,0.291021747381761,-4.724062511241169,0.986216152802595,0.536074555979753
MA1136.1,FOSB::JUNB(var.2),0.09,16,0.2,1273,0.1,Up,524756,0.511219191123656,84,8,11996,650,Up,0.138653871012042,-3.759168643133566,0.891504096203443,0.858068001054015
MA0139.1,CTCF,0.08,6,0.1,408,0,Up,523389,0.539201150916505,84,6,11996,390,Up,0.057347242102991,-4.320793458976098,1.240707481670012,1.241487462998152
MA1509.1,IRF6,0.07,11,0.1,1002,0.1,Up,529452.5,0.421169371376789,84,11,11996,955,Up,0.101619514666889,-3.263765677600399,0.772896394750455,0.993022883603988
MA1479.1,DMRTC2,0.15,66,0.8,12267,1,Down,573537,0.028633681643568,84,38,11996,6998,Down,0.019238424355368,-0.955794404442921,-0.356596982288725,-1.715830499958827
MA0492.1,JUND(var.2),0.06,7,0.1,521,0,Up,519977,0.612227387453772,84,6,11996,475,Up,0.150206385489799,-4.178732062616807,0.956584688951428,0.823311604455439
MA1636.1,CEBPG(var.2),0.01,1,0,32,0,Up,508486,0.883827182794354,84,1,11996,32,Up,0.205925789276175,-7.171937530242828,2.712041189363601,0.686289260769164
MA0677.1,Nr2f6,0.15,9,0.1,415,0,Up,541335,0.239010702838803,84,9,11996,390,Up,0.001763748699809,-4.047049561324852,1.788195276972506,2.753563293388488
MA0767.1,GCM2,0.12,144,1.7,23606,2,Down,555134,0.107244359878742,84,63,11996,9736,Down,0.161134574209738,-0.356666572952008,-0.11105635311602,-0.792811264189817
MA0471.2,E2F6,0.08,59,0.7,10694,0.9,Down,549972.5,0.147435224551751,84,39,11996,6439,Down,0.189447246739998,-0.997345833944592,-0.199505708320978,-0.722511701997934
MA0051.1,IRF2,0.1,12,0.1,1037,0.1,Up,536238,0.308946468246307,84,12,11996,929,Up,0.037672221235738,-3.223519064770531,0.932991636526142,1.423978772098728
MA0468.1,DUX4,0.03,7,0.1,486,0,Up,526375.5,0.47907746854451,84,7,11996,461,Up,0.043974698977795,-4.097063970490487,1.206150259633643,1.356797124758054
MA1588.1,ZNF136,0.11,1,0,123,0,Up,504705.5,0.978120880396015,84,1,11996,122,Up,0.577963947738273,-6.214802467255771,0.797771063389485,0.238099251175758
MA1481.1,DRGX,0,5,0.1,335,0,Up,520265.5,0.60588620989614,84,5,11996,322,Up,0.077304825009348,-4.579309202643676,1.275722769997579,1.111793398584409
MA1533.1,NR1I2,0.1,3,0,257,0,Up,511194,0.817205208379891,84,3,11996,253,Up,0.263192455856334,-5.079004257587162,0.970959486725163,0.579726563488635
MA0111.1,Spz1,0.08,0,0,358,0,Down,518658,0.641584472170918,84,0,11996,353,Down,0.181228162424554,-6.242819484712935,-2.3161199031385,-0.741774313087383
MA1133.1,JUN::JUNB(var.2),0.11,20,0.2,1564,0.1,Up,533164.5,0.357082802831032,84,11,11996,880,Up,0.056074016146633,-3.322732112173523,0.890829263896703,1.251238337644
MA0865.1,E2F8,0.15,3,0,481,0,Down,505554,0.956883551059573,84,3,11996,469,Down,0.999999999956534,-4.634434552261944,0.081820076074729,0.000000000018877
MA0772.1,IRF7,0.04,1,0,36,0,Up,508318,0.887992611724879,84,1,11996,36,Up,0.227845259446298,-7.088209157317047,2.544584443512039,0.642360002928499
MA1630.1,Znf281,0.14,101,1.2,13149,1.1,Up,533183,0.356779617256131,84,56,11996,7198,Up,0.221351868823551,-0.658772906691365,0.156144865648737,0.65491680701999
MA0595.1,SREBF1,0.13,141,1.7,17312,1.4,Up,565303,0.053609988258024,84,74,11996,8922,Up,0.003524271950751,-0.30440228641836,0.245382741196675,2.452930586595542
MA0671.1,NFIX,0.01,67,0.8,9762,0.8,Down,525291,0.500478148827079,84,41,11996,6533,Down,0.32329390208971,-0.951262803372035,-0.14915440312645,-0.49040248689406
MA1604.1,Ebf2,0.05,3,0,1155,0.1,Down,529300.5,0.423929898645174,84,3,11996,1031,Down,0.116667488205088,-4.066661173145589,-1.053726682157982,-0.933050152183558
MA0060.3,NFYA,0.14,120,1.4,14892,1.2,Up,544746,0.198947267469626,84,63,11996,8041,Up,0.130742736534745,-0.494635883489649,0.164882267959262,0.883582429194931
MA1631.1,ASCL1(var.2),0.01,2,0,1094,0.1,Down,534865,0.329893831796276,84,2,11996,1023,Down,0.046383606707792,-4.314990946162248,-1.527920790465149,-1.333635484408873
MA1522.1,MAZ,0,0,0,626,0.1,Down,527352,0.460243589693745,84,0,11996,560,Down,0.033801809208949,-5.91031740571492,-2.981124061134528,-1.471060053910652
MA0863.1,MTF1,0.12,3,0,58,0,Up,513421,0.763367911919148,84,2,11996,58,Up,0.065261649750442,-6.37945627988225,2.601009876974857,1.185341951871201
MA0141.3,ESRRB,0.15,33,0.4,4563,0.4,Up,526475.5,0.477129618342284,84,31,11996,3698,Up,0.236838085793536,-1.560600445143838,0.274001864723141,0.625548457692487
MA1502.1,HOXB8,0.05,154,1.8,25317,2.1,Down,547343,0.171909668535557,84,56,11996,8813,Down,0.172602987655249,-0.512763536985725,-0.135873873762544,-0.762951691176089
MA0740.1,KLF14,0.07,6,0.1,1857,0.2,Down,535038,0.327204925710126,84,6,11996,1585,Down,0.106916382555763,-3.310021746995168,-0.780835942291848,-0.970955743730014
MA0105.4,NFKB1,0.14,2,0,1198,0.1,Down,535978,0.312844177073034,84,2,11996,1048,Down,0.032248455319766,-4.297583066625656,-1.562736549538331,-1.491491082956414
MA0480.1,Foxo1,0.03,11,0.1,1111,0.1,Up,525374.5,0.498812605729295,84,11,11996,1050,Up,0.172114977167981,-3.195391485752605,0.636148011054866,0.764181336422034
MA0680.1,PAX7,0.05,1,0,49,0,Up,507855,0.899488012607417,84,1,11996,47,Up,0.285088344902645,-6.898193632591581,2.164553394061108,0.545020537330785
MA0606.1,NFAT5,0.01,18,0.2,1459,0.1,Up,543695,0.210730642905485,84,16,11996,1349,Up,0.03561567918214,-2.754300996704981,0.795631359562501,1.44835876935274
MA1498.1,HOXA7,0.03,115,1.4,19216,1.6,Down,543642.5,0.211332217045788,84,53,11996,8485,Down,0.148171588696072,-0.579477215734595,-0.159870468292885,-0.829235062587516
MA1535.1,NR2C1,0.01,137,1.6,17114,1.4,Up,563071,0.062900018636106,84,68,11996,9013,Up,0.254445746012883,-0.35765079200986,0.109606877376406,0.594404805543583
MA0734.2,GLI2,0.15,12,0.1,1930,0.2,Down,516888,0.681869935613677,84,10,11996,1762,Down,0.539123003695619,-2.887740204641495,-0.241643617723859,-0.268312136980621
MA1511.1,KLF10,0.1,111,1.3,15750,1.3,Up,530793.5,0.397275615804387,84,64,11996,8137,Up,0.126688106201571,-0.474804097935827,0.170303834153793,0.897264155862335
MA1516.1,KLF3,0.03,36,0.4,3501,0.3,Up,566911,0.047651846408841,84,31,11996,2880,Up,0.00980318216641,-1.740910954128061,0.634622882691586,2.008632927064
MA0818.1,BHLHE22,0.15,33,0.4,5966,0.5,Down,532594.5,0.36650361408261,84,13,11996,2618,Down,0.184966483490581,-2.420896491311224,-0.450190885614983,-0.732906959995977
MA0591.1,Bach1::Mafk,0.09,5,0.1,331,0,Up,520354.5,0.603935955657935,84,5,11996,320,Up,0.07574584556979,-4.583796604489615,1.284697573689455,1.120641181909402
MA1645.1,NKX2-2,0.01,2,0,573,0,Down,515409,0.716248336275979,84,2,11996,561,Down,0.439943169363941,-4.748067533473652,-0.66176761584234,-0.356603420844952
MA1654.1,ZNF16,0.1,0,0,18,0,Down,504588,0.981063383302969,84,0,11996,18,Down,0.999999999940184,-8.37087600430316,1.939993136041949,0.000000000025978
MA0117.2,Mafb,0.05,18,0.2,2185,0.2,Up,526380,0.478989722101186,84,18,11996,1996,Up,0.240139741963058,-2.389247325986635,0.395642510666801,0.619535960363724
MA1622.1,Smad2::Smad3,0.15,120,1.4,14999,1.3,Up,505755,0.951856587480848,84,40,11996,6591,Down,0.187885090931317,-0.962482138018084,-0.197094590758951,-0.726107680693257
MA1493.1,HES6,0.09,1,0,525,0,Down,518343.5,0.648670173377814,84,1,11996,488,Down,0.264864296440087,-5.217014060772863,-1.19780574957633,-0.576976580412086
MA1619.1,Ptf1a(var.2),0.01,14,0.2,930,0.1,Up,526480.5,0.477032339753657,84,7,11996,460,Up,0.043554753801598,-4.098628716267707,1.209279751188082,1.360964436818664
MA1521.1,MAFA,0.07,1,0,36,0,Up,508650,0.879764025320263,84,1,11996,28,Up,0.183391697042326,-7.266676429674686,2.901518988227314,0.736620330663426
MA1618.1,Ptf1a,0.01,0,0,222,0,Down,513156,0.769720117167047,84,0,11996,222,Down,0.410087707640694,-6.576771924190754,-1.648215024182861,-0.387123248473612
MA0493.1,Klf1,0.08,61,0.7,7413,0.6,Up,572465,0.031174643075146,84,51,11996,5249,Up,0.001950131991974,-0.953370272841078,0.477982727484224,2.70993599302421
MA0517.1,STAT1::STAT2,0.03,2,0,89,0,Up,512173,0.793415308394008,84,2,11996,87,Up,0.127226775832716,-6.089033083757788,2.020163484725932,0.895421478525275
MA0832.1,Tcf21,0.12,11,0.1,712,0.1,Up,524707.5,0.512198829467366,84,6,11996,356,Up,0.040054352647139,-4.386503694825143,1.372127953368103,1.397350282877603
MA0122.3,Nkx3-2,0.04,36,0.4,5829,0.5,Down,528314.5,0.442092243457375,84,27,11996,4403,Down,0.427588726648859,-1.532705355079929,-0.173628735355193,-0.368973753460297
MA0729.1,RARA,0.06,1,0,2,0,Up,509746,0.852696550822517,84,1,11996,2,Up,0.020717907154685,-9.022157389313374,6.412480907504692,1.683654117511635
MA0747.1,SP8,0.03,1,0,650,0.1,Down,522721.5,0.553138130591081,84,1,11996,592,Down,0.130605625524343,-5.077785764864245,-1.476262341393566,-0.884038116463983
MA0790.1,POU4F1,0.12,13,0.2,2523,0.2,Down,527845.5,0.450885263327773,84,9,11996,1849,Down,0.28797680533071,-2.925179137833843,-0.455545570009511,-0.540642490444038
MA0739.1,Hic1,0.08,164,2,23113,1.9,Up,507981,0.896357481858928,84,66,11996,10067,Down,0.18115405555925,-0.299252543450481,-0.092688914661028,-0.74195193881803
MA1130.1,FOSL2::JUN,0.03,11,0.1,1052,0.1,Up,527796,0.451819052487538,84,11,11996,993,Up,0.112332666485669,-3.235633630464292,0.716632300478241,0.949493931971057
MA0908.1,HOXD11,0.04,0,0,311,0,Down,516600,0.688515412029898,84,0,11996,304,Down,0.277879048528418,-6.350453478164469,-2.100851916235433,-0.556144196840885
MA0684.2,RUNX3,0.01,9,0.1,718,0.1,Up,528717,0.4346248747108,84,9,11996,690,Up,0.059757702929526,-3.635890128266815,0.965876410856434,1.22360610503812
MA0801.1,MGA,0.1,68,0.8,9438,0.8,Up,522015,0.568079189307305,84,49,11996,6376,Up,0.380669584189733,-0.841649854897664,0.140254077390178,0.419451822282741
MA0802.1,TBR1,0.05,2,0,706,0.1,Down,520462,0.601584079259456,84,2,11996,681,Down,0.240405385686885,-4.608353716271348,-0.941195250246949,-0.619055807268734
MA1475.1,CREB3L4(var.2),0.05,17,0.2,1266,0.1,Up,531745,0.380828568140784,84,9,11996,613,Up,0.04000289249329,-3.721179163564388,1.13645448145158,1.397908604960587
MA1589.1,ZNF140,0.09,0,0,23,0,Down,504798,0.975804649358671,84,0,11996,23,Down,0.999999999930549,-8.198308261278816,1.594857649993262,0.000000000030162
MA0753.2,ZNF740,0.12,46,0.5,6338,0.5,Up,530562,0.401341049395814,84,24,11996,2726,Up,0.238863830648424,-1.961830545000393,0.351321905666834,0.621849607215491
MA1138.1,FOSL2::JUNB,0.02,4,0,361,0,Up,516904,0.68150145919424,84,4,11996,255,Up,0.106081372142736,-4.892050445927667,1.32219202217559,0.974360871384959
MA0848.1,FOXO4,0.13,165,2,22135,1.8,Up,527489.5,0.457625287344765,84,69,11996,9277,Up,0.359514604860084,-0.326371960463436,0.088867193809518,0.444283462217658
MA0721.1,UNCX,0.04,324,3.9,47736,4,Down,510256.5,0.840145908760273,84,80,11996,10758,Up,0.104677624472304,-0.113549585946824,0.087174055558514,0.980146141690126
MA0150.2,Nfe2l2,0,1,0,0,0,Up,509830,0.850628756637838,84,1,11996,0,Up,0.006953642384148,-10.183121436757055,8.734409002392056,2.157787648220589
MA0068.2,PAX4,0.09,349,4.2,50351,4.2,Down,503864,0.999198374957357,84,80,11996,10785,Up,0.141792679869848,-0.111741528645602,0.08355794095607,0.848346189281243
MA0161.2,NFIC,0.01,18,0.2,3157,0.3,Down,517909.5,0.658500565120577,84,17,11996,2715,Down,0.695057029726098,-2.20746010468305,-0.128272629308336,-0.157979559900216
MA0816.1,Ascl2,0.12,164,2,25179,2.1,Down,528126.5,0.445605110792667,84,48,11996,7783,Down,0.168315171149877,-0.712544605394118,-0.176843977401878,-0.773876736966974
MA0745.2,SNAI2,0.07,35,0.4,7238,0.6,Down,566473,0.049216828131819,84,26,11996,5196,Down,0.0265640326003,-1.439980191717963,-0.465957580002044,-1.57570599545165
MA1147.1,NR4A2::RXRA,0.13,11,0.1,974,0.1,Up,531234.5,0.389600142344003,84,11,11996,911,Up,0.063802331349346,-3.29777228606956,0.840909611688777,1.195163451785769
MA1629.1,Zic2,0.15,92,1.1,14233,1.2,Down,533077,0.358518986499865,84,49,11996,7819,Down,0.206434861461716,-0.694494054419245,-0.15405752356666,-0.685216959845237
MA0815.1,TFAP2C(var.3),0.14,115,1.4,22672,1.9,Down,578991.5,0.018287469446648,84,48,11996,8034,Down,0.062591680016255,-0.689650000975281,-0.222633186239551,-1.203483391440842
MA1487.1,FOXE1,0.03,5,0.1,217,0,Up,525182,0.502656760367349,84,5,11996,205,Up,0.015423692472354,-4.904389585958143,1.925883536626513,1.811811642601719
MA0847.2,FOXD2,0.12,94,1.1,9622,0.8,Up,568761.5,0.041494022016861,84,47,11996,5464,Up,0.061722876504373,-0.982737992720191,0.303428329537908,1.209553842478199
MA0056.2,MZF1,0.09,51,0.6,7349,0.6,Down,521455,0.580057582120656,84,33,11996,5316,Down,0.379407430297117,-1.254427553608904,-0.160725384431016,-0.42089416816154
MA0872.1,TFAP2A(var.3),0.15,159,1.9,29157,2.4,Down,572576.5,0.030901635758729,84,55,11996,9247,Down,0.01827858400743,-0.490970913936902,-0.230985311990353,-1.738057450920492
MA1152.1,SOX15,0.11,844,10,118110,9.8,Up,504665.5,0.979122552099931,84,82,11996,11946,Down,0.050646186403509,-0.020291385394989,-0.028531673282759,-1.295453250921006
MA0646.1,GCM1,0.03,1,0,59,0,Up,507352,0.912000400561752,84,1,11996,59,Up,0.342759516582224,-6.735712555103083,1.839591239084112,0.46501047835677
MA0906.1,HOXC12,0.08,0,0,351,0,Down,518238,0.651054277276881,84,0,11996,343,Down,0.178605465186084,-6.263519542708584,-2.274719787147201,-0.748105256176225
MA0017.2,NR2F1,0.08,126,1.5,14415,1.2,Up,577636.5,0.020492655976924,84,65,11996,8305,Up,0.122636563842738,-0.448965532723133,0.163018195956797,0.911380026492267
MA0811.1,TFAP2B,0.07,58,0.7,13238,1.1,Down,585462,0.010380292070693,84,30,11996,6014,Down,0.008564323755322,-1.233119472184213,-0.474045253070169,-2.067306923524719
MA1467.1,ATOH1(var.2),0.05,12,0.1,557,0,Up,537709.5,0.287494032374026,84,9,11996,489,Up,0.007573865322298,-3.884056405593993,1.462208965510789,2.120682421726776
MA0693.2,VDR,0.05,100,1.2,13010,1.1,Up,531215.5,0.389928960857489,84,62,11996,7720,Up,0.085643687554321,-0.535471260822745,0.200752218405295,1.067304641587601
MA0033.2,FOXL1,0.02,49,0.6,6424,0.5,Up,519970,0.612381610361615,84,35,11996,4675,Up,0.653819322232524,-1.305276657192031,0.108288680829057,0.184542248920892
MA0864.2,E2F2,0.08,22,0.3,1863,0.2,Up,537115,0.296036888703935,84,14,11996,1229,Up,0.06844913470555,-2.914684179755807,0.743571477202389,1.16463203759544
MA0062.3,GABPA,0.12,79,0.9,10953,0.9,Up,516663.5,0.687048087032625,84,55,11996,6999,Up,0.22162487361923,-0.691876677245884,0.170826214627611,0.654381499045787
MA1634.1,BATF,0.15,132,1.6,17418,1.5,Up,518307.5,0.649483303414225,84,44,11996,7427,Down,0.09024852976674,-0.808405479273047,-0.23348105208548,-1.044559864429428
MA0776.1,MYBL1,0.07,3,0,190,0,Up,514332,0.741654383402611,84,3,11996,178,Up,0.131599160500063,-5.332035094074282,1.477021159699403,0.880746881173074
MA0615.1,Gmeb1,0.07,99,1.2,10463,0.9,Up,565215.5,0.053951299236124,84,39,11996,4227,Up,0.038736443235794,-1.300917793380409,0.407638210550656,1.411880258526096
MA0805.1,TBX1,0.09,30,0.4,4270,0.4,Up,518544,0.644149172052401,84,28,11996,3520,Up,0.470629509049272,-1.6683753664131,0.200771888591315,0.327320845507895
MA0703.2,LMX1B,0,1,0,71,0,Up,506931.5,0.922477460844932,84,1,11996,69,Up,0.387288145893003,-6.623650900395301,1.615467929668547,0.411965795686377
MA1519.1,LHX5,0.1,337,4,49058,4.1,Down,507838,0.899910506658982,84,80,11996,10801,Up,0.140712400940351,-0.110672221892409,0.081419327449682,0.85166762664031
MA0490.2,JUNB,0.08,14,0.2,1370,0.1,Up,518201.5,0.65187994274108,84,9,11996,958,Up,0.31566403123931,-3.399321619561766,0.492739393446334,0.500774901554836
MA0605.2,ATF3,0.07,16,0.2,1242,0.1,Up,526920,0.468524109652938,84,8,11996,590,Up,0.069534724410611,-3.828974641793886,1.031116093524081,1.15779826226181
MA1646.1,OSR2,0.11,264,3.1,39239,3.3,Down,519165,0.630230378576812,84,81,11996,11362,Up,0.62878409016819,-0.065242273017679,0.026181981933145,0.201498455581207
MA0108.2,TBP,0.03,25,0.3,4650,0.4,Down,538896.5,0.270938981539853,84,19,11996,3528,Down,0.187568931769051,-1.940481930359935,-0.349990574120002,-0.726839094947614
MA0909.2,HOXD13,0.09,19,0.2,1713,0.1,Up,535066,0.326771068787055,84,16,11996,1572,Up,0.106812791236501,-2.643983476555082,0.574996319262701,0.971376735783212
MA0887.1,EVX1,0.11,965,11.5,144966,12.1,Down,532103,0.374750249959161,84,84,11996,11783,Up,0.408026970092168,-0.012922719181988,0.025845438363977,0.389311129618232
MA0058.3,MAX,0.02,94,1.1,9050,0.8,Up,552116,0.12953228437544,84,32,11996,3583,Up,0.119343387408149,-1.560841961014662,0.364660675521865,0.923201639428165
MA0100.3,MYB,0.01,63,0.8,8723,0.7,Up,519157,0.63040886864986,84,47,11996,6069,Up,0.381162984429652,-0.906993903898892,0.151940151895311,0.418889281272149
MA0890.1,GBX2,0.06,337,4,48891,4.1,Down,506637.5,0.929810790978604,84,80,11996,10799,Up,0.140811950813039,-0.110805798582841,0.081686480830547,0.851360484740042
MA0823.1,HEY1,0.03,25,0.3,2848,0.2,Up,538916,0.270672584130796,84,19,11996,1808,Up,0.065232214561416,-2.422612636358622,0.614270837877373,1.185537877410717
MA0507.1,POU2F2,0.09,9,0.1,1556,0.1,Down,524511.5,0.516167731113872,84,6,11996,1372,Down,0.298970852721262,-3.414087611100808,-0.57270421408057,-0.524371149867376
MA0652.1,IRF8,0.03,1,0,2,0,Up,509746,0.852696550822517,84,1,11996,2,Up,0.020717907154685,-9.022157389313374,6.412480907504692,1.683654117511635
MA1529.1,NHLH2,0.11,6,0.1,793,0.1,Up,511950,0.798818232703975,84,6,11996,655,Up,0.465673255271533,-3.947156842936211,0.493434249590237,0.331918703921527
MA1101.2,BACH2,0.1,9,0.1,616,0.1,Up,523363.5,0.539730325400671,84,6,11996,390,Up,0.057347242102991,-4.320793458976098,1.240707481670012,1.241487462998152
MA0725.1,VSX1,0.14,651,7.8,94110,7.8,Down,504165.5,0.991645715258946,84,82,11996,11054,Up,0.064783984264921,-0.076268503777424,0.083422563482112,1.188532346059402
MA0620.3,MITF,0.1,32,0.4,2544,0.2,Up,540847,0.245177935068405,84,14,11996,1124,Up,0.035990612411369,-2.979078216664939,0.872359551020654,1.443810763388335
MA0770.1,HSF2,0.1,7,0.1,544,0,Up,518786.5,0.638698680247135,84,6,11996,504,Up,0.169943921451677,-4.136027598493909,0.871175760705634,0.769694364633176
MA0879.1,Dlx1,0.15,719,8.6,101684,8.5,Up,505403,0.960661165489623,84,83,11996,11389,Up,0.130776497682674,-0.046042144104109,0.057734000591955,0.883470297631275
MA0851.1,Foxj3,0.01,3,0,163,0,Up,515020.5,0.725378448609857,84,3,11996,162,Up,0.107435293143765,-5.399777272130923,1.612505515812687,0.968853026832897
MA1647.1,PRDM4,0.01,36,0.4,4659,0.4,Up,522431.5,0.559247695477338,84,30,11996,3810,Up,0.480535611930154,-1.562351718327991,0.184419239217387,0.318274421748493
MA0644.1,ESX1,0.06,337,4,49004,4.1,Down,507450.5,0.909548343796173,84,80,11996,10799,Up,0.140811950813039,-0.110805798582841,0.081686480830547,0.851360484740042
MA0596.1,SREBF2,0.13,110,1.3,13886,1.2,Up,539585,0.261641726602987,84,65,11996,8070,Up,0.060935905486099,-0.469670015495904,0.20442716150234,1.215126731021362
MA0642.1,EN2,0.01,10,0.1,2390,0.2,Down,544556,0.201041022439623,84,8,11996,2141,Down,0.045175392406588,-2.899668285546943,-0.827496618969804,-1.345098066342551
MA0668.1,NEUROD2,0.15,58,0.7,9825,0.8,Down,552548,0.126137529492797,84,23,11996,4562,Down,0.054446831765558,-1.620503839507763,-0.451573490193568,-1.264027386555914
MA0743.2,SCRT1,0.11,20,0.2,2734,0.2,Up,519556,0.621533146728502,84,20,11996,2413,Up,0.412417192611036,-2.178371129086291,0.27008739484438,0.384663238392238
MA0726.1,VSX2,0.15,530,6.3,75487,6.3,Up,508073.5,0.894060298653412,84,80,11996,10801,Up,0.140712400940351,-0.110672221892409,0.081419327449682,0.85166762664031
MA1653.1,ZNF148,0.06,59,0.7,9911,0.8,Down,540907.5,0.244407343979546,84,32,11996,5491,Down,0.187066906030867,-1.252926501090556,-0.251170244326348,-0.728003036655117
MA1578.1,VEZF1,0,4,0,108,0,Up,523532,0.536238448032263,84,4,11996,102,Up,0.006314238891413,-5.550900136643754,2.639891403607765,2.199678991138772
MA0442.2,SOX10,0.02,98,1.2,14392,1.2,Down,518570.5,0.643552612297057,84,54,11996,8035,Down,0.641694201452019,-0.605424484008773,-0.05454125499297,-0.192671885110819
MA1545.1,OVOL2,0.01,5,0.1,448,0,Up,515601,0.71175099658047,84,5,11996,433,Up,0.233283369026406,-4.365942786188067,0.848989937086362,0.632116221332746
MA1539.1,NR2F6(var.3),0.14,2,0,211,0,Up,507499,0.908341300931625,84,2,11996,198,Up,0.406545139124709,-5.498141041102474,0.838379399415303,0.390891227229985
MA0623.2,NEUROG1,0.01,4,0,98,0,Up,513811,0.754048400395021,84,2,11996,48,Up,0.047204084931428,-6.514682218580389,2.871461754371134,1.326020416907984
MA0145.3,TFCP2,0.07,5,0.1,309,0,Up,518366,0.64816217963604,84,4,11996,224,Up,0.074302732697071,-4.985354369025904,1.508799868372064,1.128995213514868
MA0870.1,Sox1,0.14,0,0,231,0,Down,513114,0.770728314233338,84,0,11996,221,Down,0.40979938283244,-6.580021242840125,-1.641716386884119,-0.38742869999209
MA0891.1,GSC2,0,2,0,12,0,Up,515324,0.718242504799488,84,2,11996,12,Up,0.004118371206291,-7.492710544786591,4.827518406783537,2.385274511147268
MA0146.2,Zfx,0.15,557,6.6,82172,6.8,Down,510254.5,0.840195001733969,84,81,11996,11805,Down,0.152509328212001,-0.03765284746423,-0.028996869173754,-0.816703591942767
MA1592.1,ZNF274,0.15,19,0.2,3151,0.3,Down,532787,0.363304832612198,84,14,11996,2730,Down,0.238557477470737,-2.339137468816716,-0.407521944675793,-0.622406966137607
MA0857.1,Rarb,0.08,1,0,3,0,Up,509704,0.853730828594444,84,1,11996,3,Up,0.027529176160956,-8.779443975728254,5.927054080334452,1.56020678512335
MA1643.1,NFIB,0.12,2,0,531,0,Down,512408.5,0.787720279543017,84,1,11996,349,Down,0.521748430884913,-5.458547114069337,-0.714739642983381,-0.282538848365141
MA1141.1,FOS::JUND,0.04,14,0.2,1252,0.1,Up,532643,0.36569603678829,84,13,11996,1173,Up,0.094576037474534,-2.999857872774315,0.707731877311197,1.024218885911573
MA0687.1,SPIC,0.09,7,0.1,1613,0.1,Down,530215,0.407481374004325,84,6,11996,1495,Down,0.182191409041744,-3.352176730487412,-0.696525975307361,-0.739472105374702
MA1124.1,ZNF24,0.15,4,0,2065,0.2,Down,539058,0.268738078839945,84,3,11996,1265,Down,0.031850286327138,-3.91917933003349,-1.348690368382181,-1.496886659098265
MA0876.1,BSX,0.02,86,1,15307,1.3,Down,566894,0.047711797908356,84,48,11996,8060,Down,0.061541833135791,-0.687319457098845,-0.227294273992423,-1.210829571642319
MA0136.2,ELF5,0.11,606,7.2,84247,7,Up,524057.5,0.525421882059397,84,83,11996,11964,Down,0.205925789276175,-0.010514297364413,-0.013321692887438,-0.686289260769163
MA0799.1,RFX4,0.13,2,0,609,0.1,Down,516297,0.695533048173435,84,1,11996,443,Down,0.376043695844752,-5.286726289606524,-1.058381291909008,-0.424761687621088
MA0777.1,MYBL2,0.12,0,0,297,0,Down,512820,0.777796453917027,84,0,11996,214,Down,0.408195269590942,-6.603185768367862,-1.595387335828647,-0.389132032453008
MA0515.1,Sox6,0.14,264,3.1,37073,3.1,Up,506266.5,0.939073190531196,84,75,11996,11179,Down,0.186085836454362,-0.132116294933791,-0.060716804046629,-0.730286681054079
MA1547.1,PITX2,0.14,208,2.5,28683,2.4,Up,515446,0.715380889703495,84,75,11996,10194,Up,0.356107372517227,-0.198648618385154,0.072347842856097,0.448419035001946
MA0888.1,EVX2,0.11,965,11.5,144966,12.1,Down,532103,0.374750249959161,84,84,11996,11783,Up,0.408026970092168,-0.012922719181988,0.025845438363977,0.389311129618232
MA1478.1,DMRTA2,0.07,107,1.3,17203,1.4,Down,539058,0.268738078839945,84,54,11996,8512,Down,0.185624504780771,-0.563826935835773,-0.137736351338971,-0.731364691971791
MA1607.1,Foxl2,0.13,52,0.6,7397,0.6,Up,521594,0.577073348877882,84,32,11996,5174,Down,0.377976891170779,-1.29581690574613,-0.1653894350152,-0.42253475133685
MA0131.2,HINFP,0.05,14,0.2,3060,0.3,Down,540381,0.251170543167201,84,12,11996,2558,Down,0.140282797568888,-2.493133333225251,-0.527779826564418,-0.85299558185087
MA1494.1,HNF4A(var.2),0.07,2,0,26,0,Up,514736,0.732089398025263,84,2,11996,26,Up,0.016064088656341,-6.950678412392353,3.743454141995062,1.794143907694093
MA0502.2,NFYB,0.08,40,0.5,3689,0.3,Up,577134,0.021367528273712,84,33,11996,2938,Up,0.003124229900983,-1.682126000394376,0.694671509139928,2.505257015430268
MA1594.1,ZNF382,0.05,0,0,4,0,Down,504000,0.995791487332672,84,0,11996,4,Down,0.99999999996806,-9.390640186396478,3.979521500228587,0.000000000013871
MA0518.1,Stat4,0.01,4,0,194,0,Up,519796,0.616220656341798,84,4,11996,191,Up,0.046840642578199,-5.100039895433999,1.738170921188254,1.329377155737767
MA0098.3,ETS1,0.12,79,0.9,11393,0.9,Down,534387.5,0.337389547447195,84,39,11996,6692,Down,0.097987131638433,-0.969547553765012,-0.255102268680138,-1.008830955178673
MA0482.2,GATA4,0.12,41,0.5,6670,0.6,Down,524393.5,0.51856483989336,84,31,11996,4922,Down,0.504602441953802,-1.354374979973218,-0.138449065618101,-0.297050652105215
MA1580.1,ZBTB32,0.12,30,0.4,7016,0.6,Down,578882.5,0.018456840506762,84,23,11996,5005,Down,0.007573691818407,-1.553659025327077,-0.58526311855494,-2.120692370761058
MA0508.3,PRDM1,0.15,185,2.2,23328,1.9,Up,546239,0.183047038175509,84,74,11996,9855,Up,0.196539024353861,-0.232661751801797,0.101901671963548,0.706551204174838
MA0073.1,RREB1,0.12,0,0,422,0,Down,520548,0.59970555865576,84,0,11996,398,Down,0.117851056804718,-6.156384730122399,-2.488989412319573,-0.928666518677209
MA0854.1,Alx1,0.04,0,0,944,0.1,Down,532560,0.367078752692239,84,0,11996,684,Down,0.014904128080029,-5.766149321488684,-3.269460229587001,-1.826693425945228
MA0003.4,TFAP2A,0.15,178,2.1,29601,2.5,Down,553764.5,0.116949761230513,84,58,11996,9422,Down,0.044599400024997,-0.439473240050072,-0.182082953297416,-1.350670983610406
MA1523.1,MSANTD3,0.15,580,6.9,79755,6.6,Up,536205,0.309439391060488,84,83,11996,11976,Down,0.136411098370162,-0.00979117210062,-0.014767943415025,-0.865150294160194
MA1597.1,ZNF528,0.13,1,0,65,0,Up,507100,0.918277443356446,84,1,11996,65,Up,0.36984621973791,-6.666409935988329,1.700986000854605,0.431978815938297
MA1128.1,FOSL1::JUN,0.04,17,0.2,1484,0.1,Up,541858.5,0.232517397908686,84,16,11996,1377,Up,0.038503919539207,-2.739487325709147,0.766004017570833,1.414495058865371
MA0663.1,MLX,0.08,29,0.3,1403,0.1,Up,556650,0.097256805169286,84,14,11996,760,Up,8.351002054603513E-4,-3.2612099706916,1.436623059073974,3.07826140946558
MA0151.1,Arid3a,0.04,162,1.9,26586,2.2,Down,558864.5,0.084019034482293,84,58,11996,9503,Down,0.030036486312937,-0.433298717603997,-0.194431998189565,-1.522350872738242
MA0704.1,Lhx4,0.12,539,6.4,77911,6.5,Down,513158,0.769672117476015,84,81,11996,11354,Up,0.62872134152782,-0.065750331335425,0.027198098568636,0.201541797562236
MA1540.1,NR5A1,0.08,104,1.2,14300,1.2,Up,518140.5,0.653260774664528,84,61,11996,8084,Up,0.350702752562665,-0.51387401688324,0.111018171880591,0.455060825455579
MA0512.2,Rxra,0.11,1,0,77,0,Up,506679,0.928775268178872,84,1,11996,75,Up,0.412560363192839,-6.563919067094516,1.496004263066977,0.384512499274949
MA0850.1,FOXP3,0.08,62,0.7,9303,0.8,Down,518889,0.636400697727511,84,40,11996,6172,Down,0.512145672050093,-1.009858077660249,-0.102342711474621,-0.290606492990288
MA0709.1,Msx3,0.07,337,4,49058,4.1,Down,507838,0.899910506658982,84,80,11996,10801,Up,0.140712400940351,-0.110672221892409,0.081419327449682,0.85166762664031
MA0157.2,FOXO3,0.15,96,1.1,14536,1.2,Down,528171,0.444772173745366,84,52,11996,7773,Down,0.5688365600515,-0.65630562848228,-0.060656580267563,-0.245012498568081
MA0102.4,CEBPA,0.1,18,0.2,2467,0.2,Up,518211,0.651665002371644,84,18,11996,2171,Up,0.396932549321063,-2.328637885576213,0.274423629845956,0.40128328655285
MA1638.1,HAND2,0,2,0,37,0,Up,514274,0.743030896610147,84,2,11996,37,Up,0.029981873269955,-6.700229294426012,3.24255590606238,1.523141235884377
MA0834.1,ATF7,0.05,3,0,216,0,Up,514014,0.749211516592076,84,3,11996,185,Up,0.142727300674616,-5.30428753777843,1.4215260471077,0.845492947710053
MA0080.5,SPI1,0.05,1,0,70,0,Up,506931.5,0.922477460844932,84,1,11996,69,Up,0.387288145893003,-6.623650900395301,1.615467929668547,0.411965795686377
MA1648.1,TCF12(var.2),0.01,32,0.4,6502,0.5,Down,548302.5,0.162648771660426,84,27,11996,4753,Down,0.179694406305564,-1.477535607803609,-0.283968229907831,-0.745465441802754
MA1602.1,ZSCAN29,0.06,1,0,449,0,Down,516277,0.695997185280026,84,1,11996,439,Down,0.375180763387846,-5.293261759185353,-1.045310352751349,-0.42575943726707
MA0500.2,MYOG,0.03,162,1.9,23738,2,Down,515282.5,0.719216826962252,84,47,11996,7302,Down,0.370801062680292,-0.773587514093889,-0.114872627714695,-0.430859029879413
MA1577.1,TLX2,0.03,337,4,49058,4.1,Down,507838,0.899910506658982,84,80,11996,10801,Up,0.140712400940351,-0.110672221892409,0.081419327449682,0.85166762664031
MA0619.1,LIN54,0.05,109,1.3,17498,1.5,Down,539884.5,0.257667016095714,84,51,11996,7971,Down,0.296730104811581,-0.65203467009437,-0.124688478009191,-0.52763839001516
MA0155.1,INSM1,0.15,228,2.7,33685,2.8,Down,513307.5,0.766086651141113,84,67,11996,10334,Down,0.110983422221976,-0.269604403563542,-0.108918871335623,-0.954741887656607
MA0817.1,BHLHE23,0.15,30,0.4,5484,0.5,Down,529384.5,0.422403037983824,84,13,11996,2508,Down,0.280315637891392,-2.451854324653751,-0.388275218929929,-0.55235267369708
MA0758.1,E2F7,0.09,0,0,23,0,Down,504798,0.975804649358671,84,0,11996,23,Down,0.999999999930549,-8.198308261278816,1.594857649993262,0.000000000030162
MA1569.1,TFAP2E,0.06,171,2,37627,3.1,Down,623178,1.789283458254465E-4,84,47,11996,9150,Down,4.855252956614185E-5,-0.610857452102437,-0.4403327516976,-4.31378813860873
MA0635.1,BARHL2,0.02,25,0.3,3197,0.3,Up,525468.5,0.496941153914287,84,23,11996,2715,Up,0.296742740494947,-1.994807187316715,0.297033205424335,0.527619896809934
MA0828.1,SREBF2(var.2),0.09,19,0.2,1029,0.1,Up,546410.5,0.181282673012446,84,11,11996,547,Up,0.001608449002333,-3.66546413184486,1.576293303239376,2.793592704333909
MA0910.2,HOXD8,0.05,101,1.2,17463,1.5,Down,550151,0.145875697351387,84,51,11996,8247,Down,0.124735825265972,-0.627481844799878,-0.173794128598176,-0.904008795271994
MA0649.1,HEY2,0.04,31,0.4,3013,0.3,Up,548512.5,0.160673041129006,84,22,11996,2065,Up,0.041076202399937,-2.223538466524736,0.629024253144453,1.386409714855422
MA0861.1,TP73,0.08,1,0,102,0,Up,506583.5,0.93115839591501,84,1,11996,77,Up,0.420753352367503,-6.545059234119937,1.458284597117818,0.375972415081412
MA0866.1,SOX21,0.14,3,0,205,0,Up,514027.5,0.748890199088114,84,3,11996,185,Up,0.142727300674616,-5.30428753777843,1.4215260471077,0.845492947710053
MA1472.1,BHLHA15(var.2),0.01,21,0.3,1690,0.1,Up,537816.5,0.285974304903956,84,13,11996,1052,Up,0.049389905363299,-3.078356677059021,0.864729485880609,1.3063618059955
MA0810.1,TFAP2A(var.2),0.04,37,0.4,8504,0.7,Down,562992,0.063251814132239,84,22,11996,4474,Down,0.04094765446594,-1.665920757424612,-0.486211165055795,-1.387770970134914
MA1143.1,FOSL1::JUND(var.2),0.13,121,1.4,13546,1.1,Up,572207,0.031814301360874,84,65,11996,7687,Up,0.011636999851535,-0.504741791348245,0.274570713207022,1.934158971221006
MA0613.1,FOXG1,0.02,10,0.1,1976,0.2,Down,524899.5,0.508326414839073,84,9,11996,1790,Down,0.35553435007346,-2.948565528735579,-0.40877278820604,-0.449118433396444
MA0727.1,NR3C2,0.03,2,0,49,0,Up,508534.5,0.882625255087306,84,1,11996,31,Up,0.200350544065899,-7.194481475007097,2.757129078892139,0.698209473872675
MA0610.1,DMRT3,0.03,5,0.1,1919,0.2,Down,546334,0.182068127258568,84,5,11996,1716,Down,0.027254148082251,-3.373259806820357,-1.13637602164906,-1.564567388721947
MA0103.3,ZEB1,0.15,146,1.7,24263,2,Down,545329,0.192622296456225,84,68,11996,9944,Down,0.662197184638824,-0.286745085532196,-0.032204535578924,-0.179012670002589
MA0594.2,HOXA9,0.09,162,1.9,19598,1.6,Up,550833,0.140033270664055,84,71,11996,9219,Up,0.117973571923777,-0.310430620759919,0.138845042512248,0.928215271110481
MA0711.1,OTX1,0,5,0.1,142,0,Up,522049.5,0.567345121288071,84,4,11996,139,Up,0.017511304574008,-5.328579530481883,2.195250191284023,1.756681498223353
MA1515.1,KLF2,0,10,0.1,662,0.1,Up,537017,0.297461277590036,84,10,11996,635,Up,0.013721506501987,-3.623569818225774,1.2300156094447,1.862598204257387
MA0601.1,Arid3b,0.01,2,0,599,0,Down,514760,0.731522471851995,84,2,11996,545,Down,0.592349101769684,-4.768920946512149,-0.620060789765346,-0.227422265765663
MA1135.1,FOSB::JUNB,0.04,21,0.3,1974,0.2,Up,541709.5,0.234352662807432,84,16,11996,1360,Up,0.036653118582565,-2.748445006813568,0.783919379779673,1.435889068073881
MA0510.2,RFX5,0.1,2,0,244,0,Up,508944,0.872488060652535,84,2,11996,162,Up,0.316239678533753,-5.642490685716044,1.127078688642445,0.499983640137032
MA0831.2,TFE3,0.06,58,0.7,5126,0.4,Up,582718.5,0.013258086772529,84,39,11996,3752,Up,0.004324274191247,-1.386894134775057,0.579590893339951,2.364086776335284
MA0039.4,KLF4,0.12,214,2.5,28205,2.4,Up,507652,0.904534915821562,84,64,11996,10107,Down,0.05048537810623,-0.318419767826478,-0.142464826064904,-1.296834386778055
MA0700.2,LHX2,0.15,337,4,48981,4.1,Down,507267.5,0.914104610481061,84,80,11996,10798,Up,0.140865545292322,-0.110872596204932,0.081820076074728,0.851195219234523
MA1107.2,KLF9,0.15,136,1.6,24599,2.1,Down,514411,0.739780807168675,84,64,11996,8543,Up,0.336238779968761,-0.439683308486628,0.100062255255395,0.473352198822855
MA0884.1,DUXA,0.03,5,0.1,321,0,Up,520774.5,0.594770814328946,84,5,11996,310,Up,0.068214088713855,-4.606662148688745,1.330428662087715,1.166125918323316
MA0897.1,Hmx2,0.07,0,0,347,0,Down,517860,0.659625573666207,84,0,11996,334,Down,0.176991180087128,-6.282671486796904,-2.236415898970562,-0.752048375078476
MA0914.1,ISL2,0.02,26,0.3,4160,0.3,Down,520981.5,0.590277205647102,84,21,11996,3411,Down,0.545000674126572,-1.894375059286121,-0.160479244587929,-0.263602960532038
MA0124.2,Nkx3-1,0.12,205,2.4,27556,2.3,Up,536492.5,0.305162433157486,84,80,11996,10714,Up,0.106530788084737,-0.116505794704002,0.093086473072869,0.972524860178697
MA1627.1,Wt1,0.09,37,0.4,7129,0.6,Down,555760.5,0.10302259826956,84,24,11996,4755,Down,0.043464610886373,-1.560557104699488,-0.451224974934977,-1.361864204009755
MA0467.1,Crx,0.11,34,0.4,5752,0.5,Down,530919,0.395082096146094,84,26,11996,4420,Down,0.307136304611218,-1.556645536913456,-0.232626889611058,-0.512668845359499
MA0162.4,EGR1,0.09,68,0.8,12437,1,Down,544501,0.201650099160258,84,39,11996,6397,Down,0.227813683574396,-1.002066049565678,-0.190065277078807,-0.642420193679325
MA0494.1,Nr1h3::Rxra,0.1,10,0.1,984,0.1,Up,518960,0.634810971320192,84,9,11996,931,Up,0.30396386725563,-3.419932950925022,0.533962056172847,0.517178038707504
MA1520.1,MAF,0.07,1,0,37,0,Up,508732.5,0.877721248289945,84,1,11996,26,Up,0.171888866733772,-7.319161209475456,3.006488547828856,0.764752251717082
MA0712.2,OTX2,0.15,175,2.1,22556,1.9,Up,541533,0.236539899791452,84,69,11996,9384,Up,0.428493980073578,-0.318100067795353,0.072323408473353,0.368055275115792
MA1683.1,FOXA3,0.1,66,0.8,8921,0.7,Up,516630.5,0.68781048716185,84,43,11996,5794,Up,0.661530155329066,-1.003896707716726,0.09192153456654,0.179450354054686
MA0626.1,Npas2,0.03,94,1.1,9050,0.8,Up,552116,0.12953228437544,84,32,11996,3583,Up,0.119343387408149,-1.560841961014662,0.364660675521865,0.923201639428165
MA0896.1,Hmx1,0.09,13,0.2,1623,0.1,Up,519453,0.623819175709325,84,13,11996,1462,Up,0.40057073806763,-2.841048481356835,0.390113094476239,0.397320779355775
MA0650.2,HOXA13,0.05,8,0.1,624,0.1,Up,526786,0.47110926267297,84,8,11996,593,Up,0.07056928229594,-3.825319156671511,1.023805123279332,1.15138429940727
MA0164.1,Nr2e3,0.02,76,0.9,9874,0.8,Up,516359.5,0.694083355480641,84,29,11996,3919,Up,0.726909408781384,-1.566054207416125,0.095635640991563,0.138519709798229
MA0800.1,EOMES,0.03,1,0,433,0,Down,515646.5,0.710686682132044,84,1,11996,424,Down,0.37304594978786,-5.318311064980536,-0.995211741160983,-0.42823767084482
MA1637.1,EBF3,0.04,3,0,1166,0.1,Down,529641,0.417760648173768,84,3,11996,1039,Down,0.11684418026499,-4.061088204659646,-1.064872619129867,-0.932392913924249
MA0648.1,GSC,0.01,16,0.2,2603,0.2,Down,520871,0.592674023185646,84,13,11996,2302,Down,0.486314168653466,-2.513666215546551,-0.26465143714433,-0.313083077175855
MA1603.1,Dmrt1,0.09,4,0,2173,0.2,Down,562862,0.063834256619075,84,4,11996,1968,Down,0.002586689762582,-3.419199687816957,-1.62350949404583,-2.58725565573575
MA1108.2,MXI1,0.01,55,0.7,9071,0.8,Down,525280.5,0.500687796914238,84,39,11996,5873,Down,0.662806059576455,-1.063709942209783,-0.066777491790596,-0.178613529781085
MA0148.4,FOXA1,0.13,42,0.5,7846,0.7,Down,557422,0.09246442399964,84,28,11996,5378,Down,0.036489233032858,-1.362663598552695,-0.410651647129495,-1.43783526497457
MA0748.2,YY2,0.14,80,1,10223,0.9,Up,537684,0.287857013039894,84,52,11996,6628,Up,0.22814518154314,-0.771246570045492,0.16922530285886,0.641788699152217
MA1538.1,NR2F1(var.3),0.11,2,0,168,0,Up,509305,0.86356876357789,84,2,11996,155,Up,0.298254435236575,-5.674253254608651,1.190603826427658,0.525413089369445
MA0113.3,NR3C1,0.03,2,0,52,0,Up,508656,0.879615432562767,84,1,11996,28,Up,0.183391697042326,-7.266676429674686,2.901518988227314,0.736620330663426
MA0488.1,JUN,0.1,29,0.3,2774,0.2,Up,557239,0.093582936622248,84,25,11996,2255,Up,0.016383001612841,-2.06977423077221,0.682640272923041,1.785606525990237
MA1501.1,HOXB7,0,1,0,22,0,Up,508906,0.873427898115973,84,1,11996,22,Up,0.148400782730277,-7.437194888592218,3.242555906062381,0.82856380839295
MA0658.1,LHX6,0.02,7,0.1,2069,0.2,Down,530564,0.401305820249573,84,4,11996,1196,Down,0.140760901808813,-3.778337845627228,-0.905233178425287,-0.851517959445991
MA0752.1,ZNF410,0.1,0,0,37,0,Down,504798,0.975804649358671,84,0,11996,23,Down,0.999999999930549,-8.198308261278816,1.594857649993262,0.000000000030162
MA0624.1,NFATC1,0,2,0,124,0,Up,510620,0.831233772696727,84,2,11996,124,Up,0.218391540723639,-5.834637673639911,1.51137266449018,0.660764187799697
MA0720.1,Shox2,0,2,0,628,0.1,Down,522994,0.547427223669373,84,1,11996,606,Down,0.130732517020242,-5.060939519196801,-1.509954832728455,-0.883616377178141
MA0043.3,HLF,0.01,2,0,102,0,Up,511585,0.807682294245234,84,2,11996,101,Up,0.160674865469082,-5.981970681081364,1.806038679373086,0.794052055046377
MA0875.1,BARX1,0.02,86,1,15307,1.3,Down,566894,0.047711797908356,84,48,11996,8060,Down,0.061541833135791,-0.687319457098845,-0.227294273992423,-1.210829571642319
MA0598.3,EHF,0.01,2,0,124,0,Up,510620,0.831233772696727,84,2,11996,124,Up,0.218391540723639,-5.834637673639911,1.51137266449018,0.660764187799697
MA1117.1,RELB,0.01,8,0.1,2747,0.2,Down,557994,0.089037383055287,84,8,11996,2403,Down,0.013404722249058,-2.816410722423516,-0.994011745216657,-1.872742180334664
MA0698.1,ZBTB18,0.15,66,0.8,9807,0.8,Down,530043,0.410545640976664,84,38,11996,6493,Down,0.123598651078132,-1.009819123803428,-0.24854754356771,-0.907986268992516
MA0633.1,Twist2,0.14,225,2.7,34504,2.9,Down,534555,0.334747789637236,84,60,11996,9509,Down,0.080307176659039,-0.408594182340547,-0.146844033334086,-1.095245642216349
MA0465.2,CDX2,0.06,24,0.3,2915,0.2,Up,526300.5,0.480541200469883,84,21,11996,2453,Up,0.341210768389807,-2.132157531732471,0.31508570030477,0.466977271237002
MA0707.1,MNX1,0.09,289,3.4,42015,3.5,Down,509988,0.846742127105083,84,73,11996,10025,Up,0.463219648275048,-0.230073230049351,0.057732277207062,0.334213027526614
MA0826.1,OLIG1,0.15,27,0.3,5094,0.4,Down,526412,0.478366000536591,84,13,11996,2402,Down,0.339914572116033,-2.482998578205343,-0.325986711826745,-0.468630216841101
MA0860.1,Rarg(var.2),0.1,0,0,22,0,Down,504756,0.976856319338316,84,0,11996,22,Down,0.99999999993694,-8.229676138952795,1.657593405341225,0.000000000027387
MA0768.1,LEF1,0.13,3,0,1122,0.1,Down,534789,0.331079596317438,84,2,11996,1033,Down,0.046895542029307,-4.30797730296123,-1.541948076867186,-1.328868440101395
MA0040.1,Foxq1,0.05,16,0.2,1708,0.1,Up,523974,0.527133106346157,84,14,11996,1529,Up,0.322371622113573,-2.757189993774746,0.428583105240268,0.491643195470901
MA0158.2,HOXA5,0.01,9,0.1,671,0.1,Up,525588.5,0.494557514317191,84,7,11996,478,Up,0.083132187469627,-4.070969832070362,1.153961982793392,1.080230791692387
MA0504.1,NR2C2,0.06,2,0,109,0,Up,511619,0.806855538163119,84,2,11996,100,Up,0.158232582117873,-5.989112794084488,1.820322905379333,0.800704084826688
MA0825.1,MNT,0.15,96,1.1,9230,0.8,Up,554015,0.11512474474538,84,33,11996,3704,Up,0.098466217587554,-1.515026532704935,0.360472573761047,1.006712744444735
MA0835.2,BATF3,0.15,132,1.6,17418,1.5,Up,518307.5,0.649483303414225,84,44,11996,7427,Down,0.09024852976674,-0.808405479273047,-0.23348105208548,-1.044559864429428
MA0631.1,Six3,0.09,0,0,378,0,Down,519204,0.629360548674433,84,0,11996,366,Down,0.185878639204035,-6.216767993050728,-2.368222886462913,-0.730770515601076
MA0636.1,BHLHE41,0.07,20,0.2,1446,0.1,Up,540769.5,0.246167543953069,84,12,11996,826,Up,0.01509765594512,-3.308239087584115,1.10243168215331,1.821090475827589
MA0025.2,NFIL3,0.02,6,0.1,555,0,Up,517572,0.666186286858462,84,6,11996,528,Up,0.275581032076018,-4.102502997355747,0.804126558429308,0.559750677723071
MA0609.2,CREM,0.13,19,0.2,1517,0.1,Up,532500.5,0.368071979172942,84,10,11996,738,Up,0.038748531821216,-3.515216920345859,1.01330981368487,1.41174474822926
MA0654.1,ISX,0,2,0,628,0.1,Down,522994,0.547427223669373,84,1,11996,606,Down,0.130732517020242,-5.060939519196801,-1.509954832728455,-0.883616377178141
MA0706.1,MEOX2,0.12,551,6.6,81340,6.8,Down,520414.5,0.602622770999521,84,74,11996,10840,Down,0.457371899693785,-0.163946587046162,-0.035528657547723,-0.339730521370753
MA0645.1,ETV6,0.03,14,0.2,2718,0.2,Down,525256,0.501177156777289,84,12,11996,2215,Down,0.396953517292603,-2.596966286487299,-0.320113920040322,-0.40126034554224
MA0830.2,TCF4,0.01,4,0,1712,0.1,Down,545216,0.193836544037545,84,4,11996,1550,Down,0.021444789181796,-3.591381281090167,-1.279146307499411,-1.66867821884122
MA1553.1,RARG(var.3),0.13,6,0.1,371,0,Up,525570,0.494924593093402,84,6,11996,337,Up,0.032046935524826,-4.426010982077991,1.451142527873798,1.494213493392862
MA0793.1,POU6F2,0.08,45,0.5,7183,0.6,Down,526521.5,0.476235065012216,84,31,11996,4966,Down,0.437786050564702,-1.347955827308598,-0.15128737094734,-0.35873808072901
MA0509.2,RFX1,0.05,0,0,447,0,Down,521472,0.579692215937116,84,0,11996,420,Down,0.122552856995193,-6.117621691990061,-2.566515488584245,-0.911676559868579
MA0846.1,FOXC2,0.05,13,0.2,951,0.1,Up,532927,0.360989453643356,84,11,11996,892,Up,0.058848860659027,-3.312967529630896,0.87130009881145,1.230261940879807
MA0731.1,BCL6B,0.14,0,0,19,0,Down,504630,0.980011563359873,84,0,11996,19,Down,0.999999999942212,-8.33290157768651,1.864044282808651,0.000000000025097
MA0144.2,STAT3,0.1,77,0.9,10478,0.9,Up,534187,0.340569339869331,84,51,11996,6544,Up,0.273145471851343,-0.794318793977197,0.159879769756461,0.563605994733053
MA0683.1,POU4F2,0.12,1,0,49,0,Up,507772,0.901551045417793,84,1,11996,49,Up,0.295036056399575,-6.86844312671725,2.105052382312446,0.530124905586299
MA0514.1,Sox3,0.02,9,0.1,864,0.1,Up,523077,0.545693567726641,84,9,11996,823,Up,0.187900634232475,-3.508826510532664,0.71174917538813,0.726071753996338
MA0803.1,TBX15,0.13,72,0.9,11253,0.9,Down,528586,0.437047217533983,84,44,11996,7009,Down,0.268505918721296,-0.850188060341457,-0.149915889948659,-0.571046136632329
MA0519.1,Stat5a::Stat5b,0.13,78,0.9,11817,1,Down,518103.5,0.654098907810925,84,42,11996,6662,Down,0.322869726512605,-0.919983262781833,-0.1430104747253,-0.490972674168002
MA0762.1,ETV2,0.04,3,0,189,0,Up,513969,0.750282889106444,84,3,11996,187,Up,0.145963818732543,-5.296551833397211,1.406054638345261,0.835754783065838
MA0798.2,RFX3,0.02,0,0,221,0,Down,512694,0.780831332365368,84,0,11996,211,Down,0.40773744606246,-6.613345760557659,-1.575067351449051,-0.389619401691076
MA1142.1,FOSL1::JUND,0.04,17,0.2,1457,0.1,Up,542804,0.221108971093194,84,16,11996,1355,Up,0.036166007022777,-2.751100928519551,0.789231223191641,1.441699437705084
MA1525.1,NFATC4,0.01,23,0.3,1618,0.1,Up,562812.5,0.064057194103045,84,20,11996,1474,Up,0.003876954458748,-2.533821631277724,0.980988399227246,2.411509300470869
MA0592.3,ESRRA,0.12,29,0.3,3973,0.3,Up,522867,0.550085188838895,84,27,11996,3287,Up,0.328002279701408,-1.74353524082179,0.248031036128531,0.48412313781789
MA0868.2,SOX8,0.02,24,0.3,2492,0.2,Up,529086.5,0.427834315054197,84,19,11996,2177,Up,0.318971086747378,-2.288673075943396,0.34639171704692,0.496248681943325
MA0856.1,RXRG,0.1,1,0,40,0,Up,508191.5,0.89113112975802,84,1,11996,39,Up,0.243891499384577,-7.031231062668503,2.430628254214953,0.612803336359935
MA1421.1,TCF7L1,0.08,0,0,307,0,Down,516306,0.695324223673516,84,0,11996,297,Down,0.274678517356373,-6.367229758019982,-2.067299356524408,-0.561175305480845
MA1099.2,HES1,0.03,56,0.7,6071,0.5,Up,569237,0.040025231161841,84,39,11996,3928,Up,0.009999913412019,-1.353830890493206,0.513464404776249,2.000003760484502
MA0523.1,TCF7L2,0.04,2,0,852,0.1,Down,530978,0.39405341494139,84,1,11996,798,Down,0.043939895076085,-4.86254713805144,-1.906739595019177,-1.357140984464475
MA0675.1,NKX6-2,0,2,0,628,0.1,Down,522994,0.547427223669373,84,1,11996,606,Down,0.130732517020242,-5.060939519196801,-1.509954832728455,-0.883616377178141
MA1155.1,ZSCAN4,0.14,1,0,396,0,Down,513967,0.750330516860807,84,1,11996,384,Down,0.526206721893592,-5.389701542776143,-0.852430785569771,-0.278843608430762
MA1146.1,NR1H4::RXRA,0.13,0,0,281,0,Down,514080,0.747641045887175,84,0,11996,244,Down,0.419829500130154,-6.508757359641517,-1.784244153281335,-0.376927048141398
MA1641.1,MYF5,0.01,14,0.2,930,0.1,Up,526480.5,0.477032339753657,84,7,11996,460,Up,0.043554753801598,-4.098628716267707,1.209279751188082,1.360964436818664
MA0075.3,PRRX2,0,2,0,628,0.1,Down,522994,0.547427223669373,84,1,11996,606,Down,0.130732517020242,-5.060939519196801,-1.509954832728455,-0.883616377178141
MA1129.1,FOSL1::JUN(var.2),0.1,19,0.2,1566,0.1,Up,524993.5,0.506436159213085,84,9,11996,786,Up,0.122425322026307,-3.541987452687998,0.778071059698798,0.912128744944507
MA0664.1,MLXIPL,0.02,16,0.2,1033,0.1,Up,542382.5,0.226144245098808,84,11,11996,649,Up,0.005825203675638,-3.542228851365187,1.329822742280031,2.234688885124366
MA1651.1,ZFP42,0.13,34,0.4,3566,0.3,Up,531721.5,0.381229670287985,84,25,11996,2972,Up,0.310289831111963,-1.870659468815377,0.284410749009376,0.508232456978923
MA0749.1,ZBED1,0.12,1,0,182,0,Down,503973.5,0.996455325328291,84,1,11996,139,Up,0.625661386558947,-6.121060780842461,0.610287690562867,0.203660647198992
MA1565.1,TBX18,0.05,7,0.1,2029,0.2,Down,539353.5,0.264742893454426,84,7,11996,1830,Down,0.09207421112759,-3.103146360161102,-0.781684961025128,-1.035861993400577
MA0840.1,Creb5,0.03,3,0,211,0,Up,514224,0.744218205846551,84,3,11996,180,Up,0.134746129165859,-5.323997712645246,1.460946396841332,0.870483701881882
MA0142.1,Pou5f1::Sox2,0.15,9,0.1,2369,0.2,Down,536487,0.305243883461802,84,9,11996,2030,Down,0.14475570836161,-2.857829274433678,-0.590245296809841,-0.839364301099205
MA1616.1,Prdm15,0.02,2,0,80,0,Up,512468,0.786283189239462,84,2,11996,80,Up,0.111220288028789,-6.149180200616644,2.140457718443645,0.953815984558958
MA0473.3,ELF1,0.1,42,0.5,5091,0.4,Up,533575.5,0.350385424736341,84,34,11996,4044,Up,0.203287494958739,-1.430467635911262,0.276225312814493,0.691889335761616
MA0600.2,RFX2,0.06,2,0,111,0,Up,507356,0.911900808167854,84,1,11996,59,Up,0.342759516582224,-6.735712555103083,1.839591239084112,0.46501047835677
MA0705.1,Lhx8,0.1,240,2.9,38380,3.2,Down,542565.5,0.223948150021342,84,54,11996,8429,Down,0.232805241140948,-0.570894852633758,-0.123600517743,-0.633007246646846
MA0628.1,POU6F1,0.01,4,0,1542,0.1,Down,520755,0.595194929437597,84,2,11996,687,Down,0.240272229109468,-4.602030688024261,-0.953841306741123,-0.619296422460706
MA0072.1,RORA(var.2),0.13,24,0.3,2524,0.2,Up,530276,0.406397911969597,84,20,11996,2281,Up,0.265096251491014,-2.218943215585766,0.351231567843329,0.576596413226083
MA1499.1,HOXB4,0,8,0.1,385,0,Up,530375.5,0.404634320085862,84,7,11996,371,Up,0.015995618305239,-4.253548189044077,1.519118696740821,1.795998967748463
MA0852.2,FOXK1,0.02,17,0.2,1933,0.2,Up,520503.5,0.600677252367948,84,15,11996,1758,Up,0.437505206936936,-2.608439722111543,0.323513192432467,0.359016773886189
MA1103.2,FOXK2,0.07,49,0.6,6409,0.5,Up,520390,0.603158832758068,84,35,11996,4665,Up,0.653563409982578,-1.306821133792004,0.111377634029003,0.184712269950975
MA0077.1,SOX9,0.07,53,0.6,5699,0.5,Up,551238.5,0.13664585149742,84,37,11996,4315,Up,0.138100572780702,-1.323537338639472,0.302953185706336,0.859804520154298
MA0660.1,MEF2B,0.06,0,0,296,0,Down,515886,0.705093750184178,84,0,11996,287,Down,0.271008616055298,-6.391893614201765,-2.017971644160839,-0.567016901576559
MA0911.1,Hoxa11,0.04,0,0,265,0,Down,514752,0.73171143097381,84,0,11996,260,Down,0.266959525265915,-6.46303290597838,-1.87569306060761,-0.573554578658392
MA0091.1,TAL1::TCF3,0.06,2,0,796,0.1,Down,524365,0.519144663922409,84,2,11996,774,Down,0.176281155427559,-4.516077925279169,-1.125746832231307,-0.753794111587529
MA1552.1,RARB(var.3),0.06,2,0,26,0,Up,515023,0.725319569672172,84,2,11996,19,Up,0.009209125888702,-7.171937530242829,4.185972377696014,2.035781590186326
MA0751.1,ZIC4,0.15,79,0.9,15568,1.3,Down,578232,0.019496454488154,84,41,11996,7422,Down,0.017537791292874,-0.859238235007162,-0.333203539856194,-1.756025102515978
MA0088.2,ZNF143,0.14,8,0.1,896,0.1,Up,516096,0.70020278644225,84,8,11996,846,Up,0.387664987287345,-3.569188137544643,0.511543085025597,0.411543421367187
MA0607.1,Bhlha15,0.04,14,0.2,3015,0.3,Down,534683.5,0.3327301882305,84,9,11996,2036,Down,0.144659185582663,-2.855700880894133,-0.59450208388893,-0.839653984268288
MA0839.1,CREB3L1,0.14,7,0.1,777,0.1,Up,514612,0.735020840384423,84,7,11996,740,Up,0.363199101937399,-3.755979426668951,0.52398117199057,0.439855234005892
MA0771.1,HSF4,0.07,10,0.1,527,0,Up,531393,0.386863680744232,84,8,11996,495,Up,0.023403391353842,-3.95550064289922,1.28416809573475,1.630721205002648
MA0521.1,Tcf12,0.01,25,0.3,2077,0.2,Up,543564,0.212234028353507,84,19,11996,1825,Up,0.067201394387011,-2.415863600969067,0.600772767098263,1.172621715513109
MA1131.1,FOSL2::JUN(var.2),0.15,70,0.8,7099,0.6,Up,567236.5,0.046516110022644,84,43,11996,4900,Up,0.058639202641809,-1.12477431911366,0.333676757360408,1.231811943732156
MA0599.1,KLF5,0.12,799,9.5,120942,10.1,Down,515720,0.708968596795213,84,79,11996,11638,Down,0.108291355440847,-0.065852453722351,-0.044288054550955,-0.96540621035696
MA1584.1,ZIC5,0.12,2,0,698,0.1,Down,519377,0.625508281859537,84,2,11996,655,Down,0.329181004554142,-4.636412654563076,-0.885077373663493,-0.482565233773667
MA0057.1,MZF1(var.2),0.1,546,6.5,80659,6.7,Down,516716.5,0.685824292337668,84,80,11996,11838,Down,0.026273342943402,-0.044544910524015,-0.050835295287105,-1.580484665337029
MA0841.1,NFE2,0.08,4,0,293,0,Up,519678,0.618830142272327,84,4,11996,189,Up,0.045396926294582,-5.107613167310932,1.75331746494212,1.342973551074436
MA0782.2,PKNOX1,0.15,45,0.5,5327,0.4,Up,542214.5,0.2281738239621,84,36,11996,4237,Up,0.169150219907516,-1.356191581222091,0.290273407639847,0.771727433261407
MA1115.1,POU5F1,0,1,0,17,0,Up,509116,0.868236329249984,84,1,11996,17,Up,0.118113171619589,-7.618479928284572,3.605125985447089,0.927701668493728
MA1119.1,SIX2,0.15,18,0.2,3519,0.3,Down,538846.5,0.27162287259316,84,15,11996,2998,Down,0.163118213008542,-2.223491903191305,-0.44638244540801,-0.787497544983598
MA0143.4,SOX2,0.01,20,0.2,2128,0.2,Up,531620,0.382965067220172,84,18,11996,1913,Up,0.178181585955752,-2.419876911468911,0.456901681631353,0.749137179822265
MA0629.1,Rhox11,0.07,14,0.2,2991,0.2,Down,540877,0.244795610992758,84,12,11996,2607,Down,0.110787552555137,-2.479448823526707,-0.555148845961505,-0.955509031667982
MA0037.3,GATA3,0.13,297,3.5,43699,3.6,Down,530107,0.409403852729566,84,81,11996,11077,Up,0.213509223184872,-0.083566256815441,0.062829949528669,0.670583359553349
MA0112.3,ESR1,0.14,0,0,223,0,Down,512022,0.797072723957223,84,0,11996,195,Down,0.64795225828712,-6.670090288463958,-1.461578295636453,-0.188456992163805
MA0065.2,Pparg::Rxra,0.05,4,0,188,0,Up,520248,0.606270018233211,84,4,11996,180,Up,0.039215994663651,-5.142712672952891,1.82351647622604,1.406536765188975
MA1506.1,HOXD10,0.13,21,0.3,4064,0.3,Down,537828,0.285811293368925,84,18,11996,3330,Down,0.222030049928552,-2.020114471015942,-0.342623199274585,-0.653588243409848
MA0498.2,MEIS1,0.01,260,3.1,37957,3.2,Down,533154.5,0.357246754469435,84,77,11996,11306,Down,0.339786353727291,-0.105108093264943,-0.039293875486007,-0.468794066961801
MA0773.1,MEF2D,0.15,11,0.1,2043,0.2,Down,524789.5,0.510543105563187,84,9,11996,1804,Down,0.356233339805673,-2.942947216447224,-0.420009412782748,-0.4482654374386
MA0701.2,LHX9,0,2,0,628,0.1,Down,522994,0.547427223669373,84,1,11996,606,Down,0.130732517020242,-5.060939519196801,-1.509954832728455,-0.883616377178141
MA0637.1,CENPB,0.15,23,0.3,2881,0.2,Up,523869,0.529288974510068,84,21,11996,2498,Up,0.346179860814768,-2.119047058398641,0.288864753637109,0.460698201022794
MA1468.1,ATOH7,0,2,0,17,0,Up,515155,0.722213075829044,84,2,11996,16,Up,0.006800634309945,-7.292441579994725,4.426980477199808,2.167450577814164
MA0689.1,TBX20,0.05,0,0,432,0,Down,521766,0.573390674462609,84,0,11996,427,Down,0.12467038802827,-6.105712382231004,-2.590334108102361,-0.904236688807778
MA1132.1,JUN::JUNB,0.03,8,0.1,624,0.1,Up,526292,0.480707243687018,84,8,11996,606,Up,0.075363272355111,-3.809689348932209,0.992545507800728,1.12284025226782
MA0898.1,Hmx3,0.06,0,0,401,0,Down,520044,0.610752123874782,84,0,11996,386,Down,0.116590484542972,-6.17844038515521,-2.444878102253948,-0.933336892794083
MA0528.2,ZNF263,0.15,578,6.9,83242,6.9,Down,516548,0.689717874933364,84,81,11996,11841,Down,0.097474819040362,-0.035456498599829,-0.033389566902555,-1.011107562396401
MA0616.2,HES2,0.08,64,0.8,6006,0.5,Up,578680,0.01877514491929,84,37,11996,3643,Up,0.008602214605,-1.445638704191183,0.547155916809759,2.06538972702203
MA1145.1,FOSL2::JUND(var.2),0.03,6,0.1,457,0,Up,516454,0.691893545667086,84,4,11996,269,Up,0.122175724634132,-4.853569455020225,1.245230040360706,0.913015076456355
MA1640.1,MEIS2(var.2),0.05,12,0.1,882,0.1,Up,534883,0.329613396125903,84,11,11996,836,Up,0.048247746641031,-3.359710844069951,0.964786727689559,1.316522965101915
MA0499.2,MYOD1,0.07,39,0.5,6719,0.6,Down,539771.5,0.259161707831947,84,29,11996,5014,Down,0.184770321769675,-1.388336092267433,-0.259800589305819,-0.733367784884014
MA0757.1,ONECUT3,0.14,11,0.1,1949,0.2,Down,526032,0.485801281580538,84,8,11996,1712,Down,0.271878080809928,-3.060927130124838,-0.504978929814013,-0.565625804428015
MA0046.2,HNF1A,0.08,4,0,166,0,Up,511223,0.816497959514829,84,2,11996,111,Up,0.185451704799533,-5.9141886897138,1.670474696637957,0.73176916998365
MA0002.2,RUNX1,0.06,67,0.8,8116,0.7,Up,563960.5,0.059049479288755,84,53,11996,5729,Up,0.005888721954184,-0.862772429651182,0.406719959540288,2.229978951133595
MA0760.1,ERF,0.07,10,0.1,866,0.1,Up,524082.5,0.524910092822176,84,9,11996,807,Up,0.183355832397723,-3.522979705605197,0.740055565533198,0.73670527093457
MA1573.1,THAP11,0.12,4,0,1066,0.1,Down,532736.5,0.364142298409579,84,1,11996,841,Down,0.02983538928245,-4.824711706092081,-1.982410458937894,-1.52526829124985
MA1113.2,PBX2,0.09,16,0.2,1558,0.1,Up,534322,0.338426227427515,84,15,11996,1408,Up,0.088897133265367,-2.768532607736731,0.643698963682843,1.051112243834131
MA1657.1,ZNF652,0.01,3,0,218,0,Up,512872.5,0.776532918081777,84,3,11996,213,Up,0.190053439334888,-5.202879096278586,1.218709164108013,0.721124266704668
MA1491.1,GLI3,0.1,3,0,791,0.1,Down,517641,0.66461209718005,84,3,11996,756,Down,0.493319063207936,-4.290327089980464,-0.606394848488234,-0.30687210187812
MA0728.1,Nr2f6(var.2),0.12,1,0,37,0,Up,508276,0.889034457091494,84,1,11996,37,Up,0.233231043580074,-7.068712091509116,2.505590311896174,0.632213644486613
MA1476.1,DLX5,0.06,337,4,49058,4.1,Down,507838,0.899910506658982,84,80,11996,10801,Up,0.140712400940351,-0.110672221892409,0.081419327449682,0.85166762664031
MA0674.1,NKX6-1,0.14,445,5.3,68705,5.7,Down,536750.5,0.301357876045576,84,76,11996,11213,Down,0.26396783894986,-0.120434252065988,-0.04611468304709,-0.578448983044732
MA0717.1,RAX2,0.05,337,4,49058,4.1,Down,507838,0.899910506658982,84,80,11996,10801,Up,0.140712400940351,-0.110672221892409,0.081419327449682,0.85166762664031
MA0470.2,E2F4,0.1,14,0.2,1326,0.1,Up,531727,0.381135772080846,84,12,11996,1036,Up,0.07746198294858,-3.144922391675564,0.775798290336209,1.110911389707239
MA0625.1,NFATC3,0.01,46,0.5,4115,0.3,Up,586659,0.009309389575475,84,37,11996,3339,Up,0.002042022165926,-1.508485142428344,0.672848793284081,2.689939548004666
MA0627.2,POU2F3,0.08,16,0.2,2439,0.2,Down,523970,0.527215152484746,84,11,11996,2116,Down,0.316374726664159,-2.690089322429917,-0.374456315590508,-0.499798217047593
MA1420.1,IRF5,0.01,1,0,0,0,Up,509830,0.850628756637838,84,1,11996,0,Up,0.006953642384148,-10.183121436757055,8.734409002392056,2.157787648220589
MA0095.2,YY1,0.09,63,0.8,6241,0.5,Up,561072,0.072314038103418,84,41,11996,4733,Up,0.092648430403716,-1.183737168051632,0.315794326232745,1.033161933849446
MA0678.1,OLIG2,0.15,36,0.4,6913,0.6,Down,544655,0.199948068646048,84,15,11996,3225,Down,0.064276369591113,-2.170850981168957,-0.551664289452704,-1.191948660705704
MA1496.1,HOXA4,0,6,0.1,295,0,Up,527586,0.455792719560051,84,6,11996,291,Up,0.017219583075278,-4.531706791446839,1.662534146611494,1.763977367998404
MA0066.1,PPARG,0.13,0,0,30,0,Down,504882,0.973701437403482,84,0,11996,25,Down,0.999999999942838,-8.139390016131888,1.477021159699403,0.000000000024825
MA0041.1,Foxd3,0.03,4,0,304,0,Up,515376,0.717022313953228,84,4,11996,296,Up,0.15593479362348,-4.784696039123476,1.107483208567208,0.807056970168827
MA0138.2,REST,0.15,0,0,174,0,Down,511014,0.821598336762185,84,0,11996,171,Down,0.634799056581117,-6.764570304031227,-1.272618264501914,-0.197363727351845
MA1635.1,BHLHE22(var.2),0.01,162,1.9,23760,2,Down,515514.5,0.713775911709806,84,47,11996,7306,Down,0.370523401518855,-0.773192498671358,-0.115662658559758,-0.43118435764536
MA0690.1,TBX21,0.04,1,0,498,0,Down,518335,0.648862124692578,84,1,11996,488,Down,0.264864296440087,-5.217014060772863,-1.19780574957633,-0.576976580412086
MA0089.2,NFE2L1,0.12,5,0.1,313,0,Up,521031.5,0.589194141524985,84,5,11996,304,Up,0.063906801200438,-4.620737668845819,1.358579702401864,1.194452920141416
MA0472.2,EGR2,0.09,6,0.1,546,0,Up,518193,0.652072282327164,84,6,11996,513,Up,0.176823064641987,-4.12327259488799,0.845665753493796,0.752461086645235
MA1542.1,OSR1,0.14,59,0.7,8608,0.7,Down,507475.5,0.908926130499515,84,45,11996,6087,Up,0.661796689554447,-0.935888291089752,0.085606990012528,0.179275409602627
MA0481.3,FOXP1,0.08,41,0.5,4535,0.4,Up,543016,0.21860699749074,84,31,11996,3586,Up,0.187880792901909,-1.582782267651283,0.318365509738031,0.726117615658275
MA1570.1,TFAP4(var.2),0.07,333,4,48585,4.1,Down,512522.5,0.784967501275596,84,69,11996,10414,Down,0.19763610302789,-0.242979172344977,-0.077918382427399,-0.704133718080379
MA0765.2,ETV5,0.02,17,0.2,3283,0.3,Down,525306.5,0.500168753415381,84,15,11996,2617,Down,0.428316174350404,-2.321517621015111,-0.250331009760396,-0.368235525186675
MA0029.1,Mecom,0.14,15,0.2,1605,0.1,Up,521287.5,0.583663272091702,84,13,11996,1454,Up,0.317152679480084,-2.845005145485747,0.398026422734061,0.498731615092628
MA1625.1,Stat5b,0.15,86,1,9633,0.8,Up,568375.5,0.042719680998296,84,53,11996,6148,Up,0.036861663892584,-0.811859806239093,0.304894712716111,1.433425065127304
MA0759.1,ELK3,0.12,71,0.8,11708,1,Down,552656,0.125299763505235,84,38,11996,6737,Down,0.047318114880394,-0.983210590506568,-0.30176461016143,-1.324972565678735
MA1620.1,Ptf1a(var.3),0.06,74,0.9,13771,1.1,Down,568201,0.043283735566141,84,47,11996,7749,Down,0.109082249786351,-0.730731125478693,-0.200585404945087,-0.962245913453897
MA0845.1,FOXB1,0.07,11,0.1,1268,0.1,Up,520671.5,0.597012571131518,84,11,11996,1157,Up,0.266889177113732,-3.125423470015328,0.496211979580313,0.573669037359315
MA0258.2,ESR2,0.13,38,0.5,5172,0.4,Up,512377,0.788481385084639,84,26,11996,4093,Down,0.566289284572016,-1.612082869838386,-0.121752223761199,-0.246961656094242
MA1615.1,Plagl1,0.14,263,3.1,39772,3.3,Down,506967.5,0.92157994209524,84,70,11996,10389,Down,0.419808529722035,-0.234407708405403,-0.053840750955975,-0.376948741614556
MA1513.1,KLF15,0.01,53,0.6,10798,0.9,Down,558075.5,0.088557526880528,84,30,11996,5409,Down,0.098519556599033,-1.309594250037927,-0.321095697362742,-1.006477551431253
MA1518.1,LHX1,0.04,192,2.3,32156,2.7,Down,565771.5,0.051813042083276,84,63,11996,9754,Down,0.159049389397325,-0.355334239150844,-0.113721020718349,-0.798467993842889
MA0764.2,ETV4,0,2,0,147,0,Up,509818,0.850924093270801,84,2,11996,143,Up,0.26729417966519,-5.732185176336109,1.306467669882573,0.573010497909424
MA1656.1,ZNF449,0.13,51,0.6,6653,0.6,Up,535682.5,0.317313222657171,84,41,11996,4960,Up,0.182507165598294,-1.149948055988036,0.248216102105553,0.738720079598156
MA0653.1,IRF9,0.15,4,0,110,0,Up,523204,0.543046147593685,84,4,11996,110,Up,0.008134865565362,-5.496688906700762,2.53146894372178,2.089649619703647
MA0756.1,ONECUT2,0.15,20,0.2,3586,0.3,Down,537627.5,0.288662365159669,84,14,11996,2843,Down,0.155867224412595,-2.309886145077732,-0.466024592153761,-0.807245198173751
MA1102.2,CTCFL,0.05,38,0.5,6659,0.6,Down,534535.5,0.335054650165169,84,28,11996,4641,Down,0.36858596281238,-1.468969978471186,-0.198038887292513,-0.433461208425703
MA0787.1,POU3F2,0.08,16,0.2,1729,0.1,Up,534696,0.332534343442822,84,16,11996,1516,Up,0.09710555308462,-2.670140736126322,0.627310838405181,1.012755933788705
MA0710.1,NOTO,0.15,863,10.3,125329,10.4,Down,512453.5,0.786633337638041,84,84,11996,11652,Up,0.17882906733319,-0.020987022763388,0.041974045526777,0.747561888468504
MA1508.1,IKZF1,0.07,31,0.4,5321,0.4,Down,538937.5,0.270379072077234,84,23,11996,4217,Down,0.168162212846119,-1.677222084691351,-0.338136999826392,-0.774271586398281
MA0030.1,FOXF2,0.03,6,0.1,467,0,Up,520599,0.598592808124452,84,6,11996,457,Up,0.139974200184597,-4.206568861461386,1.012258286640586,0.853952005393318
MA0071.1,RORA,0,1,0,28,0,Up,508654,0.879664963011134,84,1,11996,28,Up,0.183391697042326,-7.266676429674686,2.901518988227314,0.736620330663426
MA0880.1,Dlx3,0.06,337,4,49058,4.1,Down,507838,0.899910506658982,84,80,11996,10801,Up,0.140712400940351,-0.110672221892409,0.081419327449682,0.85166762664031
MA0489.1,JUN(var.2),0.03,20,0.2,1750,0.1,Up,533875,0.345555495051208,84,14,11996,1310,Up,0.111393405791828,-2.868661370389639,0.651525858470053,0.953140517537385
MA0513.1,SMAD2::SMAD3::SMAD4,0.06,10,0.1,802,0.1,Up,531238,0.389539588913652,84,10,11996,772,Up,0.068492916355195,-3.482748414332385,0.948372801657922,1.164354341601407
MA0640.2,ELF3,0.01,4,0,281,0,Up,516102,0.700063225978933,84,4,11996,279,Up,0.134280705872339,-4.827287949974882,1.192667030270022,0.871986384465609
MA0069.1,PAX6,0.09,1,0,44,0,Up,508023.5,0.895301910217276,84,1,11996,43,Up,0.264774980387477,-6.961649688832692,2.291465506543327,0.577123055459759
MA0104.4,MYCN,0.06,64,0.8,4800,0.4,Up,563480,0.061104470331242,84,24,11996,2109,Up,0.013686241678619,-2.146905078950355,0.721470973566756,1.863715795279083
MA0833.2,ATF4,0.01,1,0,32,0,Up,508486,0.883827182794354,84,1,11996,32,Up,0.205925789276175,-7.171937530242828,2.712041189363601,0.686289260769164
MA0602.1,Arid5a,0.15,325,3.9,52872,4.4,Down,539739,0.259592707001873,84,63,11996,9490,Down,0.347411971711756,-0.375126153113549,-0.074137192792939,-0.459155219974207
MA0807.1,TBX5,0.08,65,0.8,11573,1,Down,557064,0.094662679846871,84,43,11996,7240,Down,0.093634583537257,-0.84319413311039,-0.229483614646132,-1.028563716802804
MA0081.2,SPIB,0.15,72,0.9,9094,0.8,Up,540255,0.252808270103988,84,51,11996,6136,Up,0.099853319518236,-0.840752262221423,0.252746706244915,1.000637492891533
MA0820.1,FIGLA,0.13,486,5.8,69332,5.8,Up,507947,0.897202071376176,84,81,11996,11811,Down,0.142727300674616,-0.037286324602242,-0.02972991489773,-0.845492947710053
MA1532.1,NR1D2,0.15,18,0.2,1542,0.1,Up,541126,0.241638465979692,84,16,11996,1409,Up,0.058881273295131,-2.722921746153196,0.73287285845893,1.230022807042327
MA0778.1,NFKB2,0.08,4,0,1460,0.1,Down,524532,0.515751870879947,84,2,11996,782,Down,0.177188755756975,-4.508665168763963,-1.14057234526172,-0.751563841521435
MA0673.1,NKX2-8,0.01,3,0,1343,0.1,Down,538915.5,0.270679412590062,84,3,11996,1261,Down,0.031902196156631,-3.921462980600682,-1.344123067247797,-1.496179418952972
MA0889.1,GBX1,0.08,337,4,48954,4.1,Down,507099.5,0.918289903002335,84,80,11996,10799,Up,0.140811950813039,-0.110805798582841,0.081686480830547,0.851360484740042
MA0741.1,KLF16,0.05,23,0.3,5835,0.5,Down,551116,0.137662444853194,84,21,11996,3897,Down,0.160961891650496,-1.798303655974011,-0.35262205121215,-0.793276932694342
MA0511.2,RUNX2,0.09,96,1.1,10478,0.9,Up,586766,0.009218638210103,84,62,11996,6925,Up,0.002661772977635,-0.613859285901329,0.357528268562463,2.574828988217052
MA0469.3,E2F3,0.12,0,0,38,0,Down,504756,0.976856319338316,84,0,11996,22,Down,0.99999999993694,-8.229676138952795,1.657593405341225,0.000000000027387
MA1575.1,THRB(var.2),0.05,1,0,18,0,Up,509323,0.863124479095209,84,1,11996,12,Up,0.086761637303596,-7.861193341869694,4.090552812617331,1.061672260885512
MA1566.1,TBX3,0.08,538,6.4,73393,6.1,Up,552657.5,0.12528815847683,84,83,11996,11962,Down,0.216961306185585,-0.010634888750232,-0.013080510115799,-0.663617713195201
MA0149.1,EWSR1-FLI1,0.12,3,0,503,0,Down,510085.5,0.844345584817301,84,2,11996,136,Up,0.249225654032687,-5.768260069214026,1.378617455638409,0.603407255626854
MA0036.3,GATA2,0.12,135,1.6,19795,1.7,Down,521841,0.571788353419495,84,64,11996,8877,Up,0.709326117158953,-0.41202018945184,0.044736017185819,0.149154049274267
MA0827.1,OLIG3,0.15,43,0.5,7890,0.7,Down,551226,0.136749319353752,84,18,11996,3846,Down,0.045181083517508,-1.916210707799741,-0.550430725706986,-1.345043358186969
MA0125.1,Nobox,0.12,351,4.2,50995,4.3,Down,508199,0.890945003543826,84,81,11996,10912,Up,0.08528782924655,-0.094391593300013,0.084480622497812,1.069112939151185
MA0038.2,GFI1,0.11,18,0.2,2938,0.2,Down,532480.5,0.368406212191685,84,13,11996,2588,Down,0.229429446999101,-2.429208634605436,-0.43356659902656,-0.639350841672425
MA0797.1,TGIF2,0.11,3,0,214,0,Up,514059,0.748140627860684,84,3,11996,184,Up,0.141118342621913,-5.308186723058634,1.429324417668108,0.850416532796045
MA0804.1,TBX19,0.15,6,0.1,1349,0.1,Down,516210,0.697552873535164,84,3,11996,729,Down,0.489060241612178,-4.316543142129887,-0.553962744189388,-0.310637641922696
MA0783.1,PKNOX2,0.09,2,0,87,0,Up,512956,0.774524513221351,84,2,11996,68,Up,0.085221766909997,-6.265622598193689,2.373342513597735,1.069449465778529
MA0719.1,RHOXF1,0.04,252,3,33187,2.8,Up,536909.5,0.299029005123,84,77,11996,10571,Up,0.397418356460569,-0.153594246410532,0.05767843080517,0.400752077021331
MA0842.2,NRL,0.05,7,0.1,510,0,Up,524821.5,0.509897729271811,84,7,11996,499,Up,0.089050929801064,-4.039986955417165,1.091996229486999,1.050361541609349
