Transcription Factor ID,Transcription Factor Name,Deficit,No. Search Sites,Mean Sites Per Search Gene,No. Background Sites,Mean Sites Per Background Gene,Site Representation,Mann-Whitney U,Site P-Value,Total No. Search Genes,No. Transcription Factor Search Genes,Total No. Background Genes,No. Transcription Factor Background Genes,Gene Representation,Gene P-Value,Average Log2 Proportion Bound,Log2 Enrichment,Significance Score
MA0067.1,Pax2,0,5,0.1,677,0.1,Up,244602,0.392622574927797,37,5,12228,656,Up,0.046876689133545,-3.49434784905117,1.449921554385171,1.329043069810124
MA1471.1,BARX2,0.07,18,0.5,9185,0.8,Down,263061.5,0.086666045054854,37,11,12228,5836,Down,0.031873845460851,-1.386164397940749,-0.638184672996239,-1.496565537352104
MA1642.1,NEUROG2(var.2),0.05,20,0.5,4659,0.4,Up,255638.5,0.171287902813645,37,16,12228,3771,Up,0.110264923094485,-1.440730843843763,0.512612545412671,0.957562621098199
MA0597.1,THAP1,0.05,162,4.4,50182,4.1,Up,245677,0.365539898648206,37,32,12228,11765,Down,0.012600708383596,-0.131067846394414,-0.150766062146025,-1.899605039133293
MA0885.1,Dlx2,0.05,116,3.1,49995,4.1,Down,271484,0.035299500257786,37,31,12228,11015,Down,0.26156616594708,-0.201125616642403,-0.100826300707124,-0.582418433485334
MA0647.1,GRHL1,0.13,22,0.6,3086,0.3,Up,254431,0.189544598775637,37,9,12228,1545,Up,0.04439287920243,-2.482496532665357,1.003210711226123,1.352686686892247
MA1655.1,ZNF341,0.01,6,0.2,790,0.1,Up,242964.5,0.436141195560971,37,5,12228,765,Up,0.07961044610962,-3.383544165747719,1.22831418777827,1.09902994243682
MA1485.1,FERD3L,0.05,1,0,96,0,Up,230646,0.836864643703341,37,1,12228,91,Up,0.243456359999401,-5.853058089313662,2.418403799077875,0.613578875558152
MA0900.2,HOXA2,0.01,26,0.7,10554,0.9,Down,245006.5,0.382292237896867,37,8,12228,3851,Down,0.219154128077054,-1.904055483202504,-0.474600732086076,-0.659250344383965
MA0894.1,HESX1,0.06,115,3.1,49941,4.1,Down,272686,0.030710801581927,37,31,12228,11013,Down,0.261876032876,-0.20125659808004,-0.10056433783185,-0.581904246767576
MA0672.1,NKX2-3,0.01,1,0,1160,0.1,Down,240519,0.506045275792834,37,1,12228,1102,Down,0.252401169286371,-4.057626538233242,-1.172459303082966,-0.597908637488749
MA0593.1,FOXP2,0.03,11,0.3,2636,0.2,Up,244232.5,0.402205430025756,37,10,12228,2314,Up,0.20888590970595,-2.118988123780936,0.56497371212763,0.680090854147686
MA0052.4,MEF2A,0.14,48,1.3,20076,1.6,Down,255980.5,0.166364422624192,37,23,12228,8698,Down,0.27465639134047,-0.582819371150668,-0.18282093533515,-0.561210290356068
MA0463.2,BCL6,0.15,0,0,1083,0.1,Down,245199,0.377435148426165,37,0,12228,1026,Down,0.070737869779721,-4.90163030276196,-2.654376775467841,-1.150348022791582
MA0462.2,BATF::JUN,0.01,5,0.1,868,0.1,Up,241457.5,0.478542213955998,37,5,12228,823,Up,0.101098352066429,-3.330861029634435,1.122947915551703,0.99525592348209
MA1537.1,NR2F1(var.2),0.15,2,0.1,374,0,Up,232022,0.787244318278536,37,2,12228,346,Up,0.282813203413089,-4.524069440303973,1.234357689390909,0.548500318935987
MA0612.2,EMX1,0.07,28,0.8,12674,1,Down,255706.5,0.170300374976217,37,10,12228,5051,Down,0.094080017808182,-1.555982481338621,-0.561037572756999,-1.026502609061365
MA1514.1,KLF17,0.03,1,0,24,0,Up,231888,0.792042211984062,37,1,12228,24,Up,0.072818511903588,-6.803553086398079,4.319393793246708,1.137758200418058
MA0115.1,NR1H2::RXRA,0.14,0,0,60,0,Down,227309.5,0.959520239672169,37,0,12228,59,Down,0.999999999995399,-6.955980377162288,1.454323373332817,0.000000000001998
MA1112.2,NR4A1,0.13,31,0.8,7173,0.6,Up,270357,0.040121145667544,37,23,12228,5231,Up,0.019718855795258,-0.949590359638827,0.550721041641168,1.705118289000418
MA0696.1,ZIC1,0.15,4,0.1,2679,0.2,Down,244445,0.396677288658485,37,4,12228,2270,Down,0.291170440840877,-2.744029597382938,-0.629728183341261,-0.535852716004913
MA1104.2,GATA6,0.11,27,0.7,7332,0.6,Up,249863,0.271544901404989,37,20,12228,5193,Up,0.182845763843054,-1.053367550972685,0.364201730189775,0.737915096911376
MA0035.4,GATA1,0.13,56,1.5,20601,1.7,Down,252123.5,0.228347380381905,37,25,12228,9474,Down,0.166774072395224,-0.462259540694229,-0.188267615660312,-0.777871466233803
MA0059.1,MAX::MYC,0.06,1,0,1214,0.1,Down,238179,0.578076702735546,37,1,12228,971,Down,0.362480026477917,-4.148872915663011,-0.989966548223427,-0.440715919105154
MA0862.1,GMEB2,0.13,47,1.3,22346,1.8,Down,263326,0.084427996536789,37,20,12228,8158,Down,0.116188759248334,-0.727569150913984,-0.287395069927626,-0.934835885995253
MA0477.2,FOSL1,0.04,5,0.1,875,0.1,Up,241344,0.481824368986017,37,5,12228,829,Up,0.103477950454196,-3.325624364019681,1.112474584322195,0.985152181765002
MA0474.2,ERG,0.07,3,0.1,3259,0.3,Down,257431,0.146660177106828,37,3,12228,2636,Down,0.045490503522554,-2.817507657097543,-1.207912222681468,-1.342079256050755
MA1154.1,ZNF282,0.1,1,0,155,0,Up,229482.5,0.879343174872205,37,1,12228,154,Up,0.375789015326759,-5.475176494503496,1.662640609457543,0.425055918894083
MA0050.2,IRF1,0.12,20,0.5,6409,0.5,Up,242423,0.451122054705947,37,17,12228,4443,Up,0.234070240726764,-1.280007363927286,0.360943380752743,0.630653798220089
MA1111.1,NR2F2,0.01,16,0.4,3589,0.3,Up,259503.5,0.121669762484907,37,15,12228,3044,Up,0.035534710996768,-1.640296304820535,0.731347849423059,1.449347212317214
MA0718.1,RAX,0.05,115,3.1,49941,4.1,Down,272686,0.030710801581927,37,31,12228,11013,Down,0.261876032876,-0.20125659808004,-0.10056433783185,-0.581904246767576
MA0907.1,HOXC13,0.11,2,0.1,1520,0.1,Down,240107,0.51837661908423,37,2,12228,1406,Down,0.432627584124896,-3.51347829271523,-0.786824605786577,-0.363885793608637
MA1650.1,ZBTB14,0.02,1,0,1364,0.1,Down,243242.5,0.428562960222652,37,1,12228,1248,Down,0.173851508172348,-3.967917955491577,-1.351876468566295,-0.759821537433483
MA1118.1,SIX1,0.14,10,0.3,5515,0.5,Down,253710.5,0.201100086127415,37,9,12228,4332,Down,0.172498859013286,-1.738933485070702,-0.483915383963186,-0.763213773204462
MA0691.1,TFAP4,0,1,0,44,0,Up,231518,0.80533056123191,37,1,12228,44,Up,0.127333792507992,-6.373041292972485,3.45837020639552,0.895056325708523
MA1123.2,TWIST1,0.01,0,0,732,0.1,Down,239279,0.543620556336595,37,0,12228,706,Down,0.272831297530603,-5.171116383649291,-2.115404613693178,-0.564105811562504
MA1114.1,PBX3,0.02,2,0.1,178,0,Up,235188,0.676596260063946,37,2,12228,176,Up,0.100314322325889,-5.01066302473699,2.207544858256943,0.998637056380938
MA1150.1,RORB,0.05,9,0.2,1651,0.1,Up,247141.5,0.330573279493726,37,8,12228,1530,Up,0.128153782376195,-2.569764173427596,0.856816648364109,0.892268571369175
MA0669.1,NEUROG2,0.06,3,0.1,656,0.1,Up,234354,0.705184992648439,37,3,12228,543,Up,0.226550799758941,-3.956643685273805,1.070359833671056,0.644834400356206
MA1120.1,SOX13,0.01,3,0.1,2188,0.2,Down,244473,0.395952309262913,37,3,12228,1962,Down,0.260745355522155,-3.030473328454283,-0.781980879967987,-0.583783418621714
MA0902.2,HOXB2,0.02,26,0.7,10860,0.9,Down,247645,0.31906896334987,37,8,12228,4016,Down,0.163765919231557,-1.873796257602711,-0.535119183285661,-0.785776472720101
MA1585.1,ZKSCAN1,0.04,6,0.2,1902,0.2,Up,230626.5,0.837573028619875,37,6,12228,1719,Up,0.638078563191636,-2.67928269948232,0.301807454255062,0.195125845636138
MA0732.1,EGR3,0.01,1,0,7,0,Up,232202.5,0.780794259048538,37,1,12228,7,Up,0.023887175160906,-7.657462710651424,6.0272130417534,1.621835205820144
MA0505.1,Nr5a2,0.08,11,0.3,2846,0.2,Up,245652.5,0.366143842747184,37,11,12228,2490,Up,0.155882149671799,-2.000498432951461,0.590483397025186,0.807203613758467
MA1116.1,RBPJ,0.01,69,1.9,21346,1.7,Up,236148,0.644258391439379,37,28,12228,9925,Down,0.399387049220531,-0.348482219264919,-0.094892914132441,-0.398606021947163
MA0092.1,Hand1::Tcf3,0.04,34,0.9,9488,0.8,Up,255274.5,0.176647088181877,37,25,12228,6544,Up,0.099388019209804,-0.729142958281685,0.3454992195146,1.002665964744228
MA0878.2,CDX1,0.02,1,0,246,0,Up,227817,0.940728070881745,37,1,12228,244,Up,0.526538992555111,-5.144062680979566,1.000412982409683,0.27856946184891
MA0781.1,PAX9,0.15,0,0,51,0,Down,227161.5,0.965005223692048,37,0,12228,51,Down,0.999999999978526,-7.060138995224652,1.662640609457543,0.000000000009326
MA0641.1,ELF4,0.15,8,0.2,4710,0.4,Down,248720.5,0.295383503521557,37,8,12228,3681,Down,0.287952516955635,-1.936618845104792,-0.409474008281499,-0.540679121005698
MA0461.2,Atoh1,0.14,54,1.5,13664,1.1,Up,259122,0.126001179929431,37,25,12228,6915,Up,0.188332139930337,-0.689367663525062,0.265948630001353,0.725075558882408
MA0651.1,HOXC11,0.12,13,0.4,3460,0.3,Up,243716,0.415833301065863,37,12,12228,2948,Up,0.248900621214477,-1.818578424517941,0.467231847593569,0.603974019463393
MA0746.2,SP3,0.1,30,0.8,16910,1.4,Down,270929.5,0.037606212432291,37,17,12228,7720,Down,0.039486324142674,-0.881508466379933,-0.436054414341964,-1.403553293684497
MA0495.3,MAFF,0.05,2,0.1,260,0,Up,233671,0.728913955009304,37,2,12228,258,Up,0.184613477872827,-4.735414976215113,1.657048761213188,0.733736596093821
MA1527.1,NFIC(var.2),0.03,1,0,89,0,Up,230884.5,0.828211420313158,37,1,12228,78,Up,0.212934639813016,-5.96359763400987,2.63948288847029,0.671753682592088
MA1134.1,FOS::JUNB,0.02,3,0.1,204,0,Up,240803,0.497635770836664,37,3,12228,203,Up,0.023863844239517,-4.665269305654336,2.487611074432118,1.622259594298153
MA0744.2,SCRT2,0.12,22,0.6,3206,0.3,Up,291368.5,0.00244917260494,37,19,12228,2793,Up,2.148598763858992E-4,-1.536759096908123,1.18668525054898,3.667844678464536
MA1564.1,SP9,0.06,19,0.5,11050,0.9,Down,265168,0.070108853893573,37,14,12228,6325,Down,0.100782447006105,-1.16091685775233,-0.419841675231957,-0.996615101146484
MA1562.1,SOX14,0.07,2,0.1,1567,0.1,Down,240857,0.49604524061121,37,2,12228,1446,Down,0.310070899858692,-3.493249907407781,-0.827281376401477,-0.508538990369617
MA0656.1,JDP2(var.2),0.15,2,0.1,1744,0.1,Down,239159.5,0.547313733454505,37,1,12228,1040,Down,0.367682443344591,-4.099377383588016,-1.088957612373418,-0.434527106983466
MA0769.2,TCF7,0.03,22,0.6,8862,0.7,Down,250476.5,0.25930301659783,37,14,12228,5991,Down,0.190609480938218,-1.200048002084715,-0.341579386567188,-0.719855501301331
MA1633.1,BACH1,0.1,8,0.2,1304,0.1,Up,252215,0.226708301244584,37,8,12228,1222,Up,0.027655529701821,-2.731848463271294,1.180985228051504,1.558218018830147
MA0829.2,SREBF1(var.2),0.13,17,0.5,9614,0.8,Down,257649,0.14385987000938,37,11,12228,4946,Down,0.239965745966056,-1.505512099965436,-0.399489268946864,-0.619850747453558
MA0483.1,Gfi1b,0.13,71,1.9,23283,1.9,Up,232931,0.754918950937852,37,25,12228,9706,Down,0.100371690265478,-0.44480885652913,-0.22316898399051,-0.998388762242661
MA0903.1,HOXB3,0.01,26,0.7,10540,0.9,Down,244959,0.383496609917188,37,8,12228,3849,Down,0.219248710381067,-1.904430160536181,-0.473851377418721,-0.659062952470628
MA0738.1,HIC2,0.08,273,7.4,81058,6.6,Up,256614,0.157526750960559,37,36,12228,12167,Down,0.171208825486273,-0.02310440229332,-0.031779458645087,-0.766473852035041
MA0784.1,POU1F1,0.05,1,0,151,0,Up,229683.5,0.871976382994566,37,1,12228,143,Up,0.354431211429713,-5.528454545117839,1.769196710686229,0.450468040862723
MA0466.2,CEBPB,0.04,4,0.1,370,0,Up,239124,0.548413256425565,37,3,12228,296,Up,0.060655797031841,-4.393767650514458,1.944607764152361,1.217127686163799
MA0070.1,PBX1,0.13,16,0.4,2384,0.2,Up,256821.5,0.154710734818966,37,11,12228,2010,Up,0.042425405806586,-2.154938970387575,0.899364471897413,1.372373994886114
MA1463.1,ARGFX,0.11,32,0.9,14551,1.2,Down,260627.5,0.109583100174633,37,11,12228,5788,Down,0.032949875569275,-1.39212136615655,-0.626270736564637,-1.482146221120939
MA0737.1,GLIS3,0.15,4,0.1,316,0,Up,245028,0.381747864345678,37,4,12228,304,Up,0.013419990396076,-4.193277549141939,2.26876772017674,1.872247794966779
MA0501.1,MAF::NFE2,0.12,0,0,550,0,Down,236097,0.645960193165498,37,0,12228,534,Down,0.409116002191896,-5.372366189956016,-1.71290500107973,-0.38815353314469
MA0259.1,ARNT::HIF1A,0.02,62,1.7,16070,1.3,Up,249596.5,0.27698408659771,37,28,12228,7788,Up,0.16994531491298,-0.523379357386217,0.254901362110156,0.769690803634534
MA0147.3,MYC,0.01,4,0.1,786,0.1,Up,236850.5,0.621009650950748,37,4,12228,743,Up,0.283602233897542,-3.549332292068896,0.980877206030654,0.547290352594913
MA1574.1,THRB,0.15,6,0.2,1139,0.1,Up,237999.5,0.583795347300901,37,5,12228,1032,Up,0.237353979621764,-3.167710416344208,0.79664668897125,0.624603482238087
MA1587.1,ZNF135,0.15,9,0.2,3782,0.3,Down,240511,0.506283241310559,37,7,12228,3146,Down,0.451412521652736,-2.140177847225976,-0.363500495322772,-0.345426398272736
MA1419.1,IRF4,0.07,1,0,13,0,Up,232091.5,0.78475902261058,37,1,12228,13,Up,0.041437294564917,-7.233464257373949,5.179216135198448,1.382608607362321
MA1621.1,Rbpjl,0.15,116,3.1,37294,3,Up,234735.5,0.692052877900095,37,31,12228,11195,Down,0.126192696254411,-0.189433626518689,-0.124210280954551,-0.898965780339096
MA0152.1,NFATC2,0.1,145,3.9,48318,4,Down,227798,0.941431091251566,37,34,12228,11709,Down,0.207495399600892,-0.091431103882381,-0.057726259670662,-0.682991527627045
MA0667.1,MYF6,0.08,3,0.1,575,0,Up,235336.5,0.671552917473136,37,3,12228,492,Up,0.186569972277128,-4.02772184061559,1.212516144354627,0.729158252999651
MA0655.1,JDP2,0.05,3,0.1,204,0,Up,240803,0.497635770836664,37,3,12228,203,Up,0.023863844239517,-4.665269305654336,2.487611074432118,1.622259594298153
MA0048.2,NHLH1,0.14,120,3.2,31728,2.6,Up,257409,0.146945077277515,37,34,12228,9517,Up,0.045136796261429,-0.240943555702364,0.241298643969305,1.34546926970133
MA1110.1,NR1H4,0,1,0,17,0,Up,232017.5,0.787405311717662,37,1,12228,17,Up,0.052966402125514,-7.046266499983199,4.80482062041695,1.275999526594406
MA1483.1,ELF2,0.15,12,0.3,7109,0.6,Down,256983,0.152545582243371,37,11,12228,4950,Down,0.23996794954644,-1.504929016154406,-0.400655436568926,-0.619846759390999
MA0733.1,EGR4,0.01,1,0,0,0,Up,232332,0.776175900978497,37,1,12228,0,Up,0.003016714227601,-9.610908008455684,9.934103637361916,2.520465828457508
MA0522.3,TCF3,0.15,109,2.9,40457,3.3,Down,249783,0.273169937927462,37,28,12228,11577,Down,1.143922180912011E-4,-0.237426183438363,-0.317004985785553,-3.941603518855958
MA1557.1,SMAD5,0,2,0.1,20,0,Up,232147,0.782775935564111,37,1,12228,10,Up,0.032700960788768,-7.414749297066304,5.541786214583158,1.485439487121658
MA0159.1,RARA::RXRA,0.1,2,0.1,260,0,Up,233794.5,0.724603220522512,37,2,12228,251,Up,0.1770159925319,-4.755217916469817,1.696654641722596,0.751987495476601
MA0657.1,KLF13,0.08,1,0,135,0,Up,229960.5,0.861842435037005,37,1,12228,128,Up,0.324157667480932,-5.608095733858743,1.928479088168038,0.489243701331551
MA0525.2,TP63,0.15,0,0,69,0,Down,227235.5,0.962262508426583,37,0,12228,55,Down,1.000000000003039,-7.006181325641209,1.554725270290655,-0.00000000000132
MA1530.1,NKX6-3,0.1,78,2.1,21539,1.8,Up,247195,0.329338282637412,37,32,12228,9143,Up,0.12812945636524,-0.312939953035294,0.212978151135735,0.892351016498306
MA0621.1,mix-a,0.15,54,1.5,24383,2,Down,270654,0.038799196962331,37,19,12228,8401,Down,0.031753909134172,-0.74247254255088,-0.401887858165505,-1.498202802312322
MA0682.2,PITX1,0,4,0.1,561,0,Up,240627.5,0.502823688799376,37,4,12228,541,Up,0.08025248570425,-3.778017994290941,1.438248610474746,1.09554150707361
MA0812.1,TFAP2B(var.2),0.13,131,3.5,47010,3.8,Down,230548.5,0.840407879612962,37,29,12228,10302,Down,0.362403189045096,-0.29671431255141,-0.09892265716526,-0.440807989310362
MA1531.1,NR1D1,0.13,1,0,321,0,Up,226520,0.988795478980304,37,1,12228,314,Up,0.618679488737851,-4.962449905016038,0.637187430482628,0.208534282033386
MA0695.1,ZBTB7C,0.1,39,1.1,15922,1.3,Down,255362,0.175347552168872,37,20,12228,8548,Down,0.04697163805941,-0.693885467475846,-0.354762436803903,-1.328164294239613
MA1148.1,PPARA::RXRA,0.15,9,0.2,1964,0.2,Up,247237,0.328370849732964,37,9,12228,1801,Up,0.10490619980484,-2.371934033881073,0.782085713657556,0.979198844871585
MA1534.1,NR1I3,0.14,80,2.2,29612,2.4,Down,249512,0.278724103026604,37,30,12228,10920,Down,0.10989377420634,-0.230644944154719,-0.134872817556552,-0.959026910892435
MA1109.1,NEUROD1,0.1,24,0.6,5916,0.5,Up,255173,0.178163526182032,37,18,12228,4538,Up,0.172653798346353,-1.224662654971691,0.41059466020952,0.762823862824425
MA0485.2,HOXC9,0.07,2,0.1,399,0,Up,231292,0.813475243412591,37,2,12228,386,Up,0.327733039148743,-4.445262909410157,1.076744627603275,0.484479774678942
MA0838.1,CEBPG,0.08,4,0.1,551,0,Up,236579.5,0.629935102180444,37,3,12228,434,Up,0.143934810277624,-4.118105614380259,1.393283691883964,0.841834160314797
MA0794.1,PROX1,0.12,4,0.1,667,0.1,Up,239076.5,0.549886153485146,37,4,12228,623,Up,0.118503311165418,-3.67630388318027,1.234820388253403,0.926269514626205
MA0638.1,CREB3,0.11,0,0,944,0.1,Down,242997.5,0.435237600592749,37,0,12228,907,Down,0.110245251142646,-4.990512342374704,-2.476612696242352,-0.957640108862055
MA0792.1,POU5F1B,0.1,20,0.5,6637,0.5,Down,241938,0.464783542393984,37,18,12228,4630,Up,0.179072064324834,-1.210186441833646,0.381642233933429,0.746972159856488
MA0843.1,TEF,0.05,0,0,443,0,Down,232471,0.771227539258331,37,0,12228,338,Down,0.626589902117463,-5.701883247028762,-1.053870886934236,-0.203016608321217
MA0484.2,HNF4G,0.14,22,0.6,9004,0.7,Down,245394,0.3725539515082,37,16,12228,6222,Down,0.41144978673589,-1.079552894202835,-0.209743353869184,-0.385683158444784
MA1624.1,Stat5a,0.08,0,0,2005,0.2,Down,259795.5,0.118433853892865,37,0,12228,1815,Down,0.004360326492669,-4.490313651416158,-3.477010078159446,-2.360480990397519
MA0526.3,USF2,0.08,3,0.1,1787,0.1,Down,239724,0.529977730817863,37,2,12228,1412,Down,0.310828488125169,-3.510407635277624,-0.79296592066179,-0.507479183987687
MA0881.1,Dlx4,0.06,116,3.1,49995,4.1,Down,271484,0.035299500257786,37,31,12228,11015,Down,0.26156616594708,-0.201125616642403,-0.100826300707124,-0.582418433485334
MA1137.1,FOSL1::JUNB,0.03,5,0.1,644,0.1,Up,245244.5,0.376292690969172,37,5,12228,621,Up,0.038493700941297,-3.53386815897137,1.528962174225573,1.414610332056496
MA0116.1,Znf423,0.1,8,0.2,3952,0.3,Down,250869.5,0.251664903135848,37,4,12228,2793,Down,0.113616988665044,-2.594497705618091,-0.928791966870956,-0.944556725562945
MA0476.1,FOS,0.02,6,0.2,970,0.1,Up,241617,0.473950564492071,37,5,12228,824,Up,0.101492945184642,-3.329985607778879,1.121197071840591,0.993564144685387
MA0715.1,PROP1,0.08,0,0,777,0.1,Down,238132,0.579571515170324,37,0,12228,644,Down,0.262826056094835,-5.237370984635435,-1.98289541172089,-0.580331581816734
MA1149.1,RARA::RXRG,0.12,3,0.1,2354,0.2,Down,246104.5,0.355101968628648,37,3,12228,2045,Down,0.190006883324947,-3.000592886843436,-0.841741763189682,-0.721230665700366
MA1122.1,TFDP1,0.02,16,0.4,4596,0.4,Up,242875,0.438597290903473,37,14,12228,3614,Up,0.281098035061707,-1.564608573674973,0.387541756613328,0.551142190197755
MA0786.1,POU3F1,0.13,36,1,11815,1,Up,245078.5,0.380471091142829,37,25,12228,6544,Up,0.099388019209804,-0.729142958281685,0.3454992195146,1.002665964744228
MA0032.2,FOXC1,0.15,157,4.2,51167,4.2,Up,239994.5,0.521770590271143,37,37,12228,11009,Up,0.047030790233754,-0.075749248829299,0.151498497658599,1.327617723969732
MA0163.1,PLAG1,0.04,1,0,32,0,Up,231740,0.797350539380461,37,1,12228,32,Up,0.09501102972624,-6.599724101941455,3.911735824333463,1.022225975014411
MA0659.2,MAFG,0.04,1,0,286,0,Up,227077,0.968137612548045,37,1,12228,284,Up,0.581552792271018,-5.034765587302392,0.781818795055335,0.235410854708007
MA0019.1,Ddit3::Cebpa,0.02,4,0.1,474,0,Up,242107,0.459997205055973,37,4,12228,462,Up,0.050591668949324,-3.891771980393267,1.665756582679398,1.295920993579642
MA1544.1,OVOL1,0.13,2,0.1,2474,0.2,Down,254633.5,0.186386718455901,37,2,12228,2183,Down,0.051081523314268,-3.196211803482452,-1.421357584252132,-1.291736160016367
MA0527.1,ZBTB33,0.05,4,0.1,766,0.1,Up,240109.5,0.518301327325524,37,4,12228,553,Up,0.08539229599315,-3.762207004704329,1.406626631301521,1.06858130915393
MA0634.1,ALX3,0.12,123,3.3,51821,4.2,Down,268806.5,0.047658603915963,37,31,12228,11088,Down,0.152768225384553,-0.196360998433808,-0.110355537124313,-0.815966966278344
MA0806.1,TBX4,0.08,23,0.6,6065,0.5,Up,259832.5,0.118028687630432,37,21,12228,4737,Up,0.028186112074036,-1.085301767492304,0.565495663397042,1.54996482555589
MA1106.1,HIF1A,0.13,117,3.2,33762,2.8,Up,245908.5,0.359863981509451,37,34,12228,10191,Up,0.190311258212577,-0.191587638094895,0.142586808754367,0.72053551946403
MA1541.1,NR6A1,0.12,0,0,747,0.1,Down,239519.5,0.536225638261409,37,0,12228,719,Down,0.275915217407038,-5.157963820446112,-2.141709740099537,-0.559224346444862
MA0779.1,PAX1,0.15,0,0,92,0,Down,227901.5,0.937602047302534,37,0,12228,91,Down,1.00000000000665,-6.645539339674239,0.833441298356719,-0.000000000002888
MA0106.3,TP53,0.07,0,0,3,0,Down,226255,0.998627216226629,37,0,12228,2,Down,0.999999999997648,-9.24242521137258,6.0272130417534,0.000000000001022
MA1153.1,Smad4,0,6,0.2,422,0,Up,249579.5,0.2773335529413,37,5,12228,397,Up,0.006778280093325,-3.856267924411754,2.17376170510634,2.168880489132166
MA0822.1,HES7,0.14,0,0,860,0.1,Down,234894.5,0.686606675988684,37,0,12228,469,Down,0.402828542418166,-5.465898584989374,-1.525840211013014,-0.394879765090747
MA0464.2,BHLHE40,0.03,21,0.6,4741,0.4,Up,244822.5,0.386970505534354,37,12,12228,2841,Up,0.239955554779801,-1.845242663903234,0.520560326364156,0.619869192044156
MA0895.1,HMBOX1,0.09,34,0.9,7534,0.6,Up,255353,0.175480888713405,37,20,12228,5196,Up,0.182968211315452,-1.052950988389148,0.363368605022702,0.737624357534628
MA0090.3,TEAD1,0.15,19,0.5,8501,0.7,Down,251607,0.237758009105341,37,14,12228,5896,Down,0.249312939426803,-1.21157718667985,-0.318521017376918,-0.603255180879181
MA0079.4,SP1,0.1,8,0.2,6298,0.5,Down,260990.5,0.105889161915821,37,7,12228,4028,Down,0.079761300880041,-1.961930440917085,-0.719995307940556,-1.098207771441433
MA0107.1,RELA,0.08,17,0.5,3767,0.3,Up,252236,0.226333306088682,37,14,12228,3219,Up,0.133449480260329,-1.648088293933393,0.554501197130169,0.874683113300307
MA1579.1,ZBTB26,0.04,42,1.1,8073,0.7,Up,292968.5,0.001909538821778,37,27,12228,5834,Up,0.002577345644215,-0.757512746531921,0.620107539121399,2.588827334918574
MA0024.3,E2F1,0.06,4,0.1,655,0.1,Up,231825,0.794300675078052,37,2,12228,362,Up,0.300827184572025,-4.491506618921432,1.169232046625826,0.521682920819187
MA0796.1,TGIF1,0.11,0,0,119,0,Down,227901.5,0.937602047302534,37,0,12228,91,Down,1.00000000000665,-6.645539339674239,0.833441298356719,-0.000000000002888
MA1600.1,ZNF684,0.14,0,0,114,0,Down,228308.5,0.922559663327493,37,0,12228,113,Down,0.999999999980653,-6.490115015170803,0.522592649349846,0.000000000008402
MA0132.2,PDX1,0.03,29,0.8,12449,1,Down,253034.5,0.212401491095757,37,10,12228,4906,Down,0.130095006569274,-1.576991275024914,-0.519019985384414,-0.885739372623875
MA0774.1,MEIS2,0.02,18,0.5,7787,0.6,Down,258299.5,0.135747414423278,37,11,12228,5681,Down,0.047351939153907,-1.405580202036577,-0.599353064804583,-1.32466223109372
MA0780.1,PAX3,0.04,1,0,51,0,Up,231424.5,0.808697646442153,37,1,12228,49,Up,0.140467562672324,-6.296229698415878,3.304747017282307,0.852423953188408
MA0871.2,TFEC,0.15,7,0.2,5114,0.4,Down,255753,0.169627540539357,37,5,12228,3226,Down,0.091593189292457,-2.345796294425504,-0.847181554866159,-1.038136818501051
MA0478.1,FOSL2,0.03,11,0.3,1677,0.1,Up,250610,0.256690584003666,37,8,12228,1377,Up,0.062685329710912,-2.645739536461832,1.00876737443258,1.202834085502169
MA1628.1,Zic1::Zic2,0.14,56,1.5,24430,2,Down,258542,0.132815231777413,37,28,12228,9868,Down,0.4084454477473,-0.352636702675937,-0.086583947310404,-0.388865939925679
MA0859.1,Rarg,0.12,0,0,101,0,Down,228086.5,0.930761513329811,37,0,12228,101,Down,0.999999999978584,-6.570721300223674,0.683805219455585,0.000000000009301
MA0686.1,SPDEF,0.09,6,0.2,1082,0.1,Up,244075,0.406332416503417,37,6,12228,1006,Up,0.121325204834389,-3.065603671285046,1.074449397860514,0.91604896678894
MA1606.1,Foxf1,0.01,11,0.3,2636,0.2,Up,244232.5,0.402205430025756,37,10,12228,2314,Up,0.20888590970595,-2.118988123780936,0.56497371212763,0.680090854147686
MA1105.2,GRHL2,0.13,33,0.9,6995,0.6,Up,268012,0.051961199333629,37,22,12228,5203,Up,0.045195208433124,-0.984829397647655,0.495727606962897,1.344907606369161
MA0078.1,Sox17,0.05,63,1.7,21929,1.8,Down,226911.5,0.974274026168838,37,31,12228,9461,Up,0.434153843296917,-0.310822693449139,0.11856785290635,0.362356350082381
MA0692.1,TFEB,0.05,4,0.1,2899,0.2,Down,245805.5,0.362382467623377,37,2,12228,1761,Down,0.157376378724481,-3.351130831625098,-1.111519527966841,-0.803060452151364
MA0618.1,LBX1,0.14,105,2.8,33261,2.7,Up,230465.5,0.843426725697695,37,28,12228,10058,Down,0.283830442209063,-0.338880474194233,-0.114096404273813,-0.546941026164009
MA0893.2,GSX2,0.01,4,0.1,2529,0.2,Down,240121,0.517955058065744,37,4,12228,2030,Down,0.505003200076939,-2.824617102132942,-0.468553173841252,-0.296705869858857
MA0028.2,ELK1,0.15,13,0.4,8302,0.7,Down,266150,0.06332957346307,37,11,12228,5468,Down,0.07038712023052,-1.433143559180953,-0.54422635051583,-1.152506802854408
MA0153.2,HNF1B,0.12,0,0,443,0,Down,232212,0.78045519542801,37,0,12228,324,Down,0.626592906155786,-5.732351924816692,-0.992933531358377,-0.203014526203176
MA0722.1,VAX1,0.03,20,0.5,8047,0.7,Down,245604.5,0.367328883456002,37,8,12228,3851,Down,0.219154128077054,-1.904055483202504,-0.474600732086076,-0.659250344383965
MA0877.2,BARHL1,0,2,0.1,172,0,Up,235317.5,0.672197375154912,37,2,12228,169,Up,0.093759470026915,-5.039854479804409,2.26592776839178,1.027984856157862
MA0630.1,SHOX,0.03,116,3.1,49995,4.1,Down,271484,0.035299500257786,37,31,12228,11015,Down,0.26156616594708,-0.201125616642403,-0.100826300707124,-0.582418433485334
MA1556.1,RXRG(var.2),0.14,6,0.2,1046,0.1,Up,239077,0.549870639160344,37,5,12228,976,Up,0.215785710473101,-3.207935332554217,0.877096521391266,0.665977318078296
MA0730.1,RARA(var.2),0.12,1,0,56,0,Up,231368.5,0.810715998243112,37,1,12228,52,Up,0.14825529576394,-6.253785249622622,3.219858119695795,0.828989784439392
MA0665.1,MSC,0.06,3,0.1,390,0,Up,237960,0.585057295914364,37,3,12228,354,Up,0.091978212699471,-4.264890889167702,1.686854241458849,1.036315033795455
MA1524.1,MSGN1,0.04,16,0.4,6402,0.5,Down,250497,0.258900664140809,37,9,12228,4456,Down,0.170020694334992,-1.718577806816183,-0.524626740472224,-0.769498214571657
MA0130.1,ZNF354C,0.03,152,4.1,51555,4.2,Down,228447.5,0.917428403822453,37,37,12228,12026,Up,0.999999999981456,-0.012015301427909,0.024030602855818,0.000000000008053
MA1563.1,SOX18,0.07,77,2.1,20479,1.7,Up,264435,0.07554822654215,37,35,12228,9684,Up,0.022962246799225,-0.207784773730141,0.257426405477884,1.638985619550839
MA0604.1,Atf1,0.05,10,0.3,5031,0.4,Down,245336.5,0.373989195980694,37,8,12228,3559,Down,0.368811859890405,-1.96092839523354,-0.360854908024004,-0.433195121777457
MA0901.2,HOXB13,0.1,32,0.9,8171,0.7,Up,247516.5,0.321979812752654,37,19,12228,5079,Up,0.244673832108101,-1.105452760821334,0.324072578375402,0.611412476004788
MA0821.1,HES5,0.11,0,0,1042,0.1,Down,237059,0.614180330119477,37,0,12228,586,Down,0.422036346577385,-5.305395609802007,-1.846846161387748,-0.374650145156211
MA1560.1,SOHLH2,0,3,0.1,28,0,Up,231828,0.794193089941319,37,1,12228,28,Up,0.083980159726587,-6.694463001373312,4.101213623197175,1.075823303688204
MA0063.2,NKX2-5,0.13,60,1.6,22671,1.9,Down,242482.5,0.449461850838729,37,28,12228,10206,Down,0.189199944847348,-0.328343950022546,-0.135169452617186,-0.723078994533042
MA0639.1,DBP,0.14,22,0.6,6011,0.5,Up,232741.5,0.761624618258153,37,9,12228,2689,Up,0.693510367468412,-2.082864365299703,0.203946376494815,0.158947042160029
MA1576.1,THRB(var.3),0.08,0,0,24,0,Down,226532.5,0.988331748097725,37,0,12228,17,Down,0.999999999990712,-7.838747750343777,3.219858119695794,0.000000000004034
MA0496.3,MAFK,0.13,11,0.3,1997,0.2,Up,260373,0.112233132488381,37,11,12228,1716,Up,0.014256411996191,-2.268981209809127,1.127448950740517,1.845989762445322
MA0156.2,FEV,0.1,17,0.5,9888,0.8,Down,267806.5,0.053125528704835,37,12,12228,6113,Down,0.046707611913912,-1.292569739353404,-0.584785522735505,-1.330612336932369
MA1473.1,CDX4,0.05,7,0.2,2061,0.2,Up,234125,0.713110404609217,37,7,12228,1851,Up,0.491737791291005,-2.522704543926187,0.401552898077649,0.308266413799612
MA0099.3,FOS::JUN,0.02,4,0.1,359,0,Up,244150,0.404364040950176,37,4,12228,352,Up,0.021679700840983,-4.087687034452027,2.057586690796917,1.663946714938397
MA0724.1,VENTX,0.04,4,0.1,3615,0.3,Down,262803.5,0.088895006742206,37,3,12228,3006,Down,0.020009296686012,-2.722777176189425,-1.397373184497703,-1.69876817626893
MA0004.1,Arnt,0.1,79,2.1,23309,1.9,Up,243109,0.432192548292071,37,31,12228,9237,Up,0.33716713293414,-0.328105925105865,0.153134316219801,0.472154767027815
MA1466.1,ATF6,0.15,0,0,560,0,Down,236393,0.636109167478839,37,0,12228,550,Down,0.412428215356932,-5.351089882034077,-1.755457616923608,-0.384651631083347
MA0858.1,Rarb(var.2),0.11,1,0,34,0,Up,231703,0.798679097444654,37,1,12228,34,Up,0.100477889374279,-6.556645780066598,3.825579180583747,0.997929496245526
MA0886.1,EMX2,0.01,12,0.3,7074,0.6,Down,254059.5,0.195440152063689,37,6,12228,3489,Down,0.103732943371299,-2.168767091517815,-0.719223761673947,-0.984083299037082
MA0892.1,GSX1,0.02,26,0.7,10540,0.9,Down,244959,0.383496609917188,37,8,12228,3849,Down,0.219248710381067,-1.904430160536181,-0.473851377418721,-0.659062952470628
MA0608.1,Creb3l2,0.06,4,0.1,3537,0.3,Down,251560,0.238627751151753,37,3,12228,2347,Down,0.095731621815148,-2.901257076516891,-1.040413383842772,-1.018944583524902
MA1528.1,NFIX(var.2),0.1,8,0.2,1629,0.1,Up,242310,0.454284581403091,37,6,12228,1074,Up,0.135045825863446,-3.018444516031824,0.98013108735407,0.869518834893694
MA0755.1,CUX2,0.05,4,0.1,418,0,Up,244118.5,0.405190062902521,37,4,12228,347,Up,0.020701502672888,-4.09799217428967,2.078196970472203,1.683998128994419
MA0775.1,MEIS3,0.04,85,2.3,31216,2.6,Down,246492,0.34580494165558,37,31,12228,11032,Down,0.170886374860292,-0.200013233634629,-0.103051066722672,-0.767292563135814
MA1608.1,Isl1,0.03,6,0.2,1639,0.1,Up,234458,0.70159615455315,37,6,12228,1520,Up,0.453721603408437,-2.768004349230316,0.479250753751055,0.343210541832266
MA0014.3,PAX5,0.02,0,0,520,0,Down,235449.5,0.6677250910864,37,0,12228,499,Down,0.404200322176148,-5.421218824920052,-1.615199731151657,-0.393403344657262
MA0766.2,GATA5,0.07,91,2.5,25665,2.1,Up,244589,0.392957358404811,37,32,12228,9949,Up,0.529356324871694,-0.252001196672765,0.091100638410677,0.276251893502522
MA0140.2,GATA1::TAL1,0.13,20,0.5,5584,0.5,Up,251224,0.244910907590147,37,18,12228,4312,Up,0.119464997772922,-1.261508205281658,0.484285760829454,0.922759320663783
MA1484.1,ETS2,0.1,11,0.3,6049,0.5,Down,259365.5,0.123222925424652,37,8,12228,4416,Down,0.085185433068846,-1.805313940113786,-0.672083818263512,-1.069634664372947
MA0813.1,TFAP2B(var.3),0.02,1,0,257,0,Up,229325,0.885123001904574,37,1,12228,160,Up,0.387147301381539,-5.447693264894532,1.607674150239614,0.41212376364878
MA0479.1,FOXH1,0.15,35,0.9,11382,0.9,Up,240746,0.499317604866391,37,26,12228,7023,Up,0.134534864390006,-0.650441817364651,0.299087162863939,0.871165154694329
MA1549.1,POU6F1(var.2),0.02,12,0.3,1988,0.2,Up,260282,0.11319286202098,37,11,12228,1789,Up,0.017153621272935,-2.238937866579563,1.067362264281389,1.765644182744459
MA1474.1,CREB3L4,0.11,16,0.4,4558,0.4,Up,236870.5,0.620353129615839,37,13,12228,3667,Up,0.477434214094071,-1.605654882454151,0.263447388243477,0.321086461617849
MA0676.1,Nr2e1,0,4,0.1,385,0,Up,243733,0.415380460697739,37,4,12228,374,Up,0.026321591149476,-4.044015803865729,1.970244229624322,1.579687861009818
MA1572.1,TGIF2LY,0.15,2,0.1,2321,0.2,Down,244759,0.388593088135027,37,1,12228,1344,Down,0.179370945754316,-3.914480988519246,-1.458750402510956,-0.746247901985639
MA0047.3,FOXA2,0.02,11,0.3,2636,0.2,Up,244232.5,0.402205430025756,37,10,12228,2314,Up,0.20888590970595,-2.118988123780936,0.56497371212763,0.680090854147686
MA1512.1,KLF11,0.12,76,2.1,29011,2.4,Down,233543,0.733390822469678,37,33,12228,9986,Up,0.291676889806508,-0.227462950885373,0.129466901694529,0.535097979610221
MA1546.1,PAX3(var.2),0.1,1,0,54,0,Up,231333,0.811996142062496,37,1,12228,54,Up,0.153408931383305,-6.22681584606722,3.165919312584991,0.814149355265978
MA0699.1,LBX2,0.06,83,2.2,36095,3,Down,264407.5,0.075758817996534,37,28,12228,10355,Down,0.164877043800089,-0.317889455141056,-0.156078442380167,-0.78283980793929
MA1550.1,PPARD,0.14,1,0,259,0,Up,227720.5,0.944299141256901,37,1,12228,249,Up,0.533782511818712,-5.129460005787053,0.971207632024656,0.272635658995584
MA1583.1,ZFP57,0.15,44,1.2,18993,1.6,Down,256199,0.163275048951902,37,22,12228,8483,Down,0.211668438805126,-0.63224077136902,-0.209449645594373,-0.674343893395881
MA0904.2,HOXB5,0.02,26,0.7,10554,0.9,Down,245006.5,0.382292237896867,37,8,12228,3851,Down,0.219154128077054,-1.904055483202504,-0.474600732086076,-0.659250344383965
MA1497.1,HOXA6,0.06,83,2.2,23117,1.9,Up,253060,0.211967021243212,37,30,12228,8405,Up,0.113029704612487,-0.419461627439716,0.242760549013444,0.946807407366258
MA1632.1,ATF2,0.09,3,0.1,4575,0.4,Down,275880.5,0.02092434844451,37,2,12228,3382,Down,0.001315384162488,-2.88048810194063,-2.052804987335776,-2.880947391445449
MA0007.3,Ar,0.06,1,0,122,0,Up,231048,0.822291291885113,37,1,12228,68,Up,0.188644377606893,-6.061891966975419,2.83607155440139,0.724356134065893
MA1548.1,PLAGL2,0.04,23,0.6,6415,0.5,Up,249542.5,0.278095194052415,37,17,12228,4226,Up,0.166301604814873,-1.316123883054653,0.433176419007477,0.779103559807054
MA0723.1,VAX2,0.03,10,0.3,5709,0.5,Down,248887,0.29182478622501,37,6,12228,3198,Down,0.193449604641748,-2.231579515782941,-0.593598913143696,-0.713432153521349
MA0679.2,ONECUT1,0.12,18,0.5,3586,0.3,Up,246519,0.345162980723479,37,12,12228,2848,Up,0.240321850961043,-1.843467818493572,0.517010635544831,0.619206739723065
MA1652.1,ZKSCAN5,0.15,67,1.8,24068,2,Down,234098.5,0.714029559373559,37,27,12228,9916,Down,0.208556973355117,-0.374901752019112,-0.145114449904219,-0.680775284413133
MA0785.1,POU2F1,0.02,2,0.1,301,0,Up,233159.5,0.746857764582666,37,2,12228,285,Up,0.214339228619407,-4.663751743691159,1.51372229616528,0.668898336593259
MA0882.1,DLX6,0.06,116,3.1,49995,4.1,Down,271484,0.035299500257786,37,31,12228,11015,Down,0.26156616594708,-0.201125616642403,-0.100826300707124,-0.582418433485334
MA0685.1,SP4,0.12,8,0.2,7531,0.6,Down,271859.5,0.033806935042572,37,7,12228,4558,Down,0.02547305485406,-1.872772230890277,-0.898311727994171,-1.59391896918223
MA0109.1,HLTF,0.01,101,2.7,28767,2.4,Up,261140.5,0.104391876847598,37,37,12228,10752,Up,0.018754077420146,-0.092787658152315,0.18557531630463,1.726904295479918
MA1139.1,FOSL2::JUNB(var.2),0.14,2,0.1,2670,0.2,Down,243229,0.428929189386078,37,1,12228,1248,Down,0.173851508172348,-3.967917955491577,-1.351876468566295,-0.759821537433483
MA1495.1,HOXA1,0.01,26,0.7,10554,0.9,Down,245006.5,0.382292237896867,37,8,12228,3851,Down,0.219154128077054,-1.904055483202504,-0.474600732086076,-0.659250344383965
MA0516.2,SP2,0.13,5,0.1,4295,0.4,Down,261012,0.105673511190723,37,4,12228,3202,Down,0.037607273679905,-2.4959353304806,-1.125916717145936,-1.424728149393069
MA0913.2,HOXD9,0.14,82,2.2,26096,2.1,Up,227843.5,0.939747619716417,37,28,12228,9803,Down,0.534347661593271,-0.357403656667835,-0.077050039326608,-0.272176086824414
MA0791.1,POU4F3,0.09,3,0.1,690,0.1,Up,233598,0.731466047056583,37,3,12228,585,Up,0.260705579415526,-3.902949117536852,0.96297069819715,0.583849674303684
MA0031.1,FOXD1,0.01,11,0.3,2640,0.2,Up,244178,0.403630645666166,37,10,12228,2317,Up,0.209384164927945,-2.118053735670435,0.563104935906628,0.679056165753899
MA0836.2,CEBPD,0.14,40,1.1,11598,0.9,Up,247815.5,0.315233380933908,37,26,12228,7073,Up,0.136405941569525,-0.645324767315992,0.28885306276662,0.865166712270013
MA0042.2,FOXI1,0,11,0.3,2640,0.2,Up,244178,0.403630645666166,37,10,12228,2317,Up,0.209384164927945,-2.118053735670435,0.563104935906628,0.679056165753899
MA1599.1,ZNF682,0.08,4,0.1,964,0.1,Up,233691.5,0.728197810153061,37,4,12228,913,Up,0.354454315875359,-3.40079629878136,0.683805219455584,0.450439731261613
MA0006.1,Ahr::Arnt,0.01,60,1.6,15912,1.3,Up,245253,0.376079501673725,37,29,12228,7952,Up,0.118760232148655,-0.483471358421903,0.274591434575726,0.925328962130377
MA0905.1,HOXC10,0.05,7,0.2,1925,0.2,Up,236463,0.633788828569617,37,7,12228,1725,Up,0.351003071565748,-2.573544581794244,0.503232973813764,0.454689083083411
MA1507.1,HOXD4,0.01,28,0.8,8360,0.7,Up,240124.5,0.517849695524096,37,19,12228,5550,Up,0.510449343038004,-1.041487137986752,0.196141332706239,0.292047350796796
MA1639.1,MEIS1(var.2),0.01,1,0,141,0,Up,229741.5,0.869852675727661,37,1,12228,140,Up,0.348484021842318,-5.54369484834522,1.799677317140991,0.457817129717459
MA0661.1,MEOX1,0.1,65,1.8,19391,1.6,Up,248844,0.292741082871791,37,29,12228,7487,Up,0.041112924223392,-0.526933542853585,0.361515803439091,1.386021632221905
MA0814.2,TFAP2C(var.2),0.04,5,0.1,2315,0.2,Down,245336,0.374001691350711,37,3,12228,2068,Down,0.189412553434702,-2.992527176669891,-0.857873183536772,-0.722591241242183
MA0809.2,TEAD4,0.01,4,0.1,772,0.1,Up,236837.5,0.621436551766037,37,4,12228,745,Up,0.284203441916837,-3.547394486953384,0.977001595799631,0.546370666744799
MA0503.1,Nkx2-5(var.2),0.13,128,3.5,43780,3.6,Down,234539,0.698805600642536,37,33,12228,11867,Down,0.023511701821234,-0.102980448928978,-0.119498102218261,-1.628715934685275
MA1536.1,NR2C2(var.2),0,0,0,562,0,Down,236300.5,0.639180811862814,37,0,12228,545,Down,0.411325930665808,-5.357671565654457,-1.742294249682846,-0.38581391098659
MA1558.1,SNAI1,0.04,74,2,24142,2,Up,229041.5,0.895541906240009,37,27,12228,10057,Down,0.13621076930776,-0.364717343297435,-0.165483267347572,-0.865788554199759
MA1470.1,BACH2(var.2),0.13,0,0,60,0,Down,227050.5,0.969120062900671,37,0,12228,45,Down,1.000000000006796,-7.149491938716913,1.841346496442065,-0.000000000002952
MA0506.1,NRF1,0.14,44,1.2,18816,1.5,Down,257520,0.145511937066692,37,16,12228,6828,Down,0.137065633844634,-1.012515706803719,-0.343817728667417,-0.863071421231953
MA0694.1,ZBTB7B,0.15,65,1.8,26300,2.2,Down,244957.5,0.383534680522166,37,35,12228,10216,Up,0.075494235029381,-0.169208990283984,0.180274838585571,1.122086211159165
MA0491.2,JUND,0.07,9,0.2,1364,0.1,Up,241824.5,0.468013521944094,37,5,12228,829,Up,0.103477950454196,-3.325624364019681,1.112474584322195,0.985152181765002
MA0076.2,ELK4,0.08,10,0.3,6383,0.5,Down,262622,0.090490558316906,37,8,12228,4536,Down,0.060138587256566,-1.78597586648645,-0.710759965518183,-1.22084677832869
MA0083.3,SRF,0.15,0,0,155,0,Down,228234.5,0.925292742018975,37,0,12228,109,Down,0.999999999991927,-6.515995729015675,0.574354077039587,0.000000000003506
MA1100.2,ASCL1,0.01,12,0.3,2894,0.2,Up,238010,0.583460106022486,37,6,12228,1328,Up,0.286698194738742,-2.865378143500462,0.673998342291346,0.542575041680202
MA0708.1,MSX2,0.09,116,3.1,49995,4.1,Down,271484,0.035299500257786,37,31,12228,11015,Down,0.26156616594708,-0.201125616642403,-0.100826300707124,-0.582418433485334
MA1489.1,FOXN3,0,4,0.1,816,0.1,Up,235990.5,0.649519928229416,37,4,12228,791,Up,0.299793444986413,-3.504203988026514,0.890620597945892,0.523177867276106
MA0873.1,HOXD12,0.06,2,0.1,331,0,Up,232462.5,0.771529872123334,37,2,12228,323,Up,0.256896886240808,-4.573614260376327,1.333447329535616,0.590241159636459
MA0899.1,HOXA10,0.03,11,0.3,2511,0.2,Up,246674,0.341492365628599,37,10,12228,2177,Up,0.192601391149466,-2.163002045683768,0.653001555933294,0.715340580314524
MA0702.2,LMX1A,0.03,7,0.2,4844,0.4,Down,252114,0.228518040403644,37,4,12228,2727,Down,0.112846014804297,-2.61174501748962,-0.894297343127897,-0.947513773573934
MA0087.1,Sox5,0.13,67,1.8,23666,1.9,Down,233381.5,0.739052316106342,37,31,12228,9483,Up,0.434702175426423,-0.309147354036811,0.115217174081694,0.361808186417566
MA0867.2,SOX4,0.06,47,1.3,17826,1.5,Down,250508.5,0.258675143723438,37,21,12228,8979,Down,0.038116807685527,-0.624047181884991,-0.357013507817583,-1.418883479036197
MA1623.1,Stat2,0.14,52,1.4,15622,1.3,Up,251112.5,0.24702137214399,37,30,12228,7939,Up,0.039289470650571,-0.460604370356802,0.325046034847615,1.405723822424757
MA1127.1,FOSB::JUN,0.15,2,0.1,2140,0.2,Down,245392,0.372603815693604,37,1,12228,1385,Down,0.118404948595705,-3.892812510714975,-1.5020873581195,-0.926630146406202
MA1559.1,SNAI3,0.15,75,2,24372,2,Up,228860.5,0.902203387154755,37,27,12228,10084,Down,0.131599021563708,-0.362783434577579,-0.169351084787286,-0.880747339681501
MA1593.1,ZNF317,0.1,20,0.5,4713,0.4,Up,250664.5,0.255629355929405,37,15,12228,3836,Up,0.286263496978385,-1.473503583841492,0.397762407464972,0.543234027708657
MA0795.1,SMAD3,0.13,11,0.3,1201,0.1,Up,246966.5,0.334633893299645,37,6,12228,926,Up,0.058227518975382,-3.125345816732083,1.193933688754587,1.234871714412949
MA1140.2,JUNB(var.2),0.05,1,0,212,0,Up,228951.5,0.89885335411469,37,1,12228,182,Up,0.427099226517141,-5.355031681571993,1.422350983594537,0.369471215086034
MA0135.1,Lhx3,0.14,15,0.4,6769,0.6,Down,252176,0.227405896093702,37,8,12228,3964,Down,0.21722038534905,-1.883196233009729,-0.516319232471626,-0.663099420201199
MA0137.3,STAT1,0.13,10,0.3,7428,0.6,Down,272405,0.031734960468591,37,8,12228,5006,Down,0.01834616548719,-1.714864505650691,-0.8529826871897,-1.736454693361429
MA0714.1,PITX3,0.01,44,1.2,12787,1,Up,242771,0.441461261453422,37,24,12228,7073,Up,0.410457919086578,-0.701930072539987,0.17564245231863,0.386731360944736
MA0603.1,Arntl,0.14,66,1.8,16809,1.4,Up,253213,0.209373683922336,37,26,12228,7391,Up,0.242885948500798,-0.613603304922802,0.225410137980241,0.614597609382123
MA1503.1,HOXB9,0.06,2,0.1,417,0,Up,230959,0.825512637544794,37,2,12228,404,Up,0.347762396131754,-4.412427265157591,1.011073339098145,0.458717380456932
MA0114.4,HNF4A,0.11,2,0.1,1843,0.2,Down,245059.5,0.380951153110185,37,2,12228,1671,Down,0.225185992668561,-3.388961391563878,-1.035858408089281,-0.647458627568237
MA1504.1,HOXC4,0,2,0.1,466,0,Up,230105,0.856564856036635,37,2,12228,450,Up,0.398065328974781,-4.334733563465811,0.855685935714585,0.400045647310797
MA0788.1,POU3F3,0.04,1,0,157,0,Up,229536,0.877381314676219,37,1,12228,151,Up,0.370033326239267,-5.489321016719208,1.690929653888967,0.431759160392359
MA0497.1,MEF2C,0.06,2,0.1,1662,0.1,Down,242278,0.455182429606164,37,2,12228,1522,Down,0.313145169179339,-3.456311954975733,-0.901157281265572,-0.504254283675075
MA0789.1,POU3F4,0,2,0.1,301,0,Up,233159.5,0.746857764582666,37,2,12228,285,Up,0.214339228619407,-4.663751743691159,1.51372229616528,0.668898336593259
MA0670.1,NFIA,0.01,30,0.8,9925,0.8,Down,233561,0.732760710765948,37,23,12228,6638,Up,0.409382844279604,-0.777774043281283,0.207088408926079,0.387870360967145
MA1568.1,TCF21(var.2),0.04,2,0.1,289,0,Up,234065,0.715192103714017,37,2,12228,234,Up,0.158806165419219,-4.805703155114892,1.797625119012747,0.799132640727766
MA1144.1,FOSL2::JUND,0.02,3,0.1,204,0,Up,240803,0.497635770836664,37,3,12228,203,Up,0.023863844239517,-4.665269305654336,2.487611074432118,1.622259594298153
MA0611.1,Dux,0.01,29,0.8,6485,0.5,Up,256102,0.164641151942408,37,19,12228,4682,Up,0.12664484136569,-1.164156509819933,0.441480076372601,0.897412495664533
MA1418.1,IRF3,0.15,0,0,530,0,Down,235394,0.669604057340518,37,0,12228,496,Down,0.403939172048633,-5.425564305052075,-1.606508770887613,-0.393684029029419
MA1644.1,NFYC,0.12,31,0.8,11573,0.9,Down,236638,0.62800375250581,37,19,12228,6925,Down,0.512555464086805,-0.881836890499876,-0.123159162267514,-0.290259132333637
MA0643.1,Esrrg,0.13,31,0.8,7971,0.7,Up,269152,0.045883223423105,37,26,12228,5789,Up,0.007477804779728,-0.789817510318167,0.577838548770971,2.126225876998535
MA1567.1,TBX6,0.09,101,2.7,33464,2.7,Down,230894,0.82786716668315,37,37,12228,11303,Up,0.111214233515642,-0.056738945844481,0.113477891688962,0.953839626947135
MA0849.1,FOXO6,0,11,0.3,2640,0.2,Up,244178,0.403630645666166,37,10,12228,2317,Up,0.209384164927945,-2.118053735670435,0.563104935906628,0.679056165753899
MA1500.1,HOXB6,0.02,24,0.6,6454,0.5,Up,250263.5,0.263509190691055,37,18,12228,4585,Up,0.175466499239833,-1.217230907197723,0.395731164661584,0.755805788509194
MA0154.4,EBF1,0.05,3,0.1,371,0,Up,237851,0.588546194237412,37,3,12228,362,Up,0.096748947639437,-4.248793205336312,1.654658873796068,1.01435375020436
MA0855.1,RXRB,0.13,0,0,109,0,Down,228179,0.927343131610618,37,0,12228,106,Down,0.99999999997225,-6.536034448703342,0.614431516414923,0.000000000012052
MA0119.1,NFIC::TLX1,0.06,1,0,42,0,Up,231591,0.802704217684648,37,1,12228,40,Up,0.116686380568793,-6.44098300701337,3.594253634477292,0.932979831092518
MA0808.1,TEAD3,0,4,0.1,774,0.1,Up,236800.5,0.622652274380012,37,4,12228,747,Up,0.284811359657401,-3.545461873552372,0.973136368997606,0.545442692920926
MA1151.1,RORC,0.04,4,0.1,402,0,Up,243418.5,0.423805086026634,37,4,12228,391,Up,0.030292276890882,-4.011992509449585,1.906197640792032,1.51866808209856
MA0160.1,NR4A2,0.05,25,0.7,5732,0.5,Up,262379,0.092662736027052,37,19,12228,4500,Up,0.086503753698939,-1.192753361060876,0.498673778854487,1.062965046577208
MA0681.2,PHOX2B,0.15,7,0.2,3446,0.3,Down,243296.5,0.427099863698888,37,5,12228,2627,Down,0.316153879772325,-2.493935925072842,-0.550902293571483,-0.50010148424971
MA1517.1,KLF6,0.07,26,0.7,11910,1,Down,257511,0.145627737439565,37,18,12228,7227,Down,0.240895558880259,-0.88902208181958,-0.260686486094702,-0.618171206525426
MA0662.1,MIXL1,0.04,101,2.7,43550,3.6,Down,270312.5,0.040322469408772,37,30,12228,10742,Down,0.206268190349828,-0.242499511704168,-0.111163682457654,-0.685567741589173
MA0018.4,CREB1,0.09,6,0.2,6321,0.5,Down,280540.5,0.011535617235079,37,5,12228,4519,Down,0.003104704330972,-2.102699720339803,-1.333374703037562,-2.507979752505597
MA0486.2,HSF1,0.15,12,0.3,2347,0.2,Up,250686,0.255211546175833,37,10,12228,1952,Up,0.073233535852095,-2.24167713091221,0.810351726390179,1.135289996806994
MA1505.1,HOXC8,0.01,26,0.7,10554,0.9,Down,245006.5,0.382292237896867,37,8,12228,3851,Down,0.219154128077054,-1.904055483202504,-0.474600732086076,-0.659250344383965
MA0614.1,Foxj2,0.09,47,1.3,14605,1.2,Up,245465,0.370786452569426,37,28,12228,7858,Up,0.170990493083132,-0.516925128038783,0.241992903415287,0.767028035317276
MA0101.1,REL,0,1,0,50,0,Up,231407,0.809328245336056,37,1,12228,50,Up,0.143071140253926,-6.281802267079785,3.275892154610122,0.844447961575661
MA0093.3,USF1,0.13,12,0.3,5341,0.4,Down,242036,0.462004665503342,37,9,12228,3862,Down,0.381616363335422,-1.821765893254919,-0.318250567594753,-0.418373011447195
MA0520.1,Stat6,0.01,1,0,167,0,Up,229296.5,0.88616953803975,37,1,12228,164,Up,0.394607504033898,-5.429936121588062,1.572159863626676,0.40383466026597
MA1554.1,RFX7,0.11,103,2.8,32496,2.7,Up,240673,0.501475933879872,37,36,12228,11232,Up,0.363516110615101,-0.080781258670852,0.083574254109977,0.439476336947468
MA1480.1,DPRX,0.12,70,1.9,19750,1.6,Up,264577,0.074468399580341,37,32,12228,8996,Up,0.091576843796573,-0.324631287846049,0.236360820757245,1.038214328545306
MA0666.1,MSX1,0.14,175,4.7,67316,5.5,Down,255712,0.170220688281106,37,34,12228,11672,Down,0.237024435178225,-0.093714046362401,-0.053160374710622,-0.625206879660603
MA0475.2,FLI1,0.08,3,0.1,3328,0.3,Down,258458.5,0.133819283522414,37,3,12228,2690,Down,0.045063048945743,-2.802882502060072,-1.237162532756409,-1.346179427447618
MA0027.2,EN1,0.01,26,0.7,11228,0.9,Down,251274,0.243968631879268,37,8,12228,4250,Down,0.118734908297941,-1.832949415812341,-0.616812866866401,-0.925421578835264
MA0688.1,TBX2,0.03,6,0.2,1086,0.1,Up,243713,0.41591324432064,37,6,12228,1028,Up,0.125232406146755,-3.050006360483248,1.043254776256919,0.902283275042267
MA0009.2,TBXT,0.14,0,0,450,0,Down,230695,0.835085184481227,37,0,12228,242,Down,0.999999999987869,-5.942468790279016,-0.572699800433729,-0.000000000005268
MA0524.2,TFAP2C,0.02,2,0.1,502,0,Up,230389,0.846211195924713,37,2,12228,432,Up,0.37855662363239,-4.364147050110536,0.914512909004036,0.421869150531562
MA1596.1,ZNF460,0.15,42,1.1,19647,1.6,Down,260453.5,0.111389500444058,37,19,12228,7628,Down,0.176569786918035,-0.812096303904687,-0.262640335457891,-0.753083607085303
MA0735.1,GLIS1,0.05,0,0,2,0,Down,226255,0.998627216226629,37,0,12228,2,Down,0.999999999997648,-9.24242521137258,6.0272130417534,0.000000000001022
MA0763.1,ETV3,0.13,9,0.2,5889,0.5,Down,262401,0.092464370228636,37,7,12228,4247,Down,0.05549824798499,-1.92374484497621,-0.796366499822304,-1.255720726831578
MA0736.1,GLIS2,0.15,30,0.8,7322,0.6,Up,257367,0.147490152620802,37,19,12228,4513,Up,0.086915890083483,-1.19067270335789,0.494512463448516,1.060900817973515
MA0912.2,HOXD3,0.02,0,0,656,0.1,Down,234968.5,0.684077482408878,37,0,12228,473,Down,0.402847526109237,-5.459778951082068,-1.538079478827624,-0.394859299018583
MA0742.1,Klf12,0.04,0,0,755,0.1,Down,238465,0.569019935386456,37,0,12228,662,Down,0.264884480342672,-5.2175009366473,-2.022635507697163,-0.576943486395056
MA0837.1,CEBPE,0.05,4,0.1,494,0,Up,237538.5,0.598601648101382,37,3,12228,381,Up,0.108481729784512,-4.211942174370193,1.580956811863834,0.964643398422815
MA0750.2,ZBTB7A,0.03,3,0.1,2854,0.2,Down,252615.5,0.219632743348569,37,3,12228,2386,Down,0.095271799267773,-2.889371487261357,-1.064184562353839,-1.021035632780869
MA1464.1,ARNT2,0.03,5,0.1,3666,0.3,Down,249158,0.286094363770918,37,3,12228,2259,Down,0.135435749109383,-2.928817876951957,-0.985291782972639,-0.868266685785933
MA0853.1,Alx4,0.12,18,0.5,8754,0.7,Down,250920.5,0.250685321708168,37,6,12228,3543,Down,0.102338875944122,-2.157689732896304,-0.741378478916971,-0.989959357482586
MA0632.2,TCFL5,0.15,203,5.5,68483,5.6,Down,226281.5,0.997644008488068,37,35,12228,10531,Up,0.158122265856524,-0.14730404236845,0.136464942754502,0.801006970942179
MA1601.1,ZNF75D,0.09,52,1.4,19472,1.6,Down,246269,0.351136124683966,37,24,12228,9506,Down,0.073420509065837,-0.488685052909495,-0.250847586942355,-1.134182608612782
MA0754.1,CUX1,0.01,2,0.1,97,0,Up,236669,0.626981332802853,37,2,12228,96,Up,0.035111879561563,-5.44619669273854,3.078612194260042,1.454545921848608
MA0697.1,ZIC3,0.13,3,0.1,3062,0.3,Down,255327,0.175866508037383,37,3,12228,2529,Down,0.066058834535885,-2.847393535883824,-1.148140465108906,-1.180069092756305
MA1561.1,SOX12,0.15,9,0.2,7120,0.6,Down,278852,0.014384158374676,37,8,12228,5309,Down,0.007438963887895,-1.672477692038773,-0.937756314413538,-2.128487549548917
MA0622.1,Mlxip,0,4,0.1,363,0,Up,244179,0.403604467716639,37,4,12228,350,Up,0.021285046888435,-4.091791441089794,2.06579550407245,1.671925388786533
MA0844.1,XBP1,0.1,0,0,940,0.1,Down,242905,0.437773134293609,37,0,12228,902,Down,0.110047549482076,-4.994497697928995,-2.468641985133772,-0.958419623789972
MA1121.1,TEAD2,0.02,9,0.2,2535,0.2,Up,238139,0.579348768633008,37,9,12228,2267,Up,0.394810468902534,-2.205982084386526,0.450181814668461,0.403611339978282
MA1555.1,RXRB(var.2),0.14,5,0.1,859,0.1,Up,236387.5,0.636291631608645,37,4,12228,787,Up,0.298310448228262,-3.507858701457784,0.897930024808432,0.5253315353459
MA0074.1,RXRA::VDR,0.13,1,0,156,0,Up,229500,0.878701362770152,37,1,12228,153,Up,0.373876160725253,-5.479860585770594,1.672008791991738,0.427272225660285
MA0084.1,SRY,0.01,12,0.3,2937,0.2,Up,241708.5,0.471327453824442,37,10,12228,2495,Up,0.309686482693658,-2.064673953176135,0.456345370918029,0.509077750470373
MA0874.1,Arx,0.11,8,0.2,7002,0.6,Down,261602.5,0.099885681789324,37,3,12228,2952,Down,0.020110421090986,-2.7358511256452,-1.371225285586155,-1.696578835640104
MA0819.1,CLOCK,0.04,5,0.1,1032,0.1,Up,237267.5,0.607384306644908,37,4,12228,712,Up,0.167534368863013,-3.580053656125372,1.042319934143607,0.775896086081274
MA1649.1,ZBTB12,0.13,59,1.6,23572,1.9,Down,250916.5,0.250762055291842,37,28,12228,10113,Down,0.274489457936971,-0.334946881894168,-0.121963588873942,-0.561474330440551
MA1125.1,ZNF384,0.06,380,10.3,126269,10.3,Down,227409.5,0.955815237968603,37,35,12228,10469,Up,0.157347676217309,-0.151563237283065,0.144983332583733,0.803139666563611
MA1581.1,ZBTB6,0.12,33,0.9,12034,1,Down,240735.5,0.499627745354975,37,20,12228,7476,Down,0.40096707494755,-0.790539587031684,-0.161454197692228,-0.396891287618374
MA0761.2,ETV1,0.05,12,0.3,2003,0.2,Up,259924,0.117031391700105,37,11,12228,1811,Up,0.018242058234702,-2.230123735561111,1.049734002244486,1.738926162194901
MA0716.1,PRRX1,0.03,100,2.7,43978,3.6,Down,273170,0.029013263011803,37,30,12228,10723,Down,0.211154202109488,-0.243776471218526,-0.108609763428936,-0.675400271403156
MA0869.1,Sox11,0.15,0,0,51,0,Down,227143,0.965690968478218,37,0,12228,50,Down,0.99999999999229,-7.074283517440365,1.690929653888966,0.000000000003348
MA1571.1,TGIF2LX,0.15,2,0.1,1358,0.1,Down,234862,0.687718582453335,37,1,12228,805,Down,0.514280758793956,-4.284037619102398,-0.719637141344652,-0.288799723989097
MA0883.1,Dmbx1,0.03,12,0.3,1743,0.1,Up,258466.5,0.133722833347228,37,10,12228,1617,Up,0.024475082374779,-2.377455548986946,1.081908562539651,1.611275837835272
MA0713.1,PHOX2A,0.14,40,1.1,16752,1.4,Down,263727,0.081124382689436,37,18,12228,7459,Down,0.131284460197645,-0.866230967739827,-0.306268714254208,-0.881786677184083
MA1126.1,FOS::JUN(var.2),0.15,7,0.2,4609,0.4,Down,252868,0.215254142289992,37,6,12228,3353,Down,0.14250721482034,-2.197443456388332,-0.661871031932913,-0.846163147744293
MA0139.1,CTCF,0.12,10,0.3,1982,0.2,Up,243363,0.425302092719706,37,8,12228,1770,Up,0.237910244448082,-2.464687273995634,0.646662849500184,0.623586856779542
MA1136.1,FOSB::JUNB(var.2),0.15,2,0.1,2578,0.2,Down,244979.5,0.382976543591987,37,1,12228,1350,Down,0.119012022655477,-3.9112690462012,-1.46517428714705,-0.92440916374033
MA1509.1,IRF6,0.04,1,0,138,0,Up,229797,0.867821385830446,37,1,12228,137,Up,0.342483538795401,-5.559264104249672,1.830815828949896,0.46536029769601
MA1479.1,DMRTC2,0.06,5,0.1,535,0,Up,247250,0.328071780116537,37,5,12228,513,Up,0.018815454080007,-3.671563216338515,1.804352288959863,1.725485296235343
MA0492.1,JUND(var.2),0.14,17,0.5,10561,0.9,Down,267252.5,0.056373421429191,37,12,12228,5806,Down,0.071371498246114,-1.329734617422165,-0.510455766597982,-1.14647518634255
MA1636.1,CEBPG(var.2),0.04,1,0,71,0,Up,231018.5,0.82335871225907,37,1,12228,71,Up,0.19600702661536,-6.030972340066489,2.774232300583528,0.70772835943139
MA0677.1,Nr2f6,0.15,3,0.1,426,0,Up,237091.5,0.613118795221147,37,3,12228,402,Up,0.122073331542087,-4.17328931128647,1.503651085696386,0.913379202796587
MA0767.1,GCM2,0.13,71,1.9,26949,2.2,Down,243743,0.415114220155692,37,28,12228,10283,Down,0.174675586604557,-0.322922376519352,-0.146012599623575,-0.75776778960106
MA0471.2,E2F6,0.07,15,0.4,7477,0.6,Down,251515,0.239462584641997,37,12,12228,5159,Down,0.247905206801871,-1.414953390175888,-0.340018221090536,-0.60571435156387
MA0051.1,IRF2,0.11,7,0.2,1496,0.1,Up,244161,0.404075826341605,37,7,12228,1314,Up,0.111385062758122,-2.769794747702979,0.895733305631233,0.953173046116348
MA0468.1,DUX4,0.02,3,0.1,284,0,Up,239476,0.537559420989838,37,3,12228,274,Up,0.050389268338072,-4.449380628284859,2.055833719693166,1.297661947638378
MA1588.1,ZNF136,0.06,1,0,17,0,Up,232017.5,0.787405311717662,37,1,12228,17,Up,0.052966402125514,-7.046266499983199,4.80482062041695,1.275999526594406
MA1481.1,DRGX,0.03,61,1.6,27998,2.3,Down,265830,0.065476570413845,37,21,12228,9003,Down,0.025003545098363,-0.622121768909487,-0.360864333768592,-1.601998411027753
MA1533.1,NR1I2,0.12,0,0,592,0,Down,236892.5,0.619631305411529,37,0,12228,577,Down,0.419372172238618,-5.316550690664552,-1.824535999662659,-0.377400390857257
MA0111.1,Spz1,0.11,4,0.1,996,0.1,Up,232980,0.753188010085707,37,4,12228,952,Up,0.530057428375676,-3.370639116904763,0.623490855702389,0.27567707478502
MA1133.1,JUN::JUNB(var.2),0.14,3,0.1,2279,0.2,Down,241877,0.466517935250954,37,2,12228,1511,Down,0.312306920953716,-3.461542579558726,-0.890696032099584,-0.505418391374337
MA0865.1,E2F8,0.13,1,0,119,0,Up,230148.5,0.854977347826285,37,1,12228,118,Up,0.303212604279336,-5.666536384006553,2.045360388463659,0.518252749427885
MA0772.1,IRF7,0.02,1,0,8,0,Up,232184,0.781454660408603,37,1,12228,8,Up,0.026833750547733,-7.567176587830513,5.846640796111578,1.571318621836152
MA0595.1,SREBF1,0.06,17,0.5,4035,0.3,Up,249985.5,0.269069417724864,37,14,12228,3399,Up,0.197703673868453,-1.608845334058459,0.476015277380299,0.703985260246412
MA1630.1,Znf281,0.12,19,0.5,8705,0.7,Down,265039.5,0.071038480181745,37,10,12228,5827,Down,0.013005848991366,-1.452899855418766,-0.767202824596708,-1.885861292815991
MA0671.1,NFIX,0.01,30,0.8,9928,0.8,Down,233513,0.734441407721134,37,23,12228,6641,Up,0.409424689322659,-0.777448133251442,0.206436588866397,0.387825971851111
MA1604.1,Ebf2,0.09,7,0.2,3260,0.3,Down,243869,0.411768238399301,37,4,12228,2383,Down,0.216668910692,-2.708993803060268,-0.699799771986602,-0.664203400094778
MA1631.1,ASCL1(var.2),0.03,23,0.6,6608,0.5,Up,249191,0.285401791739151,37,19,12228,4835,Up,0.177296861874115,-1.140963469625497,0.395093995983728,0.751298951273401
MA0060.3,NFYA,0.01,8,0.2,1273,0.1,Up,237832.5,0.589139299320187,37,5,12228,1063,Up,0.250600717816472,-3.146371290517277,0.753968437317386,0.601017689354294
MA1522.1,MAZ,0.14,88,2.4,35665,2.9,Down,242822.5,0.440041708580831,37,29,12228,10559,Down,0.153169820105554,-0.278940782533187,-0.134469717201705,-0.814826797711287
MA0863.1,MTF1,0.12,1,0,61,0,Up,231221.5,0.816020129399808,37,1,12228,60,Up,0.168688461107119,-6.151476389818386,3.015240400087322,0.772914623687675
MA0141.3,ESRRB,0.12,15,0.4,2589,0.2,Up,273140,0.029116083607266,37,15,12228,2318,Up,0.002389216299671,-1.836803097935561,1.12436143565311,2.621744531078451
MA1502.1,HOXB8,0.02,17,0.5,4958,0.4,Up,241364,0.481245128377768,37,14,12228,3734,Up,0.371742070466002,-1.541049069811461,0.340422748886304,0.429758286530522
MA0105.4,NFKB1,0.1,1,0,298,0,Up,228081.5,0.930946327685379,37,1,12228,228,Up,0.502616249346886,-5.192882830926648,1.098053282303847,0.29876347498019
MA0740.1,KLF14,0.08,2,0.1,2344,0.2,Down,250598.5,0.256914903113992,37,2,12228,1963,Down,0.111410108606059,-3.272819270039381,-1.268142651138274,-0.953075402405913
MA0480.1,Foxo1,0.05,11,0.3,2553,0.2,Up,245436,0.371507758944721,37,10,12228,2253,Up,0.200041556140025,-2.138254680069201,0.603506824704162,0.69887977569807
MA0680.1,PAX7,0.05,1,0,51,0,Up,231424.5,0.808697646442153,37,1,12228,49,Up,0.140467562672324,-6.296229698415878,3.304747017282307,0.852423953188408
MA0606.1,NFAT5,0.01,8,0.2,1486,0.1,Up,249325.5,0.282590767401872,37,8,12228,1373,Up,0.062121725202458,-2.647837240653164,1.012962782815244,1.206756491843933
MA1498.1,HOXA7,0.06,134,3.6,43533,3.6,Up,231579.5,0.803117809713715,37,36,12228,10760,Up,0.121308993014209,-0.111748231566851,0.145508199901974,0.916107002334786
MA1535.1,NR2C1,0,2,0.1,171,0,Up,235352.5,0.671010403474798,37,2,12228,167,Up,0.09191105131317,-5.048416568700013,2.283051946182988,1.036632266244244
MA0734.2,GLI2,0.15,14,0.4,1952,0.2,Up,267438,0.055267971321552,37,12,12228,1782,Up,0.007759097821423,-2.181617983263274,1.193310965084235,2.110188772808224
MA1511.1,KLF10,0.1,52,1.4,16071,1.3,Up,243538,0.420592285009683,37,29,12228,8300,Up,0.217111619127811,-0.452576470213433,0.212801658158786,0.663316933855281
MA1516.1,KLF3,0.07,31,0.8,15724,1.3,Down,269294,0.045169870800728,37,17,12228,7651,Down,0.041665540624312,-0.887984307284728,-0.423102732532372,-1.380222978685742
MA0818.1,BHLHE22,0.04,4,0.1,955,0.1,Up,232940,0.754600930454584,37,3,12228,619,Up,0.434253123901764,-3.862231561717159,0.881535586557763,0.362257048670343
MA0591.1,Bach1::Mafk,0.15,6,0.2,1157,0.1,Up,242851.5,0.439243502627354,37,6,12228,1071,Up,0.134340070115144,-3.020461332407441,0.984164720105305,0.87179442936908
MA1645.1,NKX2-2,0.08,20,0.5,5180,0.4,Up,247327.5,0.32629253319463,37,16,12228,4127,Up,0.226782756328736,-1.375665949236724,0.382482756198593,0.644389970572699
MA1654.1,ZNF16,0.12,0,0,39,0,Down,226939.5,0.973235724396717,37,0,12228,39,Down,0.999999999991555,-7.251498884727709,2.045360388463658,0.000000000003668
MA0117.2,Mafb,0.03,4,0.1,493,0,Up,241718.5,0.471041261230171,37,4,12228,483,Up,0.057755557707112,-3.859740718356684,1.601694058606232,1.238406218095646
MA1622.1,Smad2::Smad3,0.03,13,0.4,2664,0.2,Up,250652,0.255872486984602,37,11,12228,2359,Up,0.140431082317128,-2.039475552719334,0.66843763656093,0.852536756986727
MA1493.1,HES6,0.09,4,0.1,527,0,Up,241501.5,0.477273129868889,37,4,12228,493,Up,0.061352135473634,-3.844973620866907,1.572159863626676,1.212170316257676
MA1619.1,Ptf1a(var.2),0.04,86,2.3,21319,1.7,Up,261963,0.096478365314845,37,25,12228,6897,Up,0.187345073243508,-0.691247669710196,0.269708642371621,0.727357723393733
MA1521.1,MAFA,0.09,3,0.1,116,0,Up,243044.5,0.43395252913535,37,3,12228,79,Up,0.001899777019933,-5.343270320145281,3.843613103414009,2.721297369939623
MA1618.1,Ptf1a,0.01,2,0.1,224,0,Up,234302,0.70698188080217,37,2,12228,224,Up,0.148279871380964,-4.837139394002007,1.860497596786976,0.828917799352495
MA0493.1,Klf1,0.06,4,0.1,3219,0.3,Down,253762,0.200257441403872,37,4,12228,2768,Down,0.113066073605269,-2.600982354829907,-0.915822668447323,-0.946667689118192
MA0517.1,STAT1::STAT2,0.09,6,0.2,1421,0.1,Up,238723,0.560908441439545,37,6,12228,1288,Up,0.276346378913635,-2.887430988815905,0.718104032922233,0.558546221793731
MA0832.1,Tcf21,0.08,5,0.1,535,0,Up,238404.5,0.570930127635285,37,3,12228,335,Up,0.081069704788582,-4.304627319687367,1.766327102498181,1.091141408442243
MA0122.3,Nkx3-2,0.15,26,0.7,9350,0.8,Down,243581,0.419439722516416,37,15,12228,6230,Down,0.249324432454939,-1.123724988930748,-0.301794782356516,-0.603235160884764
MA0729.1,RARA,0.15,2,0.1,654,0.1,Up,226788.5,0.978835630375536,37,2,12228,629,Up,0.715657314141748,-4.093393927513072,0.373006663809106,0.145294885797858
MA0747.1,SP8,0.14,131,3.5,48806,4,Down,231802,0.795125624321089,37,36,12228,10984,Up,0.173845855631693,-0.096886188764519,0.115784114297312,0.759835658145752
MA0790.1,POU4F1,0.04,1,0,98,0,Up,230591,0.838862990152583,37,1,12228,94,Up,0.250334550506002,-5.829786796345147,2.371861213140844,0.601479206090641
MA0739.1,Hic1,0.1,108,2.9,39340,3.2,Down,245817.5,0.3620884848915,37,37,12228,11612,Up,0.261119655829643,-0.037284425489632,0.074568850979264,0.58316043535035
MA1130.1,FOSL2::JUN,0.02,5,0.1,644,0.1,Up,245244.5,0.376292690969172,37,5,12228,621,Up,0.038493700941297,-3.53386815897137,1.528962174225573,1.414610332056496
MA0908.1,HOXD11,0.05,2,0.1,406,0,Up,231162.5,0.818151385781248,37,2,12228,393,Up,0.335540520649232,-4.432315298618837,1.050849406020637,0.474255025921992
MA0802.1,TBR1,0.1,19,0.5,4530,0.4,Up,259082.5,0.126456425963006,37,17,12228,3711,Up,0.048222111582847,-1.40985442359181,0.620637500081792,1.316753776357984
MA0801.1,MGA,0.06,20,0.5,5086,0.4,Up,249638.5,0.276121986077774,37,16,12228,4091,Up,0.223551295257122,-1.381985130842404,0.395121119409954,0.65062280948465
MA0684.2,RUNX3,0.07,51,1.4,19102,1.6,Down,245694,0.36512120107935,37,23,12228,9490,Down,0.030158946679281,-0.519960642359441,-0.308538392917606,-1.520583830553071
MA1475.1,CREB3L4(var.2),0.1,2,0.1,2657,0.2,Down,243590,0.41919872374474,37,1,12228,1269,Down,0.174183407365184,-3.95588566863193,-1.375941042285589,-0.758993218059437
MA1589.1,ZNF140,0.15,0,0,101,0,Down,228068,0.931445345016622,37,0,12228,100,Down,0.999999999992886,-6.577863413226797,0.698089445461832,0.00000000000309
MA0753.2,ZNF740,0.11,21,0.6,4863,0.4,Up,256153,0.163921822399763,37,12,12228,2250,Up,0.034314280425327,-2.013446239236123,0.856967477029934,1.464525103886421
MA0848.1,FOXO4,0.15,120,3.2,42737,3.5,Down,236124.5,0.645042324046844,37,32,12228,11294,Down,0.201860895615456,-0.160538960029761,-0.091823834875331,-0.694947804202824
MA1138.1,FOSL2::JUNB,0.02,5,0.1,357,0,Up,245897.5,0.360132420582753,37,4,12228,254,Up,0.007324380986735,-4.322665835057257,2.527544292007378,2.135229073418198
MA0721.1,UNCX,0.05,116,3.1,49995,4.1,Down,271484,0.035299500257786,37,31,12228,11015,Down,0.26156616594708,-0.201125616642403,-0.100826300707124,-0.582418433485334
MA0150.2,Nfe2l2,0.12,1,0,997,0.1,Down,237684,0.593910129452905,37,1,12228,949,Down,0.362411754388446,-4.165395913380935,-0.95692055278758,-0.440797724948717
MA0068.2,PAX4,0.15,340,9.2,138878,11.4,Down,268783,0.047781429945006,37,33,12228,11839,Down,0.029807552153799,-0.104684396283274,-0.116090207509669,-1.525673687494632
MA0161.2,NFIC,0.01,9,0.2,3209,0.3,Down,234374.5,0.704477055107401,37,7,12228,2763,Down,0.696880258506862,-2.233803512404921,-0.176249164964882,-0.156841838167678
MA0816.1,Ascl2,0.15,143,3.9,38872,3.2,Up,258015.5,0.139244667074287,37,35,12228,10627,Up,0.222409122099622,-0.140758379800652,0.123373617618906,0.652847404157047
MA0745.2,SNAI2,0.08,29,0.8,11212,0.9,Down,257100.5,0.150984864000244,37,16,12228,6951,Down,0.099346084684898,-0.999637898171001,-0.369573345932854,-1.002849244137965
MA1147.1,NR4A2::RXRA,0.14,8,0.2,1416,0.1,Up,245562.5,0.368367752107564,37,7,12228,1278,Up,0.102823592666335,-2.789825738391178,0.935795287007631,0.98790722591242
MA1629.1,Zic2,0.03,9,0.2,2082,0.2,Up,240653,0.502068117897353,37,8,12228,1874,Up,0.259595878536814,-2.423512783047046,0.56431386760301,0.585702206875243
MA0815.1,TFAP2C(var.3),0.02,2,0.1,371,0,Up,228823,0.903584405590341,37,1,12228,190,Up,0.440989327852977,-5.324084414709022,1.360456449868594,0.355571920533623
MA1487.1,FOXE1,0.13,20,0.5,10644,0.9,Down,265035,0.071071217464275,37,12,12228,6052,Down,0.047205541317608,-1.299803434485749,-0.570318132470814,-1.326007017840398
MA0056.2,MZF1,0.06,25,0.7,5758,0.5,Up,264513.5,0.074949711030527,37,20,12228,4436,Up,0.038250731499902,-1.167010129930595,0.591486888105597,1.417360255063747
MA0847.2,FOXD2,0.09,10,0.3,2945,0.2,Up,234652,0.694919402529289,37,9,12228,2486,Up,0.540371432818845,-2.139475144193087,0.317167934281584,0.267307618378865
MA0872.1,TFAP2A(var.3),0.15,88,2.4,29694,2.4,Down,238305,0.574078306644907,37,26,12228,9423,Down,0.32920300877211,-0.438405392468383,-0.124985686928598,-0.482536204179228
MA1152.1,SOX15,0,1,0,67,0,Up,231092.5,0.820681738123464,37,1,12228,67,Up,0.186175614611303,-6.072500209930268,2.857288040311086,0.730077203769773
MA0646.1,GCM1,0.13,18,0.5,3890,0.3,Up,253016.5,0.212708562752904,37,14,12228,3242,Up,0.135225846730095,-1.642953331682944,0.544231272629271,0.868940290499272
MA0017.2,NR2F1,0.06,29,0.8,8648,0.7,Up,245675,0.365589176883727,37,23,12228,6145,Up,0.187348762141941,-0.833437493876714,0.318415310116941,0.727349172048169
MA0906.1,HOXC12,0.08,2,0.1,351,0,Up,232092.5,0.784723278905268,37,2,12228,343,Up,0.279432381168333,-4.53034206696353,1.246902942710023,0.553723268415568
MA0811.1,TFAP2B,0.12,139,3.8,51766,4.2,Down,240293,0.512790388691235,37,32,12228,11078,Down,0.390714149084954,-0.174467883794841,-0.063965987345171,-0.408140861213775
MA1467.1,ATOH1(var.2),0.13,34,0.9,10167,0.8,Up,242274,0.455294730842521,37,19,12228,5127,Up,0.24842113415702,-1.09866821370153,0.310503484135795,0.604811459794414
MA0693.2,VDR,0.05,50,1.4,13263,1.1,Up,247906,0.31320984379552,37,28,12228,7876,Up,0.171622278670441,-0.515274761209193,0.238692169756107,0.765426336093316
MA0033.2,FOXL1,0,11,0.3,2640,0.2,Up,244178,0.403630645666166,37,10,12228,2317,Up,0.209384164927945,-2.118053735670435,0.563104935906628,0.679056165753899
MA0864.2,E2F2,0.13,70,1.9,27826,2.3,Down,247919,0.31291987390602,37,23,12228,8592,Down,0.283424576304089,-0.591663717347613,-0.165132242941262,-0.547562493924534
MA0062.3,GABPA,0.08,14,0.4,2283,0.2,Up,267528,0.054738178683205,37,13,12228,2041,Up,0.006372005844439,-2.028238581621952,1.108614786579078,2.195723834533447
MA1634.1,BATF,0.02,13,0.4,2667,0.2,Up,250599.5,0.256895391704297,37,11,12228,2362,Up,0.140672178426833,-2.038558973789856,0.666604478701976,0.851791787074597
MA0776.1,MYBL1,0.08,2,0.1,350,0,Up,232373.5,0.774697550745221,37,2,12228,327,Up,0.261401446563758,-4.564749663160174,1.31571813510331,0.582692013416073
MA0615.1,Gmeb1,0.13,201,5.4,68366,5.6,Down,235707,0.659034744874126,37,37,12228,11210,Up,0.07063412904432,-0.062698411152177,0.125396822304354,1.150985405546234
MA0805.1,TBX1,0.07,14,0.4,3385,0.3,Up,255204.5,0.177691874206331,37,14,12228,2895,Up,0.05218036841726,-1.724600370507598,0.707525350278579,1.282492858907353
MA0703.2,LMX1B,0.07,7,0.2,3946,0.3,Down,245186.5,0.377749384335935,37,4,12228,2369,Down,0.217233220188777,-2.713243285278804,-0.691300807549528,-0.663073759923554
MA1519.1,LHX5,0.02,26,0.7,10554,0.9,Down,245006.5,0.382292237896867,37,8,12228,3851,Down,0.219154128077054,-1.904055483202504,-0.474600732086076,-0.659250344383965
MA0490.2,JUNB,0.06,5,0.1,875,0.1,Up,241344,0.481824368986017,37,5,12228,829,Up,0.103477950454196,-3.325624364019681,1.112474584322195,0.985152181765002
MA0605.2,ATF3,0.12,2,0.1,1370,0.1,Down,233022.5,0.751687687484263,37,1,12228,700,Down,0.722277015928633,-4.384787388240274,-0.518137603068901,-0.141296204901835
MA1646.1,OSR2,0.09,38,1,7768,0.6,Up,272761,0.030442296207427,37,23,12228,5688,Up,0.068819131096692,-0.889178551362398,0.42989742508831,1.162290815038166
MA0108.2,TBP,0.03,18,0.5,4726,0.4,Up,254275.5,0.191996172784719,37,16,12228,3583,Up,0.070951764366067,-1.47761537954829,0.586381616821725,1.149036800419055
MA0909.2,HOXD13,0.14,15,0.4,7401,0.6,Down,256958.5,0.152872550046794,37,11,12228,5254,Down,0.133650161051913,-1.461939394026145,-0.486634680825446,-0.874030513571004
MA0887.1,EVX1,0.01,15,0.4,7168,0.6,Down,245960.5,0.358596698532491,37,7,12228,3413,Down,0.272496401824281,-2.081425942741888,-0.48100430429095,-0.564639227986153
MA0058.3,MAX,0.01,19,0.5,5720,0.5,Up,230405.5,0.845610460198634,37,11,12228,3202,Up,0.579936593546551,-1.81911685317325,0.227720237468765,0.236619486744228
MA0100.3,MYB,0.15,59,1.6,17575,1.4,Up,246382,0.348428195434313,37,30,12228,9137,Up,0.451706834569726,-0.359228697171237,0.122294688476485,0.345143338277519
MA0890.1,GBX2,0.06,115,3.1,49825,4.1,Down,272371.5,0.03185898978957,37,31,12228,11013,Down,0.261876032876,-0.20125659808004,-0.10056433783185,-0.581904246767576
MA0823.1,HEY1,0.14,58,1.6,15320,1.3,Up,246340.5,0.349421154545949,37,24,12228,6518,Up,0.187561770047955,-0.760872185476339,0.293526678191332,0.726855677413076
MA0507.1,POU2F2,0.11,15,0.4,4553,0.4,Up,237792.5,0.590422630530799,37,13,12228,3590,Up,0.470445559973639,-1.620960984146452,0.294059591628079,0.327490625947619
MA0652.1,IRF8,0.05,1,0,5,0,Up,232239.5,0.7794739310188,37,1,12228,5,Up,0.017967959914416,-7.881192199137034,6.474672018724619,1.745501229969935
MA1529.1,NHLH2,0.15,9,0.2,2840,0.2,Up,232129,0.783418944970236,37,7,12228,1956,Up,0.651758392271884,-2.482914263561605,0.321972337348485,0.185913367994072
MA1101.2,BACH2,0.14,14,0.4,2258,0.2,Up,246690.5,0.341103099404434,37,7,12228,1214,Up,0.089954399672174,-2.826870573694069,1.009884957613414,1.045977590443845
MA0725.1,VSX1,0.07,32,0.9,15228,1.2,Down,259846,0.117881127738834,37,13,12228,6095,Down,0.0984637626516,-1.239181082057492,-0.46950021254984,-1.006723572304838
MA0620.3,MITF,0.13,32,0.9,15630,1.3,Down,251634,0.237259383757412,37,13,12228,5454,Down,0.320388060276477,-1.319329888172257,-0.309202600320311,-0.494323676896976
MA0770.1,HSF2,0.15,12,0.3,2104,0.2,Up,249227,0.284647552370738,37,9,12228,1759,Up,0.098069304275082,-2.388950602719636,0.816118851334681,1.008466905668301
MA0879.1,Dlx1,0.01,26,0.7,10540,0.9,Down,244959,0.383496609917188,37,8,12228,3849,Down,0.219248710381067,-1.904430160536181,-0.473851377418721,-0.659062952470628
MA0851.1,Foxj3,0.02,4,0.1,409,0,Up,243223,0.429092016295744,37,4,12228,402,Up,0.033042729871672,-3.992004271594115,1.866221165081094,1.480924080019075
MA1647.1,PRDM4,0.15,86,2.3,23953,2,Up,253086,0.211524693955134,37,33,12228,10269,Up,0.503631278673475,-0.207305502998257,0.089152005920297,0.297887305304739
MA0644.1,ESX1,0,1,0,21,0,Up,231943.5,0.790054057692556,37,1,12228,21,Up,0.064360547232058,-6.897775631104635,4.507838882659819,1.191380271924582
MA0596.1,SREBF2,0.07,20,0.5,4658,0.4,Up,254834,0.183298498827093,37,16,12228,3836,Up,0.15425513405745,-1.428404679355703,0.48796021643655,0.811760372476473
MA0642.1,EN2,0.04,23,0.6,11627,1,Down,257285,0.148558799759008,37,15,12228,6232,Down,0.249273656899041,-1.123493472433392,-0.302257815351227,-0.603323615069765
MA0668.1,NEUROD2,0.15,31,0.8,9997,0.8,Up,242575.5,0.446873863809234,37,11,12228,4642,Down,0.396406797101601,-1.551265183376363,-0.30798310212501,-0.401858907369381
MA0743.2,SCRT1,0.11,17,0.5,2786,0.2,Up,272639.5,0.030878294155374,37,15,12228,2462,Up,0.006098779991586,-1.793337099007273,1.037429437796535,2.214757033171826
MA0726.1,VSX2,0.09,35,0.9,15748,1.3,Down,256188.5,0.163422512291371,37,14,12228,6315,Down,0.101239656776212,-1.162058140358007,-0.417559110020603,-0.994649335861173
MA1653.1,ZNF148,0,2,0.1,205,0,Up,234777,0.690629834412598,37,2,12228,198,Up,0.12170412830982,-4.925927612801101,2.038074034385164,0.914694689873752
MA1578.1,VEZF1,0,4,0.1,108,0,Up,248779,0.2941298457777,37,4,12228,102,Up,2.794991139100348E-4,-4.978686708342382,3.839586038577627,3.553619564609731
MA0442.2,SOX10,0.02,40,1.1,14671,1.2,Down,252390,0.223596860091371,37,18,12228,8197,Down,0.022256008413979,-0.798178435361575,-0.442373779010713,-1.652552723165109
MA1545.1,OVOL2,0.15,13,0.4,10084,0.8,Down,291001,0.002591376165028,37,10,12228,6497,Down,0.001546877224482,-1.3743960407471,-0.924210453940042,-2.810544154850025
MA1539.1,NR2F6(var.3),0.14,0,0,216,0,Down,229973.5,0.861367379324662,37,0,12228,203,Down,0.999999999959833,-6.068946766683138,-0.319743847625486,-0.000000000017444
MA0145.3,TFCP2,0.03,2,0.1,144,0,Up,230930.5,0.826544816137825,37,1,12228,76,Up,0.208133889588097,-5.982214087109358,2.676715794669266,0.681657199640374
MA0623.2,NEUROG1,0.02,2,0.1,410,0,Up,228278.5,0.923667559842474,37,1,12228,220,Up,0.490217884543185,-5.218590585676923,1.149468791804396,0.309610848496566
MA0870.1,Sox1,0.12,0,0,117,0,Down,228290,0.923242848557848,37,0,12228,112,Down,0.999999999972889,-6.496498663207742,0.535359945423724,0.000000000011774
MA0891.1,GSC2,0.01,15,0.4,3071,0.3,Up,256315.5,0.161645633667777,37,13,12228,2692,Up,0.071314700254286,-1.828580193018742,0.709298009372659,1.146820938853951
MA0146.2,Zfx,0.12,199,5.4,68650,5.6,Down,234508.5,0.699855889551217,37,34,12228,11851,Down,0.105965800669774,-0.082736007056585,-0.075116453322254,-0.974834276026737
MA1592.1,ZNF274,0.13,9,0.2,1797,0.1,Up,245178,0.377963156805099,37,8,12228,1629,Up,0.144514554070356,-2.52455101982181,0.766390341152536,0.840088412878698
MA1643.1,NFIB,0.07,1,0,51,0,Up,231514.5,0.80545653726094,37,1,12228,44,Up,0.127333792507992,-6.373041292972485,3.45837020639552,0.895056325708523
MA0857.1,Rarb,0.15,0,0,118,0,Down,228382.5,0.919827498711568,37,0,12228,117,Down,0.999999999982787,-6.465130785533761,0.472624190075761,0.000000000007476
MA1141.1,FOS::JUND,0.02,4,0.1,353,0,Up,244242.5,0.401944250656084,37,4,12228,347,Up,0.020701502672888,-4.09799217428967,2.078196970472203,1.683998128994419
MA0687.1,SPIC,0.07,0,0,724,0.1,Down,239205,0.545906082330246,37,0,12228,702,Down,0.27194724607313,-5.175212051262117,-2.107213278467527,-0.565515334794385
MA1124.1,ZNF24,0.08,2,0.1,725,0.1,Down,230070.5,0.857824327367046,37,2,12228,445,Up,0.392671300483994,-4.342784400611619,0.871787610006201,0.405970839236098
MA0876.1,BSX,0.04,144,3.9,48214,3.9,Down,234555,0.698254859722817,37,36,12228,10961,Up,0.174130092485696,-0.098398172638075,0.118808082044423,0.75912616931258
MA0136.2,ELF5,0.1,182,4.9,65891,5.4,Down,251657.5,0.236825996830975,37,36,12228,12124,Down,0.272825251123756,-0.02565816285449,-0.026671937522746,-0.564115436375532
MA0777.1,MYBL2,0.14,3,0.1,589,0,Up,236641,0.627904777415853,37,3,12228,415,Up,0.130794614927811,-4.150359464402287,1.45779139192802,0.883410136403802
MA0799.1,RFX4,0.14,1,0,1059,0.1,Down,235811,0.655537783783899,37,1,12228,844,Down,0.515115851741353,-4.24993120205499,-0.787849975439469,-0.28809508530119
MA1547.1,PITX2,0,4,0.1,953,0.1,Up,233948.5,0.719240112397496,37,4,12228,899,Up,0.347391921546496,-3.411937022469364,0.706086666831591,0.459180285107608
MA0515.1,Sox6,0.03,2,0.1,1751,0.1,Down,243858.5,0.412046457616645,37,2,12228,1607,Down,0.222458187877198,-3.417123700264925,-0.979533790687187,-0.652751604820661
MA0888.1,EVX2,0.02,60,1.6,19038,1.6,Up,239208.5,0.545797875874484,37,27,12228,7415,Up,0.132967530230922,-0.584545273922316,0.274172593902188,0.876254397853495
MA1478.1,DMRTA2,0.02,4,0.1,367,0,Up,244068,0.406516422933888,37,4,12228,356,Up,0.02248256689501,-4.079547624873161,2.041307871639185,1.648154105705434
MA1607.1,Foxl2,0.08,11,0.3,2594,0.2,Up,245023.5,0.381861763626148,37,10,12228,2274,Up,0.202805680601977,-2.131563687781054,0.590124840127867,0.692919884548065
MA0131.2,HINFP,0.01,1,0,186,0,Up,228909,0.9004177093789,37,1,12228,185,Up,0.432346923243167,-5.343270320145281,1.398828260741114,0.364167627293815
MA1494.1,HNF4A(var.2),0.15,0,0,391,0,Down,233340.5,0.740491867543615,37,0,12228,385,Down,0.631101303501281,-5.608095733858744,-1.241445913274273,-0.199900922815513
MA0502.2,NFYB,0.03,0,0,900,0.1,Down,241813.5,0.468327219153485,37,0,12228,843,Down,0.178553576880207,-5.043267129672478,-2.371103121646805,-0.748231445366038
MA1594.1,ZNF382,0.06,0,0,5,0,Down,226310.5,0.996568049455997,37,0,12228,5,Down,1.00000000001012,-8.673673449497613,4.889709518003464,-0.000000000004395
MA0518.1,Stat4,0.11,32,0.9,14834,1.2,Down,265392,0.068512219003359,37,20,12228,8070,Down,0.163146938281325,-0.735392085654215,-0.271749200447165,-0.787421072044679
MA0098.3,ETS1,0.1,13,0.4,8268,0.7,Down,268924,0.047048448058241,37,10,12228,5479,Down,0.03154655349992,-1.497316277885294,-0.678369979663653,-1.501048081038773
MA0482.2,GATA4,0.13,43,1.2,11803,1,Up,252617.5,0.219597812023311,37,26,12228,7071,Up,0.136312315850002,-0.645528753890825,0.289261035916286,0.865464903783374
MA0508.3,PRDM1,0.02,28,0.8,7236,0.6,Up,251069,0.247848181432853,37,20,12228,5214,Up,0.183785518285725,-1.050456651955436,0.358379932155278,0.73568871262554
MA1580.1,ZBTB32,0.14,18,0.5,8609,0.7,Down,260906,0.106740102995054,37,12,12228,5820,Down,0.07085089520795,-1.327997476256463,-0.513930048929388,-1.149654658028847
MA0073.1,RREB1,0.13,0,0,701,0.1,Down,238113.5,0.58016039578489,37,0,12228,643,Down,0.262733226472363,-5.23849108970591,-1.980655201579941,-0.580485000829786
MA0854.1,Alx1,0.05,1,0,2282,0.2,Down,247131,0.330816013411018,37,1,12228,1444,Down,0.119856150653062,-3.862730764173375,-1.562250851202698,-0.921339674386732
MA0003.4,TFAP2A,0.03,6,0.2,2861,0.2,Down,247134.5,0.330735089296022,37,4,12228,2492,Down,0.217089893935575,-2.676737863452326,-0.764311651202485,-0.663360393543146
MA1523.1,MSANTD3,0.06,43,1.2,12744,1,Up,244237,0.402087886715895,37,27,12228,7648,Up,0.234293462319333,-0.562228840379074,0.229539726815705,0.630239829705433
MA1597.1,ZNF528,0.14,3,0.1,102,0,Up,242673,0.444169777774718,37,3,12228,102,Up,0.003834653143387,-5.159971748034736,3.477015959192918,2.416273913260204
MA1128.1,FOSL1::JUN,0.02,4,0.1,420,0,Up,243038,0.434130121006319,37,4,12228,412,Up,0.035667825542932,-3.974301603528516,1.830815828949895,1.447723366229098
MA0663.1,MLX,0.08,0,0,1456,0.1,Down,240814.5,0.497296819426819,37,0,12228,789,Down,0.171442958856879,-5.090991530886143,-2.275654319219476,-0.765880346608514
MA0151.1,Arid3a,0.06,101,2.7,37872,3.1,Down,254771.5,0.184257066491766,37,24,12228,10123,Down,0.007741210749301,-0.44332406720143,-0.341569558358485,-2.111191109004696
MA0704.1,Lhx4,0.07,30,0.8,12804,1,Down,250707,0.254803911483541,37,11,12228,4999,Down,0.183788971100319,-1.497824229372053,-0.414865010133631,-0.735680553526535
MA1540.1,NR5A1,0.11,84,2.3,21416,1.8,Up,273731.5,0.027145685847667,37,33,12228,9948,Up,0.291140898532174,-0.23021301248329,0.134967024890362,0.535896781990912
MA0512.2,Rxra,0.14,0,0,112,0,Down,228234.5,0.925292742018975,37,0,12228,109,Down,0.999999999991927,-6.515995729015675,0.574354077039587,0.000000000003506
MA0850.1,FOXP3,0.11,91,2.5,32672,2.7,Down,243681.5,0.416753196192376,37,30,12228,10749,Down,0.204544442416149,-0.242029622180469,-0.112103461505051,-0.689212316022799
MA0709.1,Msx3,0.07,116,3.1,49995,4.1,Down,271484,0.035299500257786,37,31,12228,11015,Down,0.26156616594708,-0.201125616642403,-0.100826300707124,-0.582418433485334
MA1638.1,HAND2,0.01,43,1.2,12429,1,Up,244194.5,0.403198839515864,37,24,12228,7601,Up,0.86555057243567,-0.650000127976305,0.071782563191264,0.06270755206577
MA0157.2,FOXO3,0.03,11,0.3,2640,0.2,Up,244178,0.403630645666166,37,10,12228,2317,Up,0.209384164927945,-2.118053735670435,0.563104935906628,0.679056165753899
MA0102.4,CEBPA,0.09,3,0.1,1697,0.1,Down,236886.5,0.619828130240147,37,3,12228,1558,Down,0.618788970267061,-3.196740577974775,-0.449446380927003,-0.208457436076166
MA0834.1,ATF7,0.05,1,0,216,0,Up,228877.5,0.901577422686213,37,1,12228,186,Up,0.434085739695659,-5.339392098328065,1.39107181710668,0.362424481088763
MA1648.1,TCF12(var.2),0.01,23,0.6,6613,0.5,Up,249151.5,0.286230913219402,37,19,12228,4836,Up,0.17732812401604,-1.140814307606676,0.394795671946088,0.751222380381299
MA1602.1,ZSCAN29,0.09,4,0.1,798,0.1,Up,236595.5,0.629406617669034,37,4,12228,757,Up,0.287950027282931,-3.535875718914948,0.95396405972276,0.540682875985174
MA0080.5,SPI1,0.03,1,0,24,0,Up,231906,0.791397256310738,37,1,12228,23,Up,0.070007489696,-6.833613582616864,4.37951478568428,1.154855494847998
MA0500.2,MYOG,0.01,20,0.5,5382,0.4,Up,237681,0.594006691752372,37,9,12228,2343,Up,0.405519231701377,-2.182200962354956,0.402619570605322,0.391988544600221
MA1577.1,TLX2,0.03,116,3.1,49995,4.1,Down,271484,0.035299500257786,37,31,12228,11015,Down,0.26156616594708,-0.201125616642403,-0.100826300707124,-0.582418433485334
MA0619.1,LIN54,0.1,176,4.8,66253,5.4,Down,252821.5,0.216055737620557,37,30,12228,11191,Down,0.034171242658914,-0.212962693205209,-0.170237319455572,-1.466339227519755
MA0155.1,INSM1,0.11,40,1.1,8338,0.7,Up,286348.5,0.005172063067514,37,26,12228,5589,Up,0.004283981064657,-0.815177271800243,0.628558071735123,2.368152457432414
MA0817.1,BHLHE23,0.05,0,0,583,0,Down,232693,0.763343748042976,37,0,12228,350,Down,0.627114032682905,-5.67675394181095,-1.104129497369862,-0.20265348107991
MA0758.1,E2F7,0.08,0,0,17,0,Down,226532.5,0.988331748097725,37,0,12228,17,Down,0.999999999990712,-7.838747750343777,3.219858119695794,0.000000000004034
MA1569.1,TFAP2E,0.08,182,4.9,70376,5.8,Down,245502.5,0.369855018777683,37,31,12228,10801,Down,0.435991487419364,-0.215277270898386,-0.072522992195156,-0.360521990095835
MA0635.1,BARHL2,0.01,0,0,921,0.1,Down,242276,0.455238578274646,37,0,12228,868,Down,0.109546377511173,-5.022198239461065,-2.413240902069631,-0.960401979152293
MA0828.1,SREBF2(var.2),0.13,1,0,2032,0.2,Down,243771,0.414369283339121,37,1,12228,1264,Down,0.174058641247584,-3.958732347624064,-1.370247684301321,-0.759304411029594
MA0649.1,HEY2,0.04,4,0.1,3102,0.3,Down,247352.5,0.32571992282571,37,3,12228,2127,Down,0.189764280178375,-2.972240089500797,-0.89844735787496,-0.721785532590251
MA0910.2,HOXD8,0.02,14,0.4,3034,0.2,Up,251850.5,0.23328785323746,37,12,12228,2589,Up,0.106248797223412,-1.912232242363475,0.654539483284637,0.973675977627692
MA0866.1,SOX21,0.14,1,0,209,0,Up,228826,0.903473913324409,37,1,12228,189,Up,0.439271152492481,-5.327880989370137,1.368049599190825,0.357267316481318
MA0861.1,TP73,0.13,0,0,911,0.1,Down,239963.5,0.522707822503856,37,0,12228,743,Down,0.169261301791836,-5.134294792790052,-2.189047795411658,-0.771442323281168
MA1472.1,BHLHA15(var.2),0.13,388,10.5,113883,9.3,Up,255208,0.177639525871935,37,36,12228,12062,Down,0.398304396251574,-0.029356318411169,-0.01927562640939,-0.399784900075074
MA0810.1,TFAP2A(var.2),0.01,1,0,212,0,Up,229040,0.895597082289899,37,1,12228,177,Up,0.418247995833211,-5.375070401259661,1.462428422969872,0.378566131419154
MA0610.1,DMRT3,0.03,2,0.1,1945,0.2,Down,246297.5,0.350451896839975,37,2,12228,1737,Down,0.1572515475549,-3.361026580123464,-1.091728030970109,-0.80340507185251
MA0613.1,FOXG1,0.02,9,0.2,2007,0.2,Up,246827.5,0.337881989388937,37,9,12228,1819,Up,0.108149563432259,-2.364762334173635,0.76774231424268,0.965975229339485
MA1143.1,FOSL1::JUND(var.2),0.11,23,0.6,7514,0.6,Up,244995.5,0.382570938558858,37,21,12228,5095,Up,0.067725581286057,-1.032752879665034,0.460397887742502,1.169247258745979
MA0727.1,NR3C2,0.08,4,0.1,434,0,Up,234453,0.701768543384125,37,2,12228,216,Up,0.139972597249159,-4.863313604009218,1.912846016801398,0.853956978809853
MA0103.3,ZEB1,0.15,75,2,24714,2,Up,231628.5,0.801355932471835,37,27,12228,10147,Down,0.122472282967988,-0.358291042261404,-0.178335869419636,-0.911962186532574
MA0594.2,HOXA9,0.12,128,3.5,45381,3.7,Down,238105,0.58043105654768,37,37,12228,11714,Up,0.405895663592883,-0.030976034696254,0.061952069392508,0.391585588465278
MA0711.1,OTX1,0,3,0.1,149,0,Up,235815,0.65540343535503,37,2,12228,146,Up,0.073216371948863,-5.145046784161456,2.476312377105876,1.135391795280037
MA1515.1,KLF2,0.14,557,15.1,203052,16.6,Down,228947.5,0.899000570894465,37,35,12228,12088,Down,0.06813439645803,-0.047841889759046,-0.062459362464306,-1.166633586756197
MA0601.1,Arid3b,0.07,104,2.8,38455,3.1,Down,254140.5,0.194143390149989,37,24,12228,10062,Down,0.009441779841154,-0.447683755370305,-0.332850182020735,-2.024946130454934
MA1135.1,FOSB::JUNB,0.02,4,0.1,359,0,Up,244115,0.405281905336251,37,4,12228,354,Up,0.022078869862473,-4.083605849475347,2.049424320843557,1.656023160338352
MA0510.2,RFX5,0.15,0,0,517,0,Down,233063,0.750258840953183,37,0,12228,370,Down,0.628973079315948,-5.636724392663344,-1.184188595665073,-0.201367942400094
MA0831.2,TFE3,0.01,1,0,1476,0.1,Down,240514.5,0.506179124154899,37,1,12228,1096,Down,0.252428278971085,-4.061562960118887,-1.164586459311677,-0.597861993670607
MA0039.4,KLF4,0.01,28,0.8,7511,0.6,Up,246298.5,0.35042790421028,37,18,12228,4905,Up,0.31562627289703,-1.168570337338698,0.298410024943534,0.500826853056736
MA0700.2,LHX2,0.15,115,3.1,49918,4.1,Down,272613.5,0.030972287301489,37,31,12228,11012,Down,0.26203277438808,-0.201322097718734,-0.100433338554461,-0.581644384841728
MA1107.2,KLF9,0.09,2,0.1,1815,0.1,Down,243469.5,0.422432179832371,37,2,12228,1583,Down,0.222479882784564,-3.427974635358485,-0.957831920500067,-0.652709252955612
MA0884.1,DUXA,0.12,38,1,9110,0.7,Up,265430,0.068244349461936,37,25,12228,5917,Up,0.021186655146413,-0.801790545019525,0.490794392990279,1.673937602332074
MA0897.1,Hmx2,0.15,7,0.2,4025,0.3,Down,249423.5,0.280554444099113,37,6,12228,3213,Down,0.192941031130993,-2.228204521227406,-0.600348902254766,-0.714575404814015
MA0914.1,ISL2,0.02,9,0.2,4235,0.3,Down,250757,0.253835175957512,37,6,12228,3478,Down,0.142093719746682,-2.171044597062135,-0.714668750585307,-0.847425116580867
MA0124.2,Nkx3-1,0.09,27,0.7,8971,0.7,Down,239404,0.539770716951879,37,15,12228,6086,Down,0.323512168897019,-1.140592533940728,-0.268059692336555,-0.490109378718836
MA0467.1,Crx,0.07,7,0.2,1269,0.1,Up,246595.5,0.343348221278221,37,7,12228,1200,Up,0.08755285021252,-2.835234116896794,1.026612044018863,1.057729711243343
MA1627.1,Wt1,0.01,0,0,629,0.1,Down,237373.5,0.603942173190839,37,0,12228,603,Down,0.260979372406782,-5.28478427843875,-1.88806882411426,-0.583393817581008
MA0162.4,EGR1,0.15,146,3.9,58223,4.8,Down,239422,0.539217466336539,37,35,12228,10808,Up,0.310527515081369,-0.128576349173679,0.09900955636496,0.507899912013722
MA0494.1,Nr1h3::Rxra,0.15,7,0.2,4115,0.3,Down,254012.5,0.196195499563902,37,6,12228,3487,Down,0.103807655476165,-2.169180648943759,-0.71839664682206,-0.983770617504344
MA1520.1,MAF,0.07,2,0.1,37,0,Up,237954,0.58524909516447,37,2,12228,26,Up,0.003185948514703,-6.37846498409098,4.943148776964924,2.496761246727337
MA0712.2,OTX2,0.02,55,1.5,15421,1.3,Up,247152,0.330330660861238,37,26,12228,7864,Up,0.496526540949137,-0.568859365915906,0.135922259966448,0.304057532103781
MA0626.1,Npas2,0.15,110,3,33654,2.8,Up,234508,0.699873112192636,37,31,12228,10871,Down,0.295173118971747,-0.210617602000315,-0.081842329991299,-0.529923195676241
MA1683.1,FOXA3,0.01,11,0.3,2636,0.2,Up,244232.5,0.402205430025756,37,10,12228,2314,Up,0.20888590970595,-2.118988123780936,0.56497371212763,0.680090854147686
MA0896.1,Hmx1,0.1,4,0.1,2213,0.2,Down,238202,0.577345860245881,37,4,12228,1944,Down,0.503847175360005,-2.855834998378001,-0.406117381351135,-0.297701171813386
MA0650.2,HOXA13,0.08,7,0.2,2598,0.2,Down,236659,0.627311067456565,37,5,12228,2304,Down,0.529163247778841,-2.588554423329288,-0.361665297058591,-0.276410326693754
MA0800.1,EOMES,0.08,14,0.4,3406,0.3,Up,254915,0.18206169899714,37,14,12228,2908,Up,0.053057810168106,-1.721368966838501,0.701062542940384,1.275250678430838
MA0164.1,Nr2e3,0.01,16,0.4,7311,0.6,Down,256018,0.165831108045926,37,6,12228,3747,Down,0.072370855693997,-2.117313018328104,-0.822131908053369,-1.14043629235966
MA1637.1,EBF3,0.01,2,0.1,351,0,Up,232110,0.784097837622806,37,2,12228,342,Up,0.278305342240196,-4.532445122448635,1.251109053680234,0.555478457039403
MA0648.1,GSC,0.01,15,0.4,2649,0.2,Up,262926,0.08783098904343,37,13,12228,2341,Up,0.020164173739043,-1.929336846384994,0.910811316105164,1.695419569239124
MA1603.1,Dmrt1,0.15,49,1.3,9608,0.8,Up,288715.5,0.003658654254031,37,27,12228,6375,Up,0.012769224692931,-0.693548014679588,0.492178075416734,1.893835470927947
MA0148.4,FOXA1,0.11,15,0.4,3697,0.3,Up,248687,0.296103019183448,37,13,12228,3047,Up,0.180952098392765,-1.73924025498074,0.530618133296655,0.742436376274407
MA1108.2,MXI1,0.01,33,0.9,9247,0.8,Up,240968,0.492784354018471,37,20,12228,5995,Up,0.622250195817671,-0.949781077436418,0.157028783117241,0.206034958049991
MA0748.2,YY2,0.07,9,0.2,4460,0.4,Down,259664.5,0.119877133837701,37,5,12228,3680,Down,0.030034405345614,-2.250830421509081,-1.037113300699007,-1.522380962274147
MA1538.1,NR2F1(var.3),0.15,0,0,618,0.1,Down,237077.5,0.613575972484794,37,0,12228,587,Down,0.422342546436754,-5.304166738090081,-1.849303904811601,-0.374335165906462
MA0113.3,NR3C1,0.08,4,0.1,437,0,Up,234433.5,0.702441006412195,37,2,12228,217,Up,0.141005109653709,-4.859989416004534,1.906197640792032,0.850765149371552
MA0488.1,JUN,0.15,20,0.5,13426,1.1,Down,294270.5,0.001553514125863,37,14,12228,7641,Down,0.003255828587602,-1.024578687870082,-0.692518014996454,-2.487338467854718
MA1501.1,HOXB7,0.13,41,1.1,12057,1,Up,244047,0.407068740533328,37,24,12228,7045,Up,0.408906734723058,-0.704791147269185,0.181364601777025,0.388375736525696
MA0658.1,LHX6,0.04,18,0.5,8741,0.7,Down,249168,0.285884373651502,37,7,12228,3655,Down,0.206431433288934,-2.032017442789753,-0.579821304195218,-0.68522417204222
MA0752.1,ZNF410,0.09,0,0,30,0,Down,226532.5,0.988331748097725,37,0,12228,17,Down,0.999999999990712,-7.838747750343777,3.219858119695794,0.000000000004034
MA0624.1,NFATC1,0,1,0,128,0,Up,229964,0.861714530498495,37,1,12228,128,Up,0.324157667480932,-5.608095733858743,1.928479088168038,0.489243701331551
MA0720.1,Shox2,0.05,116,3.1,49995,4.1,Down,271484,0.035299500257786,37,31,12228,11015,Down,0.26156616594708,-0.201125616642403,-0.100826300707124,-0.582418433485334
MA0043.3,HLF,0.03,3,0.1,539,0,Up,234948.5,0.684760700309804,37,3,12228,518,Up,0.20671014483242,-3.990611708380846,1.138295879885139,0.684638208730119
MA0875.1,BARX1,0.06,219,5.9,80464,6.6,Down,254705,0.185281052145338,37,37,12228,11722,Up,0.404911748356287,-0.030483584264229,0.060967168528459,0.392639622163949
MA0598.3,EHF,0.05,14,0.4,3014,0.2,Up,250009,0.268596305602503,37,12,12228,2650,Up,0.113469592549341,-1.895436751292512,0.620948501142712,0.945120504614539
MA1117.1,RELB,0.11,15,0.4,3920,0.3,Up,243496,0.421719837035854,37,13,12228,3272,Up,0.265426144288775,-1.687856769318225,0.427851161971626,0.576056301663242
MA0698.1,ZBTB18,0.05,0,0,824,0.1,Down,240759,0.498933763120455,37,0,12228,786,Down,0.171188115477421,-5.093737781108418,-2.270161818774926,-0.766526388968056
MA0633.1,Twist2,0.13,81,2.2,27729,2.3,Down,236662.5,0.627195651856052,37,22,12228,9389,Down,0.018338118492329,-0.559046400814632,-0.355838386703148,-1.736645225389924
MA0465.2,CDX2,0.15,98,2.6,29821,2.4,Up,249586,0.2771998980074,37,32,12228,9755,Up,0.412660801606729,-0.266205301281443,0.119508847628032,0.384406782526519
MA0707.1,MNX1,0.03,26,0.7,10295,0.8,Down,244537,0.394298221293029,37,8,12228,3848,Down,0.219296792025467,-1.904617572207914,-0.473476554075254,-0.658967721335828
MA0826.1,OLIG1,0.06,0,0,714,0.1,Down,235005.5,0.682814211131567,37,0,12228,475,Down,0.402876508780997,-5.45673849338598,-1.544160394219803,-0.394828055034597
MA0860.1,Rarg(var.2),0.15,0,0,124,0,Down,228345.5,0.921193464757156,37,0,12228,115,Down,0.999999999958985,-6.477514738108233,0.497392095224704,0.000000000017813
MA0768.1,LEF1,0.14,2,0.1,1379,0.1,Down,242877.5,0.438528577145426,37,1,12228,1262,Down,0.174016701510033,-3.959874172192423,-1.367964035164603,-0.759409067662463
MA0040.1,Foxq1,0.03,3,0.1,602,0,Up,233886.5,0.721397641147626,37,3,12228,575,Up,0.252495261475846,-3.915375738721344,0.987823940566135,0.597746767779785
MA0158.2,HOXA5,0.04,17,0.5,8011,0.7,Down,245203,0.377334626973837,37,7,12228,3368,Down,0.273946389528395,-2.090998669018362,-0.461858851738002,-0.562334418968012
MA0504.1,NR2C2,0.14,6,0.2,1129,0.1,Up,237812.5,0.589780804052969,37,5,12228,1044,Up,0.242378621034201,-3.159375060964059,0.77997597821095,0.615505689688688
MA0825.1,MNT,0.15,34,0.9,9449,0.8,Up,233439.5,0.737017439519973,37,13,12228,3792,Up,0.595607039386392,-1.581478775167329,0.215095173669833,0.22504017803101
MA0835.2,BATF3,0.11,17,0.5,3814,0.3,Up,253541,0.203891713342117,37,14,12228,3204,Up,0.132426400540861,-1.651456983992973,0.561238577249329,0.878025425272099
MA0631.1,Six3,0.12,3,0.1,903,0.1,Up,228520.5,0.914734932896421,37,3,12228,864,Up,0.744007879941313,-3.621850720966318,0.400773905056083,0.128422464727096
MA0636.1,BHLHE41,0.1,4,0.1,3259,0.3,Down,242760,0.441764806491442,37,2,12228,1560,Down,0.22305196387326,-3.438528890412975,-0.936723410391087,-0.651593948635925
MA0025.2,NFIL3,0.06,10,0.3,2822,0.2,Up,241255.5,0.48439205464899,37,10,12228,2395,Up,0.29689760846231,-2.094174998360686,0.515347461287132,0.527393300672077
MA0609.2,CREM,0.15,6,0.2,3120,0.3,Down,236850.5,0.621009650950748,37,3,12228,1579,Down,0.620246612103848,-3.187085686914023,-0.468756163048508,-0.207435599242166
MA0654.1,ISX,0.06,116,3.1,49995,4.1,Down,271484,0.035299500257786,37,31,12228,11015,Down,0.26156616594708,-0.201125616642403,-0.100826300707124,-0.582418433485334
MA0706.1,MEOX2,0.13,321,8.7,100638,8.2,Up,235964,0.650406932694546,37,37,12228,11480,Up,0.169315407051963,-0.045530985896024,0.091061971792048,0.771303520962513
MA0645.1,ETV6,0.06,11,0.3,5685,0.5,Down,256291.5,0.161980299154854,37,8,12228,4277,Down,0.118766597526164,-1.828381768502704,-0.625948161485676,-0.925305685195036
MA0830.2,TCF4,0.07,74,2,24094,2,Up,228798.5,0.904486828795486,37,27,12228,10053,Down,0.1924612907789,-0.36500428975657,-0.164909374429304,-0.71565660585213
MA1553.1,RARG(var.3),0.14,5,0.1,601,0,Up,235035.5,0.681790588749288,37,3,12228,525,Up,0.212222239046041,-3.98093832080637,1.118949104736186,0.673209107763104
MA0793.1,POU6F2,0.03,10,0.3,1924,0.2,Up,254201.5,0.193170993204932,37,10,12228,1749,Up,0.034924872970285,-2.320867072806956,0.968731610179672,1.456865164838816
MA0509.2,RFX1,0.07,1,0,974,0.1,Down,236878.5,0.620090605723974,37,1,12228,905,Down,0.521223641401858,-4.199622592980599,-0.888467193588251,-0.282975894000287
MA0846.1,FOXC2,0.1,31,0.8,10598,0.9,Down,248189.5,0.306926386446678,37,23,12228,5933,Up,0.102252936954014,-0.858761010681242,0.369062343725997,0.990324209143565
MA0731.1,BCL6B,0.15,0,0,25,0,Down,226680.5,0.982841517110081,37,0,12228,25,Down,1.000000000008572,-7.567176587830513,2.676715794669266,-0.000000000003723
MA0144.2,STAT3,0.09,13,0.4,9283,0.8,Down,278288.5,0.015464228002213,37,11,12228,6082,Down,0.019983189276147,-1.356383930874859,-0.697745607128018,-1.699335198067108
MA0683.1,POU4F2,0.12,0,0,51,0,Down,227161.5,0.965005223692048,37,0,12228,51,Down,0.999999999978526,-7.060138995224652,1.662640609457543,0.000000000009326
MA0514.1,Sox3,0.13,93,2.5,36192,3,Down,256041,0.165504645355045,37,30,12228,11096,Down,0.078077496969724,-0.21911204976034,-0.157938606345308,-1.107474117852396
MA0803.1,TBX15,0,7,0.2,1771,0.1,Up,238634.5,0.563684557403179,37,7,12228,1615,Up,0.326067116629011,-2.62106144337932,0.598266696983916,0.486692996921288
MA0519.1,Stat5a::Stat5b,0.05,2,0.1,2396,0.2,Down,252471,0.222167094000604,37,1,12228,1782,Down,0.035094145367672,-3.711064827790058,-1.865582723969333,-1.45476532930601
MA0798.2,RFX3,0.12,1,0,1267,0.1,Down,241703.5,0.471470586077582,37,1,12228,1165,Down,0.255168161293061,-4.01754136389125,-1.252629651766949,-0.593173515833935
MA0762.1,ETV2,0.12,0,0,2262,0.2,Down,262774,0.089152785135441,37,0,12228,1976,Down,0.002656053243076,-4.429023138906454,-3.599591103178853,-2.575763223376979
MA1142.1,FOSL1::JUND,0.01,4,0.1,489,0,Up,241825.5,0.467985009788565,37,4,12228,477,Up,0.055654844172877,-3.868748296633549,1.619709215159962,1.254497028885599
MA1525.1,NFATC4,0.01,7,0.2,1653,0.1,Up,240718.5,0.500130094330034,37,7,12228,1505,Up,0.211154202109722,-2.671930464649663,0.700004739524602,0.675400271402675
MA0592.3,ESRRA,0.14,27,0.7,6130,0.5,Up,274822,0.023813455594407,37,23,12228,4740,Up,0.006016754005668,-1.020683073587019,0.692906469537552,2.22063774422797
MA0868.2,SOX8,0.01,0,0,502,0,Down,235264.5,0.673996345212797,37,0,12228,489,Down,0.403434200758365,-5.435806734014414,-1.586023912962934,-0.394227287652668
MA0856.1,RXRG,0.15,1,0,180,0,Up,229146,0.891699233443696,37,1,12228,172,Up,0.40926376639519,-5.395681732622918,1.503651085696386,0.387996703317576
MA1421.1,TCF7L1,0.05,1,0,87,0,Up,230722.5,0.83408687753107,37,1,12228,87,Up,0.234189857027718,-5.885302452539519,2.482892525529589,0.630431918538992
MA1099.2,HES1,0.11,111,3,33436,2.7,Up,237266.5,0.607416821260163,37,35,12228,10334,Up,0.109622557469906,-0.160925214035244,0.16370728608809,0.960100070151873
MA0523.1,TCF7L2,0.15,101,2.7,28729,2.3,Up,246136.5,0.354328290854082,37,36,12228,10438,Up,0.035023176231178,-0.133663582979001,0.189338902726276,1.455644470556323
MA0675.1,NKX6-2,0.01,6,0.2,3553,0.3,Down,245741,0.363965185016924,37,4,12228,2367,Down,0.217325522448225,-2.713852402917231,-0.690082572272674,-0.662889267662253
MA1155.1,ZSCAN4,0.1,2,0.1,105,0,Up,236503.5,0.632447987417111,37,2,12228,105,Up,0.041194507287041,-5.381875617018987,2.949970042820937,1.385160687218209
MA1146.1,NR1H4::RXRA,0.15,0,0,630,0.1,Down,236356,0.637337078313375,37,0,12228,548,Down,0.411980116338177,-5.353715353614665,-1.750206673762432,-0.38512374409549
MA1641.1,MYF5,0.06,58,1.6,15792,1.3,Up,250256,0.263658148505853,37,21,12228,5608,Up,0.19070661356202,-0.96355725317555,0.322006634763534,0.719634245686626
MA0075.3,PRRX2,0.03,26,0.7,10554,0.9,Down,245006.5,0.382292237896867,37,8,12228,3851,Down,0.219154128077054,-1.904055483202504,-0.474600732086076,-0.659250344383965
MA0664.1,MLXIPL,0.02,0,0,1070,0.1,Down,238687,0.562036910119197,37,0,12228,674,Down,0.266653153096547,-5.204551942342127,-2.048533496307507,-0.574053276543883
MA1129.1,FOSL1::JUN(var.2),0.14,2,0.1,2731,0.2,Down,244871,0.385733998323176,37,1,12228,1340,Down,0.178941707784018,-3.916630256464402,-1.454451866620644,-0.747288422152905
MA1651.1,ZFP42,0.14,7,0.2,4263,0.3,Down,259800,0.118384518732427,37,5,12228,3490,Down,0.044726591368364,-2.28906445143436,-0.960645240848447,-1.349434198324499
MA0749.1,ZBED1,0.11,1,0,114,0,Up,230711,0.834504318910494,37,1,12228,87,Up,0.234189857027718,-5.885302452539519,2.482892525529589,0.630431918538992
MA1565.1,TBX18,0.04,4,0.1,603,0,Up,239803,0.527574056968456,37,4,12228,586,Up,0.100351539242163,-3.720433109080851,1.323078840054565,0.998475961699158
MA0142.1,Pou5f1::Sox2,0.03,1,0,5,0,Up,232239.5,0.7794739310188,37,1,12228,5,Up,0.017967959914416,-7.881192199137034,6.474672018724619,1.745501229969935
MA0840.1,Creb5,0.15,2,0.1,2717,0.2,Down,247866,0.314103167992842,37,1,12228,1511,Down,0.079840088555694,-3.830025376641829,-1.62766162626579,-1.097778990016927
MA1616.1,Prdm15,0.12,2,0.1,2370,0.2,Down,253530.5,0.204065569052157,37,2,12228,2125,Down,0.051699372049022,-3.215631939552993,-1.382517312111052,-1.28651473190221
MA0473.3,ELF1,0.09,17,0.5,4371,0.4,Up,250076,0.267250570369343,37,15,12228,3584,Up,0.148334544377219,-1.522513015193364,0.495781270168716,0.828757698025047
MA0600.2,RFX2,0.15,0,0,630,0.1,Down,232489.5,0.770569640832135,37,0,12228,339,Down,0.626615559819176,-5.699755376693895,-1.05812662760397,-0.202998825126662
MA0628.1,POU6F1,0.03,24,0.6,10260,0.8,Down,249290,0.28333088103841,37,7,12228,3782,Down,0.152716130207995,-2.007381777459952,-0.62909263485482,-0.816115089398354
MA0705.1,Lhx8,0.02,17,0.5,8847,0.7,Down,252754,0.217223164789385,37,6,12228,3576,Down,0.102075611210858,-2.151003036651908,-0.754751871405762,-0.991078010917986
MA0072.1,RORA(var.2),0.06,4,0.1,371,0,Up,243876.5,0.411569578636022,37,4,12228,367,Up,0.024784389318691,-4.057626538233242,1.997465698359346,1.605821777537136
MA1499.1,HOXB4,0.03,44,1.2,13545,1.1,Up,233533.5,0.733723453886452,37,23,12228,6871,Up,0.510207451879476,-0.752890158857861,0.157320640079234,0.29225320255394
MA0852.2,FOXK1,0.03,11,0.3,2635,0.2,Up,244250.5,0.401735380437115,37,10,12228,2313,Up,0.208721117723152,-2.119299855644233,0.565597175854225,0.680433608209784
MA1103.2,FOXK2,0.01,11,0.3,2636,0.2,Up,244232.5,0.402205430025756,37,10,12228,2314,Up,0.20888590970595,-2.118988123780936,0.56497371212763,0.680090854147686
MA0077.1,SOX9,0.08,21,0.6,9791,0.8,Down,249864,0.271524630434146,37,16,12228,6284,Down,0.32921509327379,-1.07240107320348,-0.224046995867895,-0.482520262234801
MA0660.1,MEF2B,0.13,0,0,1135,0.1,Down,245717,0.364555204858843,37,0,12228,1054,Down,0.071542995121348,-4.882217568919415,-2.693202243152931,-1.145432882226666
MA0911.1,Hoxa11,0.1,11,0.3,2854,0.2,Up,240924.5,0.494060898423173,37,10,12228,2487,Up,0.308413218647747,-2.066990142267694,0.460977749101148,0.510867016280135
MA0091.1,TAL1::TCF3,0.13,36,1,10666,0.9,Up,244328,0.399715323827695,37,23,12228,6583,Up,0.327203869662769,-0.783775305187043,0.219090932737599,0.485181568804964
MA0088.2,ZNF143,0.15,1,0,1108,0.1,Down,239447.5,0.538434181279603,37,1,12228,1044,Down,0.368202409386387,-4.096609619922129,-1.094493139705191,-0.433913373953163
MA1552.1,RARB(var.3),0.14,5,0.1,631,0.1,Up,240184,0.516060230169532,37,4,12228,578,Up,0.096615904547699,-3.73034018354136,1.342892988975583,1.014951375771376
MA0751.1,ZIC4,0.09,2,0.1,2476,0.2,Down,252890.5,0.214867043793466,37,2,12228,2085,Down,0.07598423728148,-3.229336412927967,-1.355108365361103,-1.119276491557111
MA0607.1,Bhlha15,0.13,139,3.8,42213,3.5,Up,238288,0.57461700769776,37,35,12228,10531,Up,0.158122265856524,-0.14730404236845,0.136464942754502,0.801006970942179
MA0839.1,CREB3L1,0.11,0,0,362,0,Down,232767,0.760721216981054,37,0,12228,354,Down,0.627390488036363,-5.668568350196503,-1.120500680598755,-0.202462069993764
MA0771.1,HSF4,0.1,10,0.3,1489,0.1,Up,256850,0.154326962235144,37,9,12228,1316,Up,0.014823983270762,-2.598179599071437,1.234576844038283,1.82903508380113
MA0521.1,Tcf12,0.02,14,0.4,2991,0.2,Up,252506,0.221551323865868,37,12,12228,2556,Up,0.103082037393484,-1.921484008585427,0.673043015728542,0.986817006302707
MA1131.1,FOSL2::JUN(var.2),0.14,8,0.2,4663,0.4,Down,252618.5,0.21958034785613,37,6,12228,3359,Down,0.142312734444654,-2.196153992281324,-0.664449960146931,-0.846756236587567
MA0599.1,KLF5,0.15,466,12.6,176071,14.4,Down,234136.5,0.712711655603128,37,35,12228,12043,Down,0.108927064475881,-0.050532149666628,-0.057078842649143,-0.962864200205736
MA1584.1,ZIC5,0.13,1,0,1078,0.1,Down,238616,0.564265711031749,37,1,12228,999,Down,0.363706953370582,-4.128376630083369,-1.030959119382711,-0.439248395998883
MA0057.1,MZF1(var.2),0.09,216,5.8,69142,5.7,Up,240364.5,0.510651371383867,37,34,12228,11954,Down,0.050389268337839,-0.076493945540082,-0.087600576355259,-1.297661947640383
MA0841.1,NFE2,0.08,4,0.1,292,0,Up,240970.5,0.492711043151804,37,3,12228,191,Up,0.020408899587737,-4.709111506824981,2.575295476773408,1.69018041105352
MA0782.2,PKNOX1,0.01,2,0.1,178,0,Up,235188,0.676596260063946,37,2,12228,176,Up,0.100314322325889,-5.01066302473699,2.207544858256943,0.998637056380938
MA1119.1,SIX2,0.14,1,0,2223,0.2,Down,257299.5,0.148369402536656,37,1,12228,2005,Down,0.023040437966259,-3.626034883048428,-2.035642613452592,-1.637509269844234
MA1115.1,POU5F1,0.11,84,2.3,24784,2,Up,240865.5,0.495795126679279,37,33,12228,9722,Up,0.21774914252478,-0.24678885642659,0.168118712776962,0.662043546526912
MA0143.4,SOX2,0.01,3,0.1,2188,0.2,Down,244473,0.395952309262913,37,3,12228,1962,Down,0.260745355522155,-3.030473328454283,-0.781980879967987,-0.583783418621714
MA0065.2,Pparg::Rxra,0.15,38,1,8816,0.7,Up,268548.5,0.049021715222107,37,24,12228,6085,Up,0.071516245710381,-0.810454292794943,0.39269089282854,1.145595292171598
MA0037.3,GATA3,0.13,149,4,44558,3.6,Up,242097,0.460279650271225,37,36,12228,11294,Up,0.36283403722966,-0.076810587103979,0.075632910976232,0.440291978812479
MA0629.1,Rhox11,0.15,73,2,33163,2.7,Down,282653.5,0.00868280976908,37,30,12228,11224,Down,0.029329521821859,-0.210838809785193,-0.174485086295604,-1.532695017545212
MA0112.3,ESR1,0.14,1,0,227,0,Up,228655.5,0.909756458078014,37,1,12228,198,Up,0.454551547271626,-5.294410409884204,1.301108440218959,0.342416859579037
MA1506.1,HOXD10,0.1,3,0.1,743,0.1,Up,231239.5,0.815370185641997,37,3,12228,718,Up,0.477935476009418,-3.755289624558791,0.667651712241028,0.320630731640114
MA0498.2,MEIS1,0,4,0.1,2273,0.2,Down,245214,0.377058278086009,37,3,12228,2057,Down,0.189644987123478,-2.996373440132965,-0.850180656610624,-0.722058632493934
MA0773.1,MEF2D,0.13,0,0,1488,0.1,Down,251267,0.244100396979375,37,0,12228,1354,Down,0.030017744943741,-4.701616919715254,-3.054403541561253,-1.522621936852085
MA0701.2,LHX9,0.11,73,2,31120,2.5,Down,262064.5,0.095535987486314,37,24,12228,9461,Down,0.077231888969,-0.492107733141493,-0.244002226478359,-1.112203342880382
MA0637.1,CENPB,0.14,1,0,1890,0.2,Down,252037.5,0.229895613807043,37,1,12228,1722,Down,0.053754388679596,-3.735763874659856,-1.816184630229737,-1.269586072779349
MA1468.1,ATOH7,0.01,1,0,153,0,Up,229555.5,0.876666430734778,37,1,12228,150,Up,0.368103313242756,-5.494098170075833,1.700483960602216,0.434030273516195
MA0689.1,TBX20,0.06,6,0.2,736,0.1,Up,249648.5,0.275916994055695,37,6,12228,713,Up,0.019486606052909,-3.313784590007833,1.570811235306089,1.710263794584047
MA1132.1,JUN::JUNB,0.03,5,0.1,637,0.1,Up,245291.5,0.375114813517958,37,5,12228,619,Up,0.03804535336035,-3.536193213427312,1.533612283137457,1.419698377873394
MA0898.1,Hmx3,0.15,7,0.2,4303,0.4,Down,252424,0.222995911944802,37,6,12228,3363,Down,0.142192939516913,-2.195295628330038,-0.666166688049502,-0.847121967635585
MA0616.2,HES2,0.05,4,0.1,2781,0.2,Down,242277,0.455210503452967,37,3,12228,1846,Down,0.354578070818505,-3.074423024184652,-0.694081488507249,-0.45028812721511
MA0528.2,ZNF263,0.15,213,5.8,84877,6.9,Down,264551.5,0.074661377816224,37,35,12228,12070,Down,0.083734510283775,-0.048916790025664,-0.06030956193107,-1.077095515281616
MA1640.1,MEIS2(var.2),0.08,7,0.2,1831,0.1,Up,237905.5,0.58680054373218,37,7,12228,1651,Up,0.333105626595941,-2.605163333869239,0.566470477963754,0.47741803143692
MA1145.1,FOSL2::JUND(var.2),0.15,8,0.2,8832,0.7,Down,296968.5,0.001002030786879,37,7,12228,5880,Down,3.844804079075032E-4,-1.689082404683077,-1.265691380408571,-3.415125785783091
MA0499.2,MYOD1,0.15,115,3.1,34954,2.9,Up,242946.5,0.436634520980568,37,31,12228,11272,Down,0.065971879275417,-0.184489352303861,-0.134098829384206,-1.180641144427674
MA0046.2,HNF1A,0.14,1,0,1172,0.1,Down,235393.5,0.669620994389327,37,1,12228,818,Down,0.514274229950169,-4.272488705218606,-0.742734969112236,-0.288805237434389
MA0757.1,ONECUT3,0.06,2,0.1,198,0,Up,234819,0.689190758220872,37,2,12228,196,Up,0.119714146236609,-4.933232460243277,2.052683729269516,0.92185452737556
MA0002.2,RUNX1,0.1,103,2.8,28802,2.4,Up,259736.5,0.119082185174941,37,36,12228,10872,Up,0.11882861067587,-0.104278935200537,0.130569607169347,0.9250789805444
MA0760.1,ERF,0.15,12,0.3,8787,0.7,Down,274971.5,0.023385492403876,37,11,12228,5783,Down,0.046352314859803,-1.392744722158394,-0.625024024560949,-1.333928572075366
MA1573.1,THAP11,0.15,1,0,1539,0.1,Down,241928,0.465067623068499,37,1,12228,1172,Down,0.255807545671321,-4.013221904754314,-1.261268570040822,-0.592086649086903
MA1657.1,ZNF652,0.05,3,0.1,537,0,Up,234931.5,0.685341638402983,37,3,12228,519,Up,0.207495399604868,-3.989221828335354,1.135516119794153,0.682991527618723
MA1113.2,PBX2,0.15,32,0.9,12061,1,Down,238195,0.577568244497839,37,17,12228,6311,Down,0.514063152254983,-1.026864148563636,-0.145343049974557,-0.288983524990878
MA1491.1,GLI3,0.15,25,0.7,4869,0.4,Up,276077,0.020423023869587,37,20,12228,3907,Up,0.007092452643095,-1.258598177563706,0.774662983371817,2.149203555343351
MA0728.1,Nr2f6(var.2),0.13,0,0,49,0,Down,227124.5,0.966376738639334,37,0,12228,49,Down,0.999999999968493,-7.088710948776455,1.719784516561152,0.000000000013683
MA1476.1,DLX5,0.06,116,3.1,49995,4.1,Down,271484,0.035299500257786,37,31,12228,11015,Down,0.26156616594708,-0.201125616642403,-0.100826300707124,-0.582418433485334
MA0674.1,NKX6-1,0.01,6,0.2,3553,0.3,Down,245741,0.363965185016924,37,4,12228,2367,Down,0.217325522448225,-2.713852402917231,-0.690082572272674,-0.662889267662253
MA0717.1,RAX2,0.04,106,2.9,46530,3.8,Down,272583.5,0.031081046009848,37,30,12228,10873,Down,0.18138016714353,-0.233756202851565,-0.128650300162858,-0.741410202231904
MA0625.1,NFATC3,0.01,20,0.5,4200,0.3,Up,265012.5,0.071235089453471,37,17,12228,3411,Up,0.025670251099997,-1.470652499863315,0.742233652624801,1.590569883147422
MA0470.2,E2F4,0.12,9,0.2,3014,0.2,Down,232560.5,0.768046269329882,37,8,12228,2222,Up,0.52741004059779,-2.300673986332526,0.318636274173968,0.277851606558687
MA0627.2,POU2F3,0.01,2,0.1,301,0,Up,233159.5,0.746857764582666,37,2,12228,285,Up,0.214339228619407,-4.663751743691159,1.51372229616528,0.668898336593259
MA1420.1,IRF5,0.05,1,0,9,0,Up,232165.5,0.782115219397575,37,1,12228,9,Up,0.029771670851362,-7.486944251733891,5.686176123918332,1.526196791111963
MA0678.1,OLIG2,0.06,3,0.1,1153,0.1,Down,229756,0.869321894926542,37,3,12228,772,Up,0.506019003236091,-3.703016236391591,0.563104935906628,0.295833173188655
MA0095.2,YY1,0.15,64,1.7,20689,1.7,Up,241866,0.466831076442833,37,33,12228,9689,Up,0.157975733200659,-0.249241410630772,0.173023821185326,0.801409620301614
MA1496.1,HOXA4,0.08,75,2,23995,2,Up,233394.5,0.738596063582025,37,29,12228,8474,Up,0.285368843107839,-0.437611466311073,0.182871650354066,0.544593445394432
MA0066.1,PPARG,0.14,0,0,52,0,Down,227032,0.969805952336608,37,0,12228,44,Down,0.999999999994235,-7.165522543333062,1.873407705674363,0.000000000002504
MA0041.1,Foxd3,0.05,3,0.1,2311,0.2,Down,239746,0.529307794666827,37,2,12228,1396,Down,0.431462622303261,-3.518625282232605,-0.776530626751827,-0.365056821340546
MA0138.2,REST,0.08,0,0,17,0,Down,226532.5,0.988331748097725,37,0,12228,17,Down,0.999999999990712,-7.838747750343777,3.219858119695794,0.000000000004034
MA1635.1,BHLHE22(var.2),0.01,92,2.5,24290,2,Up,255591.5,0.171972960469622,37,25,12228,7460,Up,0.50063084129262,-0.634648284190334,0.156509871331897,0.300482399253131
MA0690.1,TBX21,0.09,12,0.3,2699,0.2,Up,253722.5,0.200903510958913,37,12,12228,2387,Up,0.059885222321204,-1.970818655023662,0.771712308605012,1.222680333806828
MA0089.2,NFE2L1,0.15,5,0.1,969,0.1,Up,239570.5,0.534664017059966,37,5,12228,925,Up,0.199152203893293,-3.246628859562326,0.954483575407484,0.70081488316176
MA0472.2,EGR2,0,1,0,7,0,Up,232202.5,0.780794259048538,37,1,12228,7,Up,0.023887175160906,-7.657462710651424,6.0272130417534,1.621835205820144
MA1542.1,OSR1,0.02,4,0.1,650,0.1,Up,238948,0.553880470221341,37,4,12228,632,Up,0.123128829728299,-3.665965923304269,1.214144468501401,0.909640248238486
MA0481.3,FOXP1,0.08,18,0.5,4627,0.4,Up,253488.5,0.204762070584905,37,16,12228,3663,Up,0.103859058691468,-1.461688748967316,0.554528355659776,0.983555617875697
MA1570.1,TFAP4(var.2),0.05,29,0.8,12348,1,Down,249135,0.286577736452407,37,12,12228,5270,Down,0.244355066620631,-1.399599104869353,-0.370726791703606,-0.611978651591531
MA0765.2,ETV5,0.08,67,1.8,25822,2.1,Down,253300,0.207909329280072,37,29,12228,10387,Down,0.251811850738277,-0.290787305862806,-0.110776670542467,-0.598923835033829
MA0029.1,Mecom,0.08,3,0.1,270,0,Up,239701,0.530678578976764,37,3,12228,262,Up,0.045187305514475,-4.481624991510716,2.12032244614488,1.344983554554688
MA1625.1,Stat5b,0.05,0,0,1245,0.1,Down,247585.5,0.320414640577218,37,0,12228,1155,Down,0.04529209826518,-4.816238486582446,-2.82516040782687,-1.343977559116542
MA0759.1,ELK3,0.1,13,0.4,8724,0.7,Down,269967,0.041914892554655,37,11,12228,5638,Down,0.048444599541499,-1.411060430405668,-0.5883926080664,-1.314754629759765
MA1620.1,Ptf1a(var.3),0.14,126,3.4,41056,3.4,Up,230128,0.855725411154699,37,31,12228,11475,Down,0.024728493965764,-0.171614599892286,-0.159848334207356,-1.606802332578242
MA0845.1,FOXB1,0.12,9,0.2,5889,0.5,Down,262604.5,0.090645609559986,37,7,12228,4259,Down,0.055540119143239,-1.921709773626336,-0.800436642522053,-1.255393192947379
MA0258.2,ESR2,0.06,2,0.1,388,0,Up,231670.5,0.799846555317542,37,2,12228,365,Up,0.304199688507482,-4.485561413396361,1.157341635575685,0.516841234988974
MA1615.1,Plagl1,0.01,0,0,1075,0.1,Down,245032.5,0.381633985910294,37,0,12228,1017,Down,0.070625145633278,-4.907982719239457,-2.641671942512848,-1.151040643630365
MA1513.1,KLF15,0.04,59,1.6,29748,2.4,Down,248397.5,0.302369767596782,37,32,12228,8986,Up,0.091582342936892,-0.325433542858891,0.23796533078293,1.038188250177747
MA1518.1,LHX1,0.01,15,0.4,7191,0.6,Down,245708.5,0.364764313471734,37,13,12228,5035,Down,0.506689696157033,-1.376985846525174,-0.193890683614477,-0.295257927261811
MA0764.2,ETV4,0,1,0,150,0,Up,229629,0.873972777119474,37,1,12228,146,Up,0.360325567881104,-5.51352958124456,1.73934678293967,0.443304920237378
MA1656.1,ZNF449,0.13,33,0.9,6792,0.6,Up,277989.5,0.01606581583979,37,23,12228,5058,Up,0.011965976178523,-0.973847868086017,0.599236058535547,1.92205186607248
MA0756.1,ONECUT2,0.04,2,0.1,125,0,Up,236151,0.644158343385729,37,2,12228,124,Up,0.055213819460073,-5.26242424533854,2.711067299460042,1.257952209152944
MA0653.1,IRF9,0.15,1,0,124,0,Up,230056,0.858353778622113,37,1,12228,123,Up,0.313762881559956,-5.636724392663344,1.985736405777239,0.503398435150534
MA1102.2,CTCFL,0.03,12,0.3,2419,0.2,Up,249248,0.284208202730704,37,10,12228,2098,Up,0.124705908242694,-2.189659173483927,0.706315811533612,0.90411297028717
MA0787.1,POU3F2,0.03,2,0.1,335,0,Up,232549,0.768454818414589,37,2,12228,318,Up,0.251269969590707,-4.584850430244431,1.355919669271823,0.599859412801657
MA0710.1,NOTO,0.05,16,0.4,10102,0.8,Down,267300,0.056088616053629,37,11,12228,5624,Down,0.04888676663833,-1.412853712921406,-0.584806043034925,-1.310808685942713
MA1508.1,IKZF1,0.08,43,1.2,9316,0.8,Up,276278,0.0199210896471,37,26,12228,6371,Up,0.031523002346359,-0.720720360905668,0.439644249945973,1.501372425688809
MA0071.1,RORA,0.02,6,0.2,738,0.1,Up,249497,0.279033757207023,37,6,12228,722,Up,0.020591701800038,-3.304742511051694,1.552727077393812,1.686307759655687
MA0030.1,FOXF2,0.03,4,0.1,477,0,Up,242016.5,0.462556865061382,37,4,12228,467,Up,0.052249402251888,-3.884015480707606,1.650243583308074,1.281918673641627
MA0880.1,Dlx3,0.06,116,3.1,49995,4.1,Down,271484,0.035299500257786,37,31,12228,11015,Down,0.26156616594708,-0.201125616642403,-0.100826300707124,-0.582418433485334
MA0489.1,JUN(var.2),0.02,4,0.1,551,0,Up,236362,0.637137889877294,37,3,12228,447,Up,0.153177699078599,-4.09683986171165,1.350752186546746,0.814804458411615
MA0513.1,SMAD2::SMAD3::SMAD4,0.15,56,1.5,16898,1.4,Up,228113,0.929782059813245,37,23,12228,9074,Down,0.129796539322163,-0.55229361385215,-0.243872449932187,-0.886736886682986
MA0640.2,ELF3,0.09,24,0.6,5220,0.4,Up,252352.5,0.224261012850074,37,17,12228,4191,Up,0.164415136747204,-1.322122293294418,0.445173239487008,0.784058201983503
MA0069.1,PAX6,0.13,1,0,217,0,Up,228443.5,0.917576018947804,37,1,12228,210,Up,0.474296523105686,-5.252069796922486,1.216427214295521,0.323950058990442
MA0833.2,ATF4,0.03,1,0,121,0,Up,230093.5,0.856984639395239,37,1,12228,121,Up,0.309561555493574,-5.648501756652792,2.009291133756137,0.50925297975178
MA0104.4,MYCN,0.01,0,0,1022,0.1,Down,235412.5,0.668977504721035,37,0,12228,497,Down,0.40402327093506,-5.424112901100756,-1.60941157879025,-0.393593619672503
MA0602.1,Arid5a,0.14,143,3.9,38407,3.1,Up,254553,0.187637385835433,37,32,12228,8995,Up,0.091575552883235,-0.324711473208564,0.236521191482275,1.038220450622322
MA0807.1,TBX5,0.09,44,1.2,15849,1.3,Down,245440,0.371408216693262,37,23,12228,8691,Down,0.275042617865222,-0.583400099490615,-0.181659478655258,-0.560600007007337
MA0081.2,SPIB,0.03,1,0,76,0,Up,230944,0.826055851958683,37,1,12228,75,Up,0.205722842350159,-5.991705638793143,2.695698898036838,0.686717483920935
MA0820.1,FIGLA,0.13,245,6.6,70731,5.8,Up,263069.5,0.086597657982451,37,34,12228,12041,Down,0.019323777104055,-0.071263281324192,-0.098061904787039,-1.713907980657531
MA1532.1,NR1D2,0.13,0,0,666,0.1,Down,238002.5,0.583699554924377,37,0,12228,637,Down,0.262224925674644,-5.245248492943151,-1.967140395105459,-0.581326029013393
MA0673.1,NKX2-8,0.05,29,0.8,13903,1.1,Down,262483.5,0.091723533723125,37,21,12228,7967,Down,0.302068505599807,-0.710301182132605,-0.184505507322357,-0.519894552969793
MA0778.1,NFKB2,0.09,1,0,2296,0.2,Down,241140.5,0.487739646836105,37,1,12228,1112,Down,0.252470998590353,-4.051113198085122,-1.185485983379206,-0.597788502200978
MA0889.1,GBX1,0.06,47,1.3,21376,1.7,Down,257832,0.141540963268783,37,20,12228,7928,Down,0.172099700556447,-0.748197140685508,-0.246139090384578,-0.764219885319132
MA0741.1,KLF16,0.09,57,1.5,20255,1.7,Down,235503,0.665915804589188,37,28,12228,7955,Up,0.226461202174626,-0.508075806296164,0.22429425993005,0.645006191552912
MA0511.2,RUNX2,0.04,8,0.2,1064,0.1,Up,256102.5,0.164634088172526,37,8,12228,1019,Up,0.010160331656146,-2.862834808182793,1.442957917874503,1.993092115469113
MA0469.3,E2F3,0.15,0,0,104,0,Down,227198.5,0.963633812270612,37,0,12228,53,Down,0.999999999992452,-7.032655765615687,1.607674150239615,0.000000000003278
MA1566.1,TBX3,0.04,45,1.2,15748,1.3,Down,236335,0.638034444093108,37,23,12228,8581,Down,0.284684986256923,-0.592587768099908,-0.163284141436671,-0.545635436111577
MA1575.1,THRB(var.2),0.11,3,0.1,426,0,Up,233671.5,0.728896485243858,37,2,12228,256,Up,0.182437448208204,-4.741017703569054,1.668254215921069,0.73888601095887
MA0149.1,EWSR1-FLI1,0.11,0,0,455,0,Down,228419.5,0.918461769194023,37,0,12228,119,Down,0.999999999963631,-6.452955854825888,0.448274328660013,0.000000000015795
MA0036.3,GATA2,0.08,48,1.3,14031,1.1,Up,244303.5,0.400353261041474,37,26,12228,7752,Up,0.49458003129051,-0.579206078784669,0.156615685703975,0.305763422296219
MA0827.1,OLIG3,0.03,2,0.1,503,0,Up,231332,0.812032209747449,37,2,12228,378,Up,0.318785534613502,-4.460350466379714,1.106919741542391,0.496501393612392
MA0125.1,Nobox,0.08,94,2.5,40611,3.3,Down,269779.5,0.042801150160696,37,29,12228,10634,Down,0.137885539052829,-0.273835442355324,-0.144680397557431,-0.860481278703601
MA0038.2,GFI1,0.08,0,0,943,0.1,Down,242831,0.439807665491727,37,0,12228,898,Down,0.109912003759901,-4.99770191206129,-2.462233556869181,-0.958954874619226
MA0797.1,TGIF2,0.15,0,0,524,0,Down,235209,0.675882172369539,37,0,12228,486,Down,0.403263280426551,-5.440241261425705,-1.577154858140351,-0.394411321345085
MA0804.1,TBX19,0.15,0,0,1383,0.1,Down,240037.5,0.520471990947154,37,0,12228,747,Down,0.169300924589687,-5.130424374273527,-2.196788632444706,-0.771340670106643
MA0719.1,RHOXF1,0.04,115,3.1,33903,2.8,Up,247724.5,0.317276739406439,37,35,12228,10779,Up,0.31006895203578,-0.130514378697131,0.102885615411864,0.508541718556623
MA0842.2,NRL,0.05,5,0.1,523,0,Up,247304.5,0.326819912172399,37,5,12228,511,Up,0.018533993725649,-3.674378234624948,1.809982325532729,1.732030988337488
MA0783.1,PKNOX2,0.1,0,0,139,0,Down,228253,0.924609388404636,37,0,12228,110,Down,0.999999999993362,-6.509437979120547,0.56123857724933,0.000000000002883
