gene_id,8b_IFN_6OFFhP1_2,8c_IFN_6OFFhP1_3,10a_IFN_24ONFLAG_1,10b_IFN_24ONFLAG_2,10c_IFN_24ONFLAG_3,11a_IFN_24ONP1_1,11b_IFN_24ONP1_2,11c_IFN_24ONP1_3
105372824,0,0,0,0,0,0,0,0
123745,0,0,0,0,0,0,0,0
8693,0,0,0,0,0,0,0,0
105374391,0,0,0,0,0,0,0,0
105375134,0,0,0,0,0,0,0,0
105377945,0,0,0,0,0,0,0,0
100151656,0,0,0,0,0,0,0,0
124903308,0,0,0,0,0,0,0,0
124906012,0,0,0,0,0,0,0,0
124902936,0,0,0,0,0,0,0,0
124902211,0,0,0,0,0,0,0,0
105369183,0,0,0,0,0,0,0,0
442132,0,0,0,0,0,0,0,0
440925,0,0,0,0,0,0,0,0
729668,0,0,0,0,0,0,0,0
104502416,0,0,0,0,0,0,0,0
124902357,0,0,0,0,0,0,0,0
100422642,0,0,0,0,0,0,0,0
147646,0,0,0,0,0,0,0,0
100533844,0,0,0,0,0,0,0,0
100288365,0,0,0,0,0,0,0,0
124900887,0,0,0,0,0,0,0,0
124902350,0,0,0,0,0,0,0,0
124903551,0,0,0,0,0,0,0,0
100847087,0,0,0,0,0,0,0,0
100189213,0,0,0,0,0,0,0,0
102724153,0,0,0,0,0,0,0,0
171558,0,0,0,0,0,0,0,0
107985647,0,0,0,0,0,0,0,0
55821,0,0,0,0,0,0,0,0
1667,0,0,0,0,0,0,0,0
149563,0,0,0,0,0,0,0,0
30820,0,0,0,0,0,0,0,0
102723753,0,0,0,0,0,0,0,0
107987102,0,0,0,0,0,0,0,0
105377495,0,0,0,0,0,0,0,0
105376399,0,0,0,0,0,0,0,0
158248,0,0,0,0,0,0,0,0
105376270,0,0,0,0,0,0,0,0
124905260,0,0,0,0,0,0,0,0
255798,0,0,0,0,0,0,0,0
124901050,0,0,0,0,0,0,0,0
54538,0,0,0,0,0,0,0,0
105377392,0,0,0,0,0,0,0,0
105377926,0,0,0,0,0,0,0,0
84850,0,0,0,0,0,0,0,0
105370259,0,0,0,0,0,0,0,0
124900723,0,0,0,0,0,0,0,0
105369318,0,0,0,0,0,0,0,0
107985580,0,0,0,0,0,0,0,0
124904425,0,0,0,0,0,0,0,0
124904213,0,0,0,0,0,0,0,0
100189074,0,0,0,0,0,0,0,0
347411,0,0,0,0,0,0,0,0
124905196,0,0,0,0,0,0,0,0
105376861,0,0,0,0,0,0,0,0
642696,0,0,0,0,0,0,0,0
645436,0,0,0,0,0,0,0,0
101929152,0,0,0,0,0,0,0,0
100507103,0,0,0,0,0,0,0,0
8843,0,0,0,0,0,0,0,0
124902472,0,0,0,0,0,0,0,0
101927397,0,0,0,0,0,0,0,0
105375221,0,0,0,0,0,0,0,0
390834,0,0,0,0,0,0,0,0
102466270,0,0,0,0,0,0,0,0
101929800,0,0,0,0,0,0,0,0
101927074,0,0,0,0,0,0,0,0
124903890,0,0,0,0,0,0,0,0
124902128,0,0,0,0,0,0,0,0
124904479,0,0,0,0,0,0,0,0
124909469,0,0,0,0,0,0,0,0
3814,0,0,0,0,0,0,0,0
105371544,0,0,0,0,0,0,0,0
105379562,0,0,0,0,0,0,0,0
100847016,0,0,0,0,0,0,0,0
124904174,0,0,0,0,0,0,0,0
102723480,0,0,0,0,0,0,0,0
101929130,0,0,0,0,0,0,0,0
124901755,0,0,0,0,0,0,0,0
124903702,0,0,0,0,0,0,0,0
693174,0,0,0,0,0,0,0,0
100422434,0,0,0,0,0,0,0,0
124902538,0,0,0,0,0,0,0,0
105374935,0,0,0,0,0,0,0,0
124901883,0,0,0,0,0,0,0,0
729330,0,0,0,0,0,0,0,0
4113,0,0,0,0,0,0,0,0
100189181,0,0,0,0,0,0,0,0
116435303,0,0,0,0,0,0,0,0
105379198,0,0,0,0,0,0,0,0
124904158,0,0,0,0,0,0,0,0
124903100,0,0,0,0,0,0,0,0
103724387,0,0,0,0,0,0,0,0
101929316,0,0,0,0,0,0,0,0
105376419,0,0,0,0,0,0,0,0
6279,0,0,0,0,0,0,0,0
124902810,0,0,0,0,0,0,0,0
100151646,0,0,0,0,0,0,0,0
100287329,0,0,0,0,0,0,0,0
104266962,0,0,0,0,0,0,0,0
126306,0,0,0,0,0,0,0,0
124905559,0,0,0,0,0,0,0,0
11272,0,0,0,0,0,0,0,0
124904074,0,0,0,0,0,0,0,0
124903628,0,0,0,0,0,0,0,0
105370091,0,0,0,0,0,0,0,0
653192,0,0,0,0,0,0,0,0
100874100,0,0,0,0,0,0,0,0
101927050,0,0,0,0,0,0,0,0
106481590,0,0,0,0,0,0,0,0
101928571,0,0,0,0,0,0,0,0
286554,0,0,0,0,0,0,0,0
124902452,0,0,0,0,0,0,0,0
100287632,0,0,0,0,0,0,0,0
122455333,0,0,0,0,0,0,0,0
441374,0,0,0,0,0,0,0,0
124903389,0,0,0,0,0,0,0,0
100128079,0,0,0,0,0,0,0,0
102723608,0,0,0,0,0,0,0,0
124904689,0,0,0,0,0,0,0,0
23581,0,0,0,0,0,0,0,0
101927605,0,0,0,0,0,0,0,0
124903067,0,0,0,0,0,0,0,0
100132153,0,0,0,0,0,0,0,0
138065,0,0,0,0,0,0,0,0
1990,0,0,0,0,0,0,0,0
1236,0,0,0,0,0,0,0,0
26998,0,0,0,0,0,0,0,0
23460,0,0,0,0,0,0,0,0
441282,0,0,0,0,0,0,0,0
105372332,0,0,0,0,0,0,0,0
102467213,0,0,0,0,0,0,0,0
100507589,0,0,0,0,0,0,0,0
107984366,0,0,0,0,0,0,0,0
100128845,0,0,0,0,0,0,0,0
124904830,0,0,0,0,0,0,0,0
6403,0,0,0,0,0,0,0,0
106481737,0,0,0,0,0,0,0,0
54660,0,0,0,0,0,0,0,0
102724855,0,0,0,0,0,0,0,0
105374317,0,0,0,0,0,0,0,0
150572,0,0,0,0,0,0,0,0
374918,0,0,0,0,0,0,0,0
653361,0,0,0,0,0,0,0,0
102467222,0,0,0,0,0,0,0,0
124903030,0,0,0,0,0,0,0,0
105373714,0,0,0,0,0,0,0,0
105370082,0,0,0,0,0,0,0,0
105374034,0,0,0,0,0,0,0,0
101928035,0,0,0,0,0,0,0,0
105369392,0,0,0,0,0,0,0,0
105373585,0,0,0,0,0,0,0,0
105373416,0,0,0,0,0,0,0,0
107987087,0,0,0,0,0,0,0,0
105371018,0,0,0,0,0,0,0,0
729862,0,0,0,0,0,0,0,0
643418,0,0,0,0,0,0,0,0
146225,0,0,0,0,0,0,0,0
402160,0,0,0,0,0,0,0,0
113523642,0,0,0,0,0,0,0,0
107984761,0,0,0,0,0,0,0,0
8328,0,0,0,0,0,0,0,0
1117,0,0,0,0,0,0,0,0
100506412,0,0,0,0,0,0,0,0
124904312,0,0,0,0,0,0,0,0
107985286,0,0,0,0,0,0,0,0
107986058,0,0,0,0,0,0,0,0
100507679,0,0,0,0,0,0,0,0
105375501,0,0,0,0,0,0,0,0
124904747,0,0,0,0,0,0,0,0
1016,0,0,0,0,0,0,0,0
205147,0,0,0,0,0,0,0,0
102467212,0,0,0,0,0,0,0,0
388503,0,0,0,0,0,0,0,0
124900486,0,0,0,0,0,0,0,0
122526780,0,0,0,0,0,0,0,0
105370108,0,0,0,0,0,0,0,0
105376485,0,0,0,0,0,0,0,0
100128898,0,0,0,0,0,0,0,0
51816,0,0,0,0,0,0,0,0
105371543,0,0,0,0,0,0,0,0
112935969,0,0,0,0,0,0,0,0
400804,0,0,0,0,0,0,0,0
105378993,0,0,0,0,0,0,0,0
105372441,0,0,0,0,0,0,0,0
727833,0,0,0,0,0,0,0,0
124901322,0,0,0,0,0,0,0,0
124903473,0,0,0,0,0,0,0,0
123464517,0,0,0,0,0,0,0,0
107984010,0,0,0,0,0,0,0,0
441234,0,0,0,0,0,0,0,0
124901844,0,0,0,0,0,0,0,0
107986462,0,0,0,0,0,0,0,0
643486,0,0,0,0,0,0,0,0
388514,0,0,0,0,0,0,0,0
124905293,0,0,0,0,0,0,0,0
105377890,0,0,0,0,0,0,0,0
101927942,0,0,0,0,0,0,0,0
105379356,0,0,0,0,0,0,0,0
154288,0,0,0,0,0,0,0,0
100421090,0,0,0,0,0,0,0,0
105370276,0,0,0,0,0,0,0,0
613266,0,0,0,0,0,0,0,0
353132,0,0,0,0,0,0,0,0
106479755,0,0,0,0,0,0,0,0
94236,0,0,0,0,0,0,0,0
728084,0,0,0,0,0,0,0,0
107984640,0,0,0,0,0,0,0,0
124901407,0,0,0,0,0,0,0,0
100874243,0,0,0,0,0,0,0,0
124904514,0,0,0,0,0,0,0,0
107985705,0,0,0,0,0,0,0,0
124903544,0,0,0,0,0,0,0,0
107986749,0,0,0,0,0,0,0,0
105370952,0,0,0,0,0,0,0,0
2779,0,0,0,0,0,0,0,0
124901289,0,0,0,0,0,0,0,0
124902652,0,0,0,0,0,0,0,0
119395,0,0,0,0,0,0,0,0
83873,0,0,0,0,0,0,0,0
400891,0,0,0,0,0,0,0,0
2984,0,0,0,0,0,0,0,0
123956153,0,0,0,0,0,0,0,0
5615,0,0,0,0,0,0,0,0
100132735,0,0,0,0,0,0,0,0
100505570,0,0,0,0,0,0,0,0
1296,0,0,0,0,0,0,0,0
101927418,0,0,0,0,0,0,0,0
124903569,0,0,0,0,0,0,0,0
107987419,0,0,0,0,0,0,0,0
107985051,0,0,0,0,0,0,0,0
100302243,0,0,0,0,0,0,0,0
124903836,0,0,0,0,0,0,0,0
3158,0,0,0,0,0,0,0,0
107986614,0,0,0,0,0,0,0,0
105370497,0,0,0,0,0,0,0,0
93034,0,0,0,0,0,0,0,0
101929707,0,0,0,0,0,0,0,0
3694,0,0,0,0,0,0,0,0
100126356,0,0,0,0,0,0,0,0
105375873,0,0,0,0,0,0,0,0
105371211,0,0,0,0,0,0,0,0
107986095,0,0,0,0,0,0,0,0
107985033,0,0,0,0,0,0,0,0
124903215,0,0,0,0,0,0,0,0
124902099,0,0,0,0,0,0,0,0
100129271,0,0,0,0,0,0,0,0
339874,0,0,0,0,0,0,0,0
28640,0,0,0,0,0,0,0,0
100507513,0,0,0,0,0,0,0,0
64098,0,0,0,0,0,0,0,0
124900742,0,0,0,0,0,0,0,0
406955,0,0,0,0,0,0,0,0
105369583,0,0,0,0,0,0,0,0
6861,0,0,0,0,0,0,0,0
645811,0,0,0,0,0,0,0,0
3578,0,0,0,0,0,0,0,0
84824,0,0,0,0,0,0,0,0
107985940,0,0,0,0,0,0,0,0
1830,0,0,0,0,0,0,0,0
79924,0,0,0,0,0,0,0,0
729420,0,0,0,0,0,0,0,0
105371173,0,0,0,0,0,0,0,0
105377370,0,0,0,0,0,0,0,0
100533105,0,0,0,0,0,0,0,0
106481282,0,0,0,0,0,0,0,0
105374285,0,0,0,0,0,0,0,0
284912,0,0,0,0,0,0,0,0
344018,0,0,0,0,0,0,0,0
124905203,0,0,0,0,0,0,0,0
124904272,0,0,0,0,0,0,0,0
114769,0,0,0,0,0,0,0,0
124903282,0,0,0,0,0,0,0,0
100506895,0,0,0,0,0,0,0,0
285555,0,0,0,0,0,0,0,0
414217,0,0,0,0,0,0,0,0
124900980,0,0,0,0,0,0,0,0
8797,0,0,0,0,0,0,0,0
100996259,0,0,0,0,0,0,0,0
105371980,0,0,0,0,0,0,0,0
109623481,0,0,0,0,0,0,0,0
124903374,0,0,0,0,0,0,0,0
107985769,0,0,0,0,0,0,0,0
2705,0,0,0,0,0,0,0,0
105377000,0,0,0,0,0,0,0,0
503583,0,0,0,0,0,0,0,0
107984468,0,0,0,0,0,0,0,0
105370196,0,0,0,0,0,0,0,0
653275,0,0,0,0,0,0,0,0
100996694,0,0,0,0,0,0,0,0
100505909,0,0,0,0,0,0,0,0
107984220,0,0,0,0,0,0,0,0
192134,0,0,0,0,0,0,0,0
124904236,0,0,0,0,0,0,0,0
101927551,0,0,0,0,0,0,0,0
100359394,0,0,0,0,0,0,0,0
6869,0,0,0,0,0,0,0,0
150372,0,0,0,0,0,0,0,0
286436,0,0,0,0,0,0,0,0
124900896,0,0,0,0,0,0,0,0
101669762,0,0,0,0,0,0,0,0
124900444,0,0,0,0,0,0,0,0
131973,0,0,0,0,0,0,0,0
100861510,0,0,0,0,0,0,0,0
149018,0,0,0,0,0,0,0,0
124903424,0,0,0,0,0,0,0,0
100874091,0,0,0,0,0,0,0,0
6362,0,0,0,0,0,0,0,0
100189272,0,0,0,0,0,0,0,0
100287046,0,0,0,0,0,0,0,0
94160,0,0,0,0,0,0,0,0
100996338,0,0,0,0,0,0,0,0
124904015,0,0,0,0,0,0,0,0
124902586,0,0,0,0,0,0,0,0
124904061,0,0,0,0,0,0,0,0
55040,0,0,0,0,0,0,0,0
107986467,0,0,0,0,0,0,0,0
400619,0,0,0,0,0,0,0,0
100134040,0,0,0,0,0,0,0,0
101928414,0,0,0,0,0,0,0,0
107984309,0,0,0,0,0,0,0,0
442213,0,0,0,0,0,0,0,0
107986056,0,0,0,0,0,0,0,0
386676,0,0,0,0,0,0,0,0
100131415,0,0,0,0,0,0,0,0
124903111,0,0,0,0,0,0,0,0
10631,0,0,0,0,0,0,0,0
105374707,0,0,0,0,0,0,0,0
105374735,0,0,0,0,0,0,0,0
105374505,0,0,0,0,0,0,0,0
101929444,0,0,0,0,0,0,0,0
92483,0,0,0,0,0,0,0,0
102724034,0,0,0,0,0,0,0,0
729987,0,0,0,0,0,0,0,0
339403,0,0,0,0,0,0,0,0
101929439,0,0,0,0,0,0,0,0
124902337,0,0,0,0,0,0,0,0
2210,0,0,0,0,0,0,0,0
101928075,0,0,0,0,0,0,0,0
124901823,0,0,0,0,0,0,0,0
124903760,0,0,0,0,0,0,0,0
101929894,0,0,0,0,0,0,0,0
101927590,0,0,0,0,0,0,0,0
386618,0,0,0,0,0,0,0,0
124901218,0,0,0,0,0,0,0,0
100507629,0,0,0,0,0,0,0,0
100507534,0,0,0,0,0,0,0,0
124901418,0,0,0,0,0,0,0,0
105379378,0,0,0,0,0,0,0,0
101929014,0,0,0,0,0,0,0,0
5973,0,0,0,0,0,0,0,0
124900629,0,0,0,0,0,0,0,0
124909445,0,0,0,0,0,0,0,0
124903425,0,0,0,0,0,0,0,0
124903901,0,0,0,0,0,0,0,0
124901865,0,0,0,0,0,0,0,0
107985861,0,0,0,0,0,0,0,0
375337,0,0,0,0,0,0,0,0
54346,0,0,0,0,0,0,0,0
105374470,0,0,0,0,0,0,0,0
51032,0,0,0,0,0,0,0,0
105374145,0,0,0,0,0,0,0,0
105371636,0,0,0,0,0,0,0,0
8528,0,0,0,0,0,0,0,0
100616466,0,0,0,0,0,0,0,0
57586,0,0,0,0,0,0,0,0
27012,0,0,0,0,0,0,0,0
1586,0,0,0,0,0,0,0,0
105378036,0,0,0,0,0,0,0,0
105369887,0,0,0,0,0,0,0,0
100132841,0,0,0,0,0,0,0,0
105371335,0,0,0,0,0,0,0,0
100506195,0,0,0,0,0,0,0,0
101928098,0,0,0,0,0,0,0,0
107105260,0,0,0,0,0,0,0,0
285095,0,0,0,0,0,0,0,0
106635533,0,0,0,0,0,0,0,0
124903706,0,0,0,0,0,0,0,0
105376620,0,0,0,0,0,0,0,0
91074,0,0,0,0,0,0,0,0
199920,0,0,0,0,0,0,0,0
105373712,0,0,0,0,0,0,0,0
100422866,0,0,0,0,0,0,0,0
105379332,0,0,0,0,0,0,0,0
105370763,0,0,0,0,0,0,0,0
54935,0,0,0,0,0,0,0,0
124901015,0,0,0,0,0,0,0,0
101929505,0,0,0,0,0,0,0,0
105376231,0,0,0,0,0,0,0,0
27035,0,0,0,0,0,0,0,0
124907853,0,0,0,0,0,0,0,0
6529,0,0,0,0,0,0,0,0
677795,0,0,0,0,0,0,0,0
83647,0,0,0,0,0,0,0,0
124900866,0,0,0,0,0,0,0,0
442114,0,0,0,0,0,0,0,0
124903506,0,0,0,0,0,0,0,0
51705,0,0,0,0,0,0,0,0
100133147,0,0,0,0,0,0,0,0
105377571,0,0,0,0,0,0,0,0
101929599,0,0,0,0,0,0,0,0
59340,0,0,0,0,0,0,0,0
112268397,0,0,0,0,0,0,0,0
105373292,0,0,0,0,0,0,0,0
114655,0,0,0,0,0,0,0,0
124902056,0,0,0,0,0,0,0,0
106479317,0,0,0,0,0,0,0,0
693216,0,0,0,0,0,0,0,0
165,0,0,0,0,0,0,0,0
8707,0,0,0,0,0,0,0,0
107983993,0,0,0,0,0,0,0,0
105373780,0,0,0,0,0,0,0,0
399693,0,0,0,0,0,0,0,0
100288527,0,0,0,0,0,0,0,0
124902910,0,0,0,0,0,0,0,0
107984890,0,0,0,0,0,0,0,0
124906143,0,0,0,0,0,0,0,0
7380,0,0,0,0,0,0,0,0
100287485,0,0,0,0,0,0,0,0
124903669,0,0,0,0,0,0,0,0
100169751,0,0,0,0,0,0,0,0
360226,0,0,0,0,0,0,0,0
9177,0,0,0,0,0,0,0,0
197196,0,0,0,0,0,0,0,0
170425,0,0,0,0,0,0,0,0
105374590,0,0,0,0,0,0,0,0
105369677,0,0,0,0,0,0,0,0
105374894,0,0,0,0,0,0,0,0
105374555,0,0,0,0,0,0,0,0
124907866,0,0,0,0,0,0,0,0
101929204,0,0,0,0,0,0,0,0
1996,0,0,0,0,0,0,0,0
106479010,0,0,0,0,0,0,0,0
124903007,0,0,0,0,0,0,0,0
105378437,0,0,0,0,0,0,0,0
105378904,0,0,0,0,0,0,0,0
106481001,0,0,0,0,0,0,0,0
124902543,0,0,0,0,0,0,0,0
153643,0,0,0,0,0,0,0,0
105372214,0,0,0,0,0,0,0,0
105374260,0,0,0,0,0,0,0,0
100124535,0,0,0,0,0,0,0,0
105371069,0,0,0,0,0,0,0,0
213,0,0,0,0,0,0,0,0
105369956,0,0,0,0,0,0,0,0
389257,0,0,0,0,0,0,0,0
100874322,0,0,0,0,0,0,0,0
107984497,0,0,0,0,0,0,0,0
124904698,0,0,0,0,0,0,0,0
100996745,0,0,0,0,0,0,0,0
8392,0,0,0,0,0,0,0,0
109617009,0,0,0,0,0,0,0,0
107986888,0,0,0,0,0,0,0,0
105369213,0,0,0,0,0,0,0,0
105378834,0,0,0,0,0,0,0,0
124902922,0,0,0,0,0,0,0,0
100130673,0,0,0,0,0,0,0,0
124901364,0,0,0,0,0,0,0,0
81465,0,0,0,0,0,0,0,0
107985410,0,0,0,0,0,0,0,0
124906206,0,0,0,0,0,0,0,0
124903614,0,0,0,0,0,0,0,0
5620,0,0,0,0,0,0,0,0
107984661,0,0,0,0,0,0,0,0
100271135,0,0,0,0,0,0,0,0
124903915,0,0,0,0,0,0,0,0
124902076,0,0,0,0,0,0,0,0
2642,0,0,0,0,0,0,0,0
102238594,0,0,0,0,0,0,0,0
124906161,0,0,0,0,0,0,0,0
124903128,0,0,0,0,0,0,0,0
100616308,0,0,0,0,0,0,0,0
150696,0,0,0,0,0,0,0,0
693195,0,0,0,0,0,0,0,0
105370943,0,0,0,0,0,0,0,0
100873825,0,0,0,0,0,0,0,0
106481127,0,0,0,0,0,0,0,0
105373582,0,0,0,0,0,0,0,0
100189143,0,0,0,0,0,0,0,0
105379110,0,0,0,0,0,0,0,0
124900460,0,0,0,0,0,0,0,0
55655,0,0,0,0,0,0,0,0
100130699,0,0,0,0,0,0,0,0
107984706,0,0,0,0,0,0,0,0
154092,0,0,0,0,0,0,0,0
105379078,0,0,0,0,0,0,0,0
644050,0,0,0,0,0,0,0,0
124900538,0,0,0,0,0,0,0,0
100131411,0,0,0,0,0,0,0,0
157627,0,0,0,0,0,0,0,0
112267903,0,0,0,0,0,0,0,0
105376645,0,0,0,0,0,0,0,0
100874298,0,0,0,0,0,0,0,0
100288123,0,0,0,0,0,0,0,0
79258,0,0,0,0,0,0,0,0
141,0,0,0,0,0,0,0,0
109616986,0,0,0,0,0,0,0,0
124901887,0,0,0,0,0,0,0,0
105375355,0,0,0,0,0,0,0,0
105372614,0,0,0,0,0,0,0,0
148870,0,0,0,0,0,0,0,0
326624,0,0,0,0,0,0,0,0
147741,0,0,0,0,0,0,0,0
107986150,0,0,0,0,0,0,0,0
143678,0,0,0,0,0,0,0,0
106660609,0,0,0,0,0,0,0,0
100507194,0,0,0,0,0,0,0,0
283994,0,0,0,0,0,0,0,0
6373,0,0,0,0,0,0,0,0
124904316,0,0,0,0,0,0,0,0
105369171,0,0,0,0,0,0,0,0
390190,0,0,0,0,0,0,0,0
64409,0,0,0,0,0,0,0,0
56103,0,0,0,0,0,0,0,0
386627,0,0,0,0,0,0,0,0
105369460,0,0,0,0,0,0,0,0
105378842,0,0,0,0,0,0,0,0
3075,0,0,0,0,0,0,0,0
124902321,0,0,0,0,0,0,0,0
810,0,0,0,0,0,0,0,0
644054,0,0,0,0,0,0,0,0
124901315,0,0,0,0,0,0,0,0
340596,0,0,0,0,0,0,0,0
2891,0,0,0,0,0,0,0,0
105371100,0,0,0,0,0,0,0,0
105374153,0,0,0,0,0,0,0,0
85452,0,0,0,0,0,0,0,0
107985043,0,0,0,0,0,0,0,0
646457,0,0,0,0,0,0,0,0
105373254,0,0,0,0,0,0,0,0
140690,0,0,0,0,0,0,0,0
101928153,0,0,0,0,0,0,0,0
128385372,0,0,0,0,0,0,0,0
55228,0,0,0,0,0,0,0,0
124904079,0,0,0,0,0,0,0,0
105379827,0,0,0,0,0,0,0,0
158376,0,0,0,0,0,0,0,0
100874136,0,0,0,0,0,0,0,0
100419649,0,0,0,0,0,0,0,0
102724744,0,0,0,0,0,0,0,0
284009,0,0,0,0,0,0,0,0
124903349,0,0,0,0,0,0,0,0
647174,0,0,0,0,0,0,0,0
7103,0,0,0,0,0,0,0,0
124905027,0,0,0,0,0,0,0,0
102724580,0,0,0,0,0,0,0,0
107986964,0,0,0,0,0,0,0,0
102723784,0,0,0,0,0,0,0,0
105371281,0,0,0,0,0,0,0,0
101929790,0,0,0,0,0,0,0,0
79887,0,0,0,0,0,0,0,0
106480757,0,0,0,0,0,0,0,0
124902518,0,0,0,0,0,0,0,0
102724181,0,0,0,0,0,0,0,0
105377524,0,0,0,0,0,0,0,0
84740,0,0,0,0,0,0,0,0
124903274,0,0,0,0,0,0,0,0
677839,0,0,0,0,0,0,0,0
124903916,0,0,0,0,0,0,0,0
106481381,0,0,0,0,0,0,0,0
124901030,0,0,0,0,0,0,0,0
100009602,0,0,0,0,0,0,0,0
7484,0,0,0,0,0,0,0,0
124901911,0,0,0,0,0,0,0,0
124903387,0,0,0,0,0,0,0,0
128966709,0,0,0,0,0,0,0,0
100132686,0,0,0,0,0,0,0,0
6248,0,0,0,0,0,0,0,0
1048,0,0,0,0,0,0,0,0
221044,0,0,0,0,0,0,0,0
554226,0,0,0,0,0,0,0,0
124902260,0,0,0,0,0,0,0,0
105370615,0,0,0,0,0,0,0,0
284654,0,0,0,0,0,0,0,0
6440,0,0,0,0,0,0,0,0
100147767,0,0,0,0,0,0,0,0
100420435,0,0,0,0,0,0,0,0
100652883,0,0,0,0,0,0,0,0
100653233,0,0,0,0,0,0,0,0
642976,0,0,0,0,0,0,0,0
105369752,0,0,0,0,0,0,0,0
100189050,0,0,0,0,0,0,0,0
276,0,0,0,0,0,0,0,0
100507357,0,0,0,0,0,0,0,0
7305,0,0,0,0,0,0,0,0
50939,0,0,0,0,0,0,0,0
551,0,0,0,0,0,0,0,0
107987003,0,0,0,0,0,0,0,0
124903523,0,0,0,0,0,0,0,0
105376425,0,0,0,0,0,0,0,0
100507661,0,0,0,0,0,0,0,0
101927577,0,0,0,0,0,0,0,0
100127979,0,0,0,0,0,0,0,0
102723617,0,0,0,0,0,0,0,0
83482,0,0,0,0,0,0,0,0
2750,0,0,0,0,0,0,0,0
6531,0,0,0,0,0,0,0,0
391462,0,0,0,0,0,0,0,0
389558,0,0,0,0,0,0,0,0
105370651,0,0,0,0,0,0,0,0
105375604,0,0,0,0,0,0,0,0
401081,0,0,0,0,0,0,0,0
101928284,0,0,0,0,0,0,0,0
729355,0,0,0,0,0,0,0,0
1012,0,0,0,0,0,0,0,0
150921,0,0,0,0,0,0,0,0
2893,0,0,0,0,0,0,0,0
105373531,0,0,0,0,0,0,0,0
105373647,0,0,0,0,0,0,0,0
105371280,0,0,0,0,0,0,0,0
56127,0,0,0,0,0,0,0,0
56134,0,0,0,0,0,0,0,0
100996598,0,0,0,0,0,0,0,0
54738,0,0,0,0,0,0,0,0
124900193,0,0,0,0,0,0,0,0
284801,0,0,0,0,0,0,0,0
127138867,0,0,0,0,0,0,0,0
342574,0,0,0,0,0,0,0,0
105379314,0,0,0,0,0,0,0,0
145581,0,0,0,0,0,0,0,0
9499,0,0,0,0,0,0,0,0
100874003,0,0,0,0,0,0,0,0
400685,0,0,0,0,0,0,0,0
23768,0,0,0,0,0,0,0,0
124902425,0,0,0,0,0,0,0,0
100507346,0,0,0,0,0,0,0,0
124904027,0,0,0,0,0,0,0,0
124901111,0,0,0,0,0,0,0,0
692229,0,0,0,0,0,0,0,0
100170222,0,0,0,0,0,0,0,0
105373354,0,0,0,0,0,0,0,0
100418883,0,0,0,0,0,0,0,0
124903500,0,0,0,0,0,0,0,0
124903736,0,0,0,0,0,0,0,0
105369954,0,0,0,0,0,0,0,0
112267944,0,0,0,0,0,0,0,0
124901460,0,0,0,0,0,0,0,0
124905428,0,0,0,0,0,0,0,0
728376,0,0,0,0,0,0,0,0
105377921,0,0,0,0,0,0,0,0
124901085,0,0,0,0,0,0,0,0
124902577,0,0,0,0,0,0,0,0
100129102,0,0,0,0,0,0,0,0
3903,0,0,0,0,0,0,0,0
105375344,0,0,0,0,0,0,0,0
124900162,0,0,0,0,0,0,0,0
105375790,0,0,0,0,0,0,0,0
6953,0,0,0,0,0,0,0,0
106481676,0,0,0,0,0,0,0,0
107984711,0,0,0,0,0,0,0,0
122152368,0,0,0,0,0,0,0,0
105376144,0,0,0,0,0,0,0,0
107985595,0,0,0,0,0,0,0,0
166979,0,0,0,0,0,0,0,0
646113,0,0,0,0,0,0,0,0
112268199,0,0,0,0,0,0,0,0
101927367,0,0,0,0,0,0,0,0
105370129,0,0,0,0,0,0,0,0
2895,0,0,0,0,0,0,0,0
30851,0,0,0,0,0,0,0,0
105376101,0,0,0,0,0,0,0,0
105379381,0,0,0,0,0,0,0,0
84152,0,0,0,0,0,0,0,0
124904543,0,0,0,0,0,0,0,0
146850,0,0,0,0,0,0,0,0
124905041,0,0,0,0,0,0,0,0
105377875,0,0,0,0,0,0,0,0
9630,0,0,0,0,0,0,0,0
124900200,0,0,0,0,0,0,0,0
84867,0,0,0,0,0,0,0,0
105375270,0,0,0,0,0,0,0,0
107985922,0,0,0,0,0,0,0,0
124904973,0,0,0,0,0,0,0,0
100144596,0,0,0,0,0,0,0,0
11251,0,0,0,0,0,0,0,0
124903675,0,0,0,0,0,0,0,0
7253,0,0,0,0,0,0,0,0
128966719,0,0,0,0,0,0,0,0
124902413,0,0,0,0,0,0,0,0
117283,0,0,0,0,0,0,0,0
729238,0,0,0,0,0,0,0,0
6489,0,0,0,0,0,0,0,0
100128514,0,0,0,0,0,0,0,0
124902253,0,0,0,0,0,0,0,0
65072,0,0,0,0,0,0,0,0
107985687,0,0,0,0,0,0,0,0
100616222,0,0,0,0,0,0,0,0
101929846,0,0,0,0,0,0,0,0
124900940,0,0,0,0,0,0,0,0
101937451,0,0,0,0,0,0,0,0
645414,0,0,0,0,0,0,0,0
101927440,0,0,0,0,0,0,0,0
100130970,0,0,0,0,0,0,0,0
116441,0,0,0,0,0,0,0,0
100874261,0,0,0,0,0,0,0,0
341405,0,0,0,0,0,0,0,0
112267986,0,0,0,0,0,0,0,0
105373013,0,0,0,0,0,0,0,0
124901095,0,0,0,0,0,0,0,0
114336,0,0,0,0,0,0,0,0
124904515,0,0,0,0,0,0,0,0
124906156,0,0,0,0,0,0,0,0
4332,0,0,0,0,0,0,0,0
100874018,0,0,0,0,0,0,0,0
100128685,0,0,0,0,0,0,0,0
100653515,0,0,0,0,0,0,0,0
105373567,0,0,0,0,0,0,0,0
100418716,0,0,0,0,0,0,0,0
105374802,0,0,0,0,0,0,0,0
100129274,0,0,0,0,0,0,0,0
124904686,0,0,0,0,0,0,0,0
105374280,0,0,0,0,0,0,0,0
105371490,0,0,0,0,0,0,0,0
105369969,0,0,0,0,0,0,0,0
124901288,0,0,0,0,0,0,0,0
107987433,0,0,0,0,0,0,0,0
101927155,0,0,0,0,0,0,0,0
105378230,0,0,0,0,0,0,0,0
124904080,0,0,0,0,0,0,0,0
2918,0,0,0,0,0,0,0,0
100287647,0,0,0,0,0,0,0,0
124906260,0,0,0,0,0,0,0,0
2567,0,0,0,0,0,0,0,0
124902777,0,0,0,0,0,0,0,0
100288979,0,0,0,0,0,0,0,0
100652813,0,0,0,0,0,0,0,0
389941,0,0,0,0,0,0,0,0
107985759,0,0,0,0,0,0,0,0
107987412,0,0,0,0,0,0,0,0
26798,0,0,0,0,0,0,0,0
100271546,0,0,0,0,0,0,0,0
105372850,0,0,0,0,0,0,0,0
56936,0,0,0,0,0,0,0,0
124905009,0,0,0,0,0,0,0,0
126860,0,0,0,0,0,0,0,0
101927586,0,0,0,0,0,0,0,0
105371239,0,0,0,0,0,0,0,0
645939,0,0,0,0,0,0,0,0
157556,0,0,0,0,0,0,0,0
105373231,0,0,0,0,0,0,0,0
100289194,0,0,0,0,0,0,0,0
7136,0,0,0,0,0,0,0,0
26191,0,0,0,0,0,0,0,0
124903489,0,0,0,0,0,0,0,0
124903161,0,0,0,0,0,0,0,0
729468,0,0,0,0,0,0,0,0
122402,0,0,0,0,0,0,0,0
4624,0,0,0,0,0,0,0,0
121916,0,0,0,0,0,0,0,0
2948,0,0,0,0,0,0,0,0
107986454,0,0,0,0,0,0,0,0
83878,0,0,0,0,0,0,0,0
124904815,0,0,0,0,0,0,0,0
219578,0,0,0,0,0,0,0,0
105379460,0,0,0,0,0,0,0,0
107984988,0,0,0,0,0,0,0,0
401014,0,0,0,0,0,0,0,0
1158,0,0,0,0,0,0,0,0
100422945,0,0,0,0,0,0,0,0
400548,0,0,0,0,0,0,0,0
124903539,0,0,0,0,0,0,0,0
100131550,0,0,0,0,0,0,0,0
124903930,0,0,0,0,0,0,0,0
51554,0,0,0,0,0,0,0,0
400759,0,0,0,0,0,0,0,0
124901590,0,0,0,0,0,0,0,0
282618,0,0,0,0,0,0,0,0
100750326,0,0,0,0,0,0,0,0
284417,0,0,0,0,0,0,0,0
79444,0,0,0,0,0,0,0,0
124901794,0,0,0,0,0,0,0,0
100420746,0,0,0,0,0,0,0,0
284749,0,0,0,0,0,0,0,0
399827,0,0,0,0,0,0,0,0
284958,0,0,0,0,0,0,0,0
105377448,0,0,0,0,0,0,0,0
105374341,0,0,0,0,0,0,0,0
106481098,0,0,0,0,0,0,0,0
124903663,0,0,0,0,0,0,0,0
124903002,0,0,0,0,0,0,0,0
100616379,0,0,0,0,0,0,0,0
100129930,0,0,0,0,0,0,0,0
124905587,0,0,0,0,0,0,0,0
100131457,0,0,0,0,0,0,0,0
645188,0,0,0,0,0,0,0,0
1144,0,0,0,0,0,0,0,0
22866,0,0,0,0,0,0,0,0
139425,0,0,0,0,0,0,0,0
619553,0,0,0,0,0,0,0,0
124904091,0,0,0,0,0,0,0,0
100131568,0,0,0,0,0,0,0,0
171176,0,0,0,0,0,0,0,0
101101776,0,0,0,0,0,0,0,0
105379031,0,0,0,0,0,0,0,0
121355,0,0,0,0,0,0,0,0
79923,0,0,0,0,0,0,0,0
441519,0,0,0,0,0,0,0,0
65217,0,0,0,0,0,0,0,0
107985027,0,0,0,0,0,0,0,0
644974,0,0,0,0,0,0,0,0
100873954,0,0,0,0,0,0,0,0
100189227,0,0,0,0,0,0,0,0
541465,0,0,0,0,0,0,0,0
100418937,0,0,0,0,0,0,0,0
26025,0,0,0,0,0,0,0,0
124901582,0,0,0,0,0,0,0,0
106479564,0,0,0,0,0,0,0,0
1149,0,0,0,0,0,0,0,0
124907860,0,0,0,0,0,0,0,0
100421182,0,0,0,0,0,0,0,0
340533,0,0,0,0,0,0,0,0
102723769,0,0,0,0,0,0,0,0
124902029,0,0,0,0,0,0,0,0
100996438,0,0,0,0,0,0,0,0
124902564,0,0,0,0,0,0,0,0
107984686,0,0,0,0,0,0,0,0
124903381,0,0,0,0,0,0,0,0
101929045,0,0,0,0,0,0,0,0
677780,0,0,0,0,0,0,0,0
105371934,0,0,0,0,0,0,0,0
105376410,0,0,0,0,0,0,0,0
124903577,0,0,0,0,0,0,0,0
729993,0,0,0,0,0,0,0,0
284276,0,0,0,0,0,0,0,0
107986423,0,0,0,0,0,0,0,0
102725051,0,0,0,0,0,0,0,0
105377703,0,0,0,0,0,0,0,0
101928163,0,0,0,0,0,0,0,0
191585,0,0,0,0,0,0,0,0
124900396,0,0,0,0,0,0,0,0
104326055,0,0,0,0,0,0,0,0
105379193,0,0,0,0,0,0,0,0
101929374,0,0,0,0,0,0,0,0
3062,0,0,0,0,0,0,0,0
196883,0,0,0,0,0,0,0,0
124900817,0,0,0,0,0,0,0,0
124904431,0,0,0,0,0,0,0,0
55336,0,0,0,0,0,0,0,0
1944,0,0,0,0,0,0,0,0
102723592,0,0,0,0,0,0,0,0
10158,0,0,0,0,0,0,0,0
101928663,0,0,0,0,0,0,0,0
100189195,0,0,0,0,0,0,0,0
105376578,0,0,0,0,0,0,0,0
3493,0,0,0,0,0,0,0,0
124905106,0,0,0,0,0,0,0,0
124900209,0,0,0,0,0,0,0,0
124902300,0,0,0,0,0,0,0,0
100130849,0,0,0,0,0,0,0,0
105370246,0,0,0,0,0,0,0,0
100286948,0,0,0,0,0,0,0,0
8988,0,0,0,0,0,0,0,0
124904244,0,0,0,0,0,0,0,0
106481414,0,0,0,0,0,0,0,0
100419906,0,0,0,0,0,0,0,0
105376856,0,0,0,0,0,0,0,0
100287029,0,0,0,0,0,0,0,0
105374667,0,0,0,0,0,0,0,0
105379719,0,0,0,0,0,0,0,0
101928455,0,0,0,0,0,0,0,0
645359,0,0,0,0,0,0,0,0
124905431,0,0,0,0,0,0,0,0
124903567,0,0,0,0,0,0,0,0
9719,0,0,0,0,0,0,0,0
124909485,0,0,0,0,0,0,0,0
7139,0,0,0,0,0,0,0,0
51297,0,0,0,0,0,0,0,0
200172,0,0,0,0,0,0,0,0
105378311,0,0,0,0,0,0,0,0
105373051,0,0,0,0,0,0,0,0
107987407,0,0,0,0,0,0,0,0
51213,0,0,0,0,0,0,0,0
124901773,0,0,0,0,0,0,0,0
124904999,0,0,0,0,0,0,0,0
124904743,0,0,0,0,0,0,0,0
768086,0,0,0,0,0,0,0,0
107987307,0,0,0,0,0,0,0,0
346171,0,0,0,0,0,0,0,0
26795,0,0,0,0,0,0,0,0
124902550,0,0,0,0,0,0,0,0
283310,0,0,0,0,0,0,0,0
107986306,0,0,0,0,0,0,0,0
105373904,0,0,0,0,0,0,0,0
112268274,0,0,0,0,0,0,0,0
124900786,0,0,0,0,0,0,0,0
160777,0,0,0,0,0,0,0,0
653786,0,0,0,0,0,0,0,0
400957,0,0,0,0,0,0,0,0
778,0,0,0,0,0,0,0,0
107984480,0,0,0,0,0,0,0,0
124903099,0,0,0,0,0,0,0,0
100874212,0,0,0,0,0,0,0,0
101928361,0,0,0,0,0,0,0,0
124901264,0,0,0,0,0,0,0,0
677814,0,0,0,0,0,0,0,0
100507466,0,0,0,0,0,0,0,0
2691,0,0,0,0,0,0,0,0
101927405,0,0,0,0,0,0,0,0
147658,0,0,0,0,0,0,0,0
105374492,0,0,0,0,0,0,0,0
124904651,0,0,0,0,0,0,0,0
5345,0,0,0,0,0,0,0,0
101927703,0,0,0,0,0,0,0,0
199974,0,0,0,0,0,0,0,0
124903517,0,0,0,0,0,0,0,0
283298,0,0,0,0,0,0,0,0
653437,0,0,0,0,0,0,0,0
105371498,0,0,0,0,0,0,0,0
101927152,0,0,0,0,0,0,0,0
162514,0,0,0,0,0,0,0,0
84249,0,0,0,0,0,0,0,0
124904369,0,0,0,0,0,0,0,0
767850,0,0,0,0,0,0,0,0
170485,0,0,0,0,0,0,0,0
107984128,0,0,0,0,0,0,0,0
107986482,0,0,0,0,0,0,0,0
105379036,0,0,0,0,0,0,0,0
164656,0,0,0,0,0,0,0,0
25823,0,0,0,0,0,0,0,0
155184,0,0,0,0,0,0,0,0
107986133,0,0,0,0,0,0,0,0
1411,0,0,0,0,0,0,0,0
644945,0,0,0,0,0,0,0,0
124903690,0,0,0,0,0,0,0,0
4892,0,0,0,0,0,0,0,0
391104,0,0,0,0,0,0,0,0
105377740,0,0,0,0,0,0,0,0
24,0,0,0,0,0,0,0,0
390251,0,0,0,0,0,0,0,0
100129597,0,0,0,0,0,0,0,0
283985,0,0,0,0,0,0,0,0
105371589,0,0,0,0,0,0,0,0
105374216,0,0,0,0,0,0,0,0
100874068,0,0,0,0,0,0,0,0
105375795,0,0,0,0,0,0,0,0
106479009,0,0,0,0,0,0,0,0
100147823,0,0,0,0,0,0,0,0
105369168,0,0,0,0,0,0,0,0
107985306,0,0,0,0,0,0,0,0
107986309,0,0,0,0,0,0,0,0
124902462,0,0,0,0,0,0,0,0
440184,0,0,0,0,0,0,0,0
5470,0,0,0,0,0,0,0,0
26852,0,0,0,0,0,0,0,0
6441,0,0,0,0,0,0,0,0
146336,0,0,0,0,0,0,0,0
100653396,0,0,0,0,0,0,0,0
197,0,0,0,0,0,0,0,0
127739546,0,0,0,0,0,0,0,0
286204,0,0,0,0,0,0,0,0
101929715,0,0,0,0,0,0,0,0
360157,0,0,0,0,0,0,0,0
100506497,0,0,0,0,0,0,0,0
462,0,0,0,0,0,0,0,0
105373350,0,0,0,0,0,0,0,0
5671,0,0,0,0,0,0,0,0
105376644,0,0,0,0,0,0,0,0
100873920,0,0,0,0,0,0,0,0
100418763,0,0,0,0,0,0,0,0
105372049,0,0,0,0,0,0,0,0
105369776,0,0,0,0,0,0,0,0
84639,0,0,0,0,0,0,0,0
105370575,0,0,0,0,0,0,0,0
105371709,0,0,0,0,0,0,0,0
8688,0,0,0,0,0,0,0,0
102724608,0,0,0,0,0,0,0,0
100131814,0,0,0,0,0,0,0,0
124903073,0,0,0,0,0,0,0,0
105375288,0,0,0,0,0,0,0,0
285965,0,0,0,0,0,0,0,0
5648,0,0,0,0,0,0,0,0
283383,0,0,0,0,0,0,0,0
3683,0,0,0,0,0,0,0,0
112268374,0,0,0,0,0,0,0,0
124907848,0,0,0,0,0,0,0,0
105374895,0,0,0,0,0,0,0,0
105377364,0,0,0,0,0,0,0,0
124905271,0,0,0,0,0,0,0,0
6698,0,0,0,0,0,0,0,0
124903005,0,0,0,0,0,0,0,0
124901807,0,0,0,0,0,0,0,0
124903177,0,0,0,0,0,0,0,0
100288378,0,0,0,0,0,0,0,0
107986487,0,0,0,0,0,0,0,0
124902683,0,0,0,0,0,0,0,0
112268412,0,0,0,0,0,0,0,0
100505716,0,0,0,0,0,0,0,0
124907735,0,0,0,0,0,0,0,0
340990,0,0,0,0,0,0,0,0
4768,0,0,0,0,0,0,0,0
124904530,0,0,0,0,0,0,0,0
124904270,0,0,0,0,0,0,0,0
124902169,0,0,0,0,0,0,0,0
124903283,0,0,0,0,0,0,0,0
285780,0,0,0,0,0,0,0,0
105370878,0,0,0,0,0,0,0,0
2568,0,0,0,0,0,0,0,0
124904260,0,0,0,0,0,0,0,0
100861520,0,0,0,0,0,0,0,0
100008586,0,0,0,0,0,0,0,0
105372814,0,0,0,0,0,0,0,0
285676,0,0,0,0,0,0,0,0
105373886,0,0,0,0,0,0,0,0
100847055,0,0,0,0,0,0,0,0
124904623,0,0,0,0,0,0,0,0
124901986,0,0,0,0,0,0,0,0
105372108,0,0,0,0,0,0,0,0
105370657,0,0,0,0,0,0,0,0
105375993,0,0,0,0,0,0,0,0
100652777,0,0,0,0,0,0,0,0
389599,0,0,0,0,0,0,0,0
107984208,0,0,0,0,0,0,0,0
106480540,0,0,0,0,0,0,0,0
105375396,0,0,0,0,0,0,0,0
102723786,0,0,0,0,0,0,0,0
63982,0,0,0,0,0,0,0,0
124907985,0,0,0,0,0,0,0,0
124905267,0,0,0,0,0,0,0,0
100421113,0,0,0,0,0,0,0,0
105371238,0,0,0,0,0,0,0,0
107984123,0,0,0,0,0,0,0,0
112268153,0,0,0,0,0,0,0,0
8288,0,0,0,0,0,0,0,0
4102,0,0,0,0,0,0,0,0
106479444,0,0,0,0,0,0,0,0
11009,0,0,0,0,0,0,0,0
124903143,0,0,0,0,0,0,0,0
107984889,0,0,0,0,0,0,0,0
101929437,0,0,0,0,0,0,0,0
127670,0,0,0,0,0,0,0,0
124903141,0,0,0,0,0,0,0,0
105370918,0,0,0,0,0,0,0,0
124905258,0,0,0,0,0,0,0,0
107986322,0,0,0,0,0,0,0,0
105372066,0,0,0,0,0,0,0,0
106480039,0,0,0,0,0,0,0,0
642864,0,0,0,0,0,0,0,0
105371582,0,0,0,0,0,0,0,0
101929723,0,0,0,0,0,0,0,0
107986054,0,0,0,0,0,0,0,0
101928887,0,0,0,0,0,0,0,0
55801,0,0,0,0,0,0,0,0
142683,0,0,0,0,0,0,0,0
107987025,0,0,0,0,0,0,0,0
8547,0,0,0,0,0,0,0,0
105375095,0,0,0,0,0,0,0,0
449,0,0,0,0,0,0,0,0
124904605,0,0,0,0,0,0,0,0
105374307,0,0,0,0,0,0,0,0
124906073,0,0,0,0,0,0,0,0
941,0,0,0,0,0,0,0,0
105374573,0,0,0,0,0,0,0,0
124905953,0,0,0,0,0,0,0,0
124901935,0,0,0,0,0,0,0,0
101927888,0,0,0,0,0,0,0,0
55018,0,0,0,0,0,0,0,0
105378567,0,0,0,0,0,0,0,0
100422713,0,0,0,0,0,0,0,0
101927851,0,0,0,0,0,0,0,0
160365,0,0,0,0,0,0,0,0
8419,0,0,0,0,0,0,0,0
133491,0,0,0,0,0,0,0,0
101927102,0,0,0,0,0,0,0,0
106480542,0,0,0,0,0,0,0,0
107986434,0,0,0,0,0,0,0,0
100506725,0,0,0,0,0,0,0,0
124906351,0,0,0,0,0,0,0,0
6688,0,0,0,0,0,0,0,0
107987395,0,0,0,0,0,0,0,0
101927067,0,0,0,0,0,0,0,0
105377161,0,0,0,0,0,0,0,0
340745,0,0,0,0,0,0,0,0
105369321,0,0,0,0,0,0,0,0
25843,0,0,0,0,0,0,0,0
102724019,0,0,0,0,0,0,0,0
105373911,0,0,0,0,0,0,0,0
107987244,0,0,0,0,0,0,0,0
124900663,0,0,0,0,0,0,0,0
106480211,0,0,0,0,0,0,0,0
101928697,0,0,0,0,0,0,0,0
129810501,0,0,0,0,0,0,0,0
441864,0,0,0,0,0,0,0,0
153469,0,0,0,0,0,0,0,0
101060274,0,0,0,0,0,0,0,0
105373463,0,0,0,0,0,0,0,0
105375452,0,0,0,0,0,0,0,0
105369431,0,0,0,0,0,0,0,0
105376468,0,0,0,0,0,0,0,0
124903991,0,0,0,0,0,0,0,0
100421518,0,0,0,0,0,0,0,0
100124539,0,0,0,0,0,0,0,0
124907738,0,0,0,0,0,0,0,0
124901922,0,0,0,0,0,0,0,0
101927685,0,0,0,0,0,0,0,0
100271212,0,0,0,0,0,0,0,0
100189139,0,0,0,0,0,0,0,0
124909396,0,0,0,0,0,0,0,0
399876,0,0,0,0,0,0,0,0
212,0,0,0,0,0,0,0,0
107985352,0,0,0,0,0,0,0,0
105374615,0,0,0,0,0,0,0,0
105373590,0,0,0,0,0,0,0,0
101927394,0,0,0,0,0,0,0,0
677771,0,0,0,0,0,0,0,0
105378027,0,0,0,0,0,0,0,0
107987009,0,0,0,0,0,0,0,0
55530,0,0,0,0,0,0,0,0
105379343,0,0,0,0,0,0,0,0
101927797,0,0,0,0,0,0,0,0
84676,0,0,0,0,0,0,0,0
127,0,0,0,0,0,0,0,0
124901546,0,0,0,0,0,0,0,0
566,0,0,0,0,0,0,0,0
102723483,0,0,0,0,0,0,0,0
124903561,0,0,0,0,0,0,0,0
105378696,0,0,0,0,0,0,0,0
8346,0,0,0,0,0,0,0,0
105378697,0,0,0,0,0,0,0,0
1791,0,0,0,0,0,0,0,0
124902639,0,0,0,0,0,0,0,0
7240,0,0,0,0,0,0,0,0
100130676,0,0,0,0,0,0,0,0
654499,0,0,0,0,0,0,0,0
124902263,0,0,0,0,0,0,0,0
124903918,0,0,0,0,0,0,0,0
101929202,0,0,0,0,0,0,0,0
124903006,0,0,0,0,0,0,0,0
124907824,0,0,0,0,0,0,0,0
105374841,0,0,0,0,0,0,0,0
124909474,0,0,0,0,0,0,0,0
124904542,0,0,0,0,0,0,0,0
767811,0,0,0,0,0,0,0,0
259296,0,0,0,0,0,0,0,0
100288533,0,0,0,0,0,0,0,0
100862665,0,0,0,0,0,0,0,0
449491,0,0,0,0,0,0,0,0
105377880,0,0,0,0,0,0,0,0
105377211,0,0,0,0,0,0,0,0
124901752,0,0,0,0,0,0,0,0
105371449,0,0,0,0,0,0,0,0
100506606,0,0,0,0,0,0,0,0
100128944,0,0,0,0,0,0,0,0
105374810,0,0,0,0,0,0,0,0
107987191,0,0,0,0,0,0,0,0
4951,0,0,0,0,0,0,0,0
116933,0,0,0,0,0,0,0,0
105376131,0,0,0,0,0,0,0,0
124907981,0,0,0,0,0,0,0,0
4634,0,0,0,0,0,0,0,0
100131725,0,0,0,0,0,0,0,0
168741,0,0,0,0,0,0,0,0
80078,0,0,0,0,0,0,0,0
124903545,0,0,0,0,0,0,0,0
101927596,0,0,0,0,0,0,0,0
6359,0,0,0,0,0,0,0,0
149699,0,0,0,0,0,0,0,0
5512,0,0,0,0,0,0,0,0
100130067,0,0,0,0,0,0,0,0
107986345,0,0,0,0,0,0,0,0
125177376,0,0,0,0,0,0,0,0
100510710,0,0,0,0,0,0,0,0
105374003,0,0,0,0,0,0,0,0
124901952,0,0,0,0,0,0,0,0
100270896,0,0,0,0,0,0,0,0
105375179,0,0,0,0,0,0,0,0
101929110,0,0,0,0,0,0,0,0
79290,0,0,0,0,0,0,0,0
100874006,0,0,0,0,0,0,0,0
124900437,0,0,0,0,0,0,0,0
54979,0,0,0,0,0,0,0,0
105378890,0,0,0,0,0,0,0,0
102723465,0,0,0,0,0,0,0,0
106478921,0,0,0,0,0,0,0,0
30848,0,0,0,0,0,0,0,0
54112,0,0,0,0,0,0,0,0
105370500,0,0,0,0,0,0,0,0
105372269,0,0,0,0,0,0,0,0
124904095,0,0,0,0,0,0,0,0
105372555,0,0,0,0,0,0,0,0
101928682,0,0,0,0,0,0,0,0
107987121,0,0,0,0,0,0,0,0
124903894,0,0,0,0,0,0,0,0
105374007,0,0,0,0,0,0,0,0
124900999,0,0,0,0,0,0,0,0
105377400,0,0,0,0,0,0,0,0
101929395,0,0,0,0,0,0,0,0
613126,0,0,0,0,0,0,0,0
79168,0,0,0,0,0,0,0,0
100189203,0,0,0,0,0,0,0,0
100132116,0,0,0,0,0,0,0,0
727940,0,0,0,0,0,0,0,0
3439,0,0,0,0,0,0,0,0
101929601,0,0,0,0,0,0,0,0
221472,0,0,0,0,0,0,0,0
124905535,0,0,0,0,0,0,0,0
238,0,0,0,0,0,0,0,0
6039,0,0,0,0,0,0,0,0
105370194,0,0,0,0,0,0,0,0
326627,0,0,0,0,0,0,0,0
124903938,0,0,0,0,0,0,0,0
148741,0,0,0,0,0,0,0,0
105369914,0,0,0,0,0,0,0,0
57151,0,0,0,0,0,0,0,0
105379227,0,0,0,0,0,0,0,0
121847981,0,0,0,0,0,0,0,0
105378012,0,0,0,0,0,0,0,0
105377622,0,0,0,0,0,0,0,0
106480553,0,0,0,0,0,0,0,0
102723436,0,0,0,0,0,0,0,0
102724750,0,0,0,0,0,0,0,0
105374365,0,0,0,0,0,0,0,0
374569,0,0,0,0,0,0,0,0
100289280,0,0,0,0,0,0,0,0
653657,0,0,0,0,0,0,0,0
124905206,0,0,0,0,0,0,0,0
124902251,0,0,0,0,0,0,0,0
270,0,0,0,0,0,0,0,0
79541,0,0,0,0,0,0,0,0
105371256,0,0,0,0,0,0,0,0
646643,0,0,0,0,0,0,0,0
105379257,0,0,0,0,0,0,0,0
643228,0,0,0,0,0,0,0,0
107985323,0,0,0,0,0,0,0,0
113218501,0,0,0,0,0,0,0,0
344805,0,0,0,0,0,0,0,0
100132090,0,0,0,0,0,0,0,0
106481169,0,0,0,0,0,0,0,0
7476,0,0,0,0,0,0,0,0
96597,0,0,0,0,0,0,0,0
124909365,0,0,0,0,0,0,0,0
100310756,0,0,0,0,0,0,0,0
340152,0,0,0,0,0,0,0,0
8399,0,0,0,0,0,0,0,0
102724810,0,0,0,0,0,0,0,0
100129603,0,0,0,0,0,0,0,0
107985994,0,0,0,0,0,0,0,0
124901530,0,0,0,0,0,0,0,0
121233924,0,0,0,0,0,0,0,0
124902569,0,0,0,0,0,0,0,0
388407,0,0,0,0,0,0,0,0
100287036,0,0,0,0,0,0,0,0
100507140,0,0,0,0,0,0,0,0
221188,0,0,0,0,0,0,0,0
105378416,0,0,0,0,0,0,0,0
124900447,0,0,0,0,0,0,0,0
105375186,0,0,0,0,0,0,0,0
93273,0,0,0,0,0,0,0,0
284203,0,0,0,0,0,0,0,0
124902632,0,0,0,0,0,0,0,0
107984798,0,0,0,0,0,0,0,0
124900784,0,0,0,0,0,0,0,0
442117,0,0,0,0,0,0,0,0
3172,0,0,0,0,0,0,0,0
23040,0,0,0,0,0,0,0,0
124904949,0,0,0,0,0,0,0,0
124902806,0,0,0,0,0,0,0,0
100616430,0,0,0,0,0,0,0,0
1330,0,0,0,0,0,0,0,0
101929623,0,0,0,0,0,0,0,0
103752588,0,0,0,0,0,0,0,0
149095,0,0,0,0,0,0,0,0
150000,0,0,0,0,0,0,0,0
107986338,0,0,0,0,0,0,0,0
100507257,0,0,0,0,0,0,0,0
124906313,0,0,0,0,0,0,0,0
124904237,0,0,0,0,0,0,0,0
124905119,0,0,0,0,0,0,0,0
107984471,0,0,0,0,0,0,0,0
100507300,0,0,0,0,0,0,0,0
105378360,0,0,0,0,0,0,0,0
105371874,0,0,0,0,0,0,0,0
105378719,0,0,0,0,0,0,0,0
124903646,0,0,0,0,0,0,0,0
124903727,0,0,0,0,0,0,0,0
105378543,0,0,0,0,0,0,0,0
284930,0,0,0,0,0,0,0,0
107985124,0,0,0,0,0,0,0,0
105376095,0,0,0,0,0,0,0,0
196549,0,0,0,0,0,0,0,0
110806296,0,0,0,0,0,0,0,0
100270917,0,0,0,0,0,0,0,0
105373949,0,0,0,0,0,0,0,0
124909432,0,0,0,0,0,0,0,0
124902619,0,0,0,0,0,0,0,0
107985890,0,0,0,0,0,0,0,0
100859921,0,0,0,0,0,0,0,0
105372738,0,0,0,0,0,0,0,0
124905111,0,0,0,0,0,0,0,0
102465506,0,0,0,0,0,0,0,0
100189048,0,0,0,0,0,0,0,0
10214,0,0,0,0,0,0,0,0
124900669,0,0,0,0,0,0,0,0
29944,0,0,0,0,0,0,0,0
100421925,0,0,0,0,0,0,0,0
107984334,0,0,0,0,0,0,0,0
107984893,0,0,0,0,0,0,0,0
100135064,0,0,0,0,0,0,0,0
105372225,0,0,0,0,0,0,0,0
55200,0,0,0,0,0,0,0,0
124905364,0,0,0,0,0,0,0,0
124905223,0,0,0,0,0,0,0,0
105378009,0,0,0,0,0,0,0,0
105375624,0,0,0,0,0,0,0,0
246,0,0,0,0,0,0,0,0
644619,0,0,0,0,0,0,0,0
115482723,0,0,0,0,0,0,0,0
2208,0,0,0,0,0,0,0,0
124903939,0,0,0,0,0,0,0,0
105374421,0,0,0,0,0,0,0,0
124902107,0,0,0,0,0,0,0,0
105378766,0,0,0,0,0,0,0,0
260337,0,0,0,0,0,0,0,0
124904552,0,0,0,0,0,0,0,0
124904936,0,0,0,0,0,0,0,0
1418,0,0,0,0,0,0,0,0
101929586,0,0,0,0,0,0,0,0
105376134,0,0,0,0,0,0,0,0
102725227,0,0,0,0,0,0,0,0
135656,0,0,0,0,0,0,0,0
106480643,0,0,0,0,0,0,0,0
407050,0,0,0,0,0,0,0,0
107987122,0,0,0,0,0,0,0,0
147138,0,0,0,0,0,0,0,0
105377690,0,0,0,0,0,0,0,0
22917,0,0,0,0,0,0,0,0
105370231,0,0,0,0,0,0,0,0
124904375,0,0,0,0,0,0,0,0
574538,0,0,0,0,0,0,0,0
101929269,0,0,0,0,0,0,0,0
123103,0,0,0,0,0,0,0,0
102724711,0,0,0,0,0,0,0,0
124902482,0,0,0,0,0,0,0,0
124902244,0,0,0,0,0,0,0,0
124901675,0,0,0,0,0,0,0,0
103752587,0,0,0,0,0,0,0,0
106479303,0,0,0,0,0,0,0,0
109616968,0,0,0,0,0,0,0,0
107984578,0,0,0,0,0,0,0,0
105375370,0,0,0,0,0,0,0,0
124903451,0,0,0,0,0,0,0,0
129868,0,0,0,0,0,0,0,0
28681,0,0,0,0,0,0,0,0
124902118,0,0,0,0,0,0,0,0
102725035,0,0,0,0,0,0,0,0
100874055,0,0,0,0,0,0,0,0
105375933,0,0,0,0,0,0,0,0
124902951,0,0,0,0,0,0,0,0
105374069,0,0,0,0,0,0,0,0
241,0,0,0,0,0,0,0,0
105371354,0,0,0,0,0,0,0,0
101928399,0,0,0,0,0,0,0,0
10,0,0,0,0,0,0,0,0
100616384,0,0,0,0,0,0,0,0
2191,0,0,0,0,0,0,0,0
124900514,0,0,0,0,0,0,0,0
57402,0,0,0,0,0,0,0,0
124900169,0,0,0,0,0,0,0,0
105370431,0,0,0,0,0,0,0,0
101929104,0,0,0,0,0,0,0,0
2689,0,0,0,0,0,0,0,0
105379413,0,0,0,0,0,0,0,0
105377663,0,0,0,0,0,0,0,0
100616202,0,0,0,0,0,0,0,0
105375746,0,0,0,0,0,0,0,0
100421309,0,0,0,0,0,0,0,0
124903695,0,0,0,0,0,0,0,0
105370364,0,0,0,0,0,0,0,0
284110,0,0,0,0,0,0,0,0
594837,0,0,0,0,0,0,0,0
124905216,0,0,0,0,0,0,0,0
124901731,0,0,0,0,0,0,0,0
105372424,0,0,0,0,0,0,0,0
100313962,0,0,0,0,0,0,0,0
105371761,0,0,0,0,0,0,0,0
153745,0,0,0,0,0,0,0,0
100101111,0,0,0,0,0,0,0,0
648691,0,0,0,0,0,0,0,0
105374179,0,0,0,0,0,0,0,0
107985086,0,0,0,0,0,0,0,0
105372212,0,0,0,0,0,0,0,0
119467,0,0,0,0,0,0,0,0
105379040,0,0,0,0,0,0,0,0
124900218,0,0,0,0,0,0,0,0
693220,0,0,0,0,0,0,0,0
654463,0,0,0,0,0,0,0,0
124904836,0,0,0,0,0,0,0,0
105370485,0,0,0,0,0,0,0,0
646625,0,0,0,0,0,0,0,0
124904075,0,0,0,0,0,0,0,0
105372979,0,0,0,0,0,0,0,0
105377581,0,0,0,0,0,0,0,0
164312,0,0,0,0,0,0,0,0
50674,0,0,0,0,0,0,0,0
101929227,0,0,0,0,0,0,0,0
10586,0,0,0,0,0,0,0,0
100131047,0,0,0,0,0,0,0,0
100421513,0,0,0,0,0,0,0,0
107986767,0,0,0,0,0,0,0,0
390403,0,0,0,0,0,0,0,0
105371619,0,0,0,0,0,0,0,0
1419,0,0,0,0,0,0,0,0
100379300,0,0,0,0,0,0,0,0
124902562,0,0,0,0,0,0,0,0
105372061,0,0,0,0,0,0,0,0
124903839,0,0,0,0,0,0,0,0
105375688,0,0,0,0,0,0,0,0
105375676,0,0,0,0,0,0,0,0
140711,0,0,0,0,0,0,0,0
107986021,0,0,0,0,0,0,0,0
105372962,0,0,0,0,0,0,0,0
100132626,0,0,0,0,0,0,0,0
105370113,0,0,0,0,0,0,0,0
100126584,0,0,0,0,0,0,0,0
124905209,0,0,0,0,0,0,0,0
124900676,0,0,0,0,0,0,0,0
105371168,0,0,0,0,0,0,0,0
124902556,0,0,0,0,0,0,0,0
105369329,0,0,0,0,0,0,0,0
124904612,0,0,0,0,0,0,0,0
101929080,0,0,0,0,0,0,0,0
93233,0,0,0,0,0,0,0,0
107985018,0,0,0,0,0,0,0,0
124904438,0,0,0,0,0,0,0,0
4490,0,0,0,0,0,0,0,0
124904465,0,0,0,0,0,0,0,0
646030,0,0,0,0,0,0,0,0
102216268,0,0,0,0,0,0,0,0
105378078,0,0,0,0,0,0,0,0
79722,0,0,0,0,0,0,0,0
107986249,0,0,0,0,0,0,0,0
125775240,0,0,0,0,0,0,0,0
105371583,0,0,0,0,0,0,0,0
100422922,0,0,0,0,0,0,0,0
644871,0,0,0,0,0,0,0,0
105376675,0,0,0,0,0,0,0,0
9047,0,0,0,0,0,0,0,0
2615,0,0,0,0,0,0,0,0
11279,0,0,0,0,0,0,0,0
280664,0,0,0,0,0,0,0,0
388946,0,0,0,0,0,0,0,0
100287063,0,0,0,0,0,0,0,0
653499,0,0,0,0,0,0,0,0
124907989,0,0,0,0,0,0,0,0
105374024,0,0,0,0,0,0,0,0
105371967,0,0,0,0,0,0,0,0
8456,0,0,0,0,0,0,0,0
101928101,0,0,0,0,0,0,0,0
649159,0,0,0,0,0,0,0,0
1557,0,0,0,0,0,0,0,0
100874107,0,0,0,0,0,0,0,0
100170765,0,0,0,0,0,0,0,0
105369367,0,0,0,0,0,0,0,0
107987129,0,0,0,0,0,0,0,0
15,0,0,0,0,0,0,0,0
341350,0,0,0,0,0,0,0,0
101928462,0,0,0,0,0,0,0,0
124904106,0,0,0,0,0,0,0,0
100507244,0,0,0,0,0,0,0,0
102723896,0,0,0,0,0,0,0,0
394263,0,0,0,0,0,0,0,0
101927344,0,0,0,0,0,0,0,0
100131655,0,0,0,0,0,0,0,0
124900488,0,0,0,0,0,0,0,1
100996583,0,0,0,0,0,0,0,1
100131094,0,0,0,0,0,0,0,1
124909436,0,0,0,0,0,0,0,1
102724165,0,0,0,0,0,0,0,1
105373693,0,0,0,0,0,0,0,1
123706506,0,0,0,0,0,0,0,1
100885778,0,0,0,0,0,0,0,1
105374719,0,0,0,0,0,0,0,1
647481,0,0,0,0,0,0,0,1
105372104,0,0,0,0,0,0,0,1
124901769,0,0,0,0,0,0,0,1
101927295,0,0,0,0,0,0,0,1
124906105,0,0,0,0,0,0,0,1
124900272,0,0,0,0,0,0,0,1
80975,0,0,0,0,0,0,0,1
283847,0,0,0,0,0,0,0,1
124905536,0,0,0,0,0,0,0,1
100132677,0,0,0,0,0,0,0,2
102723839,0,0,0,0,0,0,0,1
4838,0,0,0,0,0,0,0,1
105377363,0,0,0,0,0,0,0,1
146795,0,0,0,0,0,0,0,1
253264,0,0,0,0,0,0,0,1
124901046,0,0,0,0,0,0,0,1
340096,0,0,0,0,0,0,0,1
1454,0,0,0,0,0,0,0,1
124907784,0,0,0,0,0,0,0,1
26664,0,0,0,0,0,0,0,1
718,0,0,0,0,0,0,0,1
100505920,0,0,0,0,0,0,0,1
27296,0,0,0,0,0,0,0,1
105379234,0,0,0,0,0,0,0,1
105378626,0,0,0,0,0,0,0,1
124906022,0,0,0,0,0,0,0,1
101929765,0,0,0,0,0,0,0,2
5276,0,0,0,0,0,0,0,1
246213,0,0,0,0,0,0,0,1
105372853,0,0,0,0,0,0,0,1
124902896,0,0,0,0,0,0,0,1
124904043,0,0,0,0,0,0,0,1
106479763,0,0,0,0,0,0,0,1
200025,0,0,0,0,0,0,0,3
105378714,0,0,0,0,0,0,0,1
647015,0,0,0,0,0,0,0,1
112267858,0,0,0,0,0,0,0,1
84439,0,0,0,0,0,0,0,1
101927401,0,0,0,0,0,0,0,1
254268,0,0,0,0,0,0,0,1
100127967,0,0,0,0,0,0,0,1
9104,0,0,0,0,0,0,0,2
606724,0,0,0,0,0,0,0,1
124902406,0,0,0,0,0,0,0,1
644189,0,0,0,0,0,0,0,1
285286,0,0,0,0,0,0,0,1
326293,0,0,0,0,0,0,0,1
6718,0,0,0,0,0,0,0,1
102467147,0,0,0,0,0,0,0,1
105370524,0,0,0,0,0,0,0,1
1436,0,0,0,0,0,0,0,1
881,0,0,0,0,0,0,0,0
10203,0,0,0,0,0,0,0,1
114182,0,0,0,0,0,0,0,3
124904685,0,0,0,0,0,0,0,1
100288580,0,0,0,0,0,0,0,1
105375815,0,0,0,0,0,0,0,1
105378316,0,0,0,0,0,0,0,2
106480341,0,0,0,0,0,0,0,1
401561,0,0,0,0,0,0,0,1
105379516,0,0,0,0,0,0,0,1
124903601,0,0,0,0,0,0,0,1
9153,0,0,0,0,0,0,0,1
107986399,0,0,0,0,0,0,0,1
124909495,0,0,0,0,0,0,0,1
55584,0,0,0,0,0,0,0,1
105374640,0,0,0,0,0,0,0,1
107986623,0,0,0,0,0,0,0,2
105375187,0,0,0,0,0,0,0,1
7058,0,0,0,0,0,0,0,1
106481138,0,0,0,0,0,0,0,1
124906284,0,0,0,0,0,0,0,1
414194,0,0,0,0,0,0,0,1
105379050,0,0,0,0,0,0,0,1
124904083,0,0,0,0,0,0,0,1
5266,0,0,0,0,0,0,0,1
3502,0,0,0,0,0,0,0,0
259236,0,0,0,0,0,0,0,1
105370922,0,0,0,0,0,0,0,1
124902190,0,0,0,0,0,0,0,1
60598,0,0,0,0,0,0,0,1
105378841,0,0,0,0,0,0,0,1
105369808,0,0,0,0,0,0,0,1
105373480,0,0,0,0,0,0,0,1
105377861,0,0,0,0,0,0,0,1
105374159,0,0,0,0,0,0,0,1
124900366,0,0,0,0,0,0,0,1
107984006,0,0,0,0,0,0,0,1
107985325,0,0,0,0,0,0,0,1
143379,0,0,0,0,0,0,0,1
124901448,0,0,0,0,0,0,0,1
100128948,0,0,0,0,0,0,0,1
441783,0,0,0,0,0,0,0,3
140683,0,0,0,0,0,0,0,1
124900747,0,0,0,0,0,0,0,1
105375217,0,0,0,0,0,0,0,1
123706543,0,0,0,0,0,0,0,1
124903292,0,0,0,0,0,0,0,1
112268182,0,0,0,0,0,0,0,1
22829,0,0,0,0,0,0,0,1
647190,0,0,0,0,0,0,0,1
100506271,0,0,0,0,0,0,0,1
124903496,0,0,0,0,0,0,0,1
105377100,0,0,0,0,0,0,0,1
399716,0,0,0,0,0,0,0,1
387357,0,0,0,0,0,0,0,0
100532737,0,0,0,0,0,0,0,1
105378732,0,0,0,0,0,0,0,1
100506020,0,0,0,0,0,0,0,2
105370614,0,0,0,0,0,0,0,1
123466204,0,0,0,0,0,0,0,1
338005,0,0,0,0,0,0,0,1
124901815,0,0,0,0,0,0,0,1
107986330,0,0,0,0,0,0,0,1
105378039,0,0,0,0,0,0,0,1
164153,0,0,0,0,0,0,0,1
392288,0,0,0,0,0,0,0,1
102723809,0,0,0,0,0,0,0,1
124904649,0,0,0,0,0,0,0,1
100506272,0,0,0,0,0,0,0,1
399959,0,0,0,0,0,0,0,1
100874309,0,0,0,0,0,0,0,2
285847,0,0,0,0,0,0,0,1
105371079,0,0,0,0,0,0,0,1
339256,0,0,0,0,0,0,0,1
442245,0,0,0,0,0,0,0,1
100128183,0,0,0,0,0,0,0,1
102723795,0,0,0,0,0,0,0,1
83740,0,0,0,0,0,0,0,1
106479794,0,0,0,0,0,0,0,1
107986747,0,0,0,0,0,0,0,1
348303,0,0,0,0,0,0,0,1
124909340,0,0,0,0,0,0,0,1
124903459,0,0,0,0,0,0,0,0
124902188,0,0,0,0,0,0,0,1
105378937,0,0,0,0,0,0,0,1
102723933,0,0,0,0,0,0,0,1
6753,0,0,0,0,0,0,0,1
124901098,0,0,0,0,0,0,0,1
105373887,0,0,0,0,0,0,0,1
55586,0,0,0,0,0,0,0,1
101927761,0,0,0,0,0,0,0,1
109616961,0,0,0,0,0,0,0,2
107984268,0,0,0,0,0,0,0,1
101927126,0,0,0,0,0,0,0,1
574508,0,0,0,0,0,0,0,1
124905110,0,0,0,0,0,0,0,1
105377672,0,0,0,0,0,0,0,1
124901621,0,0,0,0,0,0,0,1
102724652,0,0,0,0,0,0,0,1
102723663,0,0,0,0,0,0,0,1
101929230,0,0,0,0,0,0,0,1
105372685,0,0,0,0,0,0,0,1
105376292,0,0,0,0,0,0,0,1
100287837,0,0,0,0,0,0,0,1
124903327,0,0,0,0,0,0,0,1
340508,0,0,0,0,0,0,0,1
124905986,0,0,0,0,0,0,0,1
401002,0,0,0,0,0,0,1,0
378925,0,0,0,0,0,0,0,0
100288739,0,0,0,0,0,0,1,0
100189155,0,0,0,0,0,0,1,0
124900285,0,0,0,0,0,0,1,0
100129316,0,0,0,0,0,0,1,1
101928350,0,0,0,0,0,0,1,0
729233,0,0,0,0,0,0,1,0
105371406,0,0,0,0,0,0,1,0
107984960,0,0,0,0,0,0,1,0
105376923,0,0,0,0,0,0,1,0
727682,0,0,0,0,0,0,1,0
8838,0,0,0,0,0,0,1,0
105369343,0,0,0,0,0,0,1,0
574406,0,0,0,0,0,0,1,0
100874374,0,0,0,0,0,0,1,0
107985345,0,0,0,0,0,0,1,0
124905445,0,0,0,0,0,0,1,0
100124540,0,0,0,0,0,0,1,0
101929660,0,0,0,0,0,0,1,0
54048,0,0,0,0,0,0,1,0
124903397,0,0,0,0,0,0,1,1
100124536,0,0,0,0,0,0,1,0
339059,0,0,0,0,0,0,1,0
101928126,0,0,0,0,0,0,1,0
246285,0,0,0,0,0,0,1,0
105375337,0,0,0,0,0,0,1,0
105370205,0,0,0,0,0,0,2,0
100862662,0,0,0,0,0,0,1,0
105370035,0,0,0,0,0,0,1,0
124902526,0,0,0,0,0,0,0,0
100129265,0,0,0,0,0,0,1,0
124902305,0,0,0,0,0,0,1,0
124906237,0,0,0,0,0,0,1,0
57057,0,0,0,0,0,0,1,0
80835,0,0,0,0,0,0,2,0
124905345,0,0,0,0,0,0,1,0
105370518,0,0,0,0,0,0,1,0
100189170,0,0,0,0,0,0,1,0
102724734,0,0,0,0,0,0,0,0
9964,0,0,0,0,0,0,1,0
345193,0,0,0,0,0,0,1,0
124903079,0,0,0,0,0,0,0,0
107985077,0,0,0,0,0,0,1,0
124901717,0,0,0,0,0,0,1,1
23742,0,0,0,0,0,0,0,0
124902137,0,0,0,0,0,0,1,0
105369781,0,0,0,0,0,0,1,1
124902768,0,0,0,0,0,0,2,1
107985276,0,0,0,0,0,0,1,1
1128,0,0,0,0,0,0,1,0
644403,0,0,0,0,0,0,1,0
105377520,0,0,0,0,0,0,1,0
200008,0,0,0,0,0,0,1,2
105369744,0,0,0,0,0,0,1,0
100189030,0,0,0,0,0,0,1,1
100189314,0,0,0,0,0,0,1,0
339521,0,0,0,0,0,0,1,0
112268303,0,0,0,0,0,0,1,0
399495,0,0,0,0,0,0,1,0
124905571,0,0,0,0,0,0,1,0
401387,0,0,0,0,0,0,1,0
26787,0,0,0,0,0,0,0,0
124904961,0,0,0,0,0,0,1,0
105376863,0,0,0,0,0,0,1,0
124904932,0,0,0,0,0,0,1,0
124902780,0,0,0,0,0,0,1,0
124902140,0,0,0,0,0,0,1,0
926,0,0,0,0,0,0,1,0
101929378,0,0,0,0,0,0,1,0
401007,0,0,0,0,0,0,1,0
124906102,0,0,0,0,0,0,0,0
338653,0,0,0,0,0,0,1,0
84107,0,0,0,0,0,0,1,0
105377805,0,0,0,0,0,0,1,0
105376017,0,0,0,0,0,0,1,0
645940,0,0,0,0,0,0,1,0
729654,0,0,0,0,0,0,1,0
400221,0,0,0,0,0,0,1,1
80868,0,0,0,0,0,0,1,0
390627,0,0,0,0,0,0,1,0
100189235,0,0,0,0,0,0,1,0
112267976,0,0,0,0,0,0,0,0
100874112,0,0,0,0,0,0,1,0
5010,0,0,0,0,0,0,2,0
124902991,0,0,0,0,0,0,0,1
124901506,0,0,0,0,0,0,1,0
124902758,0,0,0,0,0,0,1,0
124903515,0,0,0,0,0,0,1,0
7233,0,0,0,0,0,0,1,0
4325,0,0,0,0,0,0,1,0
100128218,0,0,0,0,0,0,1,0
106479639,0,0,0,0,0,0,0,1
101928311,0,0,0,0,0,0,1,0
100189267,0,0,0,0,0,0,0,0
100129714,0,0,0,0,0,0,1,0
90865,0,0,0,0,0,0,1,0
100506622,0,0,0,0,0,0,1,0
406949,0,0,0,0,0,0,1,0
100128327,0,0,0,0,0,0,1,0
105370469,0,0,0,0,0,0,2,0
124901905,0,0,0,0,0,0,1,0
105376673,0,0,0,0,0,0,1,0
677826,0,0,0,0,0,0,2,2
124906021,0,0,0,0,0,0,0,0
124906359,0,0,0,0,0,0,1,0
107985582,0,0,0,0,0,0,1,0
401428,0,0,0,0,0,0,1,0
105373234,0,0,0,0,0,0,1,0
100301521,0,0,0,0,0,0,1,0
107984859,0,0,0,0,0,0,0,0
124905195,0,0,0,0,0,0,1,0
105379807,0,0,0,0,0,0,1,0
105372564,0,0,0,0,0,0,1,0
105370173,0,0,0,0,0,0,1,0
100873990,0,0,0,0,0,0,1,0
1406,0,0,0,0,0,0,1,0
54900,0,0,0,0,0,0,0,0
101929179,0,0,0,0,0,0,1,0
342850,0,0,0,0,0,0,1,1
124901730,0,0,0,0,0,0,1,0
100287630,0,0,0,0,0,0,1,0
107986012,0,0,0,0,0,0,1,0
124901513,0,0,0,0,0,0,1,0
101154643,0,0,0,0,0,0,1,1
2248,0,0,0,0,0,0,1,0
124905972,0,0,0,0,0,0,1,0
724087,0,0,0,0,0,0,1,0
124903950,0,0,0,0,0,0,1,0
1558,0,0,0,0,0,0,1,0
102723305,0,0,0,0,0,0,1,0
105377923,0,0,0,0,0,0,1,0
105373608,0,0,0,0,0,0,1,0
3078,0,0,0,0,0,0,1,0
390843,0,0,0,0,0,0,1,0
105372883,0,0,0,0,0,0,1,0
121832811,0,0,0,0,0,0,1,0
1608,0,0,0,0,0,0,2,0
107985074,0,0,0,0,0,0,1,0
101929151,0,0,0,0,0,0,1,0
201516,0,0,0,0,0,0,2,0
57091,0,0,0,0,0,0,1,0
105372959,0,0,0,0,0,0,1,0
414764,0,0,0,0,0,0,1,0
124902033,0,0,0,0,0,0,1,0
338917,0,0,0,0,0,0,1,0
7661,0,0,0,0,0,0,1,0
100874515,0,0,0,0,0,0,1,0
121832805,0,0,0,0,0,0,1,0
652978,0,0,0,0,0,0,2,0
106479546,0,0,0,0,0,0,1,0
124903946,0,0,0,0,0,0,1,0
123464515,0,0,0,0,0,0,1,0
100422832,0,0,0,0,0,0,1,0
124900642,0,0,0,0,0,0,1,0
100189042,0,0,0,0,0,0,0,0
124902338,0,0,0,0,0,0,1,0
102724047,0,0,0,0,0,1,0,0
84106,0,0,0,0,0,2,0,0
645877,0,0,0,0,0,1,0,0
124906314,0,0,0,0,0,2,0,0
105374846,0,0,0,0,0,1,0,0
105376334,0,0,0,0,0,1,0,0
106479274,0,0,0,0,0,1,0,0
100189171,0,0,0,0,0,1,0,0
124904222,0,0,0,0,0,1,0,0
124900968,0,0,0,0,0,0,0,0
340273,0,0,0,0,0,2,0,0
107984823,0,0,0,0,0,0,0,0
203,0,0,0,0,0,1,0,1
284546,0,0,0,0,0,1,0,0
105682749,0,0,0,0,0,1,0,0
124902873,0,0,0,0,0,0,0,0
3627,0,0,0,0,0,1,0,1
3589,0,0,0,0,0,1,0,2
107984540,0,0,0,0,0,1,0,0
359787,0,0,0,0,0,1,0,0
124903309,0,0,0,0,0,1,0,0
441642,0,0,0,0,0,2,1,1
100510709,0,0,0,0,0,2,1,1
3739,0,0,0,0,0,1,0,0
23752,0,0,0,0,0,0,0,0
100128770,0,0,0,0,0,1,0,0
4111,0,0,0,0,0,1,0,0
101927040,0,0,0,0,0,1,0,0
105374745,0,0,0,0,0,1,0,0
101928849,0,0,0,0,0,1,0,0
124902499,0,0,0,0,0,2,0,0
105370013,0,0,0,0,0,1,0,0
100130002,0,0,0,0,0,1,0,0
128966718,0,0,0,0,0,1,0,0
124903317,0,0,0,0,0,1,0,0
285084,0,0,0,0,0,1,0,0
199964,0,0,0,0,0,1,0,0
118421,0,0,0,0,0,1,0,0
105373377,0,0,0,0,0,0,0,0
124903357,0,0,0,0,0,1,0,0
100885775,0,0,0,0,0,1,0,0
124901148,0,0,0,0,0,1,0,0
112268418,0,0,0,0,0,1,0,0
401024,0,0,0,0,0,1,0,0
124901128,0,0,0,0,0,1,0,0
101927084,0,0,0,0,0,1,0,0
100189164,0,0,0,0,0,1,0,0
26853,0,0,0,0,0,1,0,0
124901156,0,0,0,0,0,1,0,0
122149303,0,0,0,0,0,1,0,0
124900534,0,0,0,0,0,1,0,0
124904849,0,0,0,0,0,1,0,0
10316,0,0,0,0,0,1,0,0
162998,0,0,0,0,0,1,0,0
107985880,0,0,0,0,0,1,0,0
451,0,0,0,0,0,1,0,0
124903511,0,0,0,0,0,1,0,0
139212,0,0,0,0,0,1,0,0
105370559,0,0,0,0,0,1,0,0
5407,0,0,0,0,0,0,0,0
9086,0,0,0,0,0,0,1,0
124909381,0,0,0,0,0,1,0,1
124901246,0,0,0,0,0,1,0,0
10551,0,0,0,0,0,2,0,1
10562,0,0,0,0,0,1,0,0
100302125,0,0,0,0,0,1,0,0
100874031,0,0,0,0,0,1,0,0
107986328,0,0,0,0,0,1,0,0
105374251,0,0,0,0,0,1,0,0
105378419,0,0,0,0,0,1,0,0
106481004,0,0,0,0,0,1,0,0
105374591,0,0,0,0,0,1,0,0
27128,0,0,0,0,0,0,0,0
105369812,0,0,0,0,0,1,0,0
124901397,0,0,0,0,0,1,0,0
124907502,0,0,0,0,0,1,0,0
100189084,0,0,0,0,0,1,1,1
124900773,0,0,0,0,0,0,0,0
3859,0,0,0,0,0,1,0,0
124902731,0,0,0,0,0,1,0,0
157739,0,0,0,0,0,1,1,0
100129340,0,0,0,0,0,1,0,0
105379091,0,0,0,0,0,1,0,0
503632,0,0,0,0,0,1,1,0
677790,0,0,0,0,0,1,0,0
124900356,0,0,0,0,0,1,0,0
101929577,0,0,0,0,0,1,0,0
124903747,0,0,0,0,0,1,0,0
100130064,0,0,0,0,0,1,0,0
1080,0,0,0,0,0,1,0,0
105372901,0,0,0,0,0,1,0,0
106478923,0,0,0,0,0,1,0,0
284067,0,0,0,0,0,1,1,0
124903220,0,0,0,0,0,1,0,0
112268445,0,0,0,0,0,0,0,0
105369811,0,0,0,0,0,1,0,0
106480429,0,0,0,0,0,1,0,0
645954,0,0,0,0,0,1,0,0
100996325,0,0,0,0,0,1,0,0
27151,0,0,0,0,0,1,0,0
124903456,0,0,0,0,0,1,0,0
6539,0,0,0,0,0,1,0,0
100874033,0,0,0,0,0,1,0,0
102724637,0,0,0,0,0,1,0,0
11122,0,0,0,0,0,1,0,1
105378447,0,0,0,0,0,1,0,0
109729161,0,0,0,0,0,1,0,0
103157000,0,0,0,0,0,1,1,0
100128603,0,0,0,0,0,1,0,0
102723323,0,0,0,0,0,1,0,0
107986847,0,0,0,0,0,2,0,0
63915,0,0,0,0,0,2,0,0
105371960,0,0,0,0,0,1,0,0
106479229,0,0,0,0,0,1,0,1
414768,0,0,0,0,0,1,0,0
9576,0,0,0,0,0,1,0,1
374355,0,0,0,0,0,1,0,0
124907873,0,0,0,0,0,1,1,0
731223,0,0,0,0,0,1,0,0
441132,0,0,0,0,0,1,1,1
124904896,0,0,0,0,0,1,0,0
107984393,0,0,0,0,0,1,0,0
124904047,0,0,0,0,0,1,0,0
407,0,0,0,0,0,0,0,0
124900726,0,0,0,0,0,1,0,0
100288077,0,0,0,0,0,1,0,0
107986476,0,0,0,0,0,1,0,0
349158,0,0,0,0,0,1,1,0
389114,0,0,0,0,0,1,0,1
107986809,0,0,0,0,0,1,0,0
107984763,0,0,0,0,0,1,0,0
353149,0,0,0,0,0,1,0,0
27287,0,0,0,0,0,1,0,0
105375938,0,0,0,0,0,2,0,1
730023,0,0,0,0,0,1,0,0
100169834,0,0,0,0,0,1,0,2
100189279,0,0,0,0,0,1,0,0
9705,0,0,0,0,0,1,0,0
106479175,0,0,0,0,0,0,0,0
105371473,0,0,0,0,0,1,0,0
105377937,0,0,0,0,0,1,0,0
105370790,0,0,0,0,0,1,0,0
8532,0,0,0,0,0,1,0,1
107984265,0,0,0,0,0,1,0,0
152330,0,0,0,0,0,1,0,0
107986942,0,0,0,0,0,1,0,0
2159,0,0,0,0,0,1,0,1
30846,0,0,0,0,0,1,0,0
124909440,0,0,0,0,0,1,0,0
101929798,0,0,0,0,0,1,0,0
124906004,0,0,0,0,0,1,0,0
124904624,0,0,0,0,0,1,0,0
105376196,0,0,0,0,0,1,0,1
124903121,0,0,0,0,0,1,0,0
101929402,0,0,0,0,0,0,0,0
124901436,0,0,0,0,0,1,0,0
101928496,0,0,0,0,0,1,0,0
100873801,0,0,0,0,0,1,0,0
64218,0,0,0,0,0,1,0,0
124902049,0,0,0,0,0,1,0,0
124904827,0,0,0,0,0,1,0,1
105374777,0,0,0,0,0,1,0,0
124901345,0,0,0,0,0,1,0,0
105375456,0,0,0,0,0,1,0,0
643855,0,0,0,0,0,0,0,0
341208,0,0,0,0,0,1,0,0
7809,0,0,0,0,0,2,0,0
55205,0,0,0,0,0,1,0,0
2167,0,0,0,0,0,2,0,0
106480310,0,0,0,0,0,1,0,0
124901110,0,0,0,0,0,1,1,0
56,0,0,0,0,0,1,0,0
441177,0,0,0,0,0,1,0,0
29850,0,0,0,0,0,1,0,0
257203,0,0,0,0,0,1,0,0
124904662,0,0,0,0,0,2,2,3
124901759,0,0,0,0,0,1,0,0
390996,0,0,0,0,0,1,0,0
124904626,0,0,0,0,0,1,0,0
6759,0,0,0,0,0,1,0,0
100132004,0,0,0,0,0,1,0,0
101929427,0,0,0,0,1,0,0,0
147744,0,0,0,0,1,0,0,0
727897,0,0,0,0,3,0,0,1
124904327,0,0,0,0,1,0,0,0
653691,0,0,0,0,1,0,0,0
101928745,0,0,0,0,1,1,1,2
106480040,0,0,0,0,1,0,0,0
100874013,0,0,0,0,0,0,0,0
101928943,0,0,0,0,1,0,0,0
105378916,0,0,0,0,1,0,0,0
90332,0,0,0,0,1,0,0,0
95,0,0,0,0,1,0,0,0
25975,0,0,0,0,1,0,0,0
124901784,0,0,0,0,1,0,0,1
102724834,0,0,0,0,1,1,0,1
100420464,0,0,0,0,1,0,1,0
107986990,0,0,0,0,1,0,0,0
5081,0,0,0,0,1,0,0,0
105371762,0,0,0,0,1,0,0,0
100189024,0,0,0,0,1,0,0,1
391020,0,0,0,0,1,0,1,0
100128637,0,0,0,0,1,1,0,0
124909470,0,0,0,0,1,0,0,0
284577,0,0,0,0,1,0,0,0
124902688,0,0,0,0,1,0,0,0
124903326,0,0,0,0,1,0,0,0
102723989,0,0,0,0,1,0,0,0
79986,0,0,0,0,1,0,0,0
115271120,0,0,0,0,1,0,0,0
3126,0,0,0,0,1,0,1,1
138971,0,0,0,0,1,0,0,0
377841,0,0,0,0,1,0,0,0
105375655,0,0,0,0,1,0,0,0
56245,0,0,0,0,1,0,0,0
105370261,0,0,0,0,1,1,0,0
100419110,0,0,0,0,1,0,0,1
284266,0,0,0,0,1,0,0,0
107986818,0,0,0,0,1,0,0,0
55867,0,0,0,0,1,0,1,0
129025,0,0,0,0,1,0,0,1
100129861,0,0,0,0,1,0,0,0
221718,0,0,0,0,1,0,0,0
124900929,0,0,0,0,1,0,0,0
9173,0,0,0,0,1,0,0,0
162632,0,0,0,0,1,0,0,0
5655,0,0,0,0,1,0,1,1
360018,0,0,0,0,0,0,0,0
2168,0,0,0,0,1,0,0,0
124902620,0,0,0,0,1,0,0,0
103021296,0,0,0,0,1,0,0,0
108570035,0,0,0,0,0,0,1,0
101928782,0,0,0,0,2,0,0,0
124900793,0,0,0,0,1,0,1,0
105374694,0,0,0,0,0,0,1,0
105377527,0,0,0,0,1,0,0,0
2914,0,0,0,0,1,2,3,0
124904922,0,0,0,0,1,0,0,1
124901662,0,0,0,0,1,0,0,0
440279,0,0,0,0,1,0,0,0
101929762,0,0,0,0,1,0,0,0
112268164,0,0,0,0,1,0,0,0
124903552,0,0,0,0,0,0,0,0
105373831,0,0,0,0,1,0,0,0
159989,0,0,0,0,1,0,0,0
388743,0,0,0,0,1,0,0,0
101928891,0,0,0,0,1,0,0,0
105379604,0,0,0,0,0,1,0,0
124900445,0,0,0,0,1,0,0,0
106480761,0,0,0,0,1,0,0,0
107985085,0,0,0,0,0,0,0,0
100418848,0,0,0,0,1,0,0,0
100874080,0,0,0,0,1,0,0,0
105373600,0,0,0,0,1,0,0,0
105372666,0,0,0,0,1,0,0,0
105378519,0,0,0,0,1,0,0,0
124905036,0,0,0,0,1,0,0,0
117134597,0,0,0,0,0,0,0,0
124903490,0,0,0,0,1,0,0,0
106479530,0,0,0,0,0,0,0,1
121832807,0,0,0,0,1,0,0,0
105378920,0,0,0,0,1,0,0,0
123706511,0,0,0,0,1,0,2,0
142680,0,0,0,0,1,0,0,0
729348,0,0,0,0,1,0,1,0
112268145,0,0,0,0,0,0,0,0
105374382,0,0,0,0,1,0,0,0
100131138,0,0,0,0,1,1,0,1
100506258,0,0,0,0,1,0,0,0
105372630,0,0,0,0,1,1,1,0
104533120,0,0,0,0,1,0,0,0
664701,0,0,0,0,0,0,0,0
440435,0,0,0,0,1,0,0,0
124902840,0,0,0,0,1,0,0,0
353137,0,0,0,0,1,1,0,0
3963,0,0,0,0,1,0,0,0
106480652,0,0,0,0,0,0,0,0
124907910,0,0,0,0,1,0,0,0
124901746,0,0,0,0,1,0,0,0
286499,0,0,0,0,1,0,0,0
134466,0,0,0,0,1,1,0,0
118597843,0,0,0,0,1,0,1,1
693130,0,0,0,0,1,0,0,1
100131726,0,0,0,0,1,0,0,0
79812,0,0,0,0,1,0,0,0
647219,0,0,0,0,1,0,0,0
341757,0,0,0,0,2,0,0,1
100379592,0,0,0,0,1,0,0,0
108783646,0,0,0,0,1,0,0,0
105373206,0,0,0,0,1,0,0,0
101928307,0,0,0,0,1,0,0,1
730974,0,0,0,0,1,0,0,0
100130274,0,0,0,0,1,0,0,0
124905518,0,0,0,0,0,0,0,0
100420946,0,0,0,0,1,0,0,0
693201,0,0,0,0,1,0,0,0
9992,0,0,0,0,2,0,0,0
56163,0,0,0,0,0,0,0,0
9362,0,0,0,0,1,0,0,0
10863,0,0,0,0,1,0,0,0
105373454,0,0,0,0,0,0,0,0
54072,0,0,0,0,1,0,0,0
105371755,0,0,0,0,1,0,0,0
6439,0,0,0,0,3,0,0,0
124909369,0,0,0,0,1,0,0,1
107985158,0,0,0,0,1,0,0,0
80032,0,0,0,0,1,0,0,0
124905018,0,0,0,0,1,0,1,0
5923,0,0,0,0,1,0,0,1
124903932,0,0,0,0,0,0,0,0
113691,0,0,0,0,1,0,0,0
124901131,0,0,0,0,1,0,0,0
124900907,0,0,0,0,1,0,0,0
100505702,0,0,0,0,0,0,0,0
64131,0,0,0,0,1,0,0,0
56137,0,0,0,0,1,0,0,0
340393,0,0,0,0,1,1,0,0
115409980,0,0,0,0,1,0,0,0
414763,0,0,0,0,1,0,0,0
728657,0,0,0,0,1,0,0,0
124901563,0,0,0,0,1,0,0,0
101926896,0,0,0,0,1,1,1,0
720,0,0,0,0,1,0,0,0
100126784,0,0,0,0,1,0,0,0
124901862,0,0,0,0,1,0,0,0
255208,0,0,0,0,1,0,0,0
124903982,0,0,0,0,1,0,0,0
124902901,0,0,0,0,1,0,0,0
100189298,0,0,0,0,0,1,0,0
139189,0,0,0,0,1,0,0,0
283688,0,0,0,0,1,0,0,0
101927093,0,0,0,0,1,0,0,0
124906120,0,0,0,0,1,0,1,0
56649,0,0,0,0,1,0,0,0
114132,0,0,0,0,1,0,0,0
729786,0,0,0,0,1,0,0,0
4071,0,0,0,0,1,0,1,0
494141,0,0,0,0,1,0,0,0
101927274,0,0,0,0,1,0,0,0
50506,0,0,0,0,1,0,0,0
2147,0,0,0,0,1,0,0,1
124904200,0,0,0,0,1,0,0,0
106481632,0,0,0,0,1,0,1,0
106481115,0,0,0,0,1,0,0,0
2793,0,0,0,0,1,0,0,0
124901179,0,0,0,0,2,0,1,0
100506974,0,0,0,0,1,0,1,0
653190,0,0,0,0,2,0,0,0
124905383,0,0,0,0,1,0,0,0
124901682,0,0,0,0,2,0,0,0
103908604,0,0,0,0,1,0,1,0
107987417,0,0,0,0,1,0,0,0
101928674,0,0,0,0,1,1,0,0
107986032,0,0,0,0,1,0,0,0
124906139,0,0,0,0,1,0,0,0
124900930,0,0,0,0,1,0,0,0
124901618,0,0,0,0,1,0,1,0
124905198,0,0,0,0,1,0,0,0
10345,0,0,0,0,1,0,0,0
503640,0,0,0,0,1,0,0,0
105375330,0,0,0,0,2,0,0,1
107985588,0,0,0,0,1,0,0,0
105377654,0,0,0,0,1,0,0,0
100132111,0,0,0,0,1,0,0,0
124901172,0,0,0,0,1,0,0,0
64922,0,0,0,0,1,0,0,0
105376431,0,0,0,0,1,0,0,0
105370625,0,0,0,2,1,0,0,1
101926987,0,0,0,2,2,0,0,2
106633800,0,0,0,1,0,0,0,0
692233,0,0,0,2,0,0,0,1
124902411,0,0,0,1,0,0,0,0
124900657,0,0,0,1,0,0,0,0
402665,0,0,0,1,1,1,0,0
124904101,0,0,0,2,0,0,0,1
100133286,0,0,0,1,1,0,0,1
79998,0,0,0,1,0,0,0,0
339988,0,0,0,1,1,1,1,0
101954273,0,0,0,0,0,0,0,0
105373378,0,0,0,1,0,0,0,0
100287419,0,0,0,0,0,0,0,0
107986129,0,0,0,1,0,0,0,0
111216282,0,0,0,5,1,0,0,0
342346,0,0,0,1,0,0,0,0
124907501,0,0,0,1,0,0,0,0
2831,0,0,0,1,0,0,0,0
107986023,0,0,0,1,0,0,0,0
105375547,0,0,0,1,0,0,0,0
105371286,0,0,0,1,2,2,1,1
100288486,0,0,0,1,0,0,1,0
124905143,0,0,0,1,0,0,0,0
25859,0,0,0,1,0,0,0,0
101930162,0,0,0,1,0,0,0,0
107984337,0,0,0,1,0,0,0,0
124903302,0,0,0,1,0,0,0,0
11255,0,0,0,1,0,0,0,0
105369391,0,0,0,1,0,0,0,0
128071539,0,0,0,1,0,0,0,0
124902630,0,0,0,1,0,0,0,0
124901099,0,0,0,1,0,0,0,0
3116,0,0,0,1,0,0,0,0
105374940,0,0,0,1,0,0,0,0
644451,0,0,0,1,0,0,0,0
641515,0,0,0,1,0,0,0,0
124907878,0,0,0,1,0,0,0,0
106479384,0,0,0,1,0,0,0,0
285966,0,0,0,1,2,1,1,0
124906289,0,0,0,2,0,4,1,0
124906107,0,0,0,1,0,0,0,0
105376740,0,0,0,1,2,0,0,0
100128589,0,0,0,1,0,0,0,0
9760,0,0,0,3,3,0,1,0
81567,0,0,0,1,0,0,0,1
79015,0,0,0,1,1,0,0,0
84665,0,0,0,1,0,0,0,0
105369666,0,0,0,0,0,0,0,0
105379126,0,0,0,1,0,0,1,0
100506801,0,0,0,1,2,1,0,0
124901150,0,0,0,1,0,0,0,0
124904792,0,0,0,1,0,0,0,0
5544,0,0,0,1,0,0,0,0
100131881,0,0,0,1,0,0,0,0
101927174,0,0,0,1,0,0,0,0
107985433,0,0,0,0,0,0,1,0
100526793,0,0,0,1,0,1,0,0
105379493,0,0,0,1,0,0,0,0
400464,0,0,0,1,0,1,0,0
124905077,0,0,0,1,0,0,0,0
106660606,0,0,0,1,0,0,0,1
83698,0,0,0,1,0,0,0,0
137075,0,0,0,1,0,0,1,0
8590,0,0,0,1,0,0,0,0
124905100,0,0,0,1,0,0,0,0
392343,0,0,0,1,0,0,0,0
92304,0,0,0,1,0,0,0,0
326275,0,0,0,2,1,0,0,0
6387,0,0,0,1,0,0,0,0
101927898,0,0,0,1,0,0,0,0
285889,0,0,0,1,0,0,0,0
253868,0,0,0,1,0,0,0,0
439933,0,0,0,1,0,0,1,1
3857,0,0,0,0,0,0,0,0
391099,0,0,0,1,0,0,0,0
107984828,0,0,0,2,0,0,0,0
100379287,0,0,0,1,0,0,0,0
124900224,0,0,0,1,0,0,0,0
283194,0,0,0,1,0,1,0,0
105378215,0,0,0,0,0,0,0,0
105371087,0,0,0,1,0,0,0,0
1757,0,0,0,2,0,1,2,1
101928909,0,0,0,1,0,0,0,0
107984345,0,0,0,3,0,0,2,1
124903758,0,0,0,1,0,0,0,0
84217,0,0,0,1,0,1,1,0
124903152,0,0,0,1,0,0,0,0
1178,0,0,0,0,2,0,0,0
124900818,0,0,0,1,0,0,0,0
102723741,0,0,0,1,0,0,0,1
646755,0,0,0,1,0,0,0,0
400581,0,0,0,1,1,0,1,0
124902699,0,0,0,1,1,0,0,0
84433,0,0,0,1,0,0,0,0
101926984,0,0,0,1,0,0,0,0
4611,0,0,0,1,1,0,0,0
2359,0,0,0,1,0,0,0,0
107105282,0,0,0,0,0,0,0,0
105371982,0,0,0,1,0,0,0,0
105372483,0,0,0,1,0,0,0,0
100498661,0,0,0,1,1,0,0,2
170572,0,0,0,1,0,0,0,0
118827806,0,0,0,1,0,0,1,1
1082,0,0,0,1,0,0,0,0
105378771,0,0,0,1,0,0,0,0
100422884,0,0,0,1,0,0,0,0
100189056,0,0,0,1,0,0,0,0
116937,0,0,0,1,0,0,0,0
222967,0,0,0,1,0,0,0,1
124904078,0,0,0,1,0,0,1,0
100420926,0,0,0,1,0,0,0,0
1489,0,0,0,1,0,1,0,0
80022,0,0,0,1,0,1,0,2
100505498,0,0,0,1,0,0,0,0
107986222,0,0,0,1,0,0,0,1
105375738,0,0,0,1,0,0,0,0
124900666,0,0,0,1,0,0,0,1
9068,0,0,0,1,1,0,0,0
50964,0,0,0,1,0,0,0,0
102723776,0,0,0,1,0,0,0,0
107987104,0,0,0,1,0,0,1,2
2645,0,0,0,0,0,0,0,0
543,0,0,0,1,0,0,0,1
79781,0,0,0,0,0,0,0,1
57008,0,0,0,1,0,0,0,0
124902044,0,0,0,1,0,0,0,0
124900282,0,0,0,1,0,1,0,1
1306,0,0,0,0,0,0,0,0
112268146,0,0,0,1,0,0,0,1
101927642,0,0,0,1,0,0,0,0
107986940,0,0,0,1,0,1,0,1
105376325,0,0,0,1,0,0,0,0
100421180,0,0,0,0,0,0,0,0
2134,0,0,0,1,0,0,0,0
105370542,0,0,0,1,0,1,2,0
100189380,0,0,0,1,0,0,0,0
100533800,0,0,0,1,1,1,0,0
105369352,0,0,0,1,0,0,0,0
107986810,0,0,0,1,0,0,0,1
102723517,0,0,0,1,0,0,1,0
101928696,0,0,0,1,0,0,0,0
105370854,0,0,0,1,0,0,0,0
100189398,0,0,0,2,1,0,0,0
100128386,0,0,0,1,0,2,0,0
101928248,0,0,0,2,1,1,1,2
390501,0,0,0,1,0,0,0,0
100151685,0,0,0,1,0,1,2,1
100129515,0,0,0,1,0,0,0,0
100421358,0,0,0,1,0,0,0,0
105371767,0,0,0,0,1,0,0,0
124903344,0,0,0,1,0,0,0,0
124909382,0,0,0,0,0,0,0,0
440854,0,0,0,1,0,0,1,0
107985467,0,0,0,1,1,0,2,0
64211,0,0,0,1,1,0,1,0
102724801,0,0,0,1,0,0,0,0
105378891,0,0,0,1,0,0,0,0
56138,0,0,0,1,0,0,0,0
692206,0,0,0,1,0,0,0,0
283571,0,0,0,1,0,0,0,0
124901020,0,0,0,1,0,0,0,0
114004396,0,0,0,1,0,0,0,0
170712,0,0,0,1,0,0,0,0
145820,0,0,0,1,0,0,0,0
100271870,0,0,0,1,0,0,2,0
139735,0,0,0,1,0,0,0,0
138948,0,0,0,1,0,0,0,0
101927416,0,0,0,0,0,0,0,0
100874475,0,0,0,1,0,0,0,0
124906112,0,0,0,1,0,0,0,0
101927764,0,0,0,1,0,0,0,0
2837,0,0,0,1,0,0,0,0
124906151,0,0,0,1,0,0,0,0
112268250,0,0,0,1,0,0,0,0
124905425,0,0,0,1,0,0,0,0
117155,0,0,0,1,0,0,0,0
100189231,0,0,0,1,0,0,0,0
100130460,0,0,0,1,0,0,0,0
388478,0,0,0,1,0,1,0,0
106479806,0,0,0,1,0,0,0,0
101928894,0,0,0,0,0,0,1,0
9350,0,0,0,1,0,0,0,0
115761,0,0,0,1,0,0,0,0
124902879,0,0,0,1,0,0,0,0
107984037,0,0,0,1,0,0,0,0
654322,0,0,0,1,0,0,2,0
105374652,0,0,0,3,0,0,0,1
126014,0,0,0,1,0,2,0,1
6258,0,0,0,1,0,1,0,0
24150,0,0,0,2,2,1,1,3
100616257,0,0,0,1,0,0,0,0
100505636,0,0,0,1,0,0,1,0
124904710,0,0,0,1,0,1,0,0
105374610,0,0,0,1,0,0,0,0
646982,0,0,0,1,1,0,0,0
124907915,0,0,0,0,0,0,0,0
124906172,0,0,0,1,0,0,0,0
100505557,0,0,0,2,0,0,0,0
150209,0,0,0,1,0,0,0,0
102723543,0,0,0,1,0,0,0,0
1674,0,0,0,2,2,0,0,0
2843,0,0,0,1,0,0,0,1
102723985,0,0,0,1,0,0,1,0
105377558,0,0,0,1,0,0,0,0
7691,0,0,0,1,0,0,0,0
1010,0,0,0,1,0,0,0,0
124903634,0,0,0,1,0,0,0,0
100422342,0,0,0,1,1,1,0,0
153218,0,0,0,1,1,0,0,0
79853,0,0,0,1,0,0,0,0
105371657,0,0,0,1,0,0,0,1
105378425,0,0,0,1,0,0,0,0
102723332,0,0,0,1,0,1,0,1
105377275,0,0,0,1,0,1,2,0
105379434,0,0,0,1,0,0,0,0
100420117,0,0,0,0,0,0,0,1
101927975,0,0,0,1,0,0,0,0
124904094,0,0,0,1,0,0,0,0
391045,0,0,0,1,0,0,0,0
118461,0,0,1,0,0,0,0,0
124902317,0,0,1,0,0,0,0,0
112488746,0,0,1,0,0,0,0,0
105371586,0,0,1,1,0,0,0,0
390340,0,0,2,0,0,1,0,0
83697,0,0,2,0,0,0,0,0
105373553,0,0,1,0,1,0,0,0
2944,0,0,2,0,0,1,0,0
124903065,0,0,1,0,1,0,0,1
105378685,0,0,1,0,0,0,0,0
102724406,0,0,1,0,0,0,0,1
1811,0,0,0,0,0,1,0,0
51334,0,0,2,3,0,1,0,1
8436,0,0,1,0,0,0,0,0
343702,0,0,1,0,0,1,0,0
105376481,0,0,1,0,0,0,1,0
6565,0,0,1,0,0,0,0,1
100271613,0,0,1,1,2,1,1,1
107985122,0,0,1,0,0,1,0,0
101927355,0,0,2,0,0,1,1,0
101928047,0,0,1,0,0,0,0,0
5008,0,0,1,0,0,0,0,0
403323,0,0,1,0,0,0,1,1
440132,0,0,1,0,0,0,0,0
105667213,0,0,1,0,0,0,0,0
100506737,0,0,2,0,0,0,0,0
105378358,0,0,1,1,0,0,0,1
128385377,0,0,1,1,0,0,0,0
64405,0,0,0,1,0,2,0,0
22861,0,0,1,0,0,0,0,0
101928743,0,0,1,0,0,1,0,1
641457,0,0,0,0,0,0,0,0
101929974,0,0,1,0,0,0,0,0
107986776,0,0,1,0,0,0,0,0
124909360,0,0,1,0,0,1,0,0
5593,0,0,1,0,3,0,2,4
26287,0,0,1,0,0,0,0,0
100500872,0,0,1,0,0,1,0,0
101929397,0,0,1,0,0,1,1,0
105369947,0,0,1,0,0,0,0,0
102724951,0,0,1,0,0,0,0,0
57127,0,0,1,0,0,0,0,0
124906350,0,0,1,0,0,0,0,0
123706531,0,0,0,0,0,0,1,0
106481592,0,0,1,0,0,0,0,0
100506571,0,0,1,2,0,0,0,0
124904523,0,0,0,0,0,0,0,0
101928105,0,0,1,0,0,1,0,0
165530,0,0,1,0,0,0,0,0
6277,0,0,1,0,0,0,0,0
112268062,0,0,1,0,0,0,0,0
339529,0,0,0,0,0,0,0,0
105375599,0,0,1,0,0,0,0,0
124901298,0,0,1,0,0,0,0,0
107985787,0,0,2,0,0,0,0,0
554225,0,0,1,0,0,0,0,1
105379450,0,0,1,0,1,0,0,0
102724892,0,0,1,0,0,0,0,0
27319,0,0,1,1,2,0,1,1
124904823,0,0,0,0,0,1,0,0
105375322,0,0,1,0,0,0,0,1
255620,0,0,1,0,2,1,1,1
107987464,0,0,1,0,0,1,0,0
124907881,0,0,1,0,0,0,0,0
286256,0,0,1,0,0,0,1,0
79160,0,0,1,0,0,0,0,0
107985959,0,0,1,0,0,0,0,0
56120,0,0,1,0,0,0,0,0
11096,0,0,1,1,1,0,0,0
105376957,0,0,0,0,0,0,0,0
107986103,0,0,2,1,0,1,3,0
55889,0,0,1,0,0,0,0,0
107986588,0,0,1,0,1,0,0,0
2790,0,0,1,0,1,1,0,0
105376146,0,0,1,0,1,0,0,0
84875,0,0,1,3,1,0,0,0
124903044,0,0,1,0,1,1,0,0
100189280,0,0,1,1,0,0,1,0
105370213,0,0,2,0,0,0,0,1
29999,0,0,1,0,0,0,0,0
10911,0,0,2,1,0,0,0,0
124900667,0,0,1,0,0,0,0,0
109617002,0,0,1,0,0,0,0,0
8200,0,0,1,0,0,0,1,0
115749,0,0,1,0,0,0,0,0
100129604,0,0,4,0,0,1,2,0
100101938,0,0,0,0,0,0,0,0
102724965,0,0,1,1,0,0,1,0
124904178,0,0,1,0,0,0,0,0
319,0,0,0,0,0,0,0,0
284865,0,0,1,0,0,0,0,0
105375044,0,0,1,0,0,0,1,0
101060067,0,0,1,0,0,0,0,0
124905403,0,0,1,0,0,0,0,0
124901261,0,0,1,1,0,2,0,1
107986638,0,0,2,1,0,0,0,1
105376474,0,0,1,0,0,0,0,0
1548,0,0,1,0,0,0,0,0
9103,0,0,1,1,0,1,2,0
643646,0,0,1,0,0,0,1,1
10753,0,0,1,0,0,0,0,0
124903157,0,0,1,0,0,0,0,1
129852,0,0,1,0,0,0,0,1
57642,0,0,1,0,0,0,0,0
101927043,0,0,1,1,0,0,0,0
100421536,0,0,2,0,1,1,1,1
100507099,0,0,1,0,0,0,1,0
105379183,0,0,1,0,0,0,0,0
1137,0,0,1,1,2,0,0,0
101929000,0,0,2,1,2,0,0,1
84627,0,0,1,0,0,0,0,0
7475,0,0,2,1,1,0,0,0
106479514,0,0,1,0,0,0,1,0
645544,0,0,1,0,0,0,0,0
105372699,0,0,1,0,0,0,0,0
9056,0,0,0,0,0,0,0,3
105373888,0,0,1,0,0,0,0,0
55554,0,0,1,0,0,0,0,0
105370708,0,0,1,1,0,0,0,2
105379274,0,0,1,0,0,0,0,0
5301,0,0,1,0,0,0,0,0
100506405,0,0,1,0,0,0,1,0
374739,0,0,1,0,0,0,0,1
124906134,0,0,1,0,0,0,0,0
124900668,0,0,1,1,0,1,0,0
649024,0,0,1,0,0,0,0,0
100873941,0,0,1,0,0,0,0,0
105377848,0,0,1,0,0,0,0,0
118670,0,0,0,0,0,0,0,0
124900244,0,0,1,0,0,0,1,0
100616323,0,0,1,0,0,2,0,0
124905356,0,0,1,0,0,1,0,0
3543,0,0,1,0,0,0,0,0
197358,0,0,1,0,1,0,0,0
170591,0,0,1,0,0,0,0,0
124901368,0,0,1,1,0,0,0,0
26301,0,0,2,0,1,2,1,3
23678,0,0,1,0,0,0,0,0
150568,0,0,1,0,0,0,0,0
100887747,0,0,1,0,0,0,0,0
5121,0,0,1,1,1,0,0,1
84559,0,0,1,0,0,0,0,0
124904239,0,0,1,0,0,0,0,0
126069,0,0,1,0,0,0,0,0
647158,0,0,1,0,0,1,0,0
4842,0,0,1,0,2,0,0,1
124902955,0,0,1,0,0,0,0,0
2564,0,0,1,0,0,0,0,0
105374528,0,0,1,0,0,0,0,0
80133,0,0,1,0,0,0,0,0
100421430,0,0,1,0,0,0,0,0
401525,0,0,1,0,0,0,0,0
5988,0,0,1,0,0,0,0,0
124905024,0,0,1,0,0,0,0,0
124903392,0,0,1,0,0,0,0,0
8714,0,0,1,0,1,0,0,0
107984317,0,0,1,0,0,0,0,0
339044,0,0,1,0,1,0,0,0
124903398,0,0,1,2,0,0,0,0
85569,0,0,1,0,0,0,0,0
283483,0,0,1,0,0,0,0,0
348645,0,0,0,0,0,0,0,0
84671,0,0,1,0,0,0,0,0
339453,0,0,1,0,0,0,0,0
124905977,0,0,1,0,0,0,0,0
124906301,0,0,1,0,0,0,0,0
105371773,0,0,0,0,0,0,0,0
22798,0,0,0,0,0,0,0,0
107984089,0,0,1,0,0,0,0,0
124904029,0,0,1,0,0,0,1,0
729495,0,0,1,0,1,0,0,0
1800,0,0,2,0,0,0,0,1
101927613,0,0,1,0,0,0,0,0
124905236,0,0,1,0,0,0,0,1
105371376,0,0,1,0,0,0,0,0
100188995,0,0,0,0,0,0,0,0
9881,0,0,2,0,0,0,1,0
124905605,0,0,1,0,0,0,0,0
23562,0,0,0,0,1,0,0,0
124905235,0,0,1,0,0,1,0,0
407053,0,0,1,0,0,0,0,0
124904460,0,0,1,1,1,0,0,0
647123,0,0,1,0,0,0,0,0
646074,0,0,1,0,0,0,0,0
26689,0,0,1,0,1,0,0,0
105373158,0,0,1,0,0,1,0,0
116485204,0,0,2,0,0,0,0,0
389610,0,0,1,1,2,2,0,1
124903036,0,0,1,0,0,0,0,0
7079,0,0,1,0,0,0,0,0
2555,0,0,1,0,0,0,0,0
100101246,0,0,1,1,0,0,0,0
124906370,0,0,1,0,0,0,0,0
389766,0,0,0,0,0,0,0,0
84789,0,0,1,1,1,0,1,1
1646,0,0,2,0,0,0,0,0
254778,0,0,1,1,3,0,0,0
100505625,0,0,1,1,0,0,0,0
100379220,0,0,1,0,0,0,0,0
1009,0,0,1,0,0,0,0,0
124901392,0,0,1,0,0,0,0,0
57194,0,0,1,0,0,0,0,0
27160,0,0,1,0,0,0,0,0
1370,0,0,0,0,0,0,1,0
3596,0,0,1,0,0,0,0,0
643058,0,0,2,0,1,0,0,1
11075,0,0,1,1,0,0,0,0
105373126,0,0,1,1,1,1,0,2
158983,0,0,1,0,0,0,0,0
105378378,0,0,1,0,0,0,0,0
101929129,0,0,1,0,0,0,0,0
64129,0,0,1,0,0,0,0,0
107984663,0,0,1,0,1,0,0,0
124906086,0,0,2,0,1,0,0,0
124900708,0,0,0,0,0,0,0,0
105372572,0,0,1,0,0,0,0,0
348825,0,0,0,0,0,0,0,0
3355,0,0,1,0,0,1,0,0
100421815,0,0,1,1,1,0,0,0
100421130,0,0,1,0,0,0,0,1
284498,0,0,1,0,0,1,0,0
105377442,0,0,1,0,0,0,0,0
124903765,0,0,1,0,0,0,0,0
124906005,0,0,1,0,0,0,0,0
101927383,0,0,1,1,1,1,0,0
100506190,0,0,2,0,0,0,0,0
101929305,0,0,1,0,0,0,0,0
124903260,0,0,1,0,0,0,0,0
326,0,0,1,0,0,0,0,0
124900652,0,0,2,1,1,1,5,2
493861,0,0,1,0,0,0,0,0
150084,0,0,2,2,0,0,0,0
619571,0,0,1,0,1,0,0,0
56341,0,0,1,0,0,0,0,0
106480073,0,0,1,0,0,0,0,0
196385,0,0,1,0,0,0,1,0
105372522,0,0,1,0,0,0,0,0
124904117,0,0,1,0,0,0,0,0
10346,0,0,1,2,3,0,0,0
124902793,0,0,0,0,0,0,0,0
105377006,0,0,1,0,0,0,0,0
124902142,0,0,1,0,0,0,0,0
100421008,0,0,1,0,0,0,0,0
677807,0,0,1,0,0,0,0,2
105372633,0,0,1,0,0,0,0,0
100271842,0,0,1,0,0,0,0,0
124904198,0,0,1,0,0,0,0,0
100287226,0,0,1,0,0,0,0,0
107984237,0,0,0,0,0,0,0,0
105373989,0,0,1,0,0,0,1,0
645784,0,0,1,0,1,1,1,1
407054,0,0,1,1,0,0,1,0
492307,0,0,1,0,0,0,0,0
221091,0,0,0,1,0,0,0,0
2702,0,0,1,0,0,1,1,1
107987143,0,0,2,0,0,0,0,0
90288,0,0,1,0,0,0,0,0
100506775,0,0,1,0,0,1,0,0
101929322,0,0,1,0,1,1,0,1
284233,0,0,1,0,0,0,0,0
107986914,0,0,1,0,0,0,0,0
145845,0,0,1,0,0,0,0,0
105374048,0,0,1,0,0,0,0,0
105370577,0,0,1,0,0,0,0,0
6581,0,0,1,0,0,0,0,1
205860,0,0,1,0,0,0,0,0
106481221,0,0,0,0,0,0,0,0
10161,0,0,1,0,1,0,2,0
107984597,0,0,2,0,0,0,0,1
124901783,0,0,1,1,0,2,1,1
100506679,0,0,1,0,0,0,0,0
124903003,0,0,1,0,0,0,0,0
339855,0,0,1,0,0,0,0,0
105374122,0,0,2,2,1,2,0,0
100128621,0,0,0,0,0,0,0,0
100874330,0,0,2,1,0,0,0,0
105377935,0,0,1,0,0,0,1,0
100862728,0,0,1,1,1,2,2,0
124912,0,0,2,1,1,1,0,0
643739,0,0,2,0,0,0,0,0
124903393,0,0,1,0,0,0,0,0
104355426,0,0,1,1,1,0,1,0
389668,0,0,2,0,0,0,0,0
2777,0,0,1,0,1,0,0,0
100133050,0,0,1,0,0,0,0,0
122149302,0,0,2,0,1,0,0,1
100506860,0,0,1,0,0,0,0,1
796,0,0,1,1,0,0,0,0
100189438,0,0,1,0,0,0,1,1
6337,0,0,2,0,0,0,0,0
124904424,0,0,1,0,0,0,0,0
27092,0,0,1,1,1,0,0,0
84808,0,0,1,0,0,0,0,1
157807,0,0,1,0,0,0,0,0
732538,0,0,1,1,0,0,0,1
83650,0,0,1,0,0,0,1,0
124909437,0,0,1,0,0,1,1,1
388795,0,0,1,0,0,0,0,0
414201,0,0,3,2,4,0,1,1
25803,0,0,1,0,0,0,0,0
106480783,0,0,1,0,0,0,1,0
102724497,0,0,1,0,0,2,1,0
106480169,0,0,1,0,0,1,0,0
100887755,0,0,1,0,0,0,0,0
285195,0,0,2,0,0,0,0,0
112268383,0,0,0,1,0,0,0,0
124903529,0,0,2,0,0,0,0,0
124904560,0,0,1,0,0,0,0,0
100133172,0,0,1,0,0,0,0,0
100551499,0,0,1,0,0,0,0,0
105378228,0,0,1,1,0,0,0,0
105373970,0,0,1,0,0,1,2,0
105373116,0,0,1,0,0,1,0,0
124903556,0,0,0,1,0,0,2,0
124901330,0,0,0,0,0,0,0,0
106480781,0,0,0,0,0,0,0,0
109617022,0,0,0,0,0,0,0,0
128966720,0,0,0,0,0,0,0,0
100874238,0,0,0,0,0,1,0,3
120376,0,0,0,0,0,1,2,0
388523,0,0,1,0,0,0,0,0
56121,0,0,0,0,0,0,0,2
100271328,0,0,1,2,2,2,3,1
124907974,0,0,0,0,0,0,0,0
132954,0,0,0,0,0,0,1,0
100292680,0,0,0,0,0,0,0,0
112268090,0,0,0,0,0,0,0,0
6757,0,0,0,0,1,0,0,0
105371896,0,0,0,0,0,0,0,0
724065,0,0,0,1,1,0,1,0
55908,0,0,0,0,0,0,0,0
100169989,0,0,0,0,0,0,0,0
105374276,0,0,0,0,0,0,0,0
646801,0,0,0,0,0,0,1,0
124904805,0,0,0,0,0,0,0,0
105371925,0,0,0,0,0,0,0,0
83733,0,0,0,0,0,0,0,0
105370557,0,0,0,0,0,0,0,0
54769,0,0,0,0,0,0,1,0
124901465,0,0,0,0,0,0,0,0
112267899,0,0,0,0,0,0,0,0
645745,0,0,0,0,0,0,0,0
102723442,0,0,0,0,0,0,0,0
79927,0,0,0,1,2,0,1,0
105375767,0,0,0,0,0,0,0,0
124903655,0,0,0,0,0,0,0,0
107985576,0,0,1,0,0,0,0,0
386653,0,0,0,0,0,0,0,0
399967,0,0,0,0,0,0,0,0
105378649,0,0,0,0,0,0,0,0
147746,0,0,0,0,0,0,0,0
124904392,0,0,0,0,0,0,0,0
644435,0,0,0,0,0,0,0,0
219968,0,0,0,0,0,0,1,0
102724719,0,0,1,0,0,2,0,0
124901077,0,0,1,0,0,0,0,0
340090,0,0,0,0,1,0,0,0
100288380,0,0,0,0,0,0,0,0
6344,0,0,1,0,0,0,0,0
791227,0,0,1,1,1,0,0,0
105369551,0,0,0,0,0,0,0,0
105375782,0,0,1,0,0,0,0,0
105378231,0,0,0,0,0,0,0,0
124902458,0,0,0,0,0,0,0,0
440570,0,0,0,0,0,1,1,0
53844,0,0,0,0,0,0,0,0
388581,0,0,4,2,0,0,0,0
101928844,0,0,0,0,0,1,0,0
375316,0,0,0,1,2,0,0,0
124904966,0,0,0,0,0,0,0,0
100507423,0,0,0,0,0,0,0,0
100529215,0,0,0,0,0,0,0,0
101060000,0,0,0,0,0,0,0,0
105376335,0,0,0,0,0,0,0,0
124901568,0,0,0,0,0,0,0,0
9976,0,0,0,1,2,3,0,0
107984953,0,0,1,0,1,0,0,0
51207,0,0,0,1,0,0,1,0
100130338,0,0,0,0,0,3,0,0
120017339,0,0,0,0,0,0,2,0
81285,0,0,0,0,0,1,1,0
55451,0,0,0,0,0,0,0,0
105374336,0,0,0,0,0,0,0,0
105374246,0,0,0,0,0,0,0,0
100874065,0,0,0,1,1,0,0,0
100533955,0,0,0,0,0,0,0,0
113220,0,0,0,0,0,1,0,0
105369692,0,0,0,0,0,0,0,0
101928505,0,0,0,0,0,0,0,0
388701,0,0,0,0,0,0,0,0
124902650,0,0,0,0,0,0,0,0
105373466,0,0,0,0,0,0,0,0
105377319,0,0,0,0,1,1,1,1
101927966,0,0,1,0,0,1,0,1
4114,0,0,0,0,0,0,0,0
2828,0,0,0,0,0,0,0,0
100271036,0,0,0,0,0,0,1,0
125981,0,0,0,0,0,0,0,0
105369975,0,0,0,0,0,0,0,0
7146,0,0,1,0,1,1,0,0
105371698,0,0,0,0,0,0,0,0
1369,0,0,0,0,0,0,0,0
256691,0,0,0,0,0,0,1,1
124900305,0,0,0,0,0,0,0,0
105379397,0,0,0,0,0,0,0,0
56110,0,0,0,1,0,0,0,0
105371204,0,0,1,0,0,1,0,0
105379443,0,0,0,0,0,0,0,0
108783645,0,0,0,0,1,0,0,0
112268130,0,0,0,0,0,0,0,0
26085,0,0,0,0,0,0,0,0
105373312,0,0,0,0,0,0,0,0
105376938,0,0,0,0,0,1,0,0
728,0,0,0,0,0,0,2,1
107986924,0,0,0,0,0,0,0,0
5365,0,0,0,0,0,0,0,0
101060351,0,0,0,0,0,0,0,0
613209,0,0,1,0,1,0,0,0
124901901,0,0,0,0,0,0,0,0
441086,0,0,0,0,1,1,1,0
145783,0,0,0,0,0,0,0,0
124909433,0,0,0,0,0,0,0,0
124904372,0,0,0,0,0,0,0,0
124905125,0,0,2,1,1,0,0,1
105377699,0,0,0,0,0,0,0,0
283673,0,0,0,1,0,1,0,2
2527,0,0,0,0,0,0,0,0
124902962,0,0,0,0,0,0,0,0
122319435,0,0,0,0,1,1,0,0
100271250,0,0,0,0,0,0,1,0
105372107,0,0,1,0,0,0,0,0
124901324,0,0,2,2,3,2,6,5
105378531,0,0,0,0,1,0,0,0
100419866,0,0,0,0,0,0,0,0
124900739,0,0,0,0,0,0,0,1
105372895,0,0,0,0,0,0,0,0
140578,0,0,0,0,0,0,0,0
124900890,0,0,0,0,0,0,0,0
109616974,0,0,0,0,0,0,0,0
124904531,0,0,0,0,0,0,0,0
27285,0,0,0,0,0,0,0,1
642636,0,0,0,0,1,0,1,0
105374796,0,0,0,1,0,0,0,0
642658,0,0,0,0,1,0,0,1
84432,0,0,0,0,0,0,0,0
106481528,0,0,0,0,1,0,0,0
106481714,0,0,0,0,0,0,0,0
124904886,0,0,1,0,0,0,0,0
201181,0,0,3,5,3,0,1,3
158035,0,0,0,1,0,0,0,1
165904,0,0,0,0,0,0,0,0
100506551,0,0,0,0,0,0,0,0
283080,0,0,0,0,0,0,0,0
106633804,0,0,0,0,0,0,1,0
106480343,0,0,0,0,0,0,0,0
106480348,0,0,0,0,1,0,0,0
3567,0,0,0,0,0,0,0,0
10800,0,0,0,0,0,0,0,0
113391335,0,0,0,0,0,0,0,0
402716,0,0,1,0,0,1,2,0
2797,0,0,0,0,0,0,0,1
6847,0,0,0,0,0,0,0,0
101927702,0,0,0,0,0,0,0,0
100129866,0,0,0,0,0,0,1,0
101929468,0,0,0,0,0,0,0,0
100506237,0,0,0,1,1,1,0,0
124909426,0,0,0,0,0,0,0,0
348174,0,0,0,0,0,0,0,0
114788,0,0,0,0,0,0,0,0
124901388,0,0,0,0,0,1,0,0
4340,0,0,0,0,0,0,0,1
107985416,0,0,0,0,0,0,1,1
105377599,0,0,0,0,0,0,0,0
283045,0,0,0,0,0,0,0,0
101929741,0,0,0,0,0,0,0,0
101928146,0,0,0,1,0,0,1,0
338097,0,0,0,0,0,0,1,0
339978,0,0,0,0,0,0,0,0
57451,0,0,0,0,0,0,0,0
206338,0,0,0,0,0,0,0,0
100507086,0,0,0,1,0,0,1,0
112268073,0,0,0,0,0,0,0,0
58484,0,0,0,0,0,0,0,1
105372904,0,0,0,0,0,0,0,0
645158,0,0,1,0,0,2,0,0
124902444,0,0,0,0,0,0,0,0
106480710,0,0,0,0,0,0,0,0
727709,0,0,0,0,0,0,0,0
7038,0,0,0,0,0,0,0,0
105376602,0,0,0,0,0,0,0,0
107985398,0,0,0,0,0,0,0,0
105376607,0,0,3,1,0,0,1,0
105378119,0,0,0,0,0,2,0,0
55337,0,0,0,0,0,0,0,2
440533,0,0,0,0,0,0,0,0
124903659,0,0,0,0,0,1,0,0
106635525,0,0,1,1,0,0,0,0
105376617,0,0,0,0,0,0,0,0
50944,0,0,1,1,0,1,0,1
643494,0,0,0,0,0,0,0,0
391123,0,0,0,0,0,0,1,0
105379263,0,0,0,0,0,1,0,0
105378895,0,0,0,0,0,0,0,0
7145,0,0,1,0,2,0,0,1
124901690,0,0,0,0,0,4,4,0
3734,0,0,0,0,1,0,0,0
105371044,0,0,0,0,0,0,0,0
30009,0,0,0,0,0,1,0,0
105374339,0,0,0,0,0,0,0,0
105375704,0,0,0,0,0,0,0,0
105374394,0,0,0,0,0,0,0,0
442446,0,0,0,0,0,0,0,1
101928092,0,0,1,1,0,0,1,1
100287225,0,0,0,0,0,0,0,0
105378657,0,0,0,0,1,0,0,1
124909339,0,0,2,0,0,0,1,0
102465667,0,0,0,0,0,0,0,0
647309,0,0,0,0,0,0,0,0
100189141,0,0,0,0,0,0,0,0
2255,0,0,0,0,0,0,0,0
102724297,0,0,0,0,0,0,0,0
136157,0,0,0,0,1,0,0,0
10089,0,0,0,0,1,1,0,0
26801,0,0,0,0,0,0,0,0
105369543,0,0,0,0,0,0,0,0
101928445,0,0,0,0,0,0,0,0
124900815,0,0,0,0,0,0,1,0
124904678,0,0,0,0,0,0,0,0
105376090,0,0,0,0,0,0,0,0
102723493,0,0,0,1,0,0,0,0
9865,0,0,0,0,0,0,0,0
100462809,0,0,0,0,0,0,0,1
728228,0,0,0,0,0,0,0,0
164684,0,0,0,0,0,0,0,0
105373282,0,0,0,0,0,0,0,0
124904488,0,0,0,0,0,0,0,0
8822,0,0,0,0,0,0,0,0
55806,0,0,1,0,0,0,0,0
100310846,0,0,0,0,0,0,0,0
127011,0,0,0,0,0,0,0,0
124909386,0,0,0,0,0,0,0,0
101929595,0,0,0,0,1,0,2,0
105373978,0,0,0,0,0,0,0,0
107984251,0,0,1,0,0,0,0,0
105371573,0,0,0,0,0,0,0,0
124905970,0,0,0,0,1,0,0,0
9496,0,0,0,0,0,0,0,0
109617024,0,0,0,0,0,0,0,0
106480706,0,0,0,0,0,0,1,0
6514,0,0,0,0,0,0,0,0
101928931,0,0,0,0,0,0,0,0
105370032,0,0,0,0,0,0,0,0
124901197,0,0,0,0,0,0,0,0
121232377,0,0,0,1,1,1,0,0
728788,0,0,0,0,0,1,0,0
340267,0,0,0,0,0,0,2,0
124903207,0,0,0,0,0,0,0,0
4314,0,0,0,0,0,0,0,0
105373091,0,0,0,0,0,0,0,0
6352,0,0,0,0,0,0,0,0
126206,0,0,0,0,0,0,0,0
100130704,0,0,0,0,0,0,0,0
124903886,0,0,0,0,0,0,0,0
105369602,0,0,0,0,0,0,1,0
105373212,0,0,1,0,1,0,0,0
5443,0,0,0,0,0,0,0,0
401109,0,0,0,0,0,0,0,0
124904901,0,0,0,0,0,0,0,1
148713,0,0,0,0,0,0,0,0
9154,0,0,0,0,0,0,0,0
51666,0,0,0,0,0,0,0,1
8909,0,0,0,1,1,0,1,0
101929021,0,0,0,0,0,0,0,0
105374323,0,0,0,0,0,0,0,0
6527,0,0,0,0,0,1,0,0
4500,0,0,0,0,0,0,0,0
100507404,0,0,0,0,0,0,0,0
124904597,0,0,0,0,0,0,1,0
54831,0,0,0,1,0,0,0,0
106479502,0,0,0,0,0,0,0,0
124902199,0,0,0,0,0,0,0,0
377630,0,0,0,0,0,0,0,0
124900750,0,0,0,0,0,0,0,0
646962,0,0,1,0,1,0,0,0
100421246,0,0,2,0,0,1,0,0
101060170,0,0,0,0,0,0,0,1
102724389,0,0,0,0,2,0,0,0
124901802,0,0,0,0,0,0,0,0
8712,0,0,0,1,1,0,0,1
124900764,0,0,0,0,0,0,0,0
140913,0,0,0,0,0,0,0,0
100996455,0,0,1,0,1,1,1,0
105375686,0,0,1,0,0,0,0,0
100507560,0,0,0,0,0,0,0,0
105373604,0,0,0,0,1,0,0,0
105378008,0,0,0,0,0,0,0,1
64446,0,0,1,0,0,0,0,0
124901422,0,0,0,0,1,1,0,1
101929826,0,0,1,1,0,0,1,1
114905,0,0,0,0,0,0,0,0
158521,0,0,0,0,0,0,0,0
107985402,0,0,0,0,0,0,0,0
105373760,0,0,0,0,0,0,0,0
731656,0,0,0,0,0,0,0,0
105378660,0,0,0,0,0,0,0,0
105377452,0,0,0,1,0,0,0,0
105378597,0,0,0,0,0,0,0,0
105374009,0,0,0,1,1,0,0,0
124903350,0,0,0,0,1,0,0,0
100505601,0,0,0,0,1,3,0,1
3587,0,0,0,1,0,0,0,0
107986742,0,0,0,0,0,0,0,0
126669,0,0,0,0,0,0,0,0
8174,0,0,0,0,0,0,1,0
105379882,0,0,0,1,0,0,0,1
124903636,0,0,0,0,0,0,0,0
106479506,0,0,0,0,0,0,0,0
105372363,0,0,0,0,0,0,0,0
11126,0,0,0,0,0,0,0,0
401172,0,0,0,0,0,0,0,0
124909366,0,0,0,0,0,0,0,0
107105352,0,0,1,0,0,0,0,0
81399,0,0,0,0,0,0,0,0
100507065,0,0,0,0,0,0,0,0
124901876,0,0,0,0,0,0,0,0
56062,0,0,0,0,0,0,1,0
93654,0,0,0,0,0,0,0,0
124903748,0,0,0,0,0,0,0,0
101928922,0,0,0,0,0,0,0,0
100528031,0,0,0,0,0,0,0,1
84519,0,0,0,0,0,0,0,0
3982,0,0,1,0,0,0,0,0
677833,0,0,0,0,0,0,1,0
105369710,0,0,0,0,0,0,0,0
109616965,0,0,0,0,0,0,0,0
100874252,0,0,0,1,0,1,0,0
107986639,0,0,0,0,0,0,1,1
219285,0,0,0,1,2,0,0,0
102723641,0,0,0,0,0,0,0,0
644660,0,0,0,1,0,0,1,2
124906153,0,0,0,0,0,0,0,0
107987134,0,0,0,0,0,0,0,0
105370787,0,0,0,0,0,0,0,0
112268291,0,0,0,0,0,0,0,0
124901697,0,0,0,0,0,0,0,0
105377379,0,0,0,0,0,0,0,0
124903463,0,0,0,0,0,0,0,0
102723322,0,0,1,0,0,0,0,0
122950,0,0,0,0,0,0,0,0
105370579,0,0,0,1,0,0,1,0
100271650,0,0,0,0,0,0,0,0
124907781,0,0,0,0,0,0,0,0
106480946,0,0,0,0,0,0,0,0
729609,0,0,0,0,0,0,0,0
105500239,0,0,0,0,0,0,0,0
7276,0,0,0,0,0,0,0,0
358,0,0,0,0,0,0,1,0
126147,0,0,0,0,0,0,0,0
105370913,0,0,0,0,0,0,0,0
100505995,0,0,0,0,0,0,0,0
101929717,0,0,0,0,0,0,0,0
124901758,0,0,0,1,0,0,0,0
124902391,0,0,0,0,0,0,0,0
100127989,0,0,1,0,0,0,0,0
6656,0,0,0,0,0,0,0,0
124907754,0,0,0,0,0,1,2,2
124904672,0,0,0,0,0,0,0,0
339483,0,0,0,0,1,0,1,0
101241902,0,0,0,1,0,0,0,0
100128407,0,0,0,0,0,0,0,0
105372924,0,0,0,0,0,0,0,1
11185,0,0,0,0,0,0,0,0
105377467,0,0,0,0,0,0,0,0
105375473,0,0,0,0,0,0,1,0
105378480,0,0,1,2,1,0,0,1
100874164,0,0,0,1,0,0,0,0
124903018,0,0,0,0,0,0,0,0
124902712,0,0,0,0,0,0,0,0
124904878,0,0,0,0,0,0,1,0
11026,0,0,0,0,0,1,0,0
105376161,0,0,0,1,0,0,1,0
729224,0,0,1,0,0,0,0,0
107986876,0,0,0,0,0,0,0,2
79973,0,0,0,0,0,0,0,0
105374221,0,0,0,0,0,0,0,0
101929639,0,0,1,0,0,0,0,1
100422624,0,0,1,0,0,0,0,0
107986939,0,0,0,0,0,2,0,0
54847,0,0,0,0,0,0,0,0
124909442,0,0,0,0,0,0,0,0
102724856,0,0,0,0,0,0,0,0
106481110,0,0,0,0,0,0,0,0
112268335,0,0,0,0,0,0,1,0
246100,0,0,0,0,0,0,0,0
360187,0,0,0,0,0,0,0,0
7066,0,0,0,0,0,0,0,1
124902920,0,0,0,1,0,2,2,1
101927671,0,0,0,0,0,0,0,0
7849,0,0,2,0,0,0,0,0
100132304,0,0,0,0,0,0,0,0
105378493,0,0,0,0,0,0,0,0
100505796,0,0,0,1,0,1,1,0
124900748,0,0,0,0,0,0,0,1
102724954,0,0,0,0,0,0,0,0
200315,0,0,0,0,0,0,0,0
124905302,0,0,0,0,0,0,0,0
128668,0,0,0,0,0,1,0,1
107985469,0,0,0,0,0,0,0,0
5222,0,0,0,0,0,0,0,0
54829,0,0,0,0,0,0,0,0
105376951,0,0,1,0,0,0,0,0
114900,0,0,0,0,0,0,0,0
100505929,0,0,0,0,0,0,0,0
105374885,0,0,0,0,0,0,0,0
124903988,0,0,0,0,0,0,0,1
147710,0,0,0,0,0,1,0,0
105377781,0,0,0,0,0,0,0,0
105373041,0,0,0,0,0,1,0,0
107985439,0,0,0,0,0,0,0,0
222950,0,0,2,0,0,0,0,0
7955,0,0,0,2,1,0,1,0
100132831,0,0,0,0,0,1,0,0
124904994,0,0,1,0,0,0,0,0
105369383,0,0,1,0,0,1,0,2
107986305,0,0,0,0,0,2,0,0
102723739,0,0,0,0,0,0,0,0
10326,0,0,0,0,0,1,0,0
131450,0,0,0,0,0,0,0,0
5507,0,0,0,0,0,0,0,0
107984273,0,0,0,3,0,2,0,0
100131289,0,0,1,0,0,2,0,0
124900336,0,0,1,1,1,0,1,1
400591,0,0,0,0,0,0,0,0
106479166,0,0,1,0,1,0,0,0
105370170,0,0,0,0,0,0,0,1
124900691,0,0,0,0,0,0,0,0
9671,0,0,0,0,0,0,0,0
124906152,0,0,0,0,0,0,0,0
105373902,0,0,0,0,0,0,1,0
105373313,0,0,0,0,0,0,0,0
100506885,0,0,0,0,0,1,0,1
124900398,0,0,0,0,0,0,0,0
103695432,0,0,1,0,0,0,0,0
646708,0,0,0,0,0,0,1,1
102724625,0,0,0,0,2,1,0,0
84691,0,0,1,0,0,0,0,1
124902306,0,0,0,0,0,0,0,0
124902756,0,0,0,0,0,0,0,0
4878,0,0,0,1,0,0,0,0
3748,0,0,0,0,0,0,1,0
124903995,0,0,0,1,1,0,1,0
101927421,0,0,0,0,0,0,0,0
124902903,0,0,0,0,0,0,0,0
105373215,0,0,0,0,0,0,0,0
106479504,0,0,0,0,0,0,0,0
124904520,0,0,0,0,0,0,0,0
118932,0,0,0,0,0,0,1,1
100288726,0,0,0,1,0,0,0,0
105375894,0,0,0,1,0,0,0,1
6818,0,0,0,0,0,0,0,0
100506253,0,0,0,0,1,0,0,1
124902750,0,0,0,0,0,0,0,0
105378591,0,0,0,0,0,0,1,1
43847,0,0,0,0,0,0,0,0
100131849,0,0,0,0,0,0,0,0
4680,0,0,0,0,0,0,0,0
105369463,0,0,0,0,0,0,0,0
100379297,0,0,0,0,0,0,0,0
122945,0,0,0,0,0,0,0,3
5858,0,0,0,1,0,1,0,0
106633809,0,0,0,2,4,6,1,5
101928718,0,0,0,0,0,0,0,0
124901213,0,0,0,0,0,0,0,0
342897,0,0,0,0,0,0,0,0
124903435,0,0,1,0,0,0,0,0
360168,0,0,1,1,0,1,0,0
105379034,0,0,1,0,0,0,0,0
105377137,0,0,0,0,0,0,0,0
124904042,0,0,0,0,0,0,0,0
124901781,0,0,0,0,0,0,0,0
5161,0,0,0,0,0,0,0,0
105369865,0,0,2,0,1,1,1,0
79999,0,0,0,0,0,0,0,1
124909418,0,0,0,0,0,0,0,0
124902295,0,0,0,0,0,0,0,0
124901625,0,0,0,0,0,0,0,0
692247,0,0,0,0,0,0,0,0
121832806,0,0,0,0,0,0,1,0
105372272,0,0,0,0,0,0,1,0
254827,0,0,1,0,1,0,0,0
3892,0,0,0,1,0,0,0,0
8839,0,0,0,0,0,0,0,0
102723935,0,0,0,1,0,0,1,1
23217,0,0,0,0,0,0,0,0
100505865,0,0,0,0,0,0,0,0
388428,0,0,0,0,1,0,0,0
105376850,0,0,0,1,0,3,0,0
440956,0,0,0,0,0,0,0,0
100500870,0,0,3,0,0,0,0,0
10637,0,0,0,0,0,0,1,0
124905240,0,0,0,0,0,0,0,0
121853076,0,0,1,0,0,0,0,0
107985694,0,0,1,1,1,1,1,1
647507,0,0,0,0,0,1,0,0
124904502,0,0,0,0,0,1,0,0
83854,0,0,0,0,1,0,1,1
105370126,0,0,0,0,0,0,0,0
752014,0,0,0,1,0,0,1,0
101928731,0,0,0,0,1,0,0,0
124903168,0,0,0,0,1,0,0,0
6528,0,0,0,0,0,0,0,1
199699,0,0,5,0,0,3,1,4
105370299,0,0,0,0,0,0,0,0
150379,0,0,0,0,0,0,0,0
100128926,0,0,0,0,0,0,0,0
22953,0,0,0,0,0,0,2,0
101927780,0,0,0,0,1,0,0,0
4829,0,0,0,0,0,0,0,0
101927051,0,0,0,0,0,0,1,0
402117,0,0,0,0,0,0,0,0
106633803,0,0,0,0,0,1,0,0
105370526,0,0,0,1,1,0,0,0
4622,0,0,0,0,0,0,0,0
124905113,0,0,1,0,0,0,0,0
157693,0,0,0,0,0,0,0,0
105377085,0,0,0,0,0,0,0,0
57007,0,0,0,0,0,1,0,0
105370888,0,0,0,0,0,0,0,1
124905084,0,0,0,0,0,0,0,0
107984158,0,0,0,0,0,0,0,0
8928,0,0,0,0,0,0,0,0
101929664,0,0,0,0,0,0,0,0
29993,0,0,4,0,0,1,3,1
158511,0,0,0,0,0,0,0,0
100132993,0,0,0,0,0,0,0,0
100419959,0,0,0,0,1,1,0,1
158798,0,0,0,0,0,0,1,0
646268,0,0,0,0,0,0,0,0
100189376,0,0,0,0,1,0,0,0
124901539,0,0,0,0,0,0,0,0
105374515,0,0,0,0,0,0,0,0
101928856,0,0,0,0,0,0,0,1
124902950,0,0,0,0,0,0,0,0
107987115,0,0,0,0,0,0,0,0
118597844,0,0,0,0,0,0,0,1
124902553,0,0,0,0,0,0,0,0
124905426,0,0,1,1,0,0,0,0
105371125,0,0,0,0,0,0,1,1
100189021,0,0,1,0,0,0,0,0
101409256,0,0,0,0,0,0,0,0
124901175,0,0,0,0,0,0,0,0
107986079,0,0,0,0,0,1,0,0
401105,0,0,0,0,0,0,0,0
105376380,0,0,0,0,1,0,1,0
84332,0,0,0,0,0,0,0,1
100874512,0,0,0,0,0,0,0,0
149998,0,0,1,0,0,0,0,0
401546,0,0,0,0,1,0,0,0
124902811,0,0,0,0,0,0,0,0
105370007,0,0,0,0,0,0,0,0
100874278,0,0,0,0,0,0,0,0
130802,0,0,0,0,0,0,0,0
9037,0,0,0,0,0,0,0,1
124903857,0,0,0,0,0,0,0,0
105376568,0,0,0,0,0,0,1,0
10738,0,0,0,0,0,0,0,0
112268208,0,0,0,0,0,0,0,0
1004,0,0,0,0,0,0,0,0
100144604,0,0,0,0,0,0,1,0
105375920,0,0,0,0,0,0,0,0
124907976,0,0,0,0,0,0,1,1
150947,0,0,0,0,0,0,0,0
51481,0,0,0,0,0,0,0,0
57214,0,0,0,0,4,0,0,1
100129693,0,0,0,0,0,0,0,0
401237,0,0,0,0,0,0,0,0
105378753,0,0,1,1,0,0,0,1
124903994,0,0,0,0,0,0,0,0
124904622,0,0,0,0,0,0,0,0
124905503,0,0,0,0,0,0,0,0
3932,0,0,1,0,0,0,1,0
105372529,0,0,0,0,0,0,0,0
107984211,0,0,0,0,0,1,1,0
105376806,0,0,0,0,0,0,0,0
105371640,0,0,0,0,0,0,0,0
124902960,0,0,0,0,0,0,0,0
117579,0,0,0,0,0,0,0,0
124905035,0,0,0,0,2,0,0,0
102725019,0,0,0,0,0,0,0,0
124906320,0,0,0,1,0,0,0,0
2302,0,0,0,0,1,0,0,0
105369346,0,0,0,0,0,0,0,0
389852,0,0,0,0,0,0,0,0
100271043,0,0,0,0,0,0,0,0
124900432,0,0,0,0,0,0,0,0
101409261,0,0,0,0,0,0,0,0
8740,0,0,0,0,0,0,0,0
132719,0,0,0,0,0,0,0,0
124903441,0,0,1,1,0,0,0,1
128966558,0,0,1,0,0,0,0,1
105369616,0,0,0,0,0,0,0,0
346389,0,0,1,0,0,0,0,0
349196,0,0,0,0,0,1,1,1
56269,0,0,0,0,0,0,0,0
100873754,0,0,0,0,0,0,0,1
644233,0,0,0,1,0,1,0,1
729930,0,0,3,1,2,0,3,4
664611,0,0,0,1,0,0,0,1
124902670,0,0,0,1,1,0,0,0
9074,0,0,0,0,0,1,0,0
2940,0,0,0,0,0,0,0,0
10004,0,0,0,0,1,0,0,2
389493,0,0,0,0,0,0,0,0
124901013,0,0,0,0,0,0,0,0
105378520,0,0,0,0,0,0,0,0
124903057,0,0,0,1,0,1,0,0
124901106,0,0,0,0,0,0,0,0
105379054,0,0,0,0,0,0,0,0
105373422,0,0,0,0,0,0,0,0
111644133,0,0,0,0,0,0,0,0
106481712,0,0,0,0,0,0,2,0
124903543,0,0,2,0,0,0,0,1
644600,0,0,0,0,0,1,0,0
100506236,0,0,0,0,0,1,0,0
10699,0,0,0,0,0,0,0,0
124907893,0,0,1,0,0,0,0,1
8111,0,0,0,0,0,0,0,0
100420794,0,0,0,0,0,0,0,0
105371235,0,0,0,0,0,0,0,0
107987299,0,0,0,0,1,0,0,0
4051,0,0,0,0,0,0,0,0
23559,0,0,0,0,0,0,0,0
124909406,0,0,0,0,0,0,0,0
441389,0,0,0,1,0,0,0,0
100128043,0,0,0,0,0,0,1,0
124901357,0,0,0,0,1,0,0,0
124902682,0,0,0,0,0,0,0,0
101054525,0,0,0,0,0,0,0,1
100505984,0,0,0,0,0,0,1,1
7535,0,0,0,0,0,0,0,0
105376477,0,0,0,0,0,0,0,0
127406,0,0,3,1,0,0,1,1
100420252,0,0,0,1,1,0,0,0
100189589,0,0,0,0,0,0,0,0
124901962,0,0,0,0,0,0,0,0
124904717,0,0,0,0,0,0,0,1
101928021,0,0,0,0,0,0,0,0
124902240,0,0,0,0,1,0,0,0
158297,0,0,0,1,0,0,0,0
100133062,0,0,0,0,0,0,0,0
107985229,0,0,0,0,0,0,1,0
57560,0,0,1,1,0,0,0,0
100996404,0,0,0,0,0,0,0,0
124909441,0,0,0,0,2,0,0,0
124901399,0,0,1,0,0,2,0,0
105378854,0,0,1,0,1,0,0,1
102724269,0,0,0,0,0,0,0,0
112268289,0,0,0,0,0,0,0,0
100271874,0,0,0,0,0,0,0,0
222643,0,0,3,0,0,3,2,3
110006325,0,0,0,0,0,0,0,0
105369332,0,0,0,0,0,0,0,1
158326,0,0,0,0,0,0,0,0
105374843,0,0,0,0,1,0,0,0
107986031,0,0,0,2,2,0,0,1
124902491,0,0,0,0,1,0,0,0
100128867,0,0,0,0,0,0,0,0
124909371,0,0,0,0,0,0,0,0
105374639,0,0,3,7,3,1,0,2
23452,0,0,0,0,0,0,0,0
89872,0,0,0,0,0,0,0,0
110384692,0,0,1,0,0,0,1,0
644584,0,0,0,1,2,0,0,0
866,0,0,0,0,0,0,0,0
124902836,0,0,1,0,0,0,0,1
11248,0,0,3,3,0,2,1,1
2687,0,0,0,0,0,0,0,0
102724068,0,0,0,0,0,0,0,0
105375172,0,0,0,1,0,0,0,0
90523,0,0,0,0,0,0,0,0
107986197,0,0,0,0,0,0,0,0
84684,0,0,1,0,0,0,0,0
1734,0,0,1,1,0,1,0,0
124904929,0,0,0,0,0,0,0,0
107986027,0,0,0,0,1,0,1,0
100507650,0,0,2,1,0,1,0,1
7096,0,0,0,0,0,0,0,0
124904924,0,0,0,1,0,0,0,0
1230,0,0,0,0,0,0,0,0
107985160,0,0,1,0,1,0,0,0
105376034,0,0,0,0,0,0,0,1
26818,0,0,1,0,0,1,2,0
5268,0,0,0,0,0,0,0,0
285349,0,0,0,0,0,0,0,0
105374695,0,0,0,1,1,0,0,0
63827,0,0,0,0,0,0,0,0
101927936,0,0,0,0,0,0,0,0
107985563,0,0,0,0,0,0,0,0
106481654,0,0,0,0,0,0,0,0
107984588,0,0,0,0,1,0,1,2
648809,0,0,1,1,0,0,0,0
124901782,0,0,0,0,0,0,0,0
145873,0,0,2,0,1,2,0,1
494188,0,0,0,0,0,0,0,0
124903993,0,0,0,0,0,0,0,0
6554,0,0,0,0,0,0,0,0
105376043,0,0,0,0,0,1,0,0
107984461,0,0,0,0,1,2,2,0
101927768,0,0,0,1,1,0,0,1
100128811,0,0,0,0,0,0,0,0
105371625,0,0,0,0,0,0,0,0
101929633,0,0,0,0,0,1,0,0
728175,0,0,0,0,0,0,1,0
343066,0,0,0,0,0,0,0,0
105378994,0,0,0,0,0,0,0,1
124904673,0,0,0,0,0,0,1,1
124906265,0,0,0,0,0,0,1,0
102723759,0,0,1,1,1,1,0,1
101929144,0,0,0,0,0,0,0,0
64333,0,0,1,0,0,0,0,0
107984425,0,0,0,0,0,0,0,0
100129540,0,0,0,0,0,0,0,0
3753,0,0,0,0,0,0,0,0
25833,0,0,0,0,0,0,0,0
100652824,0,0,0,0,0,2,0,0
100422860,0,0,0,0,1,2,0,1
693165,0,0,0,0,0,0,0,0
54810,0,0,0,0,0,0,0,0
105373487,0,0,0,0,0,1,0,0
105375038,0,0,0,0,0,0,0,0
8778,0,0,0,0,0,0,0,0
124901041,0,0,1,0,2,0,1,1
389935,0,0,1,0,1,0,0,0
124904251,0,0,0,0,0,0,0,0
100271133,0,0,0,0,0,0,0,0
100133309,0,0,3,2,5,1,1,2
139562,0,0,0,1,0,0,0,0
105372497,0,0,0,0,0,0,0,0
92736,0,0,0,0,0,0,0,0
101929688,0,0,1,0,0,0,1,0
105378525,0,0,0,0,0,0,0,0
254240,0,0,0,0,0,0,0,0
100874002,0,0,3,3,2,0,3,0
107985755,0,0,0,0,0,0,0,0
100128469,0,0,0,1,0,0,0,1
404220,0,0,0,0,0,0,2,1
124905351,0,0,0,0,0,0,0,1
124903514,0,0,0,0,0,0,0,0
124905955,0,0,0,0,0,0,0,0
124902197,0,0,0,0,1,0,0,0
5159,0,0,0,0,0,0,0,0
124907883,0,0,0,0,0,1,0,0
375775,0,0,0,0,0,0,0,0
728882,0,0,1,1,0,0,0,3
124901687,0,0,0,0,0,0,1,1
124900413,0,0,0,0,0,0,1,0
253724,0,0,0,1,1,1,0,0
442319,0,0,1,0,0,0,0,0
100420547,0,0,0,0,0,0,0,0
8437,0,0,4,2,2,2,2,2
124909398,0,0,0,1,0,0,0,0
388799,0,0,0,1,4,1,1,0
613212,0,0,0,1,1,0,1,0
106481946,0,0,0,0,0,0,0,0
3167,0,0,3,1,3,0,1,1
406893,0,0,0,0,0,1,0,0
124907970,0,0,0,0,1,0,1,0
105373115,0,0,0,0,0,0,0,0
6035,0,0,0,1,0,0,0,0
51655,0,0,0,0,0,0,0,0
146183,0,0,0,0,0,0,0,0
124900984,0,0,0,1,0,0,0,1
107984466,0,0,0,0,0,0,0,0
644256,0,0,0,0,0,0,0,0
102723733,0,0,0,0,0,1,0,0
3512,0,0,0,0,0,0,0,0
101929935,0,0,0,0,0,0,0,0
100873924,0,0,1,0,0,0,0,0
107987329,0,0,1,0,0,1,0,0
106479053,0,0,0,0,0,0,0,0
647476,0,0,1,0,0,0,0,0
642337,0,0,2,0,1,1,1,0
124904945,0,0,0,1,0,0,0,0
106481942,0,0,0,0,0,1,1,0
406900,0,0,0,0,0,0,0,0
124902641,0,0,0,1,0,0,0,0
124901683,0,0,0,0,0,0,0,0
124907884,0,0,0,0,0,0,0,0
101927801,0,0,0,0,0,0,0,0
102723350,0,0,0,0,0,0,0,0
348094,0,0,1,1,5,1,2,0
124900202,0,0,0,0,0,0,0,0
128774,0,0,0,0,0,0,0,0
339751,0,0,0,0,0,0,0,0
85285,0,0,0,0,0,0,0,0
680,0,0,0,0,0,0,0,0
100127950,0,0,1,0,0,0,0,0
124904037,0,0,2,0,0,0,0,0
101928119,0,0,0,0,1,0,0,0
124909434,0,0,0,0,0,0,0,0
2587,0,0,0,0,0,0,0,0
196913,0,0,0,0,0,0,0,0
124901931,0,0,0,0,0,0,0,1
124902644,0,0,0,0,0,0,0,0
105369592,0,0,0,0,0,0,1,0
100616388,0,0,0,0,0,0,0,0
389124,0,0,0,0,0,0,0,0
80125,0,0,0,1,0,0,0,0
124906149,0,0,0,1,0,0,0,0
83597,0,0,0,0,0,0,0,0
105369697,0,0,0,0,0,0,0,0
124903199,0,0,0,0,1,1,0,2
105374370,0,0,0,0,0,0,0,0
105377879,0,0,0,0,0,0,0,0
105369177,0,0,0,0,0,0,1,0
643909,0,0,0,1,0,0,0,0
100128431,0,0,1,0,0,0,0,0
124902766,0,0,0,0,0,0,0,0
4046,0,0,0,0,0,1,0,0
106480935,0,0,0,0,0,1,1,0
124904277,0,0,0,0,0,0,0,0
107985090,0,0,0,0,0,0,0,0
133688,0,0,0,1,0,0,0,0
100421444,0,0,0,0,0,0,0,0
1264,0,0,0,2,1,0,1,0
26784,0,0,2,0,0,0,0,0
7448,0,0,0,0,0,0,1,1
101927817,0,0,0,0,0,0,0,0
100189111,0,0,0,0,0,0,0,0
102724122,0,0,1,0,0,0,0,0
57381,0,0,0,0,0,0,0,0
89758,0,0,0,0,0,0,0,0
105376368,0,0,0,0,0,0,0,0
692110,0,0,0,1,0,1,0,0
105373386,0,0,0,0,1,0,0,0
124906083,0,0,0,0,0,0,0,1
3051,0,0,1,0,0,0,0,0
105374910,0,0,0,0,0,0,0,0
101927931,0,0,0,0,0,1,0,0
51327,0,0,0,0,0,0,0,0
27178,0,0,0,0,0,0,0,0
100131208,0,0,0,0,0,0,0,0
8942,0,0,1,1,0,0,0,0
222,0,0,0,0,0,0,0,0
799,0,0,0,0,0,0,0,0
344178,0,0,1,0,1,0,1,1
283375,0,0,0,0,0,0,0,0
394217,0,0,0,0,0,1,0,0
102725238,0,0,0,0,0,1,0,0
8302,0,0,0,0,1,0,0,0
124905994,0,0,0,0,0,0,0,0
102723478,0,0,0,1,0,0,0,0
677845,0,0,0,1,0,0,0,2
124907975,0,0,0,0,0,0,2,0
105370220,0,0,0,0,0,0,0,0
387885,0,0,1,0,2,1,1,3
5320,0,0,0,0,0,0,0,0
124903617,0,0,0,0,0,0,0,0
150622,0,0,0,0,0,0,0,0
654505,0,0,0,1,0,0,0,0
105370406,0,0,0,0,0,0,0,0
101929580,0,0,0,0,0,0,0,0
124901459,0,0,0,0,1,0,1,2
106478997,0,0,0,0,0,0,0,0
107986827,0,0,0,0,0,0,1,0
106144529,0,0,0,0,0,0,0,0
137868,0,0,0,0,0,0,0,0
124900399,0,0,0,0,0,0,0,0
105373335,0,0,0,1,0,0,0,1
101927479,0,0,0,0,3,0,0,0
53842,0,0,0,0,0,0,0,0
3780,0,0,2,0,0,2,0,1
100506655,0,0,0,0,0,0,0,0
646300,0,0,0,0,0,0,0,0
85388,0,0,0,0,0,0,0,1
414765,0,0,1,1,2,3,0,0
102724745,0,0,0,0,0,0,0,0
105373244,0,0,0,0,0,0,0,0
40,0,0,0,0,0,0,0,0
51733,0,0,0,0,0,1,0,1
107984827,0,0,0,0,0,0,0,0
124902090,0,0,0,0,0,0,0,0
26786,0,0,0,0,0,0,0,1
401127,0,0,0,1,0,0,0,0
677819,0,0,1,0,1,0,0,0
105375798,0,0,0,1,0,2,1,1
729201,0,0,0,0,1,0,0,0
29986,0,0,0,0,0,0,0,0
338739,0,0,0,0,0,0,0,0
434,0,0,0,0,0,0,0,0
124902838,0,0,0,0,0,0,0,0
4068,0,0,0,0,0,0,0,1
105375200,0,0,0,0,0,0,0,1
105376494,0,0,0,0,0,0,1,0
107984257,0,0,0,0,0,0,0,0
613227,0,0,0,0,0,0,0,1
124905085,0,0,1,0,0,0,0,0
10740,0,0,0,0,0,0,1,1
124904187,0,0,0,0,0,0,0,0
100533184,0,0,0,0,4,0,1,0
107986558,0,0,1,0,0,0,0,0
124901065,0,0,0,1,0,1,0,0
105375567,0,0,0,1,0,1,0,0
107986165,0,0,0,0,0,0,0,0
101928337,0,0,1,0,0,0,0,0
124905123,0,0,0,0,0,0,0,0
124900564,0,0,0,0,0,1,0,0
124902160,0,0,1,0,0,0,0,0
7221,0,0,0,1,0,0,0,0
102724780,0,0,2,0,0,0,0,0
124905350,0,0,0,1,0,0,0,2
105377899,0,0,0,1,0,0,0,0
645572,0,0,0,0,0,0,0,0
124903267,0,0,1,0,0,0,1,0
105373208,0,0,0,0,0,0,0,0
4855,0,0,1,1,4,5,0,4
101929314,0,0,0,0,0,0,0,0
255027,0,0,0,0,0,0,1,0
105378728,0,0,0,0,1,0,1,0
124901049,0,0,0,0,1,0,0,0
6276,0,0,0,0,0,0,0,0
441623,0,0,0,0,0,0,0,0
124904980,0,0,0,0,0,0,0,0
101928781,0,0,0,0,0,0,0,0
124900988,0,0,0,0,0,0,0,0
100421389,0,0,0,1,0,2,0,0
8029,0,0,0,0,0,0,0,0
124902985,0,0,0,0,0,0,0,0
105372550,0,0,0,0,1,0,0,0
105377939,0,0,1,0,0,0,0,0
728407,0,0,1,0,0,0,0,0
124901668,0,0,0,0,0,0,0,0
105379003,0,0,0,0,0,0,0,0
124904482,0,0,0,0,0,0,1,0
730091,0,0,0,0,0,0,0,0
641381,0,0,0,0,0,0,0,0
105379235,0,0,0,0,0,0,0,0
124901310,0,0,0,0,0,0,0,0
390255,0,0,0,0,0,1,0,0
101929400,0,0,0,0,1,0,0,0
146779,0,0,1,0,0,0,1,0
105376569,0,0,0,0,1,0,0,1
100129697,0,0,0,0,0,0,0,0
124904246,0,0,1,0,0,0,0,0
105370399,0,0,0,0,0,1,1,1
124901664,0,0,0,0,0,0,2,2
1183,0,0,1,0,0,0,0,0
105378004,0,0,0,0,0,0,0,0
105375301,0,0,0,0,0,0,0,0
120935,0,0,0,2,1,0,0,0
124902447,0,0,0,0,0,0,0,0
109616969,0,0,0,0,0,0,0,1
105373805,0,0,0,0,0,0,0,0
729610,0,0,0,0,0,0,0,0
10350,0,0,0,0,0,0,0,0
124903923,0,0,0,0,0,0,0,0
51270,0,0,0,0,0,0,0,0
112267868,0,0,0,0,0,0,0,0
101060145,0,0,0,0,1,0,0,0
102723752,0,0,2,0,0,0,1,0
127795,0,0,0,1,0,0,3,0
4224,0,0,0,0,0,0,0,0
105375976,0,0,0,0,0,0,0,0
105378635,0,0,0,0,0,0,0,0
8612,0,0,1,1,0,1,1,0
57348,0,0,0,0,0,1,0,0
124901533,0,0,0,0,0,0,0,0
105371712,0,0,0,0,0,0,0,0
106481464,0,0,0,0,0,0,0,0
124901920,0,0,0,0,2,3,1,2
84073,0,0,0,0,0,0,0,0
107984732,0,0,0,1,0,1,0,0
124900646,0,0,0,0,0,0,0,0
5212,0,0,0,0,0,0,0,0
100133268,0,0,0,0,0,0,0,0
124909395,0,0,0,0,0,0,0,0
105369203,0,0,0,0,0,0,0,1
56165,0,0,1,0,0,0,0,0
124902014,0,0,0,0,0,0,0,0
643,0,0,0,0,0,0,1,0
441457,0,0,0,0,0,0,0,0
28667,0,0,0,0,0,0,0,1
283033,0,0,0,1,0,0,0,0
677801,0,0,0,0,0,0,0,0
124903847,0,0,1,1,0,0,0,0
100874204,0,0,1,1,1,0,1,0
124902986,0,0,0,0,1,0,0,0
105377424,0,0,0,0,0,0,0,0
124900727,0,0,0,1,0,0,0,0
104644205,0,0,0,0,0,0,0,0
124901868,0,0,0,1,0,0,0,1
444882,0,0,0,0,0,0,0,0
124900317,0,0,0,0,0,0,0,1
79170,0,0,0,0,0,1,0,0
54474,0,0,0,0,0,0,0,0
285154,0,0,0,0,0,0,0,0
107986075,0,0,0,0,0,0,0,0
105375336,0,0,0,0,0,0,0,0
100130014,0,0,0,0,0,0,0,0
406966,0,0,0,0,0,0,0,2
123466203,0,0,0,0,0,0,0,0
124905229,0,0,0,0,0,0,0,0
101929247,0,0,0,0,0,0,0,0
145837,0,0,3,2,3,2,0,8
84443,0,0,3,0,1,0,2,0
116255,0,0,0,0,0,0,0,0
644090,0,0,0,0,0,0,0,0
124907776,0,0,0,0,0,1,0,0
100529211,0,0,1,0,0,0,0,0
124903483,0,0,0,0,0,0,0,0
100189114,0,0,0,1,0,0,0,0
199786,0,0,1,0,0,0,0,1
107984947,0,0,0,0,0,0,0,0
107987138,0,0,0,0,0,0,0,0
106480032,0,0,0,0,0,0,0,0
118827814,0,0,0,0,0,0,2,0
105378735,0,0,0,0,0,0,0,0
23209,0,0,0,0,0,0,0,0
101927843,0,0,0,0,0,0,0,0
221395,0,0,0,0,1,0,0,1
105372903,0,0,0,0,0,0,0,0
105374358,0,0,0,0,0,0,1,0
79841,0,0,0,0,0,0,0,0
105375019,0,0,0,0,0,0,0,0
105374039,0,0,0,0,0,0,0,0
102724776,0,0,1,0,0,0,1,0
11055,0,0,0,0,0,0,0,0
284297,0,0,0,0,0,0,0,0
10871,0,0,0,0,0,0,0,0
5743,0,0,0,0,0,0,0,2
387700,0,0,0,0,1,0,0,1
105374813,0,0,0,0,0,1,0,0
197331,0,0,1,0,2,1,0,1
1818,0,0,0,0,0,0,0,0
140625,0,0,0,0,0,0,0,0
124904068,0,0,0,0,0,0,0,0
100507489,0,0,0,0,0,1,1,0
124904389,0,0,0,0,0,1,0,1
124900249,0,0,0,0,0,0,0,0
51702,0,0,0,1,0,0,0,1
414208,0,0,0,0,1,2,0,0
100421201,0,0,0,0,0,0,0,0
100189378,0,0,0,1,2,0,0,0
5920,0,0,0,0,0,0,0,0
105374760,0,0,0,0,0,0,0,0
107985029,0,0,0,0,0,2,0,0
118732297,0,0,0,1,1,3,1,0
105373958,0,0,3,1,0,0,0,0
124904914,0,0,0,0,0,0,0,0
124907907,0,0,1,1,0,0,2,0
101927179,0,0,0,0,0,0,0,0
645432,0,0,0,0,0,0,0,0
100287722,0,0,0,0,0,0,0,1
885,0,0,0,0,0,0,0,0
100505664,0,0,0,0,0,0,0,0
112268416,0,0,0,0,0,0,0,0
414197,0,0,0,0,0,0,0,0
124901234,0,0,0,0,0,0,1,0
100189362,0,0,0,0,0,0,0,0
100506033,0,0,0,0,0,0,0,0
124903816,0,0,0,0,0,0,0,0
284080,0,0,0,0,0,0,0,0
728178,0,0,1,1,0,0,0,0
101060098,0,0,0,0,0,1,0,0
106479573,0,0,0,0,0,0,0,0
124900622,0,0,0,0,0,0,1,0
27071,0,0,0,0,1,0,0,0
101927217,0,0,2,1,1,1,2,1
54036,0,0,0,0,0,0,0,1
3777,0,0,0,0,0,0,0,0
100189066,0,0,0,0,0,0,0,0
100190947,0,0,0,0,1,1,1,2
124903550,0,0,0,0,0,0,0,0
105378698,0,0,0,0,0,0,0,0
124903201,0,0,0,0,0,0,0,0
124901249,0,0,0,0,0,0,0,0
9914,0,0,0,0,0,0,1,0
105373689,0,0,0,0,0,0,0,0
54626,0,0,2,4,2,3,1,1
29989,0,0,0,0,0,0,0,0
124904516,0,0,1,0,0,0,0,1
124902019,0,0,0,2,0,1,0,1
284800,0,0,0,0,0,0,0,0
124903718,0,0,0,1,0,0,0,0
124903258,0,0,0,0,0,0,0,0
100128025,0,0,0,1,0,0,0,0
660,0,0,0,0,0,0,0,0
102724550,0,0,0,0,0,0,0,0
109617023,0,0,0,0,0,0,0,1
441294,0,0,0,0,0,0,0,0
390937,0,0,1,0,1,0,0,0
107984881,0,0,0,0,0,0,0,0
3024,0,0,0,0,0,0,0,0
124905247,0,0,1,0,0,0,0,0
105371770,0,0,0,0,0,0,0,0
105378386,0,0,0,0,0,0,0,0
112268068,0,0,0,0,0,0,0,0
101928461,0,0,0,0,0,0,0,0
100379132,0,0,0,0,0,0,0,0
319122,0,0,0,0,0,2,1,0
115701,0,0,0,0,0,0,0,1
107984150,0,0,0,0,0,1,0,0
400797,0,0,1,0,0,0,0,0
113218506,0,0,0,0,0,0,1,0
105379181,0,0,0,0,0,0,0,0
105371953,0,0,0,0,0,0,0,0
101929256,0,0,0,0,0,1,0,0
171427,0,0,1,0,0,0,0,0
101929384,0,0,0,1,0,0,0,0
105373884,0,0,2,0,1,1,2,1
151258,0,0,0,0,0,1,0,0
124902565,0,0,0,0,1,0,0,0
100874123,0,0,1,1,0,2,0,0
723809,0,0,0,0,0,0,0,0
124903498,0,0,0,0,1,1,0,1
728047,0,0,0,1,0,0,0,1
1412,0,0,0,0,0,0,0,0
6532,0,0,0,0,0,1,0,0
259294,0,0,0,0,0,0,0,0
283914,0,0,0,0,0,1,0,0
124902431,0,0,0,0,0,0,0,0
146325,0,0,3,4,4,0,0,0
105370404,0,0,2,0,1,2,1,1
124902401,0,0,0,0,0,0,0,0
100499484,0,0,0,0,0,0,0,0
124901440,0,0,0,0,0,0,0,0
105379245,0,0,0,1,0,0,0,0
158833,0,0,0,0,0,0,0,0
128864,0,0,1,0,0,0,0,0
105378450,0,0,0,0,0,0,0,0
124905215,0,0,0,0,0,0,2,0
105373204,0,0,0,0,0,0,0,0
100506108,0,0,0,0,0,0,0,0
133121,0,0,0,0,0,0,0,0
107986254,0,0,2,1,0,0,0,0
124903879,0,0,0,0,0,0,0,0
100506358,0,0,0,0,0,0,0,0
124904559,0,0,2,3,0,0,0,0
105376484,0,0,2,1,0,0,6,1
105378625,0,0,0,0,0,0,0,0
440101,0,0,1,0,0,0,0,0
124900273,0,0,2,2,0,0,0,2
101929215,0,0,0,0,0,0,0,0
100528064,0,0,1,0,0,0,0,0
402317,0,0,0,0,0,0,0,0
125336,0,0,0,0,0,0,0,0
115482698,0,0,0,0,0,2,0,0
100287191,0,0,1,1,0,1,0,0
107984254,0,0,0,0,0,0,0,1
1378,0,0,0,1,1,1,0,0
124904608,0,0,1,0,1,1,1,0
124900626,0,0,0,0,0,0,0,0
124904714,0,0,0,0,0,0,0,0
124900487,0,0,0,0,0,0,0,0
100189060,0,0,0,0,0,0,0,0
105374136,0,0,0,0,0,0,2,0
105376615,0,0,1,0,1,1,0,0
915,0,0,0,0,0,0,0,0
124904915,0,0,0,0,0,0,0,0
91543,0,0,3,1,3,0,0,0
105374651,0,0,0,1,0,0,0,0
283521,0,0,0,1,0,0,1,2
646417,0,0,0,0,1,0,0,0
124903699,0,0,3,2,6,5,5,5
105376326,0,0,0,0,0,1,1,0
128136,0,0,0,0,0,0,0,1
112268275,0,0,0,0,0,0,0,0
284114,0,0,0,0,1,0,0,0
111216286,0,0,0,0,0,0,0,0
124900756,0,0,0,0,0,0,0,1
101928819,0,0,0,0,0,0,0,0
652972,0,0,0,0,0,0,0,0
126868,0,0,0,0,0,0,0,0
105375127,0,0,0,0,0,0,0,1
124906291,0,0,0,0,0,1,1,0
342125,0,0,0,0,0,0,0,0
55576,0,0,0,0,0,0,0,0
122526776,0,0,0,0,0,0,0,0
10501,0,0,3,1,3,1,2,1
107986570,0,0,0,0,1,0,0,1
105375885,0,0,0,0,0,0,0,0
57188,0,0,1,1,1,2,1,0
124901981,0,0,0,1,0,0,2,1
124901087,0,0,0,0,0,0,0,0
284739,0,0,1,0,2,2,0,0
6082,0,0,0,1,0,0,0,0
100507117,0,0,0,0,0,0,0,0
110806273,0,0,0,0,2,2,0,0
102724775,0,0,0,1,0,0,0,0
105372044,0,0,0,0,0,0,0,0
102466864,0,0,0,0,0,0,0,0
124901495,0,0,0,0,0,0,0,0
101927013,0,0,0,0,0,0,1,0
124902958,0,0,0,0,0,0,0,0
107984133,0,0,0,0,0,0,2,0
107984293,0,0,0,0,0,1,1,0
1015,0,0,0,0,0,0,0,0
112267992,0,0,1,0,0,0,0,0
124902032,0,0,0,0,0,0,0,0
124901375,0,0,2,0,0,0,0,0
103344928,0,0,1,2,3,0,2,4
1300,0,0,0,0,0,0,0,0
124906220,0,0,0,1,0,0,0,0
105378289,0,0,0,0,0,0,0,0
102724447,0,0,0,0,0,0,1,0
169166,0,0,0,0,0,2,1,0
106633816,0,0,0,0,0,0,0,1
5740,0,0,1,0,1,1,0,0
124900699,0,0,0,0,1,0,0,0
399949,0,0,0,0,0,0,0,0
105370869,0,0,0,0,0,0,0,0
6580,0,0,0,0,0,0,0,0
81616,0,0,0,0,0,0,0,0
100128121,0,0,0,1,1,1,2,0
124901081,0,0,0,0,0,0,0,0
124900865,0,0,0,0,0,1,0,0
124903249,0,0,0,0,0,0,1,0
106481061,0,0,0,0,0,0,1,1
100529063,0,0,0,0,0,0,0,0
2153,0,0,0,0,0,0,0,0
106480302,0,0,0,0,0,0,0,1
124900215,0,0,0,0,0,1,3,1
100130994,0,0,0,1,1,1,1,1
50651,0,0,1,0,1,0,0,1
284723,0,0,0,0,0,0,0,0
100507468,0,0,1,2,1,1,1,0
1559,0,0,0,0,0,0,0,0
7399,0,0,1,0,0,0,0,0
105377763,0,0,2,0,0,3,2,1
105375606,0,0,0,0,0,0,0,0
399939,0,0,0,0,0,0,0,0
105374889,0,0,0,0,0,4,1,1
170626,0,0,1,0,0,0,0,0
9452,0,0,0,0,0,0,0,0
106479395,0,0,0,0,0,0,0,0
100129167,0,0,3,0,2,2,1,2
165257,0,0,0,0,0,0,0,0
107984190,0,0,0,0,0,0,0,1
124900972,0,0,0,0,0,0,0,0
105374116,0,0,0,0,0,0,0,0
441168,0,0,1,0,0,1,2,2
107984124,0,0,1,2,1,1,0,1
105378481,0,0,0,0,2,0,0,0
28670,0,0,0,0,0,0,0,0
124905156,0,0,0,2,0,0,0,0
107985011,0,0,0,0,0,0,0,0
102724097,0,0,0,0,0,0,0,0
100874214,0,0,0,0,0,0,0,0
107985942,0,0,0,0,0,0,0,1
105376466,0,0,0,0,0,0,0,0
100874118,0,0,0,0,0,1,0,2
729950,0,0,0,0,0,0,0,0
8435,0,0,0,1,0,0,0,1
105374355,0,0,0,0,0,0,0,0
641372,0,0,0,0,0,0,0,0
124904517,0,0,0,0,0,0,1,0
101926895,0,0,0,0,0,0,0,2
84448,0,0,2,4,1,2,1,1
94120,0,0,2,2,2,1,0,2
124901449,0,0,0,1,0,0,0,0
105378977,0,0,0,0,0,0,0,0
124904208,0,0,1,1,0,0,0,0
5284,0,0,0,0,0,0,0,0
105370027,0,0,0,1,1,0,0,0
389084,0,0,1,0,0,2,1,1
106633802,0,0,1,0,2,3,1,2
124900557,0,0,0,0,0,0,0,0
124904546,0,0,0,0,0,0,0,0
105373054,0,0,0,0,0,0,0,0
124904419,0,0,0,0,0,0,0,0
105379524,0,0,1,0,2,2,0,3
112268228,0,0,0,0,0,0,0,0
101929086,0,0,0,0,0,0,0,0
100130522,0,0,0,0,0,0,0,0
107986493,0,0,0,0,1,1,2,0
2328,0,0,0,0,0,0,0,0
124908054,0,0,0,0,0,0,0,0
5272,0,0,0,1,1,0,0,0
124903716,0,0,1,0,0,0,0,0
3479,0,0,0,0,1,0,0,0
105369724,0,0,0,0,0,0,0,0
101929178,0,0,0,0,0,0,0,0
5801,0,0,1,0,0,1,0,0
285735,0,0,0,0,0,0,0,0
102723678,0,0,1,0,0,1,0,1
441869,0,0,1,0,0,2,0,0
107985524,0,0,0,0,1,2,0,1
105371631,0,0,0,0,0,0,0,0
284649,0,0,2,0,0,0,1,0
124902695,0,0,0,0,0,0,0,0
26816,0,0,0,2,0,2,2,2
5343,0,0,1,0,0,0,6,0
103352670,0,0,0,0,0,0,0,0
102724527,0,0,0,0,0,0,0,1
391813,0,0,0,0,0,0,0,0
124901372,0,0,0,0,1,0,0,1
105376216,0,0,1,0,0,0,0,0
124904971,0,0,0,0,0,0,0,0
7133,0,0,0,0,0,0,0,0
118663,0,0,2,0,0,0,0,1
124902679,0,0,0,2,0,0,4,2
350,0,0,0,0,0,0,0,0
105371090,0,0,0,0,0,0,0,0
729475,0,0,0,1,0,0,0,0
124901878,0,0,0,0,0,0,0,1
124909424,0,0,0,0,0,0,0,0
124909409,0,0,0,0,0,0,0,0
8512,0,0,0,0,0,0,0,0
124900894,0,0,0,0,0,0,0,0
5122,0,0,0,0,0,0,0,0
84889,0,0,0,0,0,0,0,0
9284,0,0,0,1,0,1,0,0
105379476,0,0,0,0,0,0,1,0
112401,0,0,0,0,0,0,0,0
100874074,0,0,0,0,1,0,1,0
7226,0,0,0,0,1,0,0,0
81623,0,0,0,1,1,0,0,0
105369791,0,0,1,0,0,1,0,0
107987457,0,0,0,1,0,0,0,0
100129507,0,0,0,0,1,0,0,0
105372151,0,0,0,0,0,0,0,0
2864,0,0,1,0,0,0,0,0
8292,0,0,2,2,0,0,0,1
105371351,0,0,0,0,0,0,0,0
84225,0,0,1,0,1,0,0,0
105376084,0,0,0,0,0,0,0,0
442210,0,0,0,1,0,0,0,0
124903648,0,0,1,0,0,0,0,0
100270875,0,0,0,0,0,0,0,0
441662,0,0,0,0,0,0,0,0
136263,0,0,0,0,0,0,0,0
127841,0,0,0,0,0,0,0,0
124904635,0,0,0,0,0,0,0,0
10218,0,0,0,0,0,0,0,0
55600,0,0,0,0,0,0,0,0
374973,0,0,0,0,0,0,0,0
9628,0,0,0,0,0,0,0,0
100506804,0,0,0,2,0,3,2,3
101929176,0,0,0,0,0,0,0,0
105379316,0,0,0,0,1,0,0,2
105375816,0,0,0,0,0,2,0,3
344875,0,0,0,0,0,0,1,0
221400,0,0,1,2,2,0,2,2
146853,0,0,1,1,1,1,2,1
107984083,0,0,0,0,0,0,0,0
60489,0,0,0,0,0,0,0,0
136288,0,0,1,2,1,1,1,0
100169766,0,0,0,0,0,0,0,0
100874263,0,0,1,0,0,0,0,0
2056,0,0,0,0,0,0,0,0
101928842,0,0,0,0,0,0,0,0
114783,0,0,0,1,1,1,0,0
100419257,0,0,0,0,0,0,0,1
101929788,0,0,0,0,0,0,0,0
101929388,0,0,0,0,0,1,0,0
79983,0,0,0,0,0,0,0,0
102723557,0,0,0,0,0,0,0,0
105378115,0,0,0,0,0,0,0,0
107984690,0,0,0,0,0,0,0,0
26775,0,0,0,2,0,0,0,0
124902150,0,0,0,0,2,0,0,0
124907728,0,0,0,0,0,0,0,1
119016,0,0,0,0,0,0,0,0
100506749,0,0,0,0,0,1,0,0
102723444,0,0,0,1,0,0,0,0
101928002,0,0,0,0,0,0,0,0
54413,0,0,2,0,1,1,2,1
105370458,0,0,0,0,0,0,0,0
283177,0,0,0,0,0,1,0,1
343505,0,0,0,0,0,2,0,0
4360,0,0,0,0,0,0,0,0
124905133,0,0,0,0,0,0,0,1
107985529,0,0,0,0,0,0,1,0
105377752,0,0,0,0,0,0,0,0
343578,0,0,0,0,0,0,2,0
642924,0,0,0,0,0,0,0,0
124901367,0,0,0,0,0,1,0,0
101929516,0,0,0,0,1,0,0,0
124904185,0,0,0,0,0,0,1,0
100287314,0,0,1,2,0,2,0,1
100528030,0,0,0,0,0,0,0,0
348487,0,0,14,7,5,7,3,5
105378662,0,0,0,0,0,1,0,0
83875,0,0,0,0,0,1,2,1
8747,0,0,2,0,0,0,0,0
105376076,0,0,0,1,0,0,0,0
101927541,0,0,1,2,0,1,2,5
8638,0,0,3,4,4,0,0,1
80235,0,0,0,1,0,0,0,0
6822,0,0,1,0,1,3,0,0
102929163,0,0,0,0,1,0,0,0
124902493,0,0,0,0,1,0,0,0
170554,0,0,2,1,3,3,2,1
105378483,0,0,0,1,0,0,0,0
114043,0,0,0,0,0,0,0,0
105378644,0,0,0,0,1,0,1,0
124904366,0,0,0,1,0,0,0,0
124904784,0,0,0,0,0,0,0,0
5619,0,0,0,0,0,0,0,0
121832809,0,0,1,1,0,0,0,0
647532,0,0,1,0,0,0,0,0
105377061,0,0,0,0,0,0,0,0
140691,0,0,0,0,1,0,0,0
124902948,0,0,1,1,0,1,1,0
124905039,0,0,2,0,0,0,0,1
107984308,0,0,0,0,0,0,0,0
124901351,0,0,0,0,0,0,0,0
101927741,0,0,0,0,0,0,0,0
100132948,0,0,0,1,0,0,2,1
107987051,0,0,0,0,0,1,0,0
102725201,0,0,1,1,1,1,2,2
79804,0,0,0,0,0,0,0,1
105374869,0,0,1,0,0,0,0,2
51703,0,0,0,0,0,0,0,0
729428,0,0,0,1,0,0,0,0
105377035,0,0,1,1,1,1,2,2
93649,0,0,0,0,0,0,0,0
283011,0,0,3,1,2,1,1,0
81698,0,0,0,0,0,0,0,0
7881,0,0,1,0,1,0,0,0
4744,0,0,0,0,0,1,0,0
100129480,0,0,0,0,1,2,0,0
102724368,0,0,0,1,1,0,1,0
101927721,0,0,0,0,0,0,0,1
124901663,0,0,0,0,0,0,1,0
572558,0,0,0,1,0,1,1,1
51087,0,0,0,0,0,0,0,0
100652770,0,0,1,0,0,2,2,3
340485,0,0,0,0,0,0,0,1
60467,0,0,0,0,0,0,0,1
124901795,0,0,0,0,0,0,0,0
101060376,0,0,1,0,1,0,1,2
107984505,0,0,1,1,1,1,0,1
105372244,0,0,0,0,0,0,0,0
79152,0,0,3,1,4,1,4,6
107985320,0,0,0,0,0,0,0,0
124902624,0,0,3,0,1,1,1,1
101730217,0,0,0,0,0,0,0,0
124901595,0,0,0,0,0,0,0,0
105373148,0,0,1,1,0,0,0,0
124904760,0,0,0,0,0,0,2,0
644242,0,0,0,0,0,0,0,1
100287290,0,0,0,0,0,0,0,1
124909457,0,0,0,0,0,0,0,0
124902250,0,0,0,0,0,0,0,0
10335,0,0,0,0,0,0,0,0
101928114,0,0,0,0,0,0,0,0
9424,0,0,0,1,0,2,0,1
124902210,0,0,0,1,0,0,0,1
124902247,0,0,0,0,0,0,0,0
3562,0,0,0,0,0,0,0,0
100421820,0,0,0,0,1,0,0,0
100874314,0,0,0,0,0,0,0,0
100653133,0,0,1,0,0,1,2,0
10610,0,0,1,0,2,2,1,0
107986444,0,0,0,0,0,0,0,0
645269,0,0,0,2,0,2,1,3
100874268,0,0,0,1,1,0,0,1
101927478,0,0,0,1,0,0,0,0
105374937,0,0,1,0,0,2,0,1
124904951,0,0,0,0,0,1,1,0
137902,0,0,0,0,0,0,0,0
100189064,0,0,0,0,0,0,0,0
7306,0,0,0,0,0,0,0,0
9607,0,0,0,0,0,0,0,0
6658,0,0,4,0,4,2,1,2
124905985,0,0,0,0,1,0,0,0
84221,0,0,0,0,0,0,0,1
100129215,0,0,2,0,0,0,1,0
105371592,0,0,0,0,2,0,0,0
100151645,0,0,2,0,0,0,0,1
100189289,0,0,0,0,1,1,2,1
23764,0,0,3,1,7,0,0,2
107986733,0,0,0,0,0,0,0,0
124904868,0,0,1,0,0,0,0,1
105374346,0,0,0,0,2,1,0,0
125972,0,0,0,1,0,2,0,0
353135,0,0,0,0,0,0,0,0
105369704,0,0,0,1,0,0,0,0
107986034,0,0,0,1,0,0,0,0
101927055,0,0,1,0,0,0,0,0
441251,0,0,0,0,0,2,1,0
105369906,0,0,0,0,0,0,0,0
105370770,0,0,0,0,0,0,0,0
101927612,0,0,0,1,3,0,1,1
124906194,0,0,1,0,0,0,0,0
120321,0,0,0,0,0,0,0,0
124901536,0,0,0,0,0,0,0,0
105373027,0,0,0,0,0,0,0,0
118568803,0,0,0,0,0,0,1,0
63036,0,0,0,0,0,0,0,0
105379321,0,0,1,2,1,1,2,2
63895,0,0,1,0,1,1,1,0
105375222,0,0,0,0,0,0,0,0
51411,0,0,0,0,0,0,0,0
101928438,0,0,0,0,0,0,0,0
728463,0,0,0,2,0,1,0,0
101927111,0,0,0,0,0,0,0,0
105369611,0,0,0,0,0,0,0,1
124906331,0,0,0,0,0,0,0,0
101954269,0,0,0,0,0,1,0,0
105379020,0,0,0,0,0,0,0,0
112267889,0,0,0,0,0,0,0,0
100128540,0,0,0,0,0,1,0,1
100132979,0,0,0,0,0,0,0,1
167826,0,0,0,0,0,0,0,1
1576,0,0,0,0,0,1,0,0
5408,0,0,0,0,0,0,0,1
100996569,0,0,0,0,0,0,0,0
106480703,0,0,0,0,0,0,0,0
107984840,0,0,0,0,0,0,0,0
284340,0,0,0,1,0,0,0,0
107986930,0,0,0,0,0,0,0,0
100128569,0,0,0,1,0,0,0,0
643376,0,0,0,0,0,0,0,0
124904538,0,0,0,0,0,0,0,1
101929159,0,0,0,0,1,1,0,1
118568825,0,0,0,0,1,1,0,3
389118,0,0,0,0,0,0,0,0
105376557,0,0,0,0,0,0,0,0
105371578,0,0,1,0,1,0,0,0
83889,0,0,0,1,0,0,1,0
105377245,0,0,0,0,0,0,0,0
359996,0,0,0,1,0,2,0,1
10349,0,0,2,0,0,0,0,0
7051,0,0,0,0,0,1,0,3
124905194,0,0,0,0,0,0,0,0
124903502,0,0,0,0,0,0,0,0
100129203,0,0,0,0,0,0,0,0
342933,0,0,1,1,0,0,0,0
124904165,0,0,0,0,0,0,0,0
105370509,0,0,0,0,0,1,0,0
101927635,0,0,1,0,0,1,2,0
286676,0,0,0,0,0,0,0,0
105371267,0,0,0,0,1,0,0,0
407000,0,0,1,2,3,1,1,0
102724009,0,0,0,0,0,0,0,0
9622,0,0,0,2,0,0,1,1
100133036,0,0,0,0,1,0,1,0
183,0,0,0,0,0,0,0,0
105374949,0,0,0,0,0,1,0,0
105377659,0,0,1,0,3,0,0,0
105378744,0,0,1,0,0,0,0,0
124901848,0,0,0,0,0,0,0,0
101929815,0,0,0,0,0,1,0,0
105377744,0,0,0,0,0,0,0,0
1381,0,0,1,0,0,0,0,0
151306,0,0,0,0,0,0,0,0
105371159,0,0,0,0,0,0,0,0
105376433,0,0,0,0,0,0,0,0
101928559,0,0,0,0,0,0,0,0
50700,0,0,0,0,0,0,0,0
6887,0,0,0,0,0,0,0,0
10930,0,0,0,0,1,0,0,1
1520,0,0,1,0,1,1,1,0
105371372,0,0,0,0,0,0,0,0
105377743,0,0,0,0,0,0,0,0
439950,0,0,0,0,0,0,0,0
339501,0,0,0,0,0,0,0,0
124902448,0,0,0,0,0,0,0,0
105377720,0,0,2,0,1,2,2,2
100131388,0,0,1,1,0,0,0,1
105377682,0,0,0,0,1,0,0,0
402676,0,0,1,2,0,1,0,0
27306,0,0,0,0,0,0,0,0
50838,0,0,0,0,0,0,0,0
7031,0,0,0,0,0,0,0,0
101929248,0,0,0,0,0,0,0,1
644669,0,0,0,0,0,1,0,0
100507419,0,0,0,2,0,0,0,4
644100,0,0,0,0,0,0,0,0
3736,0,0,0,0,0,0,0,1
107983950,0,0,0,1,0,0,1,0
84812,0,0,0,0,1,0,0,0
27132,0,0,0,0,0,0,0,0
10053,0,0,1,3,2,0,0,2
126568849,0,0,0,0,0,0,0,0
3782,0,0,1,0,2,0,0,1
374407,0,0,0,0,0,0,0,0
105374565,0,0,1,0,0,0,0,0
124901200,0,0,0,1,0,1,0,0
105370547,0,0,4,9,7,1,1,2
124900384,0,0,0,0,1,0,0,0
124900238,0,0,0,0,0,0,0,0
107985767,0,0,0,0,0,0,0,0
643699,0,0,3,0,0,1,2,1
122842,0,0,0,0,0,0,0,0
124902942,0,0,0,0,0,0,0,0
105375500,0,0,0,0,1,0,0,1
107985372,0,0,0,0,1,1,0,0
105374933,0,0,0,0,0,1,0,0
124903093,0,0,0,0,0,0,1,0
4013,0,0,0,1,1,2,0,1
408029,0,0,0,2,1,0,3,0
414927,0,0,0,0,0,0,0,0
115308161,0,0,0,0,0,0,0,0
105377310,0,0,1,0,1,0,1,1
105369422,0,0,0,0,0,0,0,0
6550,0,0,0,0,0,1,0,0
105376392,0,0,0,0,0,0,0,0
100873942,0,0,2,3,0,0,0,0
392843,0,0,0,0,0,0,0,0
124904207,0,0,1,0,0,0,0,2
124906228,0,0,0,0,0,0,0,0
595135,0,0,0,0,1,0,0,0
105369364,0,0,0,0,0,0,0,0
124904137,0,0,0,1,0,1,0,2
124903134,0,0,0,0,0,0,0,0
105371017,0,0,0,0,0,0,0,0
171482,0,0,0,0,0,0,0,0
90273,0,0,0,0,0,0,0,0
124903958,0,0,0,0,1,4,3,1
387990,0,0,0,0,0,1,0,0
101927259,0,0,0,0,0,1,0,0
124904294,0,0,0,2,2,0,0,2
83546,0,0,0,0,2,2,0,1
3923,0,0,0,0,0,2,0,0
84226,0,0,0,0,0,0,0,0
158067,0,0,1,0,1,0,2,0
102724236,0,0,0,0,0,1,0,0
168448,0,0,1,0,0,0,0,0
124900749,0,0,1,0,0,1,0,0
124901856,0,0,1,0,0,0,0,0
105377285,0,0,0,0,0,0,0,0
246744,0,0,0,1,0,0,0,2
105376217,0,0,0,0,0,0,0,0
107984716,0,0,2,1,0,0,1,0
105375549,0,0,0,0,0,0,0,0
124902997,0,0,0,0,0,0,0,0
280,0,0,0,0,0,0,0,0
124901919,0,0,0,0,0,0,0,0
101928837,0,0,1,1,0,1,1,1
124903139,0,0,0,0,0,0,0,0
5020,0,0,0,0,0,0,0,0
124905606,0,0,0,0,0,1,1,0
100130256,0,0,0,0,0,0,0,0
148109,0,0,0,0,0,0,0,0
102723381,0,0,1,0,0,0,0,0
100009603,0,0,2,0,1,1,0,0
400709,0,0,0,0,0,0,0,0
105378281,0,0,0,0,0,0,0,0
55466,0,0,0,0,0,0,0,0
439996,0,0,0,0,1,0,0,0
100134015,0,0,0,0,1,0,0,0
102723528,0,0,0,0,0,1,0,0
102724197,0,0,0,0,0,0,0,0
23145,0,0,1,0,0,0,0,3
26281,0,0,0,0,0,0,0,0
138255,0,0,0,0,0,0,0,0
100421031,0,0,0,0,1,0,1,0
6549,0,0,1,1,4,0,0,0
92086,0,0,1,0,1,2,1,0
124904361,0,0,0,0,0,0,0,0
124902566,0,0,0,0,1,0,1,0
124900499,0,0,0,0,0,0,0,0
107986277,0,0,0,0,0,0,0,0
692214,0,0,2,1,1,1,1,0
100505785,0,0,0,0,0,0,4,0
124905001,0,0,0,0,0,0,0,0
124901811,0,0,0,0,0,1,0,0
255649,0,0,0,0,0,0,0,0
647310,0,0,0,2,2,2,1,2
107984966,0,0,0,0,0,0,0,0
105370508,0,0,0,2,1,3,0,1
101927759,0,0,1,1,0,0,1,0
124904402,0,0,0,0,0,0,0,1
124903046,0,0,0,0,0,1,0,0
112267879,0,0,0,0,0,0,1,1
105374313,0,0,0,0,0,0,0,0
107985155,0,0,1,0,0,2,0,0
124903102,0,0,0,0,0,0,0,0
285955,0,0,0,0,0,1,0,1
64102,0,0,4,4,3,0,0,0
105378287,0,0,0,0,1,0,0,0
100129055,0,0,0,0,1,0,0,0
283869,0,0,0,0,0,0,0,0
3426,0,0,0,0,0,0,2,2
27233,0,0,2,3,3,0,1,1
121232375,0,0,0,0,0,0,0,0
102724596,0,0,0,0,0,2,1,1
124901347,0,0,2,2,1,2,0,1
124905141,0,0,0,0,0,0,0,0
101060043,0,0,0,0,0,0,0,0
124903138,0,0,0,0,0,0,0,0
1193,0,0,0,0,1,0,0,1
202374,0,0,0,0,0,0,0,0
102724508,0,0,0,1,0,1,0,0
400798,0,0,1,2,2,2,0,2
102725176,0,0,0,0,0,0,0,0
114800,0,0,2,1,1,0,0,1
124901405,0,0,1,5,3,1,1,0
105370998,0,0,0,0,1,0,0,0
100130027,0,0,0,1,1,0,0,0
283299,0,0,0,0,0,0,0,0
83876,0,0,0,0,0,0,2,0
105373142,0,0,0,0,0,0,0,0
28824,0,0,0,0,0,0,0,0
100506142,0,0,0,0,0,1,0,0
100130311,0,0,0,0,0,0,0,0
100996318,0,0,1,0,0,0,1,1
124901268,0,0,0,0,0,0,0,1
107987401,0,0,1,0,0,1,0,0
100422985,0,0,1,0,0,0,0,0
2712,0,0,0,0,0,1,0,0
124901613,0,0,0,0,0,0,0,0
105372268,0,0,0,0,0,0,0,0
124901052,0,0,0,0,0,0,0,0
51480,0,0,0,0,0,0,0,0
107986489,0,0,1,0,0,0,0,0
6289,0,0,0,0,0,0,0,1
646619,0,0,0,0,0,0,0,0
100147773,0,0,2,0,0,2,0,2
101927280,0,0,0,0,0,1,0,0
50853,0,0,0,0,0,0,0,0
1769,0,0,1,0,0,0,0,0
105378085,0,0,0,0,1,0,0,1
146664,0,0,1,0,0,0,1,0
192217,0,0,0,0,0,0,0,0
109616991,0,0,0,0,0,0,0,0
124900982,0,0,1,0,0,0,0,0
124905233,0,0,0,0,0,0,0,0
26290,0,0,0,1,1,0,0,1
107985770,0,0,1,2,6,5,4,2
105376975,0,0,0,0,0,0,0,0
283150,0,0,0,0,0,0,0,0
124900957,0,0,0,0,0,0,0,1
50489,0,0,2,3,0,0,1,0
100270872,0,0,0,1,0,0,0,2
107984433,0,0,0,1,1,2,0,1
80343,0,0,0,0,0,0,1,0
105373131,0,0,0,0,0,0,2,0
11330,0,0,0,0,0,0,0,0
2569,0,0,0,0,0,0,0,0
139067,0,0,0,1,3,1,0,3
105375968,0,0,1,0,0,1,1,1
122455334,0,0,1,0,0,0,0,0
390660,0,0,0,0,1,0,0,0
101929201,0,0,0,0,0,0,0,1
105375818,0,0,0,0,0,0,0,1
100132108,0,0,0,0,0,0,1,0
440896,0,0,0,0,0,1,0,0
101927042,0,0,0,0,0,0,0,0
124902235,0,0,0,1,0,0,1,0
100507431,0,0,1,0,1,0,0,0
124901599,0,0,0,1,0,0,0,0
400622,0,0,0,0,0,0,0,0
128966723,0,0,1,0,0,0,0,1
124903584,0,0,0,0,0,0,0,0
375616,0,0,1,3,0,0,0,0
124904716,0,0,0,1,0,0,0,0
389384,0,0,0,0,0,0,0,0
100289047,0,0,0,0,0,0,0,0
105370538,0,0,0,0,0,0,0,0
124904143,0,0,0,0,1,0,0,1
100422294,0,0,0,2,0,1,0,2
107984429,0,0,3,1,1,2,0,1
105371074,0,0,0,0,0,0,1,1
104355135,0,0,0,0,0,0,0,0
1672,0,0,1,0,0,0,1,1
105378927,0,0,0,0,0,0,0,0
124900674,0,0,0,0,0,0,0,0
247,0,0,0,1,1,0,2,1
124925,0,0,1,0,0,0,1,0
105379565,0,0,0,0,0,0,0,0
388021,0,0,0,0,1,1,0,1
124904684,0,0,0,1,0,0,0,2
106635528,0,0,0,0,0,0,0,0
124903324,0,0,0,0,0,0,0,0
107985471,0,0,0,0,0,0,0,0
124905185,0,0,0,0,0,0,0,1
3976,0,0,1,1,3,0,1,0
340900,0,0,0,0,0,0,0,1
105377291,0,0,0,0,0,0,0,0
124902681,0,0,0,0,0,1,0,0
23440,0,0,0,0,0,1,0,1
653789,0,0,0,1,0,0,1,0
101927603,0,0,0,0,0,1,1,0
118490,0,0,0,0,0,4,1,1
107984877,0,0,0,1,0,2,1,0
124907946,0,0,0,0,0,0,0,0
123689089,0,0,3,0,2,1,1,2
677849,0,0,0,1,0,0,0,1
101929140,0,0,2,2,2,3,3,6
222865,0,0,1,2,0,0,0,0
100505478,0,0,0,0,0,0,0,0
79098,0,0,1,0,0,0,0,1
1365,0,0,1,0,0,0,0,0
124904537,0,0,0,0,0,0,0,0
107985380,0,0,1,2,0,0,1,1
124904257,0,0,0,0,0,1,0,0
105377992,0,0,0,1,1,0,0,0
164668,0,0,0,0,1,1,0,0
101928008,0,0,0,0,0,0,0,0
112935960,0,0,0,0,0,0,0,0
109623483,0,0,0,0,0,0,0,0
245935,0,0,0,0,0,0,0,0
106480095,0,0,0,0,0,0,0,1
124900429,0,0,0,0,0,0,0,0
124903472,0,0,0,2,0,0,0,0
100271633,0,0,0,0,0,0,0,1
105376031,0,0,0,0,0,0,0,0
109616960,0,0,1,0,0,1,1,0
100151652,0,0,1,0,0,2,0,0
107985948,0,0,0,0,0,0,0,0
100289124,0,0,0,0,0,0,1,0
327659,0,0,0,0,0,0,0,0
389643,0,0,0,0,0,0,0,0
442247,0,0,0,1,0,0,0,0
126549,0,0,1,1,1,0,0,0
102723859,0,0,2,1,1,2,1,4
107985194,0,0,0,0,0,0,0,0
100271557,0,0,1,0,1,0,2,0
3620,0,0,0,0,0,0,0,1
124903174,0,0,0,0,0,0,0,0
219287,0,0,0,1,1,0,0,3
51296,0,0,1,0,0,0,0,0
10297,0,0,1,0,0,2,0,0
107986003,0,0,1,2,0,0,0,0
57537,0,0,0,0,0,1,0,0
724105,0,0,0,1,0,0,0,0
3359,0,0,4,0,1,0,1,2
102724593,0,0,0,0,0,1,1,0
283875,0,0,1,0,0,0,0,0
8852,0,0,0,0,0,0,0,0
100996930,0,0,1,1,0,4,1,2
55025,0,0,0,0,0,0,0,0
80830,0,0,1,0,0,0,0,0
105376123,0,0,0,0,0,0,0,0
101927322,0,0,1,0,0,1,0,0
219855,0,0,1,0,0,0,0,0
100128092,0,0,0,0,0,0,1,0
728269,0,0,0,0,0,0,0,0
84066,0,0,0,0,0,0,0,0
105373762,0,0,0,0,0,0,0,0
101927441,0,0,0,0,0,1,0,0
105372879,0,0,0,0,0,0,0,0
107985480,0,0,0,0,0,0,0,0
146439,0,0,0,1,0,1,0,1
100190923,0,0,4,1,2,1,1,0
124904604,0,0,0,0,0,0,1,0
100862674,0,0,0,0,0,1,0,0
124901729,0,0,0,0,0,0,1,1
221662,0,0,1,1,0,1,3,2
1961,0,0,0,0,1,0,0,0
11174,0,0,7,5,8,4,4,2
107985251,0,0,0,0,0,0,0,0
101928227,0,0,0,0,0,0,0,0
100129434,0,0,0,0,0,0,0,1
107984851,0,0,0,0,0,0,0,0
100129239,0,0,1,0,0,0,0,0
124900374,0,0,0,0,0,0,0,0
115111,0,0,2,0,0,1,0,0
105374367,0,0,0,0,0,0,0,0
124900464,0,0,0,0,2,0,0,1
124902162,0,0,1,0,0,0,0,0
107986833,0,0,0,1,2,1,2,1
100379345,0,0,0,0,0,0,1,1
100874030,0,0,0,2,0,0,0,0
109617013,0,0,0,0,0,0,1,1
3242,0,0,1,0,0,1,2,1
105377278,0,0,0,0,0,0,0,0
1551,0,0,0,0,0,0,0,0
102723966,0,0,0,0,0,0,1,0
101928191,0,0,0,0,0,0,1,0
100873747,0,0,1,0,0,2,2,0
107986707,0,0,0,0,0,0,0,0
100126270,0,0,0,0,0,0,0,0
440823,0,0,0,0,2,0,0,1
105371952,0,0,0,0,0,1,0,0
2785,0,0,0,0,0,1,0,0
64648,0,0,0,0,0,0,0,0
4760,0,0,1,1,0,0,0,1
124903914,0,0,0,0,1,0,0,0
388960,0,0,0,0,0,0,0,0
84210,0,0,1,3,1,1,0,1
124902134,0,0,0,0,0,0,3,0
107986403,0,0,0,0,0,0,0,0
107985131,0,0,0,0,0,0,0,0
10249,0,0,0,0,0,0,1,0
106478912,0,0,0,0,0,0,0,0
100129662,0,0,0,1,0,2,0,2
104413891,0,0,1,0,1,1,0,0
647175,0,0,0,0,0,0,0,0
124056,0,0,0,0,0,0,0,0
105372502,0,0,0,0,1,0,0,0
165082,0,0,0,0,0,1,1,2
728780,0,0,1,0,0,0,0,0
101929950,0,0,0,0,0,0,0,0
105370459,0,0,0,0,1,0,1,0
100287467,0,0,0,0,0,1,0,0
124904211,0,0,0,0,2,2,1,0
5673,0,0,0,0,0,1,0,0
124904953,0,0,0,0,0,0,0,0
8000,0,0,0,0,0,0,0,1
112267909,0,0,1,0,0,0,0,1
374864,0,0,1,0,1,0,1,1
124902722,0,0,0,0,2,0,0,0
124909478,0,0,0,1,1,1,0,0
649489,0,0,0,0,0,0,1,0
3047,0,0,0,0,1,0,0,0
3690,0,0,0,0,1,0,0,0
123706536,0,0,1,0,0,0,0,0
10913,0,0,0,0,0,0,0,0
101060212,0,0,0,0,0,0,0,1
54518,0,0,0,0,0,0,0,0
129607,0,0,1,1,2,0,0,1
107986918,0,0,0,0,1,0,2,0
92292,0,0,3,2,2,0,2,0
100874113,0,0,0,0,1,0,0,0
124903817,0,0,0,0,0,0,0,2
101928118,0,0,0,0,0,0,0,0
112268025,0,0,0,0,0,0,0,0
101928377,0,0,0,1,1,1,0,1
161003,0,0,0,0,0,0,1,1
347894,0,0,0,1,0,1,0,2
104472713,0,0,0,0,0,0,0,0
124900449,0,0,0,0,0,0,0,0
124902370,0,0,0,0,0,1,0,0
3834,0,0,0,1,0,0,0,1
101928895,0,0,0,0,0,0,0,0
101927100,0,0,1,0,0,0,0,3
55,0,0,1,0,0,0,0,0
346329,0,0,1,2,0,0,2,1
105373110,0,0,1,1,2,0,2,0
23569,0,0,0,1,0,0,0,0
101928173,0,0,0,0,0,0,0,0
105373785,0,0,2,0,0,1,0,2
730153,0,0,0,0,0,0,1,0
165186,0,0,0,0,0,1,1,2
170302,0,0,1,1,1,0,2,0
6398,0,0,0,0,0,1,1,0
124903604,0,0,0,0,0,0,0,0
654506,0,0,0,0,0,0,0,0
338557,0,0,0,0,0,0,1,0
105377908,0,0,0,0,0,0,0,0
170679,0,0,0,0,1,0,0,0
406888,0,0,0,0,0,0,0,0
3662,0,0,1,1,1,0,3,5
105375433,0,0,0,1,0,0,0,0
124904910,0,0,0,0,0,0,0,0
124902196,0,0,0,1,0,0,0,0
124902978,0,0,0,0,0,1,0,1
130540,0,0,0,0,0,0,2,1
100289388,0,0,0,0,2,1,1,2
124901937,0,0,0,0,0,0,0,0
9298,0,0,0,0,0,0,1,0
100189049,0,0,0,0,0,0,0,0
124909454,0,0,0,0,0,0,0,0
100533641,0,0,0,1,0,0,0,1
337978,0,0,0,0,1,0,0,0
100506790,0,0,0,3,1,0,0,1
124903882,0,0,0,0,0,3,0,0
105379176,0,0,0,0,0,0,0,0
105372065,0,0,0,0,0,0,0,0
124901284,0,0,0,0,0,0,0,0
124905491,0,0,0,0,0,0,0,0
26034,0,0,0,1,1,0,0,1
106479323,0,0,0,0,0,0,0,0
8968,0,0,0,0,1,0,0,0
105378544,0,0,0,0,0,0,0,0
26353,0,0,1,1,1,1,2,1
8676,0,0,4,4,4,1,7,4
124905186,0,0,0,1,0,0,0,0
105373873,0,0,0,0,0,0,0,0
8483,0,0,0,0,0,0,0,0
5669,0,0,0,0,0,0,0,0
124903020,0,0,0,0,0,0,0,0
124902217,0,0,0,0,0,0,0,0
220979,0,0,0,0,0,0,0,0
253044,0,0,0,0,0,0,0,0
100189337,0,0,0,0,2,0,1,0
105374102,0,0,0,0,0,0,0,0
4693,0,0,0,0,0,0,0,0
106481852,0,0,0,0,0,1,0,0
4629,0,0,1,0,0,0,1,3
124903661,0,0,1,0,0,1,1,0
677821,0,0,0,0,1,0,0,0
1562,0,0,0,0,0,0,0,0
6088,0,0,0,0,0,0,0,1
124904336,0,0,1,2,2,0,1,2
203930,0,0,0,0,0,0,0,2
441666,0,0,0,0,0,0,0,0
100996375,0,0,0,0,0,0,0,0
124905436,0,0,1,1,0,1,1,0
414760,0,0,3,1,2,1,2,2
105371378,0,0,0,0,0,0,0,0
126353,0,0,0,0,0,0,0,1
105377877,0,0,0,0,0,0,0,0
101929555,0,0,0,0,1,1,0,0
105372411,0,0,0,0,0,2,1,1
64091,0,0,0,0,0,0,0,1
124903293,0,0,0,0,0,0,0,0
283460,0,0,0,0,0,0,0,0
7015,0,0,7,0,2,0,2,1
105377727,0,0,0,0,0,0,0,0
552,0,0,0,0,0,0,0,0
387890,0,0,0,0,0,2,0,0
286494,0,0,0,0,0,1,0,0
79092,0,0,0,0,0,0,0,0
59344,0,0,1,2,2,1,0,0
124901847,0,0,0,0,0,0,0,0
100133669,0,0,0,2,0,0,1,0
105369161,0,0,0,0,0,0,0,0
119545623,0,0,0,0,0,0,0,0
653458,0,0,0,1,0,0,0,0
101927186,0,0,0,0,0,0,0,0
59350,0,0,0,0,0,0,0,0
160313,0,0,0,1,0,0,0,0
124909388,0,0,0,0,2,0,1,0
101929655,0,0,0,2,0,0,0,1
653781,0,0,0,0,0,0,0,0
102723356,0,0,2,0,0,0,3,2
105375724,0,0,0,0,0,0,0,0
124900798,0,0,0,0,0,0,0,0
100271140,0,0,1,0,0,1,2,2
84239,0,0,0,0,1,0,0,0
124900509,0,0,1,0,0,0,0,0
124905371,0,0,0,0,0,0,0,1
124900783,0,0,0,0,0,0,0,0
83758,0,0,0,0,1,2,1,2
105375387,0,0,0,0,1,0,0,0
7454,0,0,0,1,0,1,0,0
644596,0,0,3,3,2,1,5,9
124902520,0,0,0,0,0,0,0,0
389073,0,0,0,0,0,0,0,0
102724094,0,0,0,1,0,0,0,0
339541,0,0,4,2,0,1,1,0
101929198,0,0,0,0,0,0,0,0
124093,0,0,0,1,0,2,1,1
101929255,0,0,0,0,0,0,0,1
107986162,0,0,0,0,0,1,1,0
124905369,0,0,0,0,0,0,0,0
102723462,0,0,0,0,0,0,1,0
387628,0,0,2,1,0,1,0,0
100124541,0,0,0,0,0,1,2,1
100616165,0,0,0,0,0,0,0,1
677830,0,0,0,0,0,0,0,0
646548,0,0,1,0,0,0,0,0
101929567,0,0,1,0,1,0,0,0
4110,0,0,0,0,0,0,0,0
124900753,0,0,0,0,0,0,0,0
3866,0,0,0,0,0,0,0,0
401944,0,0,0,0,0,0,0,0
126326,0,0,0,0,0,0,0,0
101927501,0,0,0,0,0,0,0,0
1543,0,0,1,4,0,2,0,1
100874211,0,0,0,2,0,1,0,1
124907996,0,0,0,0,0,0,0,1
136259,0,0,2,0,1,0,0,1
124901062,0,0,0,0,1,0,0,0
2913,0,0,0,0,0,0,0,2
116435297,0,0,0,0,1,1,0,0
105376286,0,0,3,2,2,0,2,7
105372793,0,0,4,0,0,0,1,1
100422824,0,0,0,0,0,0,0,0
107986126,0,0,1,0,0,0,0,0
124904917,0,0,1,0,0,0,0,1
124907733,0,0,0,1,0,0,1,0
64939,0,0,0,0,0,0,0,1
124900478,0,0,0,0,0,0,0,0
283600,0,0,0,0,0,0,0,0
124903135,0,0,1,0,1,0,0,1
55124,0,0,0,1,0,0,1,0
124904024,0,0,0,0,0,0,1,0
645321,0,0,0,0,0,0,0,0
112352682,0,0,0,2,0,0,0,0
124905207,0,0,0,0,0,0,0,0
101929768,0,0,1,0,0,0,1,2
107105276,0,0,0,0,0,1,0,0
107984245,0,0,0,0,0,0,0,0
105370866,0,0,2,0,0,2,4,0
919,0,0,0,0,0,0,0,0
101928907,0,0,0,0,0,1,0,0
390933,0,0,0,0,0,0,0,0
124903010,0,0,0,1,0,0,0,0
105379143,0,0,0,0,0,0,0,0
105375653,0,0,0,0,0,0,0,0
150771,0,0,0,0,0,2,1,0
105371131,0,0,0,1,1,1,1,0
124902964,0,0,0,0,0,0,0,0
8345,0,0,0,0,0,0,0,0
107986401,0,0,0,0,0,0,1,0
100506700,0,0,0,0,0,0,0,0
102724233,0,0,0,0,0,1,1,0
105377714,0,0,0,0,0,0,0,0
100286938,0,0,0,0,0,0,0,0
100861518,0,0,0,0,1,0,0,1
102724883,0,0,0,0,0,1,0,0
101927249,0,0,0,1,1,0,2,0
2341,0,0,0,0,0,0,1,1
64137,0,0,0,0,0,0,0,0
441554,0,0,1,0,0,0,0,0
255130,0,0,0,0,0,0,0,0
124905579,0,0,0,0,0,0,0,0
283579,0,0,0,0,0,0,0,0
629,0,0,0,1,0,0,0,0
124901102,0,0,0,0,0,0,0,0
677799,0,0,0,0,0,0,0,0
105369778,0,0,0,0,0,0,0,0
124904223,0,0,0,0,0,0,1,0
106481673,0,0,0,0,0,0,2,0
352290,0,0,0,1,0,0,0,0
107986617,0,0,2,0,0,2,0,1
100506985,0,0,1,0,2,0,0,1
128209,0,0,0,0,0,0,0,0
8626,0,0,0,0,0,0,0,0
6911,0,0,0,0,0,1,1,1
124905199,0,0,0,0,0,0,0,0
107987402,0,0,0,0,0,0,0,0
80115,0,0,1,0,0,1,0,1
947,0,0,0,1,0,0,0,0
2892,0,0,1,0,1,0,0,0
101929669,0,0,0,1,0,1,0,0
105370546,0,0,0,0,0,0,0,0
100189308,0,0,1,0,0,0,0,0
64127,0,0,0,0,0,0,0,1
105372030,0,0,0,0,0,0,0,0
285205,0,0,2,2,1,0,0,4
124904194,0,0,0,0,0,0,0,0
115482681,0,0,0,1,0,0,0,0
105370680,0,0,0,1,0,0,0,0
100652730,0,0,4,1,2,3,0,0
124902603,0,0,1,0,0,0,1,0
56105,0,0,0,0,0,3,0,2
124902673,0,0,0,0,0,0,0,0
107987171,0,0,0,0,0,0,0,0
677765,0,0,0,0,1,0,2,1
124905450,0,0,0,1,0,0,0,0
126259,0,0,0,1,0,0,0,0
5100,0,0,0,0,1,0,0,0
105377839,0,0,0,0,0,0,0,0
100874094,0,0,0,0,0,0,0,0
3918,0,0,2,1,0,2,3,2
124902743,0,0,1,0,1,1,0,0
105375402,0,0,0,0,0,0,0,0
105375082,0,0,0,0,0,0,0,0
414059,0,0,0,0,0,0,1,0
3373,0,0,0,0,0,0,0,0
124904755,0,0,3,1,2,2,1,5
107984835,0,0,0,0,0,2,0,1
650747,0,0,0,0,2,0,1,1
105375284,0,0,0,0,0,0,1,0
105372520,0,0,0,0,0,0,0,0
128193290,0,0,0,0,0,1,2,0
105370647,0,0,1,0,0,1,0,0
105378379,0,0,0,0,0,0,0,0
619565,0,0,0,0,0,0,0,1
124903059,0,0,0,0,0,0,0,0
105371919,0,0,0,0,0,0,0,0
643160,0,0,1,0,0,0,0,0
124901227,0,0,0,1,0,0,0,0
100169768,0,0,0,0,0,0,0,0
100128340,0,0,0,0,0,0,0,1
7229,0,0,0,0,0,0,2,0
2520,0,0,0,0,0,0,0,0
639,0,0,2,0,0,0,0,1
105374764,0,0,0,0,0,0,0,0
56999,0,0,2,6,5,3,3,1
222698,0,0,2,3,0,0,3,0
30813,0,0,0,2,0,1,0,5
100189158,0,0,0,1,1,0,0,0
105372507,0,0,0,0,0,0,0,0
3588,0,0,1,1,1,2,1,3
254910,0,0,0,1,0,0,0,1
101927686,0,0,0,0,0,0,0,0
105370834,0,0,0,0,0,0,0,0
126123,0,0,0,0,0,0,0,0
124900701,0,0,0,0,0,0,0,0
107985983,0,0,0,0,0,0,0,1
57578,0,0,1,0,1,1,2,2
124905592,0,0,0,0,0,0,0,0
102724046,0,0,1,0,0,0,0,0
101927178,0,0,0,0,0,1,0,0
105372706,0,0,1,0,0,0,0,0
101929897,0,0,0,0,0,1,1,0
105379129,0,0,0,0,0,0,0,0
105372383,0,0,0,1,0,0,0,0
106481609,0,0,0,0,0,0,0,0
400710,0,0,0,2,3,1,0,1
110091776,0,0,0,0,0,0,0,0
284573,0,0,0,0,0,0,0,0
124900766,0,0,0,0,0,1,2,2
105373064,0,0,0,0,0,0,0,0
120766142,0,0,0,1,1,1,0,1
643862,0,0,0,0,0,1,0,1
441272,0,0,0,0,0,1,0,0
114794,0,0,0,0,1,1,0,0
3671,0,0,1,0,0,0,0,0
64518,0,0,0,0,0,0,0,0
107984333,0,0,2,1,0,0,0,0
170067,0,0,0,0,0,0,0,0
106480227,0,0,0,0,0,0,0,0
730227,0,0,1,0,0,1,1,1
106479047,0,0,0,1,0,0,0,0
338596,0,0,1,4,1,4,5,2
641367,0,0,1,0,0,0,0,0
254956,0,0,1,0,0,0,1,1
1776,0,0,0,0,0,0,0,0
128966566,0,0,1,0,0,0,0,0
285962,0,0,1,0,0,1,0,2
124903943,0,0,0,0,0,0,0,0
105369974,0,0,0,0,0,0,0,0
105374117,0,0,0,0,0,1,0,1
109729147,0,0,0,0,0,0,0,0
4914,0,0,1,0,0,0,0,0
201288,0,0,0,1,0,0,0,0
100131641,0,0,0,0,0,0,0,0
692234,0,0,0,0,0,0,2,0
6716,0,0,0,0,0,0,0,0
124902965,0,0,0,3,1,0,2,0
124905245,0,0,0,0,1,1,0,1
100129231,0,0,1,0,0,0,0,0
6459,0,0,0,0,0,0,0,0
124906067,0,0,0,0,0,0,0,0
1469,0,0,1,1,0,0,0,0
9071,0,0,0,0,0,0,1,1
112268064,0,0,1,0,1,1,1,1
101928554,0,0,0,1,0,0,0,0
56114,0,0,0,0,0,2,0,0
56203,0,0,1,1,0,0,2,0
107985779,0,0,0,0,0,0,0,0
105373951,0,0,3,2,3,2,3,2
181,0,0,0,0,0,0,0,0
8521,0,0,0,0,0,0,0,3
124900856,0,0,2,0,0,1,0,0
442158,0,0,2,0,1,0,0,0
133923,0,0,0,0,1,0,0,0
124902430,0,0,0,0,0,0,0,0
124902817,0,0,1,1,0,0,0,0
124903573,0,0,0,0,0,0,0,2
124903907,0,0,0,0,0,1,0,0
343296,0,0,1,1,0,1,2,1
124901060,0,0,0,0,0,0,0,0
105375864,0,0,0,0,0,0,0,0
11074,0,0,0,0,0,0,0,1
101928864,0,0,0,0,0,1,2,1
256979,0,0,0,0,0,1,0,0
763,0,0,0,0,0,0,0,0
105379051,0,0,0,0,0,0,0,0
2100,0,0,2,1,0,1,2,4
112267901,0,0,0,0,1,0,0,1
105369362,0,0,0,0,0,0,0,0
100302233,0,0,0,0,0,0,0,0
105375120,0,0,0,0,0,0,0,1
100874399,0,0,0,0,0,0,0,0
106479282,0,0,0,0,0,0,0,0
29126,0,0,0,0,1,1,0,2
256076,0,0,0,0,0,0,0,0
124909384,0,0,0,0,0,0,0,0
109729122,0,0,0,0,0,0,0,0
216,0,0,0,0,0,0,0,0
56344,0,0,0,0,0,0,0,0
124906097,0,0,0,0,0,0,0,0
124900371,0,0,0,0,0,0,0,0
102724382,0,0,0,0,0,0,0,0
124905979,0,0,0,0,0,1,0,0
390205,0,0,0,0,1,0,1,1
107985013,0,0,0,0,0,0,0,0
93010,0,0,0,2,0,7,0,1
124902687,0,0,1,0,0,0,0,2
101927546,0,0,0,0,0,1,2,1
148641,0,0,1,0,3,1,2,1
124904303,0,0,0,0,0,0,0,0
80201,0,0,0,0,0,0,0,0
80039,0,0,0,0,0,1,0,0
105376713,0,0,0,0,0,0,0,0
124901516,0,0,0,0,0,0,0,0
105377730,0,0,0,0,0,0,0,0
124901446,0,0,0,0,0,0,0,0
124904309,0,0,0,0,0,0,0,0
285189,0,0,0,0,0,0,0,0
103504727,0,0,0,0,0,0,0,0
107984041,0,0,0,0,0,0,0,0
124904196,0,0,0,0,0,1,0,0
100420171,0,0,1,0,0,0,0,1
124904418,0,0,0,0,0,1,0,0
102724191,0,0,0,0,0,0,0,1
101928766,0,0,0,0,0,0,0,0
109617017,0,0,0,0,0,0,0,0
105374832,0,0,0,0,0,0,0,0
100652740,0,0,0,0,0,1,0,0
790953,0,0,1,0,0,1,0,0
401730,0,0,0,0,0,0,0,2
80094,0,0,1,0,0,0,1,0
100271138,0,0,0,0,0,1,1,1
100874085,0,0,0,0,0,0,0,0
5342,0,0,0,0,0,1,0,0
124904279,0,0,0,0,0,0,0,0
9966,0,0,0,1,0,0,0,0
106480006,0,0,0,0,0,0,0,0
124904991,0,0,2,0,0,2,0,0
124902353,0,0,0,1,0,0,0,0
3960,0,0,0,0,0,0,0,0
107987479,0,0,0,0,0,0,0,0
54937,0,0,1,0,0,0,1,0
105379600,0,0,0,1,0,0,1,1
124903600,0,0,1,0,0,0,0,0
100288797,0,0,0,0,0,0,0,0
124901058,0,0,0,0,0,0,0,0
102724720,0,0,0,0,0,0,0,0
124904348,0,0,0,0,0,0,1,0
392509,0,0,0,0,0,0,0,0
9023,0,0,0,2,0,3,3,0
10887,0,0,1,0,0,0,0,0
100775107,0,0,0,0,0,2,0,0
124904284,0,0,1,0,0,0,0,0
503835,0,0,0,0,0,0,0,0
146,0,0,0,0,0,0,0,0
79679,0,0,0,0,0,0,0,0
100310849,0,0,0,0,0,0,0,0
101927391,0,0,2,0,0,0,0,0
107984113,0,0,0,0,0,0,1,0
101928044,0,0,0,0,0,0,0,0
92126,0,0,0,0,1,0,0,1
105373636,0,0,0,0,0,0,0,0
100128880,0,0,1,0,1,0,0,0
220001,0,0,0,2,0,0,0,0
124909448,0,0,0,0,0,1,0,0
119863863,0,0,0,0,0,0,0,1
107984255,0,0,0,0,0,0,0,0
105372639,0,0,0,0,0,0,0,0
124900337,0,0,0,0,3,1,4,0
100873793,0,0,0,0,0,0,0,1
3776,0,0,0,0,0,0,0,0
124905045,0,0,0,0,0,0,0,0
107984813,0,0,1,1,1,1,0,2
83550,0,0,0,1,2,0,1,4
124907951,0,0,0,0,0,0,0,0
100130359,0,0,0,0,0,0,0,0
124905190,0,0,0,0,0,0,0,0
654346,0,0,0,0,0,0,1,0
387694,0,0,0,0,0,1,0,0
79755,0,0,0,0,1,0,0,0
105374775,0,0,1,0,0,0,0,0
126248,0,0,0,1,3,1,0,0
101927760,0,0,0,0,1,0,0,0
124903542,0,0,0,2,1,0,0,0
105371785,0,0,0,1,2,1,0,1
163479,0,0,0,0,0,0,0,0
124900926,0,0,0,0,0,0,0,1
100507299,0,0,1,0,1,2,0,2
392510,0,0,1,0,0,1,1,1
5866,0,0,1,1,1,1,3,1
5368,0,0,0,0,0,0,0,0
124900513,0,0,0,0,0,0,0,0
101926887,0,0,0,4,0,0,1,0
100887075,0,0,0,0,0,0,1,1
570,0,0,0,0,0,0,0,1
105370846,0,0,1,0,0,0,1,0
391267,0,0,0,0,0,1,0,0
100130683,0,0,0,0,0,1,0,0
107986986,0,0,0,0,0,0,0,0
3641,0,0,0,0,0,0,0,0
441455,0,0,0,0,0,2,0,0
101929069,0,0,0,0,0,0,0,0
134,0,0,2,1,0,0,1,0
101927069,0,0,0,0,0,0,0,0
109623458,0,0,0,0,0,0,0,0
105374803,0,0,1,0,0,0,0,0
105374965,0,0,0,0,0,0,0,0
4151,0,0,0,0,0,1,0,1
106481253,0,0,0,0,0,0,0,0
107986100,0,0,0,1,1,0,0,2
55079,0,0,0,0,0,0,0,0
124904144,0,0,0,0,0,0,0,0
121832810,0,0,0,2,1,0,0,0
100189112,0,0,0,0,0,0,0,0
22844,0,0,1,0,3,2,0,0
100287387,0,0,1,0,0,1,0,0
26166,0,0,0,0,1,0,0,0
106479225,0,0,0,0,0,0,0,0
105373562,0,0,3,2,2,0,1,2
11042,0,0,0,0,0,0,0,0
57538,0,0,0,0,0,0,0,1
105371216,0,0,0,1,1,0,0,0
101928103,0,0,3,1,0,2,4,1
107984236,0,0,0,0,0,2,0,2
124901992,0,0,0,0,0,0,0,0
124901764,0,0,0,0,0,0,0,0
105379163,0,0,1,2,1,1,2,0
106481894,0,0,0,0,0,0,0,0
283446,0,0,0,0,0,0,0,1
107986192,0,0,0,0,0,0,0,0
100131784,0,0,1,1,0,0,0,0
105372554,0,0,0,0,0,0,0,0
641708,0,0,0,0,0,0,0,0
124909361,0,0,1,0,1,0,0,0
641516,0,0,0,0,0,0,0,0
101928484,0,0,0,0,0,0,0,0
146754,0,0,1,1,0,0,1,0
8620,0,0,0,0,0,0,0,0
101927528,0,0,0,0,0,0,0,0
124907737,0,0,0,0,0,0,1,0
440224,0,0,0,0,0,0,1,0
339479,0,0,0,0,0,0,0,0
101928720,0,0,0,0,0,0,0,0
441087,0,0,1,2,0,1,4,3
102723761,0,0,0,0,1,0,0,0
100506299,0,0,0,0,2,0,1,3
126,0,0,0,0,0,0,0,0
2342,0,0,1,0,0,0,0,0
107984896,0,0,0,0,0,1,0,0
28690,0,0,0,0,0,0,0,0
124903340,0,0,0,0,0,0,0,0
11105,0,0,0,1,0,0,0,0
644637,0,0,1,0,0,1,0,0
124590,0,0,2,3,0,0,1,1
124904022,0,0,0,0,0,0,0,0
10660,0,0,0,0,1,2,3,1
400728,0,0,0,1,0,0,0,0
100505915,0,0,0,1,1,0,2,0
101930421,0,0,0,0,0,0,0,0
123706525,0,0,0,0,0,0,0,0
106633808,0,0,3,6,7,2,4,4
5294,0,0,0,0,0,0,0,1
729220,0,0,0,1,0,0,0,0
124901576,0,0,1,0,0,1,0,1
91548,0,0,0,1,0,0,0,0
124900302,0,0,0,1,1,1,0,1
27321,0,0,0,0,0,0,0,0
114815,0,0,0,1,1,0,0,0
124901893,0,0,0,0,0,1,0,0
92196,0,0,0,0,0,0,0,0
124900791,0,0,1,1,0,0,1,0
26585,0,0,0,0,1,0,1,0
51131,0,0,2,0,1,1,1,1
8354,0,0,0,0,0,0,0,0
425054,0,0,1,0,0,0,0,0
100862692,0,0,2,1,1,1,0,3
9256,0,0,0,1,1,0,1,0
101928080,0,0,0,0,0,0,0,0
257169,0,0,1,0,0,1,1,1
101927007,0,0,0,0,0,0,0,0
102723382,0,0,1,0,0,0,0,1
124900738,0,0,0,0,0,0,0,0
107987061,0,0,0,0,0,0,0,0
124902280,0,0,0,0,0,1,1,0
4879,0,0,0,0,0,0,0,1
3002,0,0,0,0,1,0,0,0
105372321,0,0,1,1,0,0,0,0
100500871,0,0,0,0,0,0,0,0
100505534,0,0,1,0,0,0,0,0
101928162,0,0,0,0,0,0,0,1
1821,0,0,0,1,0,0,1,0
124901970,0,0,0,0,0,1,0,0
124905472,0,0,0,1,0,0,1,0
124901720,0,0,0,0,1,0,0,0
107986163,0,0,0,1,3,1,2,1
100129060,0,0,1,0,0,0,0,0
135886,0,0,0,0,0,0,0,1
105373252,0,0,2,0,0,1,0,0
101930129,0,0,0,1,0,1,0,1
4868,0,0,0,0,0,0,0,0
100528019,0,0,0,0,0,1,0,0
100131551,0,0,2,0,0,0,0,0
100506356,0,0,0,0,0,0,0,0
360200,0,0,0,0,0,0,0,0
124904494,0,0,0,0,0,1,0,0
124903158,0,0,0,0,0,0,0,0
645771,0,0,0,1,0,2,0,1
693152,0,0,0,0,1,0,2,0
105371049,0,0,0,0,0,0,0,0
374470,0,0,0,0,1,1,0,0
284390,0,0,0,0,0,0,2,0
122539213,0,0,0,0,0,0,0,0
728470,0,0,0,1,3,0,1,0
112268309,0,0,0,0,0,0,0,0
142685,0,0,0,0,0,0,0,0
653140,0,0,1,1,3,2,0,2
8987,0,0,0,0,0,0,1,0
728431,0,0,1,0,1,1,1,1
106481447,0,0,0,0,0,0,0,0
90668,0,0,0,0,3,0,0,2
100420695,0,0,0,0,0,0,0,0
124900785,0,0,0,0,1,0,0,0
102723167,0,0,0,0,0,1,0,2
83851,0,0,0,0,2,1,0,0
284525,0,0,0,0,0,0,0,0
124904442,0,0,0,0,0,0,0,0
101927932,0,0,0,0,0,0,0,0
101928605,0,0,1,0,0,0,0,0
352905,0,0,0,0,0,0,0,0
27122,0,0,0,0,0,0,1,1
124905116,0,0,0,1,0,2,0,0
124905935,0,0,0,0,1,1,1,0
643714,0,0,0,0,0,1,0,0
149483,0,0,1,0,0,1,1,0
158046,0,0,1,2,0,0,0,2
124904992,0,0,1,1,0,0,1,1
101928353,0,0,0,0,0,0,0,0
124904009,0,0,0,0,0,1,0,0
100506791,0,0,0,0,0,0,0,0
445577,0,0,0,0,0,0,0,0
1556,0,0,0,0,0,0,0,0
105378383,0,0,0,0,0,0,1,0
124904926,0,0,0,0,0,0,0,1
105373822,0,0,0,0,0,0,0,0
105371828,0,0,0,0,0,0,0,0
101290508,0,0,1,0,1,1,0,1
102465478,0,0,0,0,0,0,0,0
107985651,0,0,0,0,0,0,0,0
388698,0,0,0,0,0,1,0,0
130749,0,0,0,0,0,0,0,0
101927524,0,0,0,0,0,0,0,0
1805,0,0,0,0,0,0,0,0
643650,0,0,1,0,0,0,0,2
124903990,0,0,0,0,0,0,0,0
652991,0,0,0,0,0,0,1,1
124905127,0,0,0,1,0,0,1,0
84229,0,0,0,0,0,0,0,1
124902711,0,0,0,0,0,2,1,0
100506747,0,0,0,0,0,1,0,0
105373020,0,0,0,0,0,0,0,0
255061,0,0,0,0,0,0,0,0
644881,0,0,0,0,0,0,0,0
124901370,0,0,0,0,0,0,0,0
107984043,0,0,0,0,0,0,0,1
100128982,0,0,0,0,0,0,0,0
391552,0,0,2,1,3,3,1,3
648791,0,0,1,0,0,1,1,1
105372296,0,0,0,0,0,0,3,1
100873165,0,0,0,0,0,0,0,2
105378199,0,0,0,0,1,0,0,0
23605,0,0,1,1,0,1,1,0
100033411,0,0,0,0,0,0,0,0
101929589,0,0,0,1,0,1,1,0
105377342,0,0,0,0,0,0,0,0
107986077,0,0,1,1,1,0,1,0
7940,0,0,0,0,0,2,0,0
100873921,0,0,0,0,0,0,0,1
105375215,0,0,0,0,0,1,0,0
100132591,0,0,0,0,1,0,0,0
124903948,0,0,1,0,1,0,2,0
105370902,0,1,0,0,0,0,0,0
124902642,0,1,0,0,1,1,0,0
162461,0,1,3,1,2,2,2,1
107105278,0,1,0,1,0,0,0,0
107984773,0,1,0,0,0,1,1,0
100310853,0,2,3,1,0,2,2,1
7206,0,1,0,0,0,0,0,1
404552,0,0,0,0,0,0,0,0
360155,0,1,0,0,0,0,0,0
100874503,0,4,0,0,2,0,1,0
101928630,0,1,1,0,0,0,0,0
107987100,0,1,0,0,0,0,0,0
118827813,0,3,0,4,1,3,1,2
100128817,0,1,0,0,0,0,0,0
124904162,0,1,0,1,2,1,0,0
282890,0,1,0,0,0,0,1,0
105376356,0,1,0,0,0,0,0,0
105372859,0,1,0,1,4,0,1,1
105377486,0,1,0,0,3,2,0,0
147837,0,1,0,0,2,0,0,0
124901066,0,0,0,0,0,1,1,0
348567,0,1,0,1,5,4,2,4
144571,0,0,0,0,1,1,1,1
5251,0,1,0,1,0,0,1,1
3090,0,2,0,1,1,0,3,1
3082,0,2,0,0,1,1,2,0
101060164,0,1,0,0,0,0,0,0
51233,0,2,0,1,0,2,0,0
102724682,0,1,0,0,0,0,0,0
107984993,0,1,1,0,4,1,0,0
107984858,0,1,0,0,0,0,0,0
100419814,0,1,0,0,0,1,0,0
105372165,0,1,3,3,0,2,2,1
105369317,0,3,0,1,0,1,0,0
79948,0,1,0,0,0,1,1,0
104326193,0,2,0,0,0,0,0,1
100506113,0,1,0,0,1,0,1,0
100420501,0,1,0,0,0,0,0,0
388605,0,3,0,0,2,4,1,1
692204,0,1,1,0,3,0,0,1
139420,0,0,2,0,0,0,0,0
6332,0,1,0,0,0,0,0,0
100192379,0,0,0,0,0,0,0,0
100526693,0,0,0,0,0,0,0,0
124903672,0,1,0,0,1,0,0,1
105374254,0,1,1,0,0,1,4,0
124906192,0,0,0,0,0,0,0,0
100129468,0,1,0,1,1,0,0,1
440352,0,1,0,0,1,0,0,1
105377871,0,1,2,1,0,0,0,0
106481965,0,1,1,0,0,1,1,0
6083,0,2,2,0,0,1,1,2
105371749,0,2,2,1,0,2,1,0
105369325,0,1,0,0,0,0,1,0
692063,0,1,0,1,1,0,0,1
118827811,0,1,0,1,1,2,1,0
728597,0,1,0,0,0,0,0,0
9348,0,1,0,0,0,0,0,0
576,0,2,13,5,8,8,6,1
10225,0,1,0,0,0,0,0,0
124900296,0,1,0,0,1,0,0,0
64499,0,0,0,0,0,0,0,0
54967,0,0,1,1,1,0,0,0
6876,0,1,0,0,2,1,2,2
101929185,0,1,0,0,2,0,1,1
105371710,0,1,0,1,1,0,1,0
121456,0,1,0,0,0,0,0,0
491,0,5,4,4,6,6,4,4
105377412,0,1,0,0,0,1,0,1
27231,0,1,1,0,0,0,0,1
3046,0,1,0,0,1,0,0,0
84466,0,1,0,1,0,1,2,1
115330,0,1,2,1,1,1,0,0
100302741,0,1,0,1,0,2,0,1
642513,0,2,1,2,4,3,1,3
124902156,0,0,0,0,0,0,0,0
3311,0,1,0,0,0,0,0,0
3681,0,1,0,0,1,0,0,0
130813,0,2,0,3,0,1,2,2
100271358,0,2,2,0,3,1,5,2
83882,0,2,0,0,3,4,4,4
441893,0,1,1,0,2,0,0,1
124901967,0,2,2,0,1,1,0,0
100507006,0,1,1,0,0,1,0,1
109729181,0,2,7,7,2,2,3,2
4858,0,2,7,3,4,3,8,3
245,0,1,0,2,1,1,1,3
105375825,0,1,0,0,0,0,0,0
100189388,0,1,0,0,0,0,0,0
653712,0,1,0,0,0,0,0,0
124907741,0,1,0,0,0,0,0,0
100616434,0,0,0,0,0,0,0,0
100130357,0,3,2,2,0,2,1,3
105377399,0,0,0,0,0,0,0,2
4069,0,1,0,0,0,0,0,0
100129996,0,2,0,0,0,1,0,0
124904276,0,2,0,0,0,0,0,0
345051,0,1,0,0,0,0,0,0
118827816,0,1,0,1,0,2,3,0
6886,0,3,0,2,7,3,7,5
677766,0,1,1,0,0,4,1,5
646813,0,1,1,0,0,3,1,1
646446,0,3,1,0,1,1,0,0
102724715,0,1,1,0,1,2,0,0
9123,0,1,0,0,0,0,0,0
2634,0,2,0,0,0,0,0,0
124905099,0,2,2,1,0,0,3,0
112806053,0,1,4,1,0,2,0,0
100996348,0,1,0,1,1,0,0,2
404744,0,0,0,0,1,0,0,0
123872,0,1,0,0,1,0,0,0
100129728,0,2,0,1,1,2,2,0
102723841,0,0,0,0,0,0,0,0
105372238,0,1,0,0,0,1,0,0
595100,0,1,0,0,1,2,0,0
3560,0,0,0,0,0,1,0,0
101929099,0,2,0,3,1,2,0,0
5129,0,3,12,6,10,4,3,7
645051,0,1,0,0,0,0,0,0
101929134,0,1,0,0,0,1,1,0
64951,0,3,3,4,1,1,1,1
105371564,0,1,0,0,1,0,1,0
124904637,0,2,0,1,0,0,0,0
2206,0,0,0,0,0,0,0,0
952,0,1,0,0,0,0,0,0
677840,0,1,1,4,1,1,4,3
4916,0,1,0,0,0,0,0,0
57822,0,2,2,2,0,5,1,0
100420889,0,1,0,5,2,5,0,1
29935,0,2,1,0,0,0,0,0
94017,0,1,0,0,2,0,0,1
100189416,0,1,0,0,1,0,0,0
170961,0,1,1,0,1,0,0,0
107985727,0,1,0,0,1,1,0,1
101928675,0,2,0,1,0,1,2,1
170680,0,1,0,0,0,0,0,0
124903750,0,2,0,0,1,0,2,3
101928235,0,1,0,1,0,0,2,0
100131060,0,1,0,0,0,0,1,0
8794,0,1,0,0,0,0,0,0
105375490,0,1,0,0,0,0,0,0
107986593,0,1,0,1,0,1,1,1
441440,0,0,0,0,0,0,1,0
347265,0,2,0,0,0,2,1,0
101926913,0,1,2,0,1,2,2,1
1187,0,1,1,0,1,0,0,0
102724562,0,1,0,0,1,0,1,1
107985756,0,1,0,0,0,0,2,0
124902476,0,1,1,0,0,0,0,1
100421648,0,5,0,0,1,0,1,2
3758,0,1,0,0,0,0,0,0
100418868,0,1,0,0,0,0,0,0
54843,0,4,2,1,2,3,5,2
105376058,0,3,0,0,0,1,1,1
100132707,0,4,3,4,4,2,3,1
105374080,0,1,0,0,0,0,1,0
4954,0,1,0,0,0,0,1,0
124904613,0,1,0,0,1,0,0,0
105373868,0,0,0,0,1,0,0,0
8646,0,3,0,3,4,2,0,1
1475,0,1,1,1,2,0,1,0
221442,0,1,2,1,1,0,1,0
105374209,0,1,0,1,0,0,0,0
8344,0,0,1,0,0,0,1,0
124902977,0,1,0,0,0,0,0,0
3034,0,2,0,0,0,0,2,0
728453,0,1,3,0,1,0,1,2
6506,0,1,2,0,0,4,2,0
115482699,0,1,2,1,2,1,0,1
101928095,0,6,2,2,0,3,0,1
124901390,0,0,0,0,1,0,0,0
108903150,0,3,0,2,2,1,1,1
105376323,0,3,1,0,1,0,0,1
497256,0,1,0,0,0,0,0,0
100128594,0,1,0,0,1,2,2,2
124900942,0,0,0,0,0,0,0,1
503635,0,1,0,0,0,0,0,0
107985250,0,2,2,2,1,1,3,1
440348,0,3,1,1,1,0,2,3
105377290,0,0,0,0,0,0,0,0
9229,0,2,3,0,3,2,1,0
124904058,0,1,0,0,0,1,0,3
390601,0,1,1,4,0,0,3,2
64220,0,1,0,0,0,0,1,0
100506211,0,2,8,9,10,9,11,12
3176,0,3,7,3,5,0,5,3
146540,0,2,1,0,1,3,1,3
107987367,0,1,0,0,0,0,0,0
101927136,0,1,0,0,0,0,0,0
100526739,0,1,0,0,0,0,0,0
102724727,0,1,0,0,0,0,1,0
120528,0,1,0,1,1,1,3,1
55613,0,1,1,0,1,2,2,1
326107,0,1,0,1,0,0,1,0
4004,0,2,7,3,6,10,4,4
100189102,0,1,0,0,0,0,0,0
100189363,0,1,0,0,0,0,0,0
100874483,0,0,0,0,0,0,0,0
101927468,0,1,0,0,1,1,0,0
124902470,0,0,0,1,0,0,0,0
100131695,0,1,1,0,0,0,2,0
124905488,0,1,0,0,0,0,0,0
4319,0,2,0,0,0,0,0,0
101929259,0,1,0,1,0,0,0,0
285540,0,2,2,0,2,2,2,0
100294362,0,2,0,1,0,0,0,0
339488,0,1,1,0,0,0,0,1
8013,0,1,1,3,6,2,1,6
104968399,0,1,0,1,0,1,1,4
101926907,0,1,1,0,0,1,1,1
107985561,0,2,0,0,0,1,1,2
105369363,0,2,0,1,1,0,1,0
27334,0,1,0,0,0,0,0,0
124907857,0,1,1,0,1,0,0,1
101929685,0,1,0,0,0,0,0,0
107985201,0,1,1,1,0,0,1,0
124903169,0,1,0,0,0,0,0,0
100129617,0,0,0,0,0,0,0,0
124905993,0,2,0,0,0,0,0,0
109617003,0,1,0,0,0,0,0,0
400499,0,0,0,0,1,0,0,0
101954271,0,4,3,2,2,3,2,0
101930593,0,0,1,1,0,0,1,0
644387,0,3,1,1,1,1,0,6
79931,0,1,0,0,0,1,0,0
105377303,0,1,2,2,2,1,0,1
377,0,0,2,0,3,1,0,2
124901239,0,2,0,0,0,0,0,0
92340,0,1,0,0,0,1,1,0
107985040,0,0,0,3,0,3,2,1
124903752,0,1,0,0,0,0,0,0
728933,0,0,0,1,0,1,0,0
3117,0,3,2,2,1,0,2,1
105371229,0,1,0,1,1,1,0,0
58512,0,1,0,0,1,0,0,1
105372096,0,1,0,0,0,0,0,0
102724701,0,4,11,10,6,13,5,8
646208,0,1,2,2,0,0,3,2
100129736,0,1,1,0,1,0,1,1
115004,0,0,0,0,1,0,0,0
124903503,0,1,0,0,0,0,0,0
101928784,0,1,0,0,0,0,0,0
64849,0,1,0,0,0,2,0,0
100310851,0,5,0,1,0,0,1,1
105372308,0,1,0,1,0,1,0,0
283365,0,1,0,0,0,0,0,0
51412,0,1,0,0,1,0,0,0
101752399,0,1,1,4,0,0,2,2
124909387,0,1,0,1,0,0,0,0
107986710,0,1,0,0,1,0,0,0
728533,0,5,2,1,3,4,1,6
100129583,0,1,0,0,0,0,2,0
128266840,0,3,0,0,0,0,0,0
344320,0,3,1,0,1,1,1,2
124900904,0,1,0,0,0,0,0,0
558,0,1,0,0,0,1,1,0
646201,0,1,0,1,2,1,0,1
100422310,0,1,0,1,0,0,0,0
106480344,0,0,0,0,0,0,0,0
102467073,0,1,0,0,0,0,1,0
100421675,0,1,1,0,0,1,0,0
390482,0,1,0,0,0,0,1,0
105374807,0,1,2,1,1,0,0,0
100131161,0,1,1,0,0,1,0,2
105371793,0,1,2,0,0,0,0,1
10673,0,1,0,0,0,0,0,0
105374996,0,1,0,0,0,0,0,0
124904920,0,1,1,0,1,1,0,0
105373185,0,1,2,0,1,1,0,1
2318,0,3,0,1,0,0,1,1
105369359,0,0,0,0,0,0,0,0
101929691,0,1,0,0,0,0,0,0
105375901,0,1,0,0,0,0,0,0
124905038,0,1,0,0,1,0,0,1
124907973,0,2,0,0,0,0,0,1
101926955,0,1,0,0,0,0,0,0
1638,0,2,1,0,0,0,0,0
105372437,0,1,1,1,0,0,0,1
80164,0,1,2,5,1,2,6,1
100529261,0,1,2,0,0,1,0,2
124904390,0,0,0,0,0,0,0,0
105378614,0,1,0,0,0,0,0,0
105374056,0,1,0,1,0,0,0,0
131669,0,0,0,0,0,0,0,0
124902271,0,1,0,1,0,0,2,1
91683,0,1,4,2,0,1,1,1
124903843,0,1,0,0,0,0,0,0
101927283,0,0,0,0,0,0,0,0
164284,0,1,0,0,0,0,0,0
124901301,0,1,2,0,1,0,2,2
7700,0,1,0,0,0,0,0,0
151651,0,1,0,0,1,0,1,1
105376416,0,0,0,1,0,0,0,0
124902284,0,1,0,0,0,0,0,0
58530,0,1,0,0,0,0,0,0
100189149,0,2,0,0,0,0,0,0
23245,0,2,6,4,5,2,0,0
101929705,0,1,1,1,2,0,3,3
124906235,0,2,0,0,1,0,0,1
104564224,0,0,0,0,0,1,0,0
124900351,0,1,1,0,0,0,0,0
100289656,0,0,0,0,0,0,0,0
26804,0,1,1,1,3,1,0,0
105376878,0,1,0,0,0,0,0,0
105371899,0,1,1,0,1,0,2,0
7125,0,2,2,2,1,1,0,1
105376025,0,1,0,0,0,0,0,0
124900731,0,1,0,0,0,0,0,0
11187,0,1,0,0,0,0,0,0
105377488,0,0,0,0,1,0,0,0
101930452,0,2,0,0,0,0,0,0
109616977,0,1,1,0,1,0,0,0
124902606,0,0,1,0,0,0,0,0
3640,0,1,0,1,0,0,1,1
101930053,0,1,0,0,0,1,0,0
101929291,0,0,0,0,0,0,0,0
124901137,0,2,6,6,7,5,7,4
105379355,0,6,2,0,0,0,1,3
341883,0,1,1,3,1,2,3,3
102724937,0,1,2,0,0,0,0,0
26232,0,1,0,1,0,0,1,1
100189163,0,1,0,0,0,0,0,0
100189265,0,2,0,0,0,2,1,0
64094,0,1,0,0,0,0,0,2
124901211,0,0,0,0,0,0,0,0
105377673,0,1,0,0,0,0,0,0
101928906,0,0,1,0,1,0,0,2
3013,0,1,1,0,0,0,1,1
728097,0,0,1,0,0,0,1,0
100507398,0,1,1,3,4,5,5,3
105372439,0,1,1,0,0,0,1,0
729809,0,1,0,0,0,0,0,0
101929122,0,1,0,0,0,0,0,0
619207,0,1,1,0,0,0,1,1
100506907,0,0,0,0,0,0,0,1
100131280,0,1,0,1,1,0,1,0
8106,0,1,0,1,1,0,0,3
497190,0,1,0,0,0,0,0,0
100996425,0,1,0,0,1,0,1,0
124905415,0,1,0,0,0,0,0,0
105369486,0,0,0,0,0,0,0,0
3139,0,1,0,0,2,2,1,2
729083,0,1,0,0,0,0,0,2
105374340,0,1,0,0,0,0,0,0
100129920,0,2,0,0,1,1,0,0
3250,0,1,0,0,0,0,0,0
147323,0,1,1,1,1,1,1,0
124905121,0,2,0,0,0,0,0,2
106144593,0,1,0,0,0,0,0,0
100189269,0,1,0,0,0,0,0,0
2246,0,1,0,1,0,0,0,0
4313,0,1,1,4,0,0,1,0
766,0,3,1,0,1,1,2,0
105378668,0,1,0,0,1,1,0,0
124902865,0,1,2,3,0,0,1,0
100420648,0,1,0,0,0,0,2,0
359750,0,1,0,0,0,0,0,0
124901291,0,1,2,1,1,0,2,1
101927832,0,0,1,0,0,1,0,0
8348,0,1,2,1,3,2,3,7
84891,0,0,0,0,0,0,0,0
100132056,0,1,0,1,1,0,1,0
124901318,0,1,0,0,1,0,1,3
10154,0,3,6,4,5,2,3,2
912,0,2,1,1,1,3,0,1
107984660,0,1,0,0,1,1,0,0
100169756,0,1,1,0,0,0,1,0
594838,0,3,0,0,1,0,0,0
109729140,0,1,0,0,1,1,0,0
101928447,0,1,0,0,0,0,0,0
105377320,0,1,0,0,0,0,0,1
375611,0,1,0,0,0,0,0,0
7608,0,1,1,0,0,1,1,0
115572,0,1,0,1,0,0,2,2
105371363,0,2,0,0,0,0,0,0
124901103,0,0,0,0,0,1,0,0
3887,0,0,0,0,0,0,0,0
105369759,0,1,0,1,0,0,0,0
109623484,0,1,0,0,0,0,0,0
56124,0,1,0,0,0,0,0,0
124901178,0,1,0,0,0,0,0,0
124904186,0,1,0,0,0,0,0,0
94032,0,4,5,1,6,4,11,2
168400,0,0,0,0,0,0,0,0
23533,0,1,0,0,0,0,0,2
124904562,0,1,1,1,0,1,0,0
105370876,0,3,2,0,2,4,2,5
105372804,0,1,0,0,0,0,0,0
340390,0,0,0,0,0,0,0,1
105375027,0,1,0,0,0,0,0,0
126567,0,1,2,2,1,2,1,2
105373432,0,0,0,0,0,0,0,0
105377700,0,2,0,0,0,1,0,0
107985730,0,1,0,0,0,1,0,1
101928161,0,1,0,1,0,0,0,0
105369344,0,1,1,1,0,0,1,0
100996570,0,1,0,0,0,0,0,0
284898,0,0,0,0,0,0,0,0
28984,0,3,2,3,7,6,4,9
339862,0,1,0,1,2,1,0,2
124902732,0,0,0,0,0,0,0,0
1013,0,1,0,0,1,0,0,0
401914,0,1,0,1,0,0,0,0
606293,0,1,1,2,2,2,2,0
124904877,0,0,0,0,0,0,0,0
400508,0,1,0,0,1,0,1,2
5799,0,2,1,1,2,2,2,4
7450,0,0,0,0,0,0,0,0
128434,0,0,1,0,2,2,0,2
124904454,0,1,0,0,0,1,0,0
100128119,0,0,0,0,0,0,0,1
124902012,0,1,0,1,1,0,2,1
107987435,0,1,0,0,2,1,3,2
154197,0,1,0,0,1,0,1,0
105369533,0,0,0,0,0,0,0,0
100128674,0,1,1,1,1,1,1,1
729859,0,1,0,0,0,0,0,1
124903701,0,2,3,1,2,2,4,4
124909354,0,0,0,0,0,0,0,0
3581,0,1,1,0,0,0,1,0
5169,0,0,2,1,6,0,0,0
105370168,0,1,1,2,0,2,0,2
645355,0,1,0,0,0,0,0,0
793,0,2,1,1,0,0,0,0
100289333,0,1,0,0,0,0,0,0
105372300,0,2,1,0,0,0,0,0
110806300,0,0,0,0,0,0,0,0
643723,0,1,1,0,0,0,0,0
64866,0,2,1,1,3,4,2,4
113523638,0,1,0,0,0,0,0,0
124902973,0,1,0,0,0,0,0,0
101927333,0,0,0,0,1,0,0,0
100131947,0,2,2,1,2,0,1,2
105376836,0,1,0,0,0,0,2,0
4345,0,0,0,0,0,0,0,0
124902939,0,1,0,3,0,2,0,1
100190922,0,1,0,0,1,0,0,2
203100,0,1,0,0,0,0,0,0
107105255,0,0,1,0,0,1,1,2
101927108,0,1,0,0,1,0,0,0
100287325,0,1,0,0,1,1,0,0
256297,0,0,0,0,0,0,0,0
283345,0,7,4,1,3,5,2,3
105371184,0,1,0,1,0,1,1,0
105373512,0,1,1,0,0,2,0,1
107987305,0,2,0,0,0,0,0,1
337874,0,1,0,2,1,0,0,0
117,0,2,5,1,0,2,0,1
102682016,0,1,3,1,0,0,0,0
401145,0,4,3,0,3,4,5,1
442211,0,4,0,0,0,0,2,2
111082993,0,0,0,0,1,1,1,0
124902173,0,2,0,0,1,0,1,0
7219,0,1,0,0,0,0,0,0
442028,0,1,0,0,0,0,0,0
105375594,0,1,0,0,0,0,0,0
100189095,0,0,1,0,0,0,0,0
124901580,0,1,0,0,0,0,0,0
105372653,0,1,0,0,0,0,0,1
23113,0,3,6,4,0,6,4,7
124901434,0,1,0,0,0,0,0,0
441898,0,1,0,0,0,0,1,1
113091,0,1,0,2,0,4,0,0
100506476,0,0,0,0,1,0,1,2
167410,0,1,1,0,0,0,1,0
124903973,0,1,0,0,0,1,0,0
124903924,0,1,0,0,0,0,0,0
102723789,0,2,1,3,0,0,0,2
124641,0,1,0,0,0,0,0,0
400512,0,0,0,0,0,0,0,0
3263,0,1,0,0,0,0,0,0
10170,0,2,0,0,0,1,0,0
124904184,0,0,0,0,0,0,0,0
401982,0,1,1,0,2,2,3,0
124904795,0,1,0,0,0,0,0,1
100289473,0,0,0,0,0,0,0,0
8404,0,1,0,0,0,0,0,0
100189366,0,1,0,0,0,0,0,0
105370297,0,1,0,0,2,0,1,2
100130721,0,1,0,0,0,0,1,0
79412,0,1,7,12,8,7,4,6
111216280,0,1,0,0,0,0,0,1
107984694,0,2,0,0,1,0,0,0
729955,0,1,1,1,1,1,1,1
124902041,0,1,1,1,0,0,0,0
5613,0,1,0,0,0,0,0,0
8715,0,2,7,12,9,9,11,16
101929607,0,1,0,0,0,0,0,0
100630923,0,1,0,0,0,0,0,0
107985895,0,1,0,0,0,0,0,0
642493,0,2,0,0,0,0,0,0
105375324,0,1,0,0,1,0,0,0
338382,0,1,0,0,0,0,0,0
124902231,0,1,0,0,0,0,0,0
100506797,0,3,0,0,1,1,2,2
134187,0,1,0,0,1,1,0,0
971,0,3,2,0,2,2,2,0
107984282,0,0,1,2,0,0,4,2
5009,0,1,1,0,0,0,0,1
144360,0,0,0,0,0,1,0,0
442590,0,1,0,0,0,0,1,0
376497,0,2,5,5,3,3,6,2
124904780,0,1,1,1,2,0,1,1
105372571,0,1,0,1,0,3,0,1
124903582,0,1,0,0,0,0,0,0
442131,0,2,0,0,1,1,0,1
100189169,0,0,0,0,0,0,0,0
93492,0,1,3,1,0,2,1,0
1392,0,1,0,0,0,0,0,0
100129148,0,1,0,0,1,0,2,0
101927275,0,1,0,0,0,1,0,0
7231,0,1,0,0,0,0,0,0
90589,0,1,1,1,0,1,1,1
2911,0,1,0,0,0,0,0,0
347051,0,1,2,1,1,2,1,0
124907870,0,1,0,0,0,0,0,1
149643,0,1,1,0,0,1,0,0
100874255,0,1,0,1,0,0,0,0
105375252,0,1,0,1,0,1,0,1
105376714,0,1,1,1,3,0,0,0
100129354,0,0,0,0,0,0,0,0
107987103,0,1,0,0,0,0,0,0
440097,0,1,0,0,0,0,1,0
646203,0,2,1,0,0,0,0,1
107986872,0,1,0,0,0,0,0,0
124900226,0,0,0,0,0,1,0,0
100507551,0,0,0,2,0,1,0,0
2910,0,1,0,0,0,0,0,0
106481914,0,0,1,0,0,0,0,0
650,0,1,5,10,6,3,1,1
646890,0,2,0,1,0,1,1,0
11012,0,0,0,0,0,0,0,0
100288162,0,1,0,0,0,0,0,0
124903276,0,1,2,0,0,1,0,0
402429,0,1,0,1,1,0,0,2
222659,0,1,0,0,0,0,0,1
124903679,0,2,1,2,4,0,3,1
10814,0,1,0,1,4,0,0,1
23149,0,1,1,0,1,2,2,3
100873974,0,2,0,0,1,0,0,0
387553,0,1,0,0,0,0,0,0
124905570,0,0,0,0,0,1,0,0
124901982,0,1,0,0,1,0,0,0
124901780,0,1,0,1,1,0,0,1
101927802,0,1,1,0,0,0,0,0
170393,0,0,0,0,0,0,0,0
100189359,0,1,0,0,0,0,1,0
101928331,0,1,5,3,0,0,0,4
402134,0,0,0,0,0,0,0,0
745,0,2,0,0,2,1,0,1
100507290,0,1,1,2,1,3,1,4
107986819,0,1,0,0,0,0,0,0
10578,0,1,0,0,1,0,0,0
100421399,0,3,3,3,3,2,4,4
132332,0,1,1,0,0,0,1,1
124901897,0,1,0,1,0,0,0,0
728970,0,2,1,0,0,0,0,1
60680,0,3,6,2,6,2,5,3
203190,0,1,1,1,1,1,1,0
106478991,0,1,2,0,1,1,0,1
107984906,0,1,0,0,0,0,0,0
102723727,0,1,0,0,0,0,0,0
10716,0,1,0,0,0,0,0,0
399821,0,2,1,3,2,2,3,2
107985720,0,1,0,2,1,3,1,0
89795,0,1,1,1,1,0,3,3
105379379,0,1,0,0,0,0,0,0
124903331,0,1,0,0,1,0,0,0
5521,0,1,0,1,1,1,0,0
8395,0,1,2,4,1,4,1,2
101929307,0,1,0,0,0,1,0,0
105375721,0,1,1,0,2,0,0,1
105374797,0,1,0,0,0,1,0,0
81629,0,1,1,1,1,1,3,2
84218,0,1,0,0,0,1,0,0
100189300,0,1,1,1,0,0,0,0
51301,0,3,7,1,6,4,4,6
101930370,0,1,3,0,1,1,0,0
124904503,0,0,1,0,0,0,0,0
219348,0,1,0,0,0,0,0,0
107986440,0,0,0,0,0,0,0,0
100506126,0,1,0,1,0,0,0,0
3769,0,2,2,0,1,0,1,0
4283,0,1,0,0,0,0,0,0
105377055,0,1,1,0,1,2,0,0
653656,0,0,0,0,0,0,0,0
105374261,0,1,2,4,3,2,0,3
100506585,0,0,0,0,0,0,0,0
107985110,0,1,1,0,0,0,0,0
407027,0,1,0,0,0,0,0,0
50805,0,1,1,0,0,1,0,2
100189173,0,1,0,0,0,0,0,0
4059,0,2,3,4,1,2,3,1
102546175,0,0,0,0,0,0,0,0
124901398,0,1,0,0,0,0,0,0
124902428,0,1,0,1,0,0,1,0
2172,0,1,0,2,2,2,0,1
105377101,0,1,0,0,0,0,0,0
132565735,0,1,1,0,0,0,1,0
124906181,0,1,1,0,0,0,0,0
149428,0,1,3,1,1,0,0,5
402125,0,1,0,0,0,0,0,0
646450,0,2,1,1,1,0,0,1
283487,0,1,1,0,0,0,0,0
200197,0,1,2,0,0,2,1,2
112268243,0,0,0,0,0,0,0,0
124905539,0,1,0,0,1,0,0,0
11189,0,1,0,0,0,0,0,0
105376993,0,0,0,0,0,0,0,0
124902554,0,1,0,0,0,1,1,0
51168,0,1,1,0,0,0,0,1
1607,0,0,0,0,0,0,0,2
124902399,0,1,0,0,0,0,0,0
107984602,0,0,0,0,0,0,0,0
124904252,0,1,0,0,0,0,0,0
105376421,0,1,0,0,0,0,0,2
100506755,0,1,1,1,0,4,1,1
105378756,0,3,0,1,2,1,0,0
642843,0,1,0,1,0,0,0,0
641695,0,1,1,3,3,2,3,2
692072,0,1,1,2,1,0,0,0
105372419,0,4,0,0,1,0,2,0
56923,0,1,0,0,0,0,0,0
645545,0,1,0,0,0,0,1,0
254664,0,1,1,0,0,0,0,0
124903674,0,1,0,0,0,0,0,0
105378949,0,2,1,1,0,0,1,2
729277,0,1,0,0,0,0,0,0
124903844,0,0,0,0,0,0,0,0
100421595,0,1,2,2,1,5,3,2
50632,0,1,0,0,0,0,0,0
106481641,0,1,0,0,0,0,0,0
124900946,0,0,0,0,0,0,0,0
106480790,0,1,0,0,1,1,0,0
25992,0,1,3,2,1,1,0,1
105369774,0,1,0,0,1,0,1,0
105378776,0,0,0,0,0,0,0,0
100420927,0,4,0,1,0,2,1,0
101927559,0,0,2,1,0,0,0,4
3433,0,1,24,19,18,1,0,2
124909455,0,1,0,1,0,0,0,0
23630,0,0,0,0,1,1,0,0
106480792,0,1,0,0,1,0,1,0
107987371,0,1,0,0,0,0,0,0
124904283,0,1,0,0,1,2,0,0
124904636,0,0,0,0,1,0,0,0
100129398,0,2,0,0,0,2,4,2
53630,0,0,0,0,0,0,0,2
105373180,0,1,0,0,0,0,0,0
100124533,0,3,0,0,0,0,2,0
128266837,0,1,1,1,0,0,1,0
106481645,0,1,0,1,0,1,1,1
102723854,0,0,0,0,1,0,0,0
100421868,0,0,0,1,0,0,0,1
102465520,0,1,0,0,0,0,0,0
124904215,0,1,0,1,0,0,0,1
198437,0,1,1,2,2,3,3,1
645202,0,1,0,1,0,0,0,0
100271399,0,1,0,1,0,0,0,0
57705,0,1,0,1,1,0,0,0
105375740,0,3,1,0,1,2,2,1
26539,0,1,0,0,0,0,0,0
105371864,0,1,0,1,0,1,0,0
107075097,0,2,0,1,1,1,2,1
100421620,0,1,3,0,3,4,0,0
85479,0,0,0,0,0,0,0,0
109729141,0,6,9,4,6,9,2,8
100189418,0,1,0,0,0,0,0,0
101930010,0,1,4,1,1,3,1,3
105376483,0,1,0,0,0,0,0,1
124901378,0,1,0,0,1,1,0,0
2886,0,1,2,3,3,0,1,2
124904138,0,2,0,0,0,1,0,0
107985207,0,1,0,0,0,0,1,0
645311,0,1,0,0,0,0,1,0
4570,0,2,2,2,3,2,1,4
105375118,0,0,0,1,0,0,0,0
729945,0,1,0,1,0,0,0,0
124903361,0,0,0,0,0,0,0,0
105375919,0,1,0,0,0,0,0,0
103091865,0,1,0,3,0,1,1,1
2300,0,0,0,0,1,0,0,1
100421468,0,1,1,1,1,1,0,1
100506736,0,2,0,0,1,0,0,1
392267,0,0,1,0,0,1,1,0
641467,0,1,1,1,2,1,2,0
105373044,0,1,0,0,1,0,0,1
107986736,0,1,0,0,0,0,0,0
124900228,0,0,0,0,0,0,0,0
105376972,0,1,0,0,0,1,1,0
91450,0,1,0,0,0,0,1,0
124904447,0,0,0,0,0,0,0,0
124900700,0,1,1,2,0,2,0,1
100507433,0,1,0,1,0,1,1,0
105379082,0,0,0,0,0,0,0,0
100189028,0,2,0,1,0,0,1,0
8831,0,1,0,0,0,0,0,1
114335,0,0,0,1,0,0,0,0
105375631,0,1,0,0,0,0,1,1
106479555,0,1,0,0,1,0,0,0
107986806,0,1,0,0,0,0,0,0
124904735,0,2,1,0,0,0,2,0
124903458,0,1,0,0,1,0,0,0
105377009,0,1,0,0,0,0,0,0
100135063,0,2,1,2,1,0,0,2
100874402,0,1,0,1,0,0,0,1
101927963,0,1,6,4,0,0,1,1
401190,0,1,0,0,0,0,0,0
124900214,0,1,0,0,0,2,0,0
80863,0,0,1,1,0,1,2,0
107985811,0,1,0,0,0,0,0,0
6678,0,2,10,18,16,2,1,1
100420067,0,1,0,2,1,0,2,0
101928673,0,1,1,4,5,1,1,4
102724158,0,3,1,3,0,0,0,1
285296,0,1,0,0,1,1,0,1
107986832,0,2,2,0,1,0,1,4
137872,0,1,0,0,0,0,0,0
79083,0,1,0,0,0,0,0,0
388662,0,1,0,1,2,0,1,0
124901969,0,1,0,1,0,3,1,3
54437,0,1,1,2,1,2,4,6
729648,0,1,0,0,0,0,0,0
7352,0,1,0,0,0,0,0,0
105369575,0,1,0,0,0,0,0,0
151835,0,1,2,2,1,2,3,1
100271626,0,2,6,1,6,4,3,4
102723099,0,1,1,2,1,2,1,2
391387,0,1,1,0,0,0,1,1
101929234,0,2,0,0,0,0,2,1
7712,0,1,0,0,0,0,0,2
105379132,0,1,1,1,1,0,0,1
124904803,0,1,1,2,0,1,1,2
2620,0,1,2,1,1,1,1,2
728619,0,1,0,0,1,0,0,0
285456,0,0,1,1,0,0,0,0
391670,0,2,2,0,1,2,3,3
646362,0,1,3,3,1,0,1,0
124902363,0,1,0,1,0,1,0,0
649446,0,1,1,0,0,2,1,0
100421517,0,2,0,1,0,0,1,0
124903154,0,2,1,1,1,0,0,1
124902637,0,1,1,2,0,0,1,1
338069,0,0,0,0,0,2,0,1
100133957,0,1,1,0,1,0,1,1
105372602,0,1,0,0,0,0,0,0
100147830,0,1,0,0,0,0,0,0
101929107,0,0,0,1,0,0,0,0
729779,0,1,1,1,2,0,1,1
200159,0,1,0,0,0,0,0,0
100996349,0,1,1,0,1,1,1,0
124902230,0,1,0,0,0,0,0,0
100132057,0,3,3,1,2,3,1,3
124900685,0,0,0,0,0,0,0,0
3563,0,1,0,0,0,0,0,1
10692,0,1,0,0,0,0,0,0
124900841,0,1,0,1,1,1,2,1
3957,0,1,0,0,0,0,0,0
100533682,0,1,0,0,0,0,0,1
112268423,0,1,0,0,0,0,0,0
105375522,0,1,0,0,0,0,0,0
124904818,0,0,0,0,0,0,0,0
1775,0,2,0,0,0,2,0,0
6690,0,1,0,1,0,0,0,0
100128103,0,1,0,0,0,0,2,0
124903730,0,1,1,2,2,0,2,1
8911,0,1,0,1,0,0,0,0
124901278,0,2,1,0,0,0,1,1
105372232,0,0,0,0,0,0,0,1
107986447,0,1,1,0,0,2,0,0
85443,0,2,0,0,0,1,1,0
124905538,0,1,0,0,0,0,0,0
100507487,0,3,0,0,0,0,1,1
650172,0,1,2,0,3,0,0,0
124907875,0,2,1,0,1,1,0,0
57468,0,1,1,4,1,1,1,0
113730,0,1,0,0,0,0,0,0
105375992,0,1,3,2,1,0,0,0
102725254,0,1,0,1,0,2,3,1
2253,0,0,0,0,0,0,0,0
105416157,0,1,0,3,4,1,4,0
1145,0,1,0,0,0,0,0,2
105378653,0,1,1,3,1,2,0,0
400403,0,0,0,0,0,0,0,0
124902655,0,1,0,0,0,0,0,1
29992,0,1,0,0,0,0,1,1
124901339,0,1,0,1,0,0,0,1
100113389,0,0,0,0,3,1,0,1
100996379,0,0,0,0,0,0,0,0
1950,0,2,0,1,0,1,1,0
768206,0,0,0,0,0,0,0,0
101929229,0,1,1,1,0,0,0,0
645453,0,2,1,0,0,1,1,1
102724940,0,1,0,0,0,0,0,1
105370041,0,0,0,0,0,0,0,1
284346,0,1,1,0,1,0,0,0
23526,0,1,2,1,1,2,0,1
693158,0,0,0,0,0,0,0,0
100630919,0,1,0,0,0,0,0,0
120224,0,1,0,0,0,0,0,0
102724843,0,1,0,0,1,0,0,0
2323,0,1,7,2,8,2,3,3
124902084,0,1,0,0,0,0,0,0
3684,0,0,0,0,0,0,0,0
646658,0,1,0,2,1,0,0,0
619448,0,2,1,2,2,2,2,5
387316,0,1,0,0,0,0,0,0
100009606,0,2,0,0,0,0,0,0
101927454,0,0,0,0,0,0,0,0
643355,0,1,3,5,4,1,0,0
100507530,0,1,1,0,1,2,0,1
107986478,0,1,1,1,0,0,0,1
105376956,0,0,0,0,0,0,0,0
104266958,0,0,0,0,0,0,0,0
105376601,0,1,1,1,0,1,4,2
199,0,2,1,0,4,0,1,0
101929626,0,1,1,1,1,0,1,0
101930749,0,1,0,0,0,0,0,0
124901271,0,1,0,0,0,0,0,0
79992,0,2,1,4,1,1,0,2
101928053,0,1,1,1,0,0,0,0
574029,0,1,0,2,0,1,4,3
101927188,0,0,0,0,1,0,0,0
442920,0,1,0,0,0,0,0,0
645740,0,3,3,4,2,2,1,2
400456,0,1,2,1,0,0,1,1
5239,0,1,3,3,3,3,1,2
106481843,0,0,0,0,0,0,0,0
10361,0,1,0,1,0,0,1,0
100271325,0,1,0,0,0,0,0,0
112268113,0,4,9,6,9,9,4,7
147525,0,2,2,2,6,4,6,3
644903,0,1,1,0,0,1,1,0
92565,0,0,1,1,0,0,0,0
124902480,0,1,0,0,0,0,0,0
53905,0,1,0,0,1,0,0,0
105370503,0,0,0,0,0,0,0,0
101929203,0,1,1,0,0,0,0,0
106479630,0,1,0,0,0,0,0,0
101927018,0,1,0,0,0,0,0,0
107985502,0,1,0,1,0,0,0,0
124905296,0,1,0,0,0,0,0,0
105376388,0,1,0,0,0,0,0,0
107984475,0,1,0,0,0,1,0,0
285512,0,1,0,2,0,0,0,1
107986522,0,0,0,2,0,0,0,1
100189323,0,4,0,0,0,1,0,1
107986919,0,1,0,0,0,0,0,0
10903,0,2,0,0,0,2,2,2
54097,0,2,1,1,1,0,1,1
105377155,0,1,0,0,0,0,0,0
100147746,0,1,0,0,0,0,0,0
645455,0,1,1,0,0,1,0,0
127545,0,1,1,0,0,0,1,2
124907740,0,0,0,0,0,0,0,0
100506409,0,2,1,1,1,1,1,0
544,0,0,0,0,0,0,1,0
646218,0,1,0,0,0,0,0,0
1427,0,1,2,0,0,2,4,3
100287284,0,1,0,0,0,0,0,1
644192,0,3,4,7,4,8,1,4
100505996,0,1,5,8,3,1,2,3
107986018,2,4,4,3,0,4,0,3
10022,0,0,0,0,0,0,0,0
124903537,0,1,1,1,0,1,1,0
112267936,2,2,2,0,1,1,2,3
692088,3,6,3,1,3,5,8,3
124905176,0,0,1,1,0,0,0,0
79041,12,8,10,9,10,14,8,8
102724566,7,13,13,12,13,8,15,14
128966559,4,1,2,3,3,3,1,2
124907991,1,1,0,0,0,0,0,0
1955,8,6,6,6,8,12,12,13
100462800,0,1,0,0,0,0,0,0
100873859,5,8,10,4,5,7,6,4
123970,0,0,0,0,0,0,0,0
161635,0,4,0,1,3,1,0,2
341019,2,4,0,0,0,0,2,0
100271372,25,17,17,11,9,13,15,9
123706509,10,24,13,10,5,14,19,13
105370360,0,0,0,0,0,0,0,0
145474,0,0,0,0,0,0,1,0
128709,4,7,4,8,6,8,10,7
100287272,4,4,7,5,7,8,8,1
404551,10,7,4,1,9,8,7,6
650669,0,0,0,0,0,0,0,0
23435,362,456,310,269,344,377,329,360
124904430,0,0,0,0,0,0,0,0
9747,195,232,300,291,419,337,282,367
201259,12,11,8,19,6,9,11,13
23650,0,0,0,1,0,0,0,0
374650,4,5,13,7,11,7,9,12
124904768,0,0,0,0,0,0,0,0
101060391,4,2,6,3,6,4,1,4
107986496,1,1,0,3,0,0,2,1
105377803,0,0,0,0,0,0,0,0
6477,20,25,16,13,16,17,23,19
340542,1,4,1,0,0,0,4,1
864,20,28,19,20,25,20,31,30
124902435,0,0,0,0,1,0,0,0
9582,2,4,1,1,2,1,5,3
135295,21,26,46,53,55,41,37,30
9112,94,116,84,103,111,126,126,106
27348,25,21,9,17,17,18,19,16
55894,0,0,0,0,0,0,0,1
105369921,0,0,0,0,0,0,0,1
124904824,0,1,0,0,0,0,0,0
128553,15,17,43,44,46,20,25,26
10536,24,19,28,17,17,25,23,27
101930420,1,0,1,1,1,0,1,1
83590,33,41,52,46,55,45,45,48
85389,0,0,4,3,0,0,1,6
100271918,7,9,1,5,2,3,8,5
124602,0,0,0,0,0,0,0,0
4502,371,456,414,408,538,446,396,465
677774,2,2,0,0,1,1,4,1
57455,11,20,12,7,13,13,12,11
649299,12,6,9,8,15,18,10,10
285359,11,10,11,9,14,10,11,9
91947,23,11,44,33,47,36,46,30
8527,34,38,48,42,52,36,35,47
649620,4,4,2,3,4,4,2,3
124904391,4,3,1,1,1,2,2,2
7116,5,4,1,3,2,3,3,2
105377485,1,0,0,1,1,0,1,0
162394,6,10,32,27,28,14,21,26
56849,9,11,7,4,9,13,15,9
57648,8,18,20,29,34,35,26,33
100508120,1,0,0,2,2,1,2,0
90139,4,5,13,17,14,3,12,13
100287880,0,1,0,0,0,1,0,1
100131828,8,10,16,20,14,24,6,11
55852,14,25,8,18,14,15,20,19
283693,0,1,1,1,0,2,0,0
197335,13,6,20,10,3,11,13,17
55030,28,20,18,17,24,20,20,19
51343,20,25,16,13,23,17,10,15
102724449,10,10,6,10,7,4,11,7
107986555,0,0,0,0,0,0,0,0
10982,155,183,78,90,97,80,84,74
1748,10,6,21,23,16,18,8,23
27349,53,50,24,22,38,37,33,36
84986,41,28,48,52,45,40,37,51
3718,2,0,3,6,0,4,2,4
645166,6,7,3,3,1,4,0,2
124901361,0,0,0,1,0,1,0,0
105373835,4,3,1,1,0,2,0,0
4232,44,41,10,17,4,8,14,12
107985728,2,3,0,1,2,1,0,0
79154,11,10,26,8,28,18,21,23
107105271,1,3,0,1,2,6,0,0
2202,12,14,10,10,25,11,8,12
100505855,2,1,0,2,1,1,0,1
107105263,0,1,0,0,3,1,0,1
285638,0,0,0,0,0,1,0,0
151760,0,0,0,0,2,0,1,0
117981787,9,5,5,6,4,2,4,8
3363,0,1,2,0,0,1,0,2
200879,1,3,0,4,5,6,4,3
79684,5,6,1,0,2,7,1,8
100421528,13,18,14,20,14,15,19,10
124900881,0,0,0,0,1,0,0,0
3790,7,9,10,6,13,9,7,5
343990,3,2,5,2,4,6,2,3
9625,5,7,13,11,18,19,16,15
23616,2,3,4,9,15,10,11,10
8916,9,2,15,12,9,11,24,10
171417,15,15,14,11,8,18,13,18
10485,8,13,10,3,14,8,8,13
106480255,33,28,20,17,17,25,30,22
1351,1123,1293,1029,978,1210,1257,1088,1287
25829,60,48,29,22,18,25,32,26
51478,14,22,12,8,17,16,18,14
105374291,0,0,0,0,0,0,0,0
728005,2,2,1,3,3,2,2,9
114826,11,17,12,15,16,16,12,19
5197,1,6,2,1,1,3,0,2
129880,15,18,25,15,25,17,14,21
8294,1,0,0,0,0,0,0,0
5195,38,42,31,34,46,40,30,48
641451,4,3,1,0,0,0,5,2
124905237,0,0,0,0,0,0,0,0
729857,11,5,4,3,8,5,8,2
51366,84,73,83,83,79,87,82,92
100189238,1,0,0,0,1,0,0,0
346085,4,3,3,2,2,6,5,3
101927039,3,1,0,0,2,1,0,0
80012,22,18,30,14,14,17,22,22
3655,25,25,33,36,48,38,33,47
5797,7,11,15,17,16,8,11,11
107987008,0,0,0,0,1,1,0,0
127707,2,3,0,0,1,2,0,1
63928,0,1,1,0,1,1,0,1
7318,1,0,0,0,1,0,0,0
100507401,7,6,4,5,8,8,5,7
646316,11,10,7,7,10,9,6,15
677847,0,0,0,0,0,0,0,0
650788,2530,2891,2581,2364,2977,2836,2519,2956
112268342,1,1,2,0,0,0,2,1
124904867,0,0,0,0,0,0,0,0
80024,4,6,8,8,10,7,5,18
124904414,1,0,0,0,0,0,0,0
6456,14,21,9,10,15,17,11,17
3038,4,1,0,1,2,1,3,1
101101775,0,0,0,0,0,1,0,0
146923,22,31,18,14,20,20,21,15
6942,95,88,59,78,50,52,66,57
124901511,2,2,0,2,3,2,2,0
57111,1,0,0,1,0,0,0,1
10855,4,6,5,5,1,5,9,3
147650,6,6,9,4,6,4,12,13
9899,0,0,0,0,0,1,0,0
107986774,6,7,3,2,3,3,5,4
124903481,0,0,0,0,0,0,0,1
124900706,17,13,6,4,9,14,4,11
10734,4,1,2,2,1,2,0,2
493860,1,1,1,2,3,2,2,0
9875,31,31,35,25,36,31,22,27
55324,25,24,14,10,19,26,13,18
346116,0,1,0,0,0,0,0,0
11083,60,61,49,46,50,46,50,68
100129554,1,1,0,0,0,0,0,0
677681,1,2,1,2,3,3,1,1
124906103,8,9,9,4,3,7,5,6
283314,0,0,0,0,0,0,0,1
100288929,3,0,0,2,2,2,1,0
5434,730,814,607,588,812,607,585,730
124903553,22,37,13,8,19,19,18,15
124904427,1,0,1,0,1,0,0,0
57217,4,5,10,13,4,9,6,4
124906247,1,1,0,0,0,0,0,0
55182,40,49,36,37,44,42,54,40
309,96,75,99,116,127,85,93,109
4311,2,0,8,3,7,10,7,6
54494,14,23,15,24,23,25,16,19
3573,3,1,0,5,1,3,0,1
105375045,0,0,0,0,0,0,0,0
711,1,0,0,0,0,1,1,0
105374369,1,1,0,1,0,3,2,0
147912,15,10,18,18,25,16,14,23
54785,15,20,9,10,12,14,14,11
101927621,21,32,12,24,24,36,41,37
5816,1,0,1,0,3,1,2,0
83902,0,1,0,1,0,0,0,0
105370774,1,0,0,0,0,2,3,1
283948,1,0,2,0,0,1,1,2
109623473,0,0,0,0,0,0,0,0
26813,4,5,4,3,9,14,8,12
2063,109,111,94,72,132,94,113,104
116983,5,4,9,10,9,10,12,15
127814295,13,12,8,7,5,13,8,6
163059,12,11,3,4,11,6,8,6
107984780,0,0,0,0,0,0,0,0
100505621,0,0,0,0,0,0,0,1
53353,2,2,6,4,2,3,5,4
79020,33,27,9,18,21,28,26,22
100289561,4,3,3,3,3,3,1,1
80243,5,6,6,5,7,4,5,5
11270,28,57,53,74,85,80,62,60
56624,21,14,6,5,5,8,8,10
146760,0,1,9,1,4,5,3,0
106479356,0,1,0,0,0,1,0,0
105374723,1,1,2,2,0,0,1,0
286133,5,4,11,7,15,6,21,6
53904,16,13,5,4,11,11,13,7
100862664,0,0,0,0,0,0,0,0
105372323,0,0,0,0,0,0,1,0
10755,52,57,51,39,45,49,63,44
79668,31,32,19,25,29,26,31,33
124903339,1,0,0,0,0,0,1,0
105374167,1,0,0,0,0,0,0,0
1262,0,0,0,0,0,0,0,0
100505483,9,11,21,20,17,20,22,20
105374546,4,5,6,4,3,7,4,6
1445,52,39,61,51,55,53,66,57
339966,0,0,0,0,0,0,0,1
10965,40,40,64,49,59,40,54,51
100506428,5,3,6,7,3,3,3,8
2747,5,3,2,2,1,2,4,3
9306,27,25,16,14,21,14,19,17
1838,16,25,30,31,23,18,22,27
403,260,274,205,208,252,251,277,253
124903348,6,7,7,5,3,2,7,2
401398,8,10,4,4,3,7,4,6
55192,40,47,30,27,47,55,42,64
6184,422,480,236,256,297,304,292,299
124901838,3,7,1,2,3,5,6,2
55669,77,72,43,31,34,47,55,33
10005,72,89,72,73,75,65,52,59
102724642,14,10,11,10,6,11,10,11
8867,13,7,13,10,16,8,11,14
124903998,0,1,0,0,2,0,0,0
124904615,0,0,0,0,0,0,0,0
101926962,1,0,0,0,0,0,0,0
105372709,0,1,0,0,0,1,0,2
38,286,316,274,271,313,257,263,291
57558,0,1,1,3,1,0,2,1
124900755,0,0,0,0,0,0,0,0
125704,1,0,1,0,0,0,1,2
57608,27,23,33,31,34,15,20,23
107987082,53,38,45,44,45,51,47,36
392497,45,43,27,23,21,46,35,32
146691,21,15,15,11,16,11,15,18
100422979,0,0,0,0,0,0,0,0
54941,17,13,13,13,20,20,24,19
26783,1,0,0,0,0,0,0,1
92312,32,40,46,38,54,39,39,49
728492,128,154,96,72,110,107,114,117
90871,449,522,315,289,333,359,288,348
645078,0,0,0,0,0,1,0,0
653082,2,3,4,11,12,3,5,7
3232,5,3,3,7,7,3,3,6
3382,8,8,5,10,19,12,15,21
126410,1,1,2,0,0,0,1,0
105375587,0,0,0,0,0,0,0,0
128266841,1,2,2,1,1,0,1,0
105377294,0,1,0,0,0,1,1,0
10455,257,315,257,262,293,339,295,363
105373554,0,0,0,0,0,0,0,0
65991,140,170,110,100,107,114,93,109
23786,79,87,58,40,72,56,51,87
6923,2255,2429,2156,2038,2433,2074,1914,2141
2530,41,42,27,24,20,20,32,30
7732,1,0,0,1,1,0,0,0
322,33,32,56,41,68,46,51,56
124901772,0,0,0,0,0,0,0,0
100287551,686,780,119,109,165,170,163,171
4053,3,0,0,4,1,2,0,1
7832,25,45,57,45,74,43,39,47
3352,3,2,2,3,1,2,4,5
729374,18,22,16,18,11,18,17,13
389860,1,1,0,0,1,0,1,0
100131733,1,0,0,0,0,0,0,0
102723885,1,2,1,0,0,0,0,1
79055,5,5,5,3,1,8,4,1
402146,8,4,1,1,1,4,3,5
105375503,0,0,0,0,0,0,0,0
56965,28,32,26,16,28,30,24,28
57037,28,41,36,23,51,52,30,42
391282,16,13,12,9,10,16,17,10
3385,11,9,16,10,12,15,21,13
200186,15,20,14,14,15,21,24,17
101927957,2,4,2,0,5,3,2,1
100289178,4,1,0,1,2,0,2,0
107986606,0,0,0,0,0,0,0,1
91851,0,0,1,1,0,2,0,0
26577,37,47,24,19,31,29,33,44
55176,28,30,27,27,27,44,40,47
105373383,15,14,13,13,22,20,20,17
120364,1,1,1,2,0,3,1,1
643182,0,0,0,0,2,1,0,1
124902694,1,1,0,0,1,0,1,0
286042,3,7,5,3,4,5,6,5
653483,1,1,9,7,5,8,5,5
124903953,0,1,0,0,1,0,0,1
80196,110,119,58,56,71,67,72,69
643563,1,3,1,2,0,1,0,2
23304,59,58,39,34,51,51,49,62
388,76,76,252,376,268,44,74,45
26154,1,0,0,1,1,0,1,0
389541,504,603,452,400,439,489,397,527
29886,28,26,14,16,12,14,22,15
124904156,0,0,1,0,0,0,0,0
285,0,2,0,2,0,1,1,1
161835,3,7,2,3,6,4,3,6
196410,7,2,1,4,5,4,3,7
130507,32,39,41,19,34,22,30,31
636,35,40,31,34,35,39,36,35
26870,1,3,2,4,4,4,3,6
1435,4,8,2,4,8,7,4,3
55827,99,130,52,44,64,67,77,63
63920,14,10,4,3,7,17,8,11
107984034,0,1,0,0,1,0,0,1
55039,14,14,9,8,8,21,11,15
83548,38,42,23,18,21,29,19,39
91137,84,86,42,33,46,62,59,68
54543,1473,1704,1389,1346,1595,1547,1326,1555
124904006,634,557,262,380,76,215,252,199
84440,18,13,28,16,29,23,21,20
107985614,5,8,0,0,0,0,4,2
5093,239,263,289,247,322,259,272,244
341333,0,0,0,0,0,0,0,0
9748,844,720,430,340,479,452,399,466
84503,23,21,13,14,15,14,14,10
6670,48,53,42,47,46,40,52,45
94239,771,921,687,725,861,852,740,843
60487,163,157,217,205,231,155,128,186
29115,188,219,123,140,179,153,163,151
4946,3153,3604,2554,2455,3122,3223,2914,3290
105371601,0,0,0,1,0,0,0,0
30850,50,42,44,41,51,44,35,44
442221,0,0,0,0,0,0,0,0
653121,25,30,48,42,71,46,43,48
654370,6,7,5,6,11,5,6,5
101927896,0,1,2,0,0,0,0,1
7084,23,33,5,9,5,13,11,17
548313,0,0,0,0,0,0,0,0
6241,497,534,595,562,593,369,351,437
100130207,0,0,0,0,0,0,0,0
84240,146,146,116,96,126,129,126,121
23019,172,167,146,152,173,166,196,186
10417,2,1,2,2,4,1,4,3
147,0,0,1,0,0,0,0,0
51428,87,90,63,76,84,53,83,99
23478,359,439,270,266,286,334,329,339
124906163,0,0,0,0,0,0,1,0
79947,55,62,33,34,37,35,33,45
124903630,2,0,0,2,1,0,0,2
100874093,1,0,0,0,0,0,0,0
11128,113,109,79,64,74,67,74,94
5827,85,117,94,98,113,104,101,97
107986858,1,0,0,0,0,1,0,0
83443,863,1029,645,618,846,714,678,737
127138861,1,0,1,1,0,0,0,0
1852,3,9,26,19,17,10,17,11
9270,131,130,82,78,107,98,97,138
10724,151,137,101,102,115,100,126,148
647034,320,378,266,248,220,312,255,308
441550,1217,1389,1223,1123,1323,1173,1051,1223
105371416,14,11,2,2,2,2,3,3
5116,212,213,189,117,172,150,168,193
550631,5,13,6,4,4,7,4,6
10054,389,352,348,340,380,372,444,387
729665,0,0,1,0,2,1,3,0
100852410,3,3,0,2,3,2,4,1
1471,282,302,364,294,381,277,287,316
100422872,1224,1309,1372,1320,1565,1202,1139,1267
144501,0,1,0,0,1,0,0,1
10970,186,213,188,144,220,188,204,199
401492,0,0,0,0,0,0,0,0
100129028,4153,4737,3859,3780,4410,3858,3590,4309
728553,1852,2174,1776,1701,2027,2044,1809,2136
124902266,1,0,0,0,0,0,0,0
56949,2,3,1,2,3,2,2,1
124905320,0,0,0,0,0,0,0,0
2597,5938,6232,6705,6718,7753,6526,6054,6944
6925,201,176,98,115,125,136,143,146
199745,10,12,4,1,6,4,4,3
677831,18,21,8,12,12,13,23,23
85451,101,93,57,62,79,69,75,68
440026,60,70,45,47,55,60,56,62
23540,0,1,0,0,1,0,1,0
10632,1451,1542,1264,1166,1405,1579,1368,1506
7531,4122,4357,2799,3084,3014,3279,2825,3568
339145,0,0,0,0,0,0,0,1
105376301,1,0,0,0,0,0,1,0
26519,296,289,177,170,223,205,199,190
284415,0,0,0,0,0,1,0,0
9929,46,38,40,30,52,47,56,43
547,177,189,303,252,257,225,226,225
107987269,1,0,0,0,0,0,0,0
55145,58,83,26,32,26,24,35,45
162972,33,31,23,13,30,19,19,16
203274,2,1,1,0,1,4,2,3
221946,0,0,0,0,0,0,0,0
651,15,13,8,8,10,14,6,16
2683,71,80,62,70,45,49,64,77
10197,326,406,180,173,235,244,229,232
124902877,0,0,0,0,0,0,0,0
100271509,159,150,140,135,140,177,136,125
124905575,0,0,0,0,0,0,0,0
100137047,13,9,10,6,11,5,6,9
6741,1282,1394,907,955,1243,999,925,1006
100189360,0,0,0,0,0,0,0,0
100419187,1,0,0,0,1,0,0,0
103344932,0,0,0,0,0,0,0,0
6202,9776,10582,9398,8668,10368,10519,8879,10671
79917,5,13,1,8,18,8,9,6
646108,24,28,27,13,20,17,27,22
54407,217,267,224,243,223,302,302,332
54815,139,147,62,56,62,63,74,99
389658,1,4,11,7,12,6,1,5
124565,21,22,9,21,9,23,18,19
26258,232,248,218,176,220,226,178,228
93474,7,2,1,1,2,4,3,1
100873946,0,0,0,0,0,0,0,0
6915,9,5,5,9,0,2,4,1
7329,601,702,527,484,627,479,471,530
90480,1570,1677,1079,1051,1442,1190,971,1158
105373106,0,0,0,0,0,0,0,0
80762,120,163,105,71,128,118,148,132
23092,26,11,17,7,15,11,18,16
105369308,0,0,1,2,2,0,1,1
63893,86,87,70,64,57,65,84,76
55055,219,257,124,130,170,193,158,177
10634,2,2,1,3,6,4,5,5
23046,1,0,0,1,2,1,4,3
7025,68,101,52,65,85,82,91,59
5588,10,12,10,7,9,11,18,13
112267871,2,0,2,0,0,0,0,0
10518,16,15,11,12,16,10,5,10
283471,0,0,0,0,0,0,0,0
100506963,22,26,19,11,20,25,19,18
7150,701,701,442,368,411,445,455,476
5978,120,128,116,80,126,100,117,114
645266,28,38,13,22,17,15,28,28
113157,366,414,316,276,317,362,308,315
646023,0,0,0,0,0,0,0,0
100048912,6,5,9,11,15,8,5,11
124906082,0,3,3,1,0,0,1,1
23212,192,230,74,81,102,93,77,90
284116,0,0,0,0,0,0,0,0
2314,224,296,343,228,334,293,346,358
974,0,0,0,0,0,0,0,0
102723775,15,14,21,24,22,23,22,28
338645,0,0,0,0,0,0,0,0
100270967,0,1,1,1,0,0,0,0
124901408,0,0,0,0,0,0,0,0
124901215,1,0,0,0,0,0,0,0
55191,20,19,13,13,15,13,21,22
9774,1826,1626,813,705,942,930,856,1014
401638,1,0,0,0,0,0,1,2
57573,5,7,7,10,4,6,6,5
342918,43,53,34,33,46,52,44,62
25797,67,64,53,48,63,54,64,63
54020,11,7,4,4,5,7,8,8
643008,0,0,0,0,0,0,0,0
8853,19,17,18,15,22,24,24,32
10580,15,14,14,13,13,7,13,11
51119,253,260,108,122,179,149,153,167
100507634,3,1,0,1,1,2,1,3
124903279,0,0,0,0,0,0,0,0
4329,111,104,81,90,75,98,81,96
55527,289,319,97,121,74,129,118,118
474343,21,31,9,12,20,8,22,11
124904642,0,0,0,0,0,0,0,0
123706540,3,2,9,9,12,5,5,13
317753,19,11,6,8,7,10,13,9
5690,816,890,649,525,772,734,689,810
84467,0,0,0,0,0,1,0,0
124905598,0,0,1,0,1,0,0,1
1272,18,19,29,28,28,18,20,23
7172,58,49,50,38,51,61,47,68
1831,349,432,1112,1118,1286,895,873,1076
100132992,70,90,90,78,99,86,94,93
644096,47,48,38,56,73,37,67,52
257415,134,155,95,61,102,96,91,76
55130,10,13,12,13,18,20,16,26
9182,2,5,2,7,4,5,1,0
124900269,0,0,0,0,0,0,0,0
100189092,3,0,0,0,0,1,2,1
2703,0,0,0,0,0,0,0,0
55683,67,63,64,52,61,47,36,50
23160,641,623,299,285,382,356,360,407
4010,12,14,6,8,12,9,14,9
5802,187,187,163,155,83,89,109,131
100130238,0,0,0,0,1,0,0,0
5598,4,10,6,2,4,5,5,5
100134317,1,0,0,0,0,0,0,0
1845,93,92,63,46,67,72,74,64
79095,95,120,100,101,107,120,101,117
83937,1,0,5,1,3,6,3,1
10492,1037,1095,697,595,758,788,785,795
122060,38,43,25,18,29,22,35,26
100419583,13,6,5,6,10,9,5,7
23615,6,3,3,1,0,2,3,5
28973,1152,1193,932,878,1049,945,869,1076
3231,4,3,1,4,1,3,0,5
7812,1289,1334,1017,961,1074,1090,1119,1175
57674,80,66,127,83,95,115,104,135
5178,0,0,0,0,0,0,0,0
6598,182,219,115,104,143,115,113,139
63925,19,25,18,9,14,14,16,15
641648,1,2,1,0,2,2,4,6
100189001,1,0,0,0,0,0,1,0
100189324,1,0,0,0,0,0,0,0
254559,0,0,0,0,0,0,1,0
138241,34,32,42,17,38,26,35,33
359762,0,2,1,0,0,0,0,0
84303,122,146,91,99,123,71,73,85
1762,20,11,11,5,16,12,14,8
3394,8,8,10,1,8,7,9,3
4676,449,423,199,192,230,266,242,250
107985635,0,0,0,0,0,0,0,0
144110,1,0,2,1,2,1,3,2
6001,145,115,158,159,208,208,147,194
8935,139,159,151,148,153,165,139,170
644877,239,248,149,166,218,193,205,195
3730,17,10,15,28,16,17,22,19
100132940,0,0,0,0,1,0,0,0
100130581,1,1,1,2,1,0,0,2
6059,254,291,161,141,199,205,192,229
124903323,0,0,0,0,0,0,0,0
353274,23,23,24,21,23,27,27,23
9391,199,226,189,184,222,146,169,187
124974,23,26,24,21,22,23,20,19
6170,6946,7360,6590,6057,7345,7042,5834,7354
11119,2,6,11,8,10,15,15,15
85235,39,34,12,6,10,31,37,21
100128963,64,85,59,75,74,87,79,78
124901369,1,0,1,0,0,0,0,0
83986,95,103,71,82,102,93,98,94
8824,99,117,40,45,49,63,78,59
107984421,1,1,1,0,0,1,0,1
648294,2550,2807,2370,2346,2832,2476,2190,2633
105374968,3,3,0,0,1,0,0,1
115207,109,90,200,157,213,175,198,164
5691,914,1063,748,776,891,873,881,972
80776,32,47,27,19,21,28,18,26
79590,407,528,296,267,382,358,310,370
64689,19,16,8,11,14,11,15,17
708,2916,3242,2209,2072,2569,2548,2466,2814
100131759,68,80,51,51,67,62,52,63
3831,79,74,71,46,77,68,83,91
646192,137,174,87,106,84,124,122,105
4047,67,68,76,60,90,55,53,71
153090,3,4,14,11,13,11,6,9
2290,32,20,21,11,26,14,28,21
6124,4069,4465,3664,3725,4487,3770,3300,4095
646588,1,0,0,0,0,0,1,0
84272,154,170,108,87,117,104,96,127
7388,2992,3282,2444,2244,2801,3017,2690,3110
28998,359,424,284,238,302,348,306,371
7385,410,446,405,415,536,440,410,478
83723,1,3,0,0,0,2,1,0
55206,356,345,227,218,232,233,229,256
124906018,0,1,0,0,0,1,0,1
55749,801,883,395,299,400,405,404,434
55177,97,65,56,43,55,81,67,73
101929357,1,5,5,3,0,0,0,3
9517,90,124,88,70,89,85,70,82
8623,44,68,45,36,50,28,34,40
130827,6,9,5,5,7,4,2,2
81892,1928,2212,1289,1107,1476,1671,1409,1670
79109,68,57,45,35,44,47,53,63
3298,71,72,65,67,91,69,53,85
23397,112,135,110,111,141,113,121,134
1388,13,14,7,6,11,8,9,20
3704,277,262,99,105,134,165,173,173
7012,21,23,11,11,16,22,19,25
112268330,0,0,0,0,0,0,0,0
84881,54,59,47,50,60,59,49,61
79791,16,14,12,11,14,10,13,29
132989,1,2,0,0,0,2,1,2
100130459,0,0,0,0,1,0,0,0
6540,0,1,0,0,0,0,0,1
124902871,2,0,9,1,4,2,1,2
3783,0,0,0,0,0,2,0,0
124900770,0,0,0,0,0,0,0,0
387103,462,568,342,323,442,354,270,393
80198,57,55,31,30,44,54,55,35
728519,3,5,3,1,0,1,2,4
124901447,0,0,0,0,0,0,0,0
644068,976,1024,846,757,840,1008,911,982
2258,111,134,99,126,75,65,68,75
101927868,0,0,0,1,0,0,0,0
4176,944,1006,630,592,718,779,739,817
637,328,386,292,287,356,334,247,304
150197,2,1,2,1,1,7,1,5
80060,10,6,4,6,8,3,7,3
80150,124,164,117,111,168,117,116,154
3895,566,562,518,484,593,556,525,562
5501,270,255,217,182,301,270,294,278
79969,18,18,16,17,24,17,28,24
4927,113,152,90,100,96,115,100,130
9069,27,27,21,22,16,28,21,32
124901044,0,0,1,0,0,0,0,0
84287,66,58,24,15,26,28,43,22
3483,0,1,0,0,1,0,0,0
6218,7946,8741,7214,6646,7986,7335,6384,7364
7341,515,555,434,404,522,384,360,409
56951,251,256,140,125,147,138,160,190
100616141,0,1,0,0,0,0,0,0
51002,294,315,174,130,155,162,123,152
219537,0,0,0,0,0,0,0,0
79102,100,130,68,70,90,62,57,79
112268251,0,1,3,1,1,0,0,2
124901229,1,0,1,0,1,0,0,0
693188,0,1,0,0,0,0,0,0
105371022,0,0,0,0,0,0,0,0
100270680,0,1,0,1,0,0,0,1
106480704,0,1,0,1,0,0,0,0
9818,98,97,40,34,75,69,64,72
102723481,0,0,0,0,0,0,0,1
10207,40,32,55,49,62,67,44,75
100128961,12,17,5,10,4,6,7,7
100129994,0,1,0,0,2,0,0,1
105375817,0,1,0,0,0,0,1,1
6668,22,27,19,18,19,20,17,30
661,94,75,57,67,92,69,74,86
100505942,2,4,4,2,4,5,6,3
106481733,0,0,0,0,0,0,0,0
1153,519,629,303,323,379,314,287,346
105370567,2,0,0,1,1,1,1,1
729075,1,1,0,1,0,3,0,1
101669764,0,0,0,0,0,0,0,0
23524,492,544,458,354,362,424,435,407
64146,2,0,0,0,0,0,1,1
124900628,0,0,1,0,0,0,0,0
127602,131,122,141,135,203,157,163,154
643201,0,0,0,0,0,1,0,2
24148,472,472,327,296,374,393,373,426
80034,10,10,16,17,18,9,11,14
6142,6178,6543,5633,5566,6567,6108,5313,6317
3749,5,4,11,5,12,5,8,9
105379057,2,1,4,3,6,1,2,5
105371824,0,0,0,0,0,0,1,0
6304,131,128,89,90,85,72,110,96
646710,374,410,356,342,384,401,319,421
131076,349,428,114,164,125,121,123,116
10370,18,39,71,60,53,37,38,31
2784,2,4,1,0,3,1,6,3
105374880,0,2,0,3,1,2,2,0
124901040,0,0,0,1,0,0,0,0
7090,497,512,372,427,329,273,320,337
26782,0,0,2,0,2,0,0,3
201254,569,629,459,453,596,598,507,646
622,0,0,0,0,0,0,0,0
100289509,3,0,4,1,0,1,1,1
23515,45,43,38,38,44,30,25,42
105370792,2,0,0,1,0,0,0,0
254773,1,0,2,1,0,1,2,1
80129,0,0,3,1,0,0,1,1
6168,6046,6800,7474,6691,8253,6645,5727,6687
4793,74,87,59,41,81,79,78,76
124900645,1,0,0,0,0,0,0,0
63901,32,17,13,11,12,16,11,21
27124,6,11,11,7,11,10,20,12
397,1,0,0,0,0,0,0,1
79692,64,47,41,46,41,46,34,45
100271350,4133,4929,3878,3444,4286,4513,4001,4558
85437,534,566,442,430,491,509,433,474
56995,89,96,60,85,70,55,55,60
4193,600,568,235,220,187,254,231,282
63906,25,24,12,14,11,16,14,15
644498,487,577,317,303,355,423,392,391
105375119,3,1,1,0,0,0,1,1
54842,13,13,17,26,29,30,27,29
84632,4,4,4,4,3,1,6,1
6227,5181,5775,5925,5010,6091,5666,4729,5771
9825,11,18,9,10,16,13,8,16
4802,148,185,89,69,102,75,93,88
2091,2210,2222,2026,1827,2353,2174,2122,2107
6676,1,3,5,3,3,1,7,4
54550,2,2,3,3,2,1,4,1
51497,194,251,167,132,180,168,155,183
124961,0,0,0,0,0,0,0,0
6846,2,2,1,1,0,1,0,4
4157,3,4,2,4,4,3,3,5
23521,2882,3594,3770,3888,4476,4654,4242,4601
26811,1,0,1,1,0,1,1,0
2086,10,11,9,12,14,14,17,15
51160,125,164,100,121,150,113,151,123
102723654,0,0,0,1,1,0,0,0
105374181,1,0,0,0,0,0,0,0
124900368,0,0,0,0,0,1,0,0
100288712,3,2,4,2,5,1,2,1
29906,1,1,1,1,1,4,0,0
79725,12,12,14,13,14,10,11,8
105375647,0,0,0,0,0,0,0,0
124905427,4,4,0,0,2,3,1,0
4723,278,289,230,252,286,245,223,276
124906252,1,2,0,0,0,0,2,1
3170,10,5,11,15,15,6,4,7
23310,245,209,167,130,197,211,207,215
9167,353,364,355,292,364,352,341,354
107986951,1,0,0,0,0,0,0,0
4601,49,55,105,115,140,84,114,89
84154,890,1075,684,650,856,703,543,679
3157,861,890,675,743,572,551,584,719
396,316,346,226,235,258,286,269,294
728239,5,7,2,2,1,3,2,9
85455,1,1,1,2,3,1,0,1
4736,3113,3720,3193,2965,3770,3740,3486,3632
51571,97,111,95,71,85,93,87,104
100126800,1127,989,199,187,223,707,513,433
27113,11,3,37,32,30,19,25,31
286144,13,19,11,20,23,27,21,33
105373615,0,0,0,0,0,0,0,0
23207,32,39,20,27,29,32,49,33
157570,149,185,71,57,71,110,85,114
349334,0,1,0,0,0,0,0,0
65018,84,84,65,71,66,67,105,100
541473,0,0,0,0,0,0,0,1
4646,209,207,224,207,235,244,203,216
220793,94,115,62,60,97,65,80,71
26505,33,28,31,25,28,29,34,37
6125,5286,6480,5226,4835,5711,6646,5168,6220
2563,5,1,13,8,9,2,0,3
102724830,1,0,2,1,3,3,1,0
93979,0,0,0,0,0,0,2,1
29937,345,423,344,317,361,390,359,380
10105,498,551,255,251,300,282,319,278
4331,175,180,142,114,181,140,149,147
646269,40,50,33,39,39,39,35,44
124900650,2,0,0,1,0,0,1,0
107985475,0,0,0,0,0,0,0,0
23075,36,36,21,23,32,24,38,34
375056,205,187,185,127,221,170,147,220
54028,71,107,35,51,17,46,59,37
124906188,0,0,0,0,0,0,0,0
124903987,0,0,0,0,0,0,0,0
81688,808,850,319,352,342,402,358,438
10712,59,78,109,88,95,95,126,114
23376,145,154,120,122,150,148,125,152
10730,356,371,264,238,303,241,244,316
55388,229,252,179,166,171,152,146,200
84144,33,37,34,39,41,44,41,32
124904328,0,0,0,0,0,0,0,0
642402,2,0,1,2,2,5,2,1
4041,15,20,26,24,29,38,33,31
4990,0,0,0,0,0,0,0,0
9678,220,288,157,129,179,168,181,211
57530,18,6,8,14,11,9,25,17
4354,97,96,76,89,115,99,69,100
103910,1085,1245,870,817,1118,1089,974,1237
10169,1223,1415,1306,1202,1525,1562,1323,1487
51808,347,368,201,183,226,203,200,241
100270951,6,4,1,4,5,5,0,4
154796,56,54,100,114,146,52,48,72
522,1855,2066,1797,1648,2155,1609,1418,1686
23597,119,107,113,87,127,101,73,123
27430,216,281,147,119,168,238,188,210
101927282,0,0,0,1,0,0,0,0
3224,29,46,27,31,35,56,45,32
148423,178,215,97,85,103,122,124,174
126789,182,177,154,147,194,184,175,183
107985145,2,0,0,0,0,0,1,0
4141,187,218,126,139,148,174,169,168
5425,505,577,440,428,566,437,479,483
5770,192,198,198,178,217,145,139,175
3187,2408,2515,1192,1380,821,1101,1399,1282
124904814,0,0,0,0,0,0,0,0
55103,48,52,51,50,65,72,64,62
3291,11,5,1,3,4,7,7,6
100505641,104,118,60,60,54,59,65,65
105375046,0,0,0,0,0,0,0,0
644220,168,190,64,68,60,96,104,78
105376912,0,0,0,0,0,0,0,2
51669,284,279,129,118,163,188,180,224
100132420,0,0,0,0,0,0,0,0
653236,7,11,6,8,4,10,10,10
91752,1,0,0,0,0,0,0,0
6228,8859,10063,9254,8759,10339,10009,8330,9896
56122,0,0,0,0,0,1,0,0
107985274,98,93,104,58,76,80,72,89
8573,117,110,86,83,89,85,87,97
23080,15,22,25,13,8,12,20,28
84306,198,247,125,111,192,150,188,186
100271100,209,205,183,168,145,205,167,145
8878,255,220,115,115,135,159,203,172
9099,3,7,5,11,14,9,11,8
4338,163,177,96,76,137,136,129,151
107987159,0,0,0,0,0,1,0,1
10042,155,169,177,130,160,125,154,169
102723316,3,1,1,1,1,0,3,1
107986391,0,0,0,0,0,0,0,1
90441,172,148,87,101,102,112,103,121
54108,80,75,49,43,49,56,46,51
6626,294,334,400,405,494,377,398,493
8320,5,1,5,5,5,4,2,0
105371611,1,0,1,0,1,1,0,3
9444,240,236,317,264,238,201,196,263
6303,1907,2152,2944,2715,3287,2327,2070,2553
6137,8134,8455,5989,6245,7368,7417,7269,7512
100189264,0,0,1,0,0,0,1,0
5982,120,141,102,88,97,104,113,132
124900167,0,0,0,0,0,0,0,0
124901251,0,0,0,0,0,0,0,0
54737,303,360,208,196,226,195,194,232
11216,36,48,36,36,43,43,32,36
105378892,1,0,0,0,0,1,0,0
5245,1156,1328,964,903,1205,1012,903,1166
2181,128,101,105,107,135,106,125,121
100271464,48,61,46,63,55,61,47,81
55000,130,116,81,59,59,84,112,104
54148,293,390,313,266,357,232,222,250
5435,893,1168,484,475,609,630,595,658
10344,0,0,0,0,0,0,0,0
6913,1,2,2,2,2,1,0,1
55766,66,70,33,29,50,76,72,82
126295,10,15,20,11,18,14,6,13
643854,1,0,0,0,2,0,1,0
201294,0,0,1,1,0,1,0,2
83992,18,17,27,17,16,16,22,23
101928255,0,0,1,0,1,1,0,0
6633,4614,5166,3889,3604,4410,4641,3832,4855
148137,49,40,42,14,22,26,29,40
124905222,0,0,1,1,0,1,0,1
107984516,1,0,1,0,0,0,1,0
55251,58,58,50,40,55,38,42,53
105369299,1,1,1,0,0,2,1,0
221785,16,16,14,12,12,9,12,16
112268105,5,8,12,12,11,18,20,20
645630,547,643,468,407,474,529,435,554
441073,2466,2902,2126,1852,2322,2189,1910,2160
23302,17,14,22,17,25,39,22,14
100271622,0,0,0,0,0,0,1,0
90313,23,33,47,36,34,48,28,39
124903131,0,0,0,0,0,0,0,0
8798,127,121,83,76,93,92,81,109
100189329,0,1,0,0,2,2,1,0
101060039,2,1,0,3,3,1,2,2
105372733,11,17,34,20,26,28,32,34
100506475,0,0,0,0,0,0,0,0
7001,631,667,565,534,727,695,595,654
50804,86,119,73,88,89,86,113,103
5018,199,215,177,203,212,186,176,238
105377769,47,50,38,40,55,62,51,57
105379778,0,0,0,0,0,0,0,0
11234,16,33,10,20,27,20,17,24
5818,7,9,5,5,6,5,4,10
643470,2,5,1,1,0,2,2,0
56652,126,136,58,51,78,85,69,87
124902612,0,0,1,0,0,1,1,0
100289678,16,10,3,1,4,6,12,6
107984577,0,0,2,0,0,0,0,0
143884,114,134,101,93,125,99,98,93
50865,61,69,135,96,127,112,100,123
100327036,0,0,1,0,0,0,0,0
23025,1,1,0,2,0,0,1,0
392617,0,0,0,0,1,0,0,2
124902094,0,0,0,0,0,0,0,0
84266,103,143,121,126,158,129,134,157
105374373,0,0,0,1,0,0,0,1
136541,0,0,0,0,0,0,0,0
442270,376,451,430,351,428,400,327,418
100170217,35918,33453,18413,19151,20485,29895,24248,28843
6234,2974,3401,3016,2838,3420,3442,2964,3483
84942,141,165,41,18,44,46,39,56
729900,5,5,3,1,2,6,4,7
998,1074,1101,561,598,494,673,700,756
4289,103,100,92,94,80,89,72,87
55634,18,22,14,12,13,10,8,17
23536,30,53,22,9,13,27,11,22
54984,152,176,47,48,60,82,88,83
404199,1,4,1,2,0,3,5,0
51155,995,1057,546,569,668,733,819,841
3597,50,53,56,44,62,52,68,51
9363,0,1,1,0,1,0,0,0
9656,141,108,89,82,83,68,85,100
3110,9,8,7,9,15,7,13,17
100271386,71,75,63,62,32,64,51,60
222235,0,0,5,0,4,2,2,2
1946,304,325,249,264,240,233,213,264
79365,34,40,131,134,136,79,90,102
645899,909,1071,921,863,1025,1074,940,1008
91147,10,9,5,5,7,7,12,12
5141,7,7,13,6,7,10,14,11
6156,4084,4787,4282,3876,4894,4464,3889,4684
100289341,0,1,1,1,1,1,0,2
79142,73,70,34,22,43,34,47,38
23633,541,536,334,376,227,312,298,417
442167,4,5,1,0,1,1,2,1
84669,20,13,25,20,17,21,32,22
84908,368,372,266,245,343,251,239,304
79081,0,3,2,0,0,0,1,2
7320,385,351,128,162,122,165,196,198
7174,161,120,127,137,145,130,129,146
119559,223,247,151,150,183,190,174,165
90024,9,11,11,6,11,12,9,12
100861549,4,1,1,0,1,2,0,2
2185,3,4,2,0,1,5,0,1
13,0,0,0,0,0,0,0,0
10726,1700,1805,1146,1092,1392,1178,1232,1295
100533852,0,0,0,0,1,0,1,0
23136,62,47,59,53,64,74,76,64
5522,16,16,29,24,22,21,19,32
100133162,132,138,106,82,89,121,108,110
115801414,43,43,47,46,67,59,64,69
124901567,1,1,1,0,0,0,0,1
5096,209,243,181,182,205,181,187,180
120318,418,505,371,359,461,424,366,466
65266,1,5,4,2,3,1,5,5
55593,80,76,46,70,69,54,80,72
3856,365,445,236,254,319,358,306,398
3981,23,22,5,7,16,10,16,15
8339,0,1,0,0,0,1,0,1
92749,1,0,0,0,0,1,0,0
130162,13,9,14,11,9,2,2,6
92235,0,0,0,0,0,0,0,0
65083,37,39,18,14,20,21,17,17
284393,3594,4088,3266,3352,4007,3421,3169,3723
100421045,1,1,0,0,2,0,1,2
140828,0,1,0,0,0,0,0,0
10514,455,450,185,184,177,224,245,223
8567,21,24,17,22,29,28,32,33
147968,15,26,11,6,10,4,11,12
441024,54,62,50,39,55,54,65,74
101927556,1,3,1,2,4,2,0,1
5609,68,68,62,61,58,66,64,58
101056700,0,0,0,0,0,0,0,0
64793,59,48,42,35,55,59,41,68
400224,1,0,0,0,0,0,0,0
100462795,60,69,36,32,49,49,39,58
6634,1274,1524,1255,1177,1482,1362,1225,1393
10124,51,64,23,24,31,34,36,32
54840,66,96,72,58,69,72,66,59
23666,364,369,224,211,204,268,233,243
51742,356,359,282,234,356,339,303,366
57698,103,109,98,120,125,160,158,159
124904907,0,0,0,0,0,0,0,0
100271522,65,85,56,46,43,81,47,50
119392,55,57,31,29,23,28,29,34
4862,2,4,8,5,11,9,6,4
8092,21,25,15,25,24,18,17,24
29800,2,2,0,4,0,1,2,0
285636,152,180,92,95,64,90,77,117
55737,443,473,344,323,370,455,428,516
124909390,0,0,0,0,0,0,0,0
432369,531,579,503,436,514,500,419,506
124903471,0,7,0,1,0,0,0,0
152217,101,100,81,93,123,106,118,129
26063,30,36,18,19,39,23,16,25
79091,38,54,23,13,14,18,34,31
8507,62,68,34,24,32,27,37,26
6788,55,53,44,47,67,59,66,76
100422391,3,8,4,0,5,3,3,3
57175,17,12,13,11,12,19,16,12
8338,238,366,123,176,133,99,186,294
246723,274,346,236,243,295,302,259,272
100873796,19,42,26,14,18,26,29,24
8739,52,54,101,77,107,74,66,90
80255,63,42,37,27,38,36,40,38
51422,14,15,9,13,15,16,10,11
2745,64,76,116,95,101,104,105,105
1573,13,16,14,17,14,16,11,11
124902770,0,1,1,0,0,0,0,0
10940,165,185,76,56,83,94,80,82
120526,40,42,32,27,30,34,32,35
4697,1985,2328,1791,1539,1919,2505,1941,2627
124907920,0,0,0,0,0,0,0,0
146705,16,12,10,8,13,10,13,13
124906242,0,0,0,0,0,0,0,0
116541,363,417,222,256,275,245,205,274
105378715,2,1,1,0,0,3,2,1
84275,53,69,25,38,48,29,46,36
401019,9785,10218,9355,9350,11050,9244,8567,9392
10198,189,199,118,105,109,130,149,137
27293,23,14,7,13,14,19,21,19
285785,7173,7752,6813,6093,7356,7473,6106,7565
80070,0,1,3,1,0,0,2,1
79086,181,202,128,127,160,165,120,141
101928230,3,1,0,1,1,0,0,0
7520,842,870,796,798,1035,715,724,744
7203,1588,1647,1133,1092,1355,1215,1163,1387
115201,28,25,21,27,24,15,22,18
3177,28,29,29,32,23,34,30,30
583,54,57,75,53,97,86,73,81
507,0,0,1,1,0,0,1,0
151195,41,30,15,14,15,24,22,16
105377134,0,1,3,1,6,2,1,2
100131935,0,2,1,0,1,0,1,0
124903300,0,0,0,0,1,0,0,0
100874351,2,0,0,1,0,0,0,0
90411,262,290,307,253,307,290,271,305
100419764,0,0,1,0,0,0,0,0
2395,125,156,79,82,85,65,78,91
151295,0,0,1,0,0,0,0,0
84971,15,16,9,13,16,21,15,24
107126284,0,0,1,0,0,3,2,1
6519,9,16,6,8,2,7,13,10
55298,37,33,30,11,16,20,29,21
114625,2,4,5,5,7,0,1,6
143684,28,31,14,16,24,20,27,23
646467,0,0,0,0,1,0,0,0
107985220,0,1,0,0,0,0,0,0
4550,23673,18831,22405,17977,19133,26465,21531,24920
1337,3733,4215,3532,3595,4325,4368,3677,4373
10159,195,240,200,168,220,225,222,211
100271535,8,9,9,3,5,5,9,10
128966563,1,1,1,1,1,1,0,1
100506675,0,0,0,0,0,0,0,0
100128055,1,0,0,1,0,0,0,0
129450,23,23,11,16,10,9,18,18
80131,20,26,23,19,21,29,30,22
8934,48,53,56,44,44,64,58,51
257000,1,0,1,0,1,3,0,0
10790,65,68,32,36,41,45,56,53
59352,0,0,2,0,0,0,0,1
101927943,0,0,0,0,0,1,0,0
284344,2,0,6,0,0,1,1,0
4247,42,45,27,20,21,32,43,27
729362,11466,12266,11322,11357,13714,11966,10194,11701
8496,72,59,58,49,64,76,78,57
51654,70,89,74,58,60,51,69,58
124902286,2,1,0,0,0,0,0,0
55869,47,58,45,49,63,52,43,54
91392,7,13,3,5,2,4,4,9
100129718,56,66,37,35,25,45,34,51
90527,0,0,0,0,0,0,0,0
26747,124,155,68,53,82,75,94,87
54726,53,57,38,31,29,32,55,38
100169955,23147,21191,7369,8300,9826,16982,13170,14545
107984839,181,75,20,26,3,16,17,8
105379447,1,0,0,0,0,0,1,0
79711,163,193,105,103,140,116,130,112
100169957,7519,7001,1558,2051,2406,5109,3644,3982
105376717,0,0,0,0,0,0,0,0
90806,78,98,27,39,43,39,50,69
22807,2,3,2,4,6,8,3,4
55729,137,132,84,64,107,116,105,141
728311,2,3,3,4,1,5,5,2
653268,3,3,1,3,1,3,3,1
1645,0,0,0,0,0,0,0,0
137994,27,18,14,22,27,30,28,34
1796,4,12,7,12,8,12,8,9
83891,41,26,26,25,34,22,35,33
10527,342,335,303,226,285,267,321,322
646195,5381,6067,5451,5208,6408,5981,5285,6064
26155,358,397,251,246,307,261,270,309
100420190,2,1,0,0,1,1,0,0
327,95,107,118,94,159,103,92,118
100129629,7,5,1,4,4,2,2,0
105379522,0,0,0,0,1,0,0,0
57228,23,25,38,28,35,27,34,30
7920,53,47,43,44,58,56,49,53
107075094,0,0,0,0,0,0,0,0
51352,0,0,0,0,0,1,1,0
5605,104,99,121,124,111,111,124,94
9903,81,93,50,36,48,47,67,48
1746,82,94,77,99,78,60,36,61
3033,123,156,128,119,145,138,122,138
100271465,7,4,2,1,6,12,2,6
101928041,0,0,0,0,2,1,3,2
148362,161,174,93,104,135,134,122,134
114932,138,179,105,92,124,119,110,137
100287183,1,1,0,0,0,0,0,0
53343,84,87,54,50,90,57,40,54
107984413,1,1,0,2,1,0,1,0
84817,803,902,552,434,613,730,637,707
221421,3,3,2,0,1,2,2,3
285463,1,0,0,0,0,1,0,0
26517,1275,1441,889,901,1115,976,881,1010
79009,290,340,338,315,413,396,383,407
11082,1,0,0,0,1,0,0,0
10785,121,107,58,36,87,71,81,107
2827,8,6,3,1,0,0,5,1
105373960,0,0,0,1,0,0,0,0
100192378,1,1,0,1,1,1,1,6
124901964,0,0,0,0,0,0,0,0
7957,16,14,14,11,17,20,21,13
7332,657,694,419,430,524,508,460,492
100534589,1,0,0,0,0,2,0,0
51569,236,240,172,166,149,144,137,179
11340,443,457,351,293,403,382,341,470
10566,1,3,1,2,3,6,2,2
2018,15,25,31,27,21,24,27,22
79895,0,0,0,0,0,0,0,0
574407,0,0,0,0,0,0,0,0
843,6,4,1,6,5,3,7,5
124902945,0,0,1,1,2,0,1,0
5832,333,293,183,170,225,197,215,248
6147,2189,2447,2164,1975,2414,2448,2234,2313
6617,77,107,119,129,153,132,96,124
1915,6329,7308,7843,7596,9228,8880,6811,8106
85363,23,16,22,26,15,14,15,15
54800,23,26,34,34,42,23,23,29
116151,46,49,80,80,105,54,77,73
135154,29,29,66,60,75,91,58,93
60,4090,4514,1945,2195,1743,2127,2474,2271
10135,124,109,132,146,169,102,113,130
84451,68,56,67,53,59,64,82,74
124901404,0,0,0,1,0,0,0,0
124905463,3,3,4,0,3,5,0,2
100288222,5,10,9,7,13,6,12,10
1877,55,37,43,30,51,23,36,45
5876,257,287,189,188,234,224,170,213
10652,54,66,32,41,43,39,46,32
9172,22,26,22,18,22,39,26,23
7638,297,273,230,207,178,202,185,246
51397,47,58,39,33,42,40,53,46
8337,280,380,657,601,697,236,204,354
53616,7,3,16,14,8,5,11,9
10969,705,755,266,275,399,352,377,376
124903576,0,0,0,0,0,0,0,0
1606,4,10,4,5,8,5,16,9
171560,140,131,113,67,117,128,121,125
100873860,0,0,2,1,0,1,0,1
5478,1954,2332,1595,1666,2068,1928,1996,2012
55839,364,380,202,159,217,257,262,283
57326,6,11,7,9,15,11,11,21
142678,7,20,21,13,17,16,24,17
392281,6,8,1,2,3,5,3,8
10960,463,530,347,292,400,364,345,398
51161,1,1,0,0,0,0,0,0
124903462,1,2,0,0,0,2,0,3
8459,26,35,16,22,24,19,20,18
105369748,4,4,3,1,1,3,5,3
84967,205,227,106,100,146,118,153,146
105374906,0,0,0,0,0,0,0,0
102724364,31,31,26,26,23,14,10,26
83983,0,0,0,2,0,0,0,0
102724148,0,0,0,0,0,0,0,0
138412,8,7,6,11,10,10,5,6
151354,0,0,1,1,0,0,0,0
51440,3,3,0,5,9,7,2,6
79661,18,7,20,17,11,24,21,25
1876,21,30,16,14,42,31,11,24
84766,1,1,3,0,3,1,0,2
220729,5,9,4,3,2,3,2,4
124900385,0,0,0,0,0,0,0,0
25906,108,117,79,72,106,98,89,102
27346,565,641,421,416,493,359,364,408
124902385,0,1,1,0,1,0,0,1
283576,9,11,40,39,56,21,9,24
100310812,2,2,0,0,0,1,0,2
124904008,0,0,0,0,0,0,0,0
80199,48,53,35,41,33,43,40,54
5695,707,832,538,531,680,626,670,639
54762,2,2,8,3,5,3,4,4
23613,237,219,186,196,205,180,202,187
124906064,0,0,0,0,0,0,0,0
2968,10,8,13,17,14,10,17,18
124904536,21,9,12,7,4,6,5,12
30834,159,177,126,116,136,143,121,169
219770,0,0,0,0,0,0,0,0
100128325,0,0,0,0,0,0,0,0
124904628,0,0,0,0,0,0,0,0
23710,28,25,33,43,41,53,40,53
23401,32,35,19,24,25,27,50,24
3153,305,310,153,143,150,231,192,210
9231,116,141,66,73,49,52,84,66
124901669,0,0,0,1,0,1,0,0
124900476,1,0,1,0,0,0,1,1
100189105,0,0,0,0,0,0,0,0
84298,306,357,157,158,202,196,183,217
1817,0,0,0,0,0,0,0,0
23677,21,17,22,18,34,15,22,27
57609,17,26,21,17,14,21,31,22
124901091,0,0,0,0,0,0,0,0
2500,227,247,163,195,223,213,184,199
112268023,1,0,0,0,0,0,0,0
150472,54,51,21,21,36,33,32,32
107985423,1,0,0,1,1,1,1,0
2782,234,275,226,228,300,286,270,285
100885776,0,2,0,0,0,1,0,1
728024,5,1,0,1,0,3,0,0
1936,667,715,720,743,881,704,649,728
102723766,0,0,1,1,0,1,0,0
375449,31,33,18,31,27,32,34,33
6232,748,822,556,507,593,625,565,539
105376475,1,0,0,0,0,0,0,0
6927,0,0,0,0,0,0,0,0
23264,162,94,86,80,105,73,129,107
10055,415,440,321,310,362,371,360,391
100422384,1,1,0,0,0,0,0,1
10627,415,477,258,232,319,327,318,372
124903698,0,0,0,0,0,0,1,0
124902375,3,3,3,5,1,0,0,0
259173,0,0,1,1,1,2,0,1
10010,41,29,23,32,37,35,33,31
59348,15,26,13,11,16,20,11,12
1595,438,428,277,261,211,246,274,297
101927023,0,1,0,0,0,0,0,0
79038,67,75,50,62,69,76,65,55
84265,46,65,56,42,83,59,76,76
55755,105,133,95,101,149,116,111,132
80323,4,6,8,7,5,9,11,8
100130887,4,2,0,0,0,1,0,1
4707,1294,1439,992,916,1159,1370,1132,1343
29079,350,360,253,248,402,303,268,311
51257,27,26,18,21,5,13,17,8
124901710,0,0,0,0,0,0,0,0
3985,18,12,7,8,13,13,14,15
107987170,0,0,0,0,0,0,0,0
54549,41,52,50,59,72,42,63,40
123,1,0,0,1,0,0,0,0
56301,4,3,0,1,1,0,0,1
2963,305,374,232,194,278,292,258,315
80155,637,642,431,405,492,438,392,459
124902459,0,0,0,0,0,0,0,0
54914,35,24,24,14,25,25,37,37
85459,231,222,214,169,208,239,211,246
118568814,1,4,1,1,0,4,1,1
3983,137,135,120,125,147,136,124,133
4931,166,199,120,120,134,167,127,148
83861,28,18,29,29,27,22,34,31
3858,222,201,106,109,125,146,127,138
1029,613,658,582,607,762,703,652,731
10410,10,13,132,138,162,11,5,8
54973,133,130,107,101,133,99,90,123
100422531,18,17,10,8,15,9,22,9
768097,0,1,0,0,0,0,0,0
11338,97,110,58,60,79,65,84,89
124904731,0,0,4,2,1,0,2,1
105369984,1,3,5,6,4,5,4,9
10775,496,589,205,193,265,257,298,255
100885865,0,0,0,0,0,0,0,0
92922,11,7,5,5,8,5,10,9
23426,9,7,14,22,11,12,16,13
5725,381,349,214,222,242,233,280,234
6883,88,88,36,41,63,47,50,61
6921,828,858,440,470,598,557,520,580
102724808,0,0,0,0,1,1,0,0
57658,4,2,8,5,7,2,7,7
83693,22,22,10,14,17,20,21,26
440894,1,2,0,1,0,2,0,0
10905,133,143,119,100,111,145,154,129
124790,16,23,12,12,15,14,6,12
124904884,2,2,1,2,0,0,1,0
5485,37,54,42,28,34,33,48,38
124900289,3,3,4,1,3,3,3,9
4536,1279,1230,689,362,393,934,774,1005
5877,111,140,62,57,56,79,84,64
124907821,0,0,0,0,0,0,0,0
9108,10,7,8,10,7,10,9,14
22796,124,155,65,56,85,88,115,93
81603,23,34,29,27,27,25,38,33
2743,29,17,15,20,23,27,20,25
441191,86,123,37,28,62,57,56,66
102724563,3,0,0,0,0,0,0,0
8726,61,60,52,54,61,74,55,67
106481106,0,0,0,0,0,1,0,0
90525,2,2,3,2,5,2,1,1
286472,17,10,10,11,14,18,17,19
124901924,0,0,0,0,0,0,1,0
286183,1,0,0,0,0,0,0,0
150381,90,83,37,29,32,59,47,85
105372575,0,0,0,0,0,0,0,0
1644,2,4,1,0,1,0,2,1
202,1,1,2,5,1,3,3,2
124903021,1,5,0,0,1,0,2,3
102724434,0,0,0,0,0,0,0,0
84865,7,6,13,3,6,9,7,8
55146,98,132,95,83,94,118,104,116
84128,76,61,73,47,61,49,52,65
101927752,21,28,28,26,27,29,29,47
100379142,1,1,0,0,1,0,0,0
22989,3,6,2,0,2,1,3,2
124903119,0,0,0,0,0,0,0,0
80143,239,244,157,153,164,164,168,199
5875,53,49,44,37,48,43,26,42
106480782,0,0,0,0,1,0,0,0
101928919,1,3,2,1,3,2,3,2
339834,0,0,0,0,0,0,0,0
285737,0,0,0,0,0,0,0,1
2332,117,120,85,85,99,65,98,93
105372860,1,1,5,4,3,2,3,9
105376670,277,321,304,273,286,286,269,306
100130396,18,17,10,16,13,24,24,27
400761,2,0,1,0,1,1,1,1
6167,7503,8479,7237,6619,8052,7367,6300,7260
60561,50,72,50,34,50,45,38,40
23411,32,31,20,15,23,20,27,31
2512,2225,2312,1969,2010,2682,2665,2496,2807
643007,301,319,282,284,321,303,260,279
105378944,0,2,0,0,0,1,0,0
10067,300,401,163,137,221,219,231,226
107985695,0,1,0,0,0,0,0,1
6389,261,261,279,284,352,254,236,275
11328,41,51,42,42,35,24,31,32
8551,1,2,0,1,0,0,0,0
9205,26,39,33,26,24,26,33,36
26019,252,268,154,148,166,144,166,146
3725,406,495,660,629,731,516,527,629
128439,44,49,26,20,17,22,20,26
100189036,0,1,0,0,0,0,1,0
8048,0,0,0,0,0,0,0,0
81671,292,321,133,132,161,205,172,209
392,79,75,28,36,30,36,48,50
100133319,1,1,1,0,0,0,2,0
326625,289,339,149,135,196,197,180,216
645843,0,0,0,0,0,0,0,0
1105,391,433,282,254,343,308,283,352
55355,86,98,89,75,104,90,77,81
728758,94,80,58,54,61,68,43,61
403341,10,8,10,6,10,7,17,9
10419,321,395,156,180,252,234,208,240
100874473,0,3,1,0,2,3,0,2
58486,64,67,23,27,36,28,32,40
54434,21,23,23,16,16,19,25,12
102724591,0,0,0,0,0,0,0,0
51629,292,295,258,237,332,245,299,280
103695366,0,0,0,0,0,0,0,0
5036,1676,1825,1315,1266,1619,1665,1668,1618
9448,122,129,114,119,134,110,131,102
65012,1,2,1,2,1,2,3,1
100240707,0,0,0,0,2,0,1,0
171177,8,18,7,7,13,15,9,8
6418,5454,5352,3006,3561,2322,2710,2797,2870
150726,4,9,11,10,12,7,14,15
1201,44,48,30,28,30,37,35,45
100652853,22,17,17,15,25,24,20,31
100270974,28,25,18,19,19,28,17,33
124902980,0,0,0,0,0,0,0,0
80224,65,70,66,60,61,52,40,63
54472,27,43,22,20,21,25,14,16
124907758,1,2,6,4,1,2,1,1
6233,4228,4516,5140,4126,4921,4227,3387,4400
23635,43,55,47,36,55,51,51,60
10245,458,499,414,414,481,428,403,509
3797,9,8,8,8,15,6,24,9
80020,239,297,189,150,153,199,207,192
54478,54,81,36,44,50,48,54,41
80856,67,75,67,69,71,47,58,62
3638,129,131,312,295,361,281,277,301
51522,293,356,234,239,279,319,289,316
645142,2,3,3,1,4,3,3,3
51025,0,2,1,2,1,1,0,1
347720,0,0,0,0,0,0,0,0
84546,3,8,1,1,5,3,1,5
124902248,0,0,0,0,0,0,0,0
57178,24,17,23,27,28,20,28,29
4864,37,39,22,20,34,37,21,31
79039,171,210,151,139,184,151,142,173
259266,388,421,157,163,178,234,284,229
107985957,6,2,6,1,2,2,2,4
140832,1,0,0,0,0,0,0,0
474384,41,38,24,23,33,25,29,37
6991,2,2,4,4,7,4,7,4
5058,100,71,106,122,151,116,106,142
3148,1098,1211,1070,919,1287,1050,1023,1127
107984289,22,38,20,16,21,22,25,35
8894,1229,1293,1058,1113,1402,1079,1029,1109
83452,19,21,35,43,26,29,18,22
100506712,1,1,0,1,1,3,0,3
56906,25,26,16,16,21,20,24,29
4644,68,64,30,24,38,51,56,48
5888,76,105,57,65,66,83,58,79
10130,683,716,565,479,594,533,515,580
124901610,8,3,2,5,1,3,1,0
23024,9,11,7,13,6,5,5,6
8334,10,17,5,11,3,5,6,10
26957,0,0,0,0,0,0,0,0
2281,11,10,17,13,21,17,16,10
101927034,0,0,0,0,0,0,0,0
56662,525,598,194,215,289,242,253,295
9897,14,16,11,11,17,12,16,20
58513,36,29,30,21,31,35,26,37
23560,994,1009,644,648,904,847,777,864
102723445,0,0,1,0,0,0,0,0
106480235,2,1,1,0,2,1,2,0
65997,5,6,8,1,5,6,6,6
105376580,0,0,0,0,1,0,0,0
283685,1,0,0,0,0,0,0,0
152687,15,20,15,7,14,17,17,20
7366,0,0,0,0,0,0,0,0
124904242,0,0,0,0,0,0,0,0
3419,241,284,133,131,160,191,183,204
11183,58,75,53,43,64,60,70,64
100303743,1,1,4,0,0,3,4,1
92552,0,0,0,0,0,0,0,0
113189,13,10,10,10,5,17,21,13
143,160,178,136,131,135,178,181,177
112267908,0,0,0,0,0,0,0,0
100996746,1,2,0,0,0,1,0,1
1455,66,60,75,76,84,65,64,61
51175,44,47,43,32,44,36,47,48
26240,0,0,0,0,0,1,0,0
441951,1237,1401,1367,1194,1379,1370,1064,1370
199827,0,0,0,0,0,0,0,0
105375168,0,0,0,0,0,0,0,1
150275,221,243,74,91,59,70,96,84
10397,102,109,252,266,280,247,279,257
51116,410,500,261,292,344,291,273,361
139516,1,0,0,0,0,0,0,0
26146,89,105,71,56,70,72,93,77
55825,18,18,28,23,19,25,22,19
10921,1129,989,767,796,1016,692,639,735
105371965,1,1,0,0,0,0,0,2
100874511,2,0,1,1,0,0,0,1
7873,151,182,38,45,55,70,75,57
10330,655,789,388,374,490,538,513,617
729747,0,0,0,0,1,0,0,0
23542,19,19,17,14,19,15,20,16
51090,1,3,4,3,7,2,7,4
375444,39,44,30,25,26,31,41,45
91582,595,691,318,300,367,397,341,444
101928813,1,1,1,0,0,2,0,0
100188985,1,1,0,0,0,0,1,1
5713,877,900,408,389,544,640,640,637
9559,275,238,129,133,150,185,178,193
130890646,0,1,0,0,0,0,0,0
348156,0,0,0,0,0,0,0,1
55074,82,78,71,65,86,85,81,97
80110,18,28,18,13,19,18,13,18
1655,952,978,281,247,321,388,399,448
124903265,0,1,1,0,0,0,0,1
100506581,26,36,23,18,28,23,15,20
285016,0,0,0,0,0,1,1,0
659,39,39,28,29,32,44,40,34
27123,0,0,2,2,1,1,2,0
10972,213,228,184,150,224,199,184,215
23583,103,121,62,53,58,82,57,74
124905083,0,0,0,0,0,1,0,0
55012,84,95,51,60,64,58,59,69
100310855,10,14,10,6,4,3,4,3
124902943,1,0,1,0,0,0,0,0
51247,596,651,620,557,742,680,617,715
9184,1265,1409,782,748,886,821,808,900
6045,186,200,76,116,81,73,84,65
79581,67,74,25,27,34,36,44,30
57409,115,108,98,84,131,132,104,146
54820,65,62,59,65,68,41,47,62
1315,265,300,200,185,218,233,181,286
1119,21,24,19,21,21,18,27,11
5939,14,15,33,25,37,20,23,36
6152,3659,4042,3147,2888,3596,3618,3136,3738
7348,0,0,0,0,0,0,1,0
391598,1,0,0,0,0,0,0,0
5733,0,1,0,0,0,0,0,0
5331,10,12,7,17,10,7,11,9
83637,23,34,18,11,18,27,21,21
153443,116,110,73,79,81,55,69,66
79025,0,0,0,0,0,0,0,0
80023,52,54,44,43,47,46,58,58
116254,127,178,198,139,212,154,141,205
9793,370,331,281,252,356,246,284,359
692211,1,0,1,0,0,0,0,1
11335,1487,1609,1158,1028,1387,1347,1190,1500
7871,66,80,65,57,68,74,80,74
729461,0,0,0,0,0,0,0,0
54619,104,104,36,40,20,28,33,19
23091,1529,1678,1240,1141,1563,1362,1149,1455
92140,526,538,372,368,430,455,434,488
54187,355,379,208,203,249,207,202,266
23367,685,775,449,412,378,403,457,429
79937,8,11,2,3,11,7,5,6
100132352,43,25,33,24,39,31,27,35
107985713,0,0,0,0,0,0,0,0
2034,4,2,4,2,3,2,2,3
503538,12,5,7,2,2,3,1,4
3192,2114,1992,784,736,1124,999,985,1054
101927486,0,0,0,1,0,0,0,0
124903689,1,0,0,0,0,0,0,0
105374052,2,0,1,0,0,1,0,0
50814,154,155,58,67,77,71,76,68
101929898,3,2,1,0,1,1,3,2
2619,44,33,21,11,15,18,30,17
6421,1073,1069,240,220,286,364,407,372
5902,1687,2020,756,998,988,795,855,890
54799,24,29,23,15,10,23,34,19
100271715,0,0,1,0,0,0,0,0
79829,24,31,15,6,11,14,9,13
51426,90,85,108,104,114,105,109,109
107984642,0,0,0,0,0,0,0,0
163,333,321,273,255,312,350,346,366
22903,57,41,51,42,59,38,48,43
91695,54,47,32,23,35,32,36,36
56261,28,27,15,7,11,10,12,14
140766,0,0,1,0,0,0,1,0
6584,62,55,32,26,24,34,36,36
6286,1,4,5,2,3,1,0,1
124903687,3,1,1,1,0,1,1,2
5578,56,45,50,39,50,48,43,53
386654,0,0,0,0,0,0,0,0
728088,104,119,71,96,73,104,71,89
55073,10,11,8,5,3,6,8,12
27044,224,240,218,197,256,237,234,244
1340,3318,3672,2816,2839,3467,3373,2969,3629
2537,132,124,1364,2053,1351,71,66,60
101929730,1,0,0,0,0,0,0,1
642946,5,5,8,8,3,6,8,8
100861563,0,0,0,1,0,0,0,0
9547,0,0,1,0,0,0,0,0
106479829,0,0,1,0,0,0,0,0
730747,283,337,245,252,327,283,260,309
92241,0,0,0,0,0,0,0,1
222537,2,1,2,0,0,0,2,0
51234,355,461,234,226,264,337,370,343
105372115,2,0,0,0,0,0,0,0
105371272,0,0,0,0,0,0,0,0
84549,214,189,87,92,125,123,122,157
57095,135,143,58,52,55,70,85,73
100190924,1,0,0,0,0,0,0,0
124901074,0,0,0,0,0,0,0,0
479,2,2,0,5,3,2,4,2
596,15,4,4,8,12,8,9,8
51512,258,260,150,148,171,196,173,216
2152,7,4,3,3,0,5,3,4
677827,0,0,0,0,0,0,0,0
124904650,0,0,1,0,0,0,0,0
6223,18985,18979,19017,19275,21609,19751,16972,19851
26228,0,0,0,0,0,0,2,0
10209,2608,2913,1939,1804,2193,1952,1846,2114
102467146,2,7,1,4,7,2,5,3
9551,1150,1298,887,840,1076,1306,1120,1254
54664,94,91,57,57,59,57,54,55
112268433,0,0,1,0,0,0,0,0
7358,74,91,51,54,59,43,45,57
2710,176,207,121,115,118,206,187,234
55010,117,131,91,59,88,91,94,86
100189182,2,1,0,1,0,1,0,0
729389,419,442,354,332,345,458,373,406
126129,15,21,22,18,14,21,19,20
5553,0,0,0,0,0,1,0,0
54875,82,94,70,66,79,65,69,69
105371020,0,0,0,0,0,0,0,0
643343,538,693,476,423,507,621,389,501
3608,840,858,457,474,639,616,592,716
51645,264,306,137,121,138,115,140,156
124905540,0,1,0,0,0,0,0,0
1476,643,731,639,610,769,675,658,650
123706507,1,1,0,0,1,1,1,0
328,475,528,265,248,362,355,308,380
100126798,13999,12890,3766,4018,4674,9864,7531,7460
728773,0,2,0,1,0,1,2,2
57670,16,10,17,11,10,20,24,20
1994,189,151,131,141,121,136,163,136
101927469,22,9,15,13,19,12,6,14
130013,0,0,0,0,0,0,0,0
8624,568,643,390,368,482,428,390,461
94030,0,1,3,0,2,0,6,0
107985781,0,1,0,0,0,0,1,1
3015,3730,4096,2394,2226,2848,2950,2729,3069
22969,8935,9658,8732,8715,9981,10062,7475,10099
51118,496,503,241,225,282,348,285,317
10328,76,87,44,39,56,59,66,65
29068,102,98,72,69,67,86,84,66
27075,115,147,63,67,89,111,113,112
2306,18,23,17,17,10,14,11,15
642,186,192,132,136,170,198,207,181
9527,245,222,130,134,168,166,122,153
3476,106,136,118,141,196,130,115,144
79982,67,64,41,39,46,64,52,62
983,691,723,581,499,665,500,482,615
101928991,1,0,1,1,3,1,1,0
101059914,0,1,0,0,0,0,1,2
112268038,0,0,0,0,0,0,0,0
5591,1032,954,962,711,934,1084,1115,1058
8540,45,47,37,43,40,46,60,49
100616417,0,0,0,0,1,0,0,0
2304,1,2,3,1,1,6,3,4
55037,150,176,179,163,199,147,145,164
26608,42,43,31,24,21,34,44,36
3949,39,53,36,37,27,33,46,32
645018,631,725,760,737,979,734,711,800
100507421,19,22,17,17,18,22,22,21
124904791,12,7,7,7,6,7,7,15
391723,1,0,5,0,3,4,3,3
23166,3,0,1,2,1,0,3,2
22835,81,76,46,54,40,52,51,54
55215,391,414,371,332,420,417,360,394
9735,36,27,42,18,27,35,52,56
124900256,0,0,0,0,0,0,0,0
8602,167,174,77,77,112,135,106,145
84920,25,27,10,10,11,11,14,9
29890,79,71,40,37,59,40,55,44
79631,39,34,33,26,32,37,36,21
646214,39,39,19,29,23,24,20,32
100292290,32,42,29,20,27,36,24,23
80054,4,7,7,8,5,2,8,9
100506411,10,7,8,10,10,15,6,8
8431,0,0,0,0,0,0,0,0
27338,255,247,141,155,178,193,190,230
57514,2,1,1,3,3,2,1,3
91608,93,80,74,65,56,61,72,80
8792,13,33,20,18,16,18,20,17
100131614,214,309,185,191,193,226,172,206
57646,53,52,33,38,42,42,53,51
645853,43,41,33,31,26,31,32,29
124902144,0,0,1,0,0,0,0,1
122526782,223,285,165,163,202,204,174,183
105377103,0,0,0,0,0,0,0,0
729505,570,609,333,323,352,437,414,440
140846,0,1,1,1,2,0,1,2
6834,40,51,33,44,36,57,44,51
9057,53,34,17,18,22,31,23,34
100287361,2,0,1,0,1,0,0,1
105375683,0,1,0,0,0,0,0,0
105373056,0,0,0,0,0,0,0,1
100128108,1,4,0,2,3,2,4,2
101928132,0,0,0,0,0,0,0,0
2902,0,0,0,0,1,0,0,0
391804,40,41,27,22,30,20,30,23
100506233,84,82,61,40,56,69,62,62
642574,7,3,6,1,2,2,3,1
100128071,0,1,2,1,3,4,9,1
100271132,1,1,0,0,0,2,1,0
3174,4,1,2,3,0,2,0,1
1184,10,21,11,12,13,16,20,11
646766,657,840,537,537,590,725,530,675
7035,49,53,41,34,40,56,40,70
22808,5,6,8,7,11,15,7,14
4753,42,33,52,48,61,64,47,59
91689,214,263,154,151,178,206,186,212
84561,0,0,0,0,0,0,0,0
8884,72,69,33,31,48,39,39,43
10944,630,637,383,350,446,454,452,475
100506465,4,0,1,2,3,3,2,2
400812,1,0,0,0,0,0,0,0
55602,49,33,17,23,19,22,21,18
126374,15,6,5,6,8,14,10,9
26017,420,506,234,231,296,313,274,328
51400,94,110,57,75,88,75,79,79
9555,523,533,321,275,381,438,475,456
124904108,0,0,1,0,0,0,1,0
6169,6203,6875,5567,5406,6543,6112,5486,6292
122152331,0,0,1,0,0,0,0,0
30827,93,124,61,67,74,85,70,92
339881,5,2,2,4,5,2,2,4
26009,87,83,37,29,46,37,53,69
128966724,0,0,0,0,0,0,0,0
7582,95,83,52,42,65,62,62,64
124901817,0,0,0,1,0,0,0,0
9949,71,67,32,31,47,48,44,43
10459,254,304,218,218,302,241,245,256
2617,427,448,234,224,289,298,299,309
124901852,0,0,0,0,0,0,0,0
64319,47,40,54,42,49,51,47,59
100420591,1,2,0,1,3,4,1,0
56647,663,677,436,394,562,536,546,556
100129772,0,0,0,0,0,0,0,0
100874117,0,1,0,0,1,0,0,0
78988,560,595,365,358,437,374,404,444
54819,163,189,120,118,132,118,125,128
107987243,0,0,0,1,2,1,0,0
101927587,0,0,0,0,0,0,0,0
105369828,0,1,0,0,0,0,0,0
2673,87,78,75,50,70,72,72,64
10519,214,262,165,173,219,190,190,215
390729,14,22,15,15,8,18,13,20
858,47,54,51,51,74,71,70,55
27102,126,120,107,111,116,118,153,133
100132062,1,0,0,1,0,1,0,1
105375508,1,1,3,0,0,1,0,1
2867,0,0,0,0,0,0,0,0
9159,22,25,15,5,20,21,19,22
85019,17,13,10,19,21,11,24,16
154313,0,1,0,3,1,2,1,1
5046,22,50,30,15,23,33,29,28
645126,2,0,2,0,1,0,2,2
6023,35,36,21,40,37,26,26,47
9235,27,18,26,22,45,16,10,18
100418737,12,11,12,8,7,8,14,16
8519,109,120,1268,1228,1519,102,110,127
79465,114,124,57,56,64,74,58,60
117195,0,0,0,0,0,0,0,0
118881,61,46,69,64,71,92,79,67
6345,0,2,0,0,1,0,0,0
390345,1793,1966,1707,1659,2038,1741,1555,1952
143187,29,45,24,19,22,18,21,19
201161,313,343,212,229,275,261,228,284
283742,90,118,67,48,67,62,73,64
728558,7,3,0,2,3,3,5,0
1108,705,686,530,484,605,570,584,659
112849,19,18,6,9,8,9,13,16
83460,392,440,204,231,281,296,271,296
6675,87,112,79,80,99,95,96,109
25805,42,29,19,14,27,17,24,20
643438,60,70,28,29,37,37,61,52
54535,50,40,101,76,122,67,69,101
102724360,0,0,0,0,0,0,0,0
105377929,0,0,0,0,0,0,0,0
905,46,40,58,52,65,41,44,58
11103,508,568,353,313,353,403,338,418
10806,84,80,64,77,91,89,91,94
124900735,0,0,0,1,1,3,1,0
52,520,529,366,363,434,398,366,423
8672,721,711,389,423,460,393,466,490
171523,0,0,0,0,0,0,0,0
55680,93,98,33,53,38,57,82,65
124903673,0,0,0,0,0,0,0,0
51082,272,368,365,334,476,342,319,373
646531,1073,1217,782,831,950,873,919,1061
27241,5,5,5,5,12,8,5,3
105379396,0,0,0,0,0,0,0,0
9352,302,334,159,145,165,202,151,215
25912,1200,1351,918,860,1025,1094,1105,1142
22824,126,122,74,52,84,114,94,127
285103,0,1,0,0,0,0,0,0
8763,274,291,140,118,179,146,164,177
5019,142,137,126,124,186,149,118,158
64776,60,82,59,50,61,43,54,65
22822,6,8,5,5,7,11,11,8
729097,46,65,34,35,42,49,25,38
10845,97,97,84,94,114,110,87,93
387882,163,188,120,117,150,141,141,134
23365,69,50,44,45,46,46,71,64
10625,148,167,175,154,208,209,209,248
80072,0,1,1,0,0,0,1,0
1568,1,0,0,0,0,0,0,0
256380,0,0,0,0,0,0,0,0
79674,2,2,4,0,2,5,6,7
440926,1047,1203,952,858,1095,1161,1112,1145
4664,17,17,28,24,23,17,33,19
63976,7,7,5,17,11,10,7,17
28985,309,357,203,194,277,261,275,299
7267,410,398,553,408,655,498,467,522
105374600,1,0,1,0,0,0,0,1
105377123,1,0,0,0,0,0,0,0
60314,159,198,98,132,153,126,122,143
8554,115,99,90,86,93,83,93,94
124902037,0,1,0,0,0,0,0,0
123591,0,2,7,7,6,5,1,5
23262,111,105,73,96,97,81,88,114
100421829,35,41,33,28,39,23,30,27
54968,171,168,74,60,83,92,77,107
282973,0,0,0,1,1,0,0,0
644383,4,3,4,3,2,2,8,3
106480675,3,3,2,5,6,3,9,6
124904722,4,3,3,2,5,4,3,5
22823,519,556,411,423,402,420,378,469
10500,2,3,5,1,2,3,1,0
5538,179,211,112,127,111,139,149,163
9961,6,4,11,10,12,5,6,6
6751,0,0,0,0,0,0,0,0
28989,281,298,191,195,262,219,215,225
4798,104,97,57,47,67,73,41,77
23301,36,40,35,28,44,26,28,50
101060684,20,12,10,16,10,15,21,18
170622,645,690,604,581,732,481,440,580
8892,147,143,55,89,79,85,97,77
124905023,0,0,0,0,0,0,0,0
100967223,3,0,0,0,1,1,3,0
124901745,0,0,0,0,0,0,1,1
646951,1,0,0,0,0,0,0,0
57529,0,0,1,0,1,0,1,0
84807,3,5,4,7,6,7,4,9
100422250,0,1,0,0,0,0,1,0
101927314,0,1,0,1,0,0,0,0
151457,27,40,14,20,26,9,15,19
9790,361,384,202,151,217,245,242,257
105372116,0,0,0,0,0,0,0,0
55743,35,45,27,22,29,32,29,36
124902241,1,1,1,1,1,0,0,1
162239,19,31,23,17,19,28,19,28
56852,117,135,91,74,82,66,73,95
92610,21,17,19,14,21,21,19,28
64848,111,89,83,75,101,101,117,143
100189152,0,1,0,0,0,0,0,0
26167,0,0,0,0,0,0,0,0
4724,423,506,393,358,465,386,345,457
102723722,4,3,2,1,2,0,1,3
9804,2216,2422,2353,2128,2565,2587,2136,2751
84283,1,3,5,4,4,2,4,2
2155,0,0,0,0,0,0,0,0
102724552,0,0,0,0,0,0,0,0
546,552,549,506,453,514,470,467,540
8658,45,46,44,51,43,47,58,51
54893,6,8,3,10,4,8,7,6
404785,0,0,0,0,0,0,0,0
93622,38,39,27,23,22,24,31,22
498,1034,1202,803,740,976,970,917,1088
41,8,15,20,26,27,28,29,28
1069,223,225,157,161,183,171,214,192
100128714,2,1,2,1,2,0,1,1
29078,418,542,267,235,325,297,251,303
8780,100,101,71,76,91,81,76,78
6427,447,477,202,204,256,282,311,315
107984624,0,0,0,0,0,0,0,0
286102,13,13,13,7,8,6,11,19
120400,0,1,0,0,0,0,0,0
340146,4,1,6,1,2,2,4,2
101929372,1,0,1,0,0,1,0,0
6005,0,1,0,0,0,0,0,0
121233923,1,2,0,4,0,1,1,4
51537,120,111,97,112,142,96,103,91
283458,504,543,418,381,546,594,557,494
65080,137,144,108,98,128,82,77,104
221092,128,176,227,235,256,226,154,212
10782,49,57,33,36,35,41,44,39
79640,59,39,34,25,55,35,37,46
8502,137,141,100,117,134,96,121,104
90874,10,5,9,6,8,8,9,4
6046,787,779,1652,1480,1876,1044,1053,1250
203429,4,1,0,1,4,6,0,5
9053,40,29,31,45,56,55,71,58
5049,401,401,270,243,261,251,234,311
124900987,4,7,0,0,0,0,4,1
3488,159,229,207,240,199,123,145,157
10241,95,99,96,92,122,111,98,128
11023,2,1,0,2,1,2,0,0
105375936,0,0,0,1,0,1,0,1
106479368,2,1,1,0,3,1,0,1
6208,14426,14585,13064,12750,14317,14686,12135,14838
84923,121,115,69,69,83,72,91,81
100189326,0,0,0,0,0,0,1,0
152940,0,0,0,0,1,0,0,0
84253,1,3,5,0,2,1,2,1
100507057,8,11,9,11,22,21,22,20
533,681,735,249,267,290,364,348,399
5163,72,68,143,134,131,87,78,77
54035,61,76,47,43,62,70,59,74
6536,36,41,18,16,24,19,16,25
326279,1946,2266,1776,1666,1987,1943,1606,1931
64596,282,296,201,177,269,217,190,238
80263,5,3,7,3,7,6,6,8
100506697,0,1,0,0,1,0,0,0
148418,2,2,3,2,0,1,2,4
125050,50,63,57,43,64,58,57,85
124904522,0,0,0,0,0,1,0,1
100271648,19,25,20,12,21,24,19,17
5683,1759,1995,1633,1391,1764,1746,1578,1938
663,128,145,86,68,94,99,91,102
100130335,163,172,139,132,162,137,126,138
399761,12,4,3,4,6,4,9,6
402230,4,8,5,6,4,5,8,8
124901491,0,0,0,0,0,0,0,0
222658,83,64,43,29,50,66,55,70
9839,47,40,47,29,42,29,33,32
6351,0,0,0,0,0,0,0,0
79101,303,339,373,288,354,313,331,378
51031,346,357,165,152,209,209,189,195
55183,290,324,307,270,296,291,276,262
51279,0,0,0,0,0,2,3,1
55788,48,41,29,21,37,25,35,46
2580,45,40,26,25,24,36,27,33
728748,2,4,0,1,0,4,0,3
100505881,47,54,32,14,26,32,31,38
1032,6,11,11,9,14,24,24,23
441531,280,295,190,225,292,241,278,280
440125,90,91,83,83,120,94,79,85
6993,662,752,581,526,675,632,584,725
401397,255,270,166,160,212,205,201,239
9675,47,60,40,29,50,41,37,35
84624,2,3,3,5,1,2,3,3
124906174,0,0,0,0,0,0,0,1
55506,56,62,50,47,68,55,65,52
3712,209,213,93,89,138,140,151,146
389383,20,17,10,11,10,23,18,20
23341,49,61,26,32,32,26,25,36
344148,4,6,9,12,10,11,9,15
51659,297,327,177,162,189,214,241,262
105369228,3,2,2,1,0,2,2,1
116938,0,1,0,0,1,0,1,0
23007,9,6,8,5,10,15,9,9
10277,32,29,24,34,40,35,28,49
9993,112,109,73,62,80,66,75,57
124901665,0,1,9,2,6,1,1,0
7121,0,0,0,0,0,0,0,1
2551,81,79,58,49,67,58,52,66
124901930,1,1,0,0,0,0,1,0
7705,442,506,328,253,364,350,313,351
126755,0,0,0,0,0,0,0,0
29072,168,149,119,91,124,124,106,134
131616,41,41,26,31,44,38,32,40
10430,470,525,337,370,452,411,419,443
54544,0,0,0,0,0,1,0,0
93166,17,19,11,14,15,25,13,19
79728,51,54,28,42,38,37,42,41
5931,1644,1791,933,939,1307,1260,1303,1356
101927999,0,1,0,0,0,1,0,3
5869,57,75,23,37,31,44,68,34
57707,24,22,13,18,21,23,27,22
4179,133,122,107,82,122,111,121,146
115098,200,225,176,172,194,171,190,201
154860,6,4,4,6,4,8,13,9
132014,0,0,0,0,0,0,0,0
400322,15,29,13,14,23,20,22,39
1642,221,269,252,200,246,262,270,271
102724594,596,674,381,401,545,393,422,492
666,3,1,3,2,2,3,2,2
100271287,6,11,9,5,6,8,8,1
6611,592,687,547,599,581,451,452,515
102465465,0,0,0,0,0,0,0,0
102723508,7,6,9,7,6,7,6,9
6197,74,51,49,52,57,65,65,59
29035,189,190,92,95,91,76,84,100
55108,63,52,59,50,72,69,76,86
9524,135,172,145,141,168,169,124,160
440567,200,245,151,138,165,211,180,199
2107,406,469,245,227,273,325,305,311
211,54,46,39,43,49,36,49,48
1102,10,15,6,1,4,4,4,6
54856,88,102,63,45,81,64,97,76
6158,1530,1824,1552,1542,1747,1783,1552,1742
389072,13,10,14,12,18,9,18,13
1622,535,626,587,518,682,519,474,600
23528,146,156,82,75,90,84,135,93
729617,351,406,343,290,330,394,339,364
55671,116,111,54,82,75,76,73,90
124902705,0,0,0,2,0,0,0,0
124901581,3,2,0,0,0,1,0,2
55847,479,546,321,353,437,413,360,428
71,6209,6461,4012,3798,4592,4245,4081,4611
55559,152,179,128,107,148,133,123,160
107985677,0,0,0,0,1,0,0,0
1509,90,87,79,95,98,101,109,116
728917,3,0,1,0,2,4,2,1
219931,10,3,3,1,6,1,6,0
102723416,1,1,1,2,1,0,1,1
55167,52,60,33,37,12,21,27,22
123466215,0,0,0,0,1,0,0,0
55002,32,28,36,31,35,37,41,39
55668,89,69,64,40,47,56,64,58
51547,42,35,26,18,18,34,24,23
645086,152,187,94,91,126,110,97,140
484,56,59,50,34,45,40,52,44
257093,22,25,19,23,27,15,16,21
100132594,1,0,0,0,0,1,0,0
83737,100,90,56,72,60,58,83,77
10621,262,268,103,112,158,174,175,150
22913,117,127,111,100,125,92,97,117
124902457,2,1,1,1,1,0,1,0
51520,1281,1263,861,851,1009,959,858,970
3161,256,299,228,242,261,321,261,353
5034,574,639,449,435,541,468,553,563
100131193,3,0,0,0,0,0,0,0
10314,85,76,89,74,96,97,84,85
284402,0,0,1,1,0,0,0,2
69,14,17,10,8,6,12,14,11
55573,160,195,110,94,125,119,118,113
147685,5,4,0,1,0,4,1,2
4745,0,1,7,9,16,0,1,0
105374809,4,8,3,3,8,3,3,5
205717,37,41,23,22,13,27,16,25
149111,24,26,13,9,17,22,23,19
2653,167,200,122,105,161,160,167,149
100775104,0,0,0,0,0,0,1,0
105378912,29,34,16,18,22,32,22,24
6048,153,185,137,142,241,162,153,155
124902854,2,12,4,7,3,8,11,6
57508,107,96,41,40,62,60,54,54
50636,5,7,8,4,5,2,2,9
163933,3,0,6,4,7,4,2,7
140465,246,316,322,303,361,325,312,388
124907765,0,0,0,0,0,0,0,0
388556,384,425,412,358,410,447,411,423
84868,1,0,0,1,0,0,0,2
79135,201,225,229,203,274,262,216,257
101929412,0,0,0,0,0,0,1,0
140885,13,7,16,5,18,16,13,8
728339,1,0,0,0,0,0,0,0
91614,52,48,34,24,43,38,43,49
55997,1,0,0,0,0,0,0,0
100189006,0,0,0,0,0,0,1,0
80017,19,15,14,13,16,17,13,14
51057,11,9,5,5,5,4,6,6
55186,169,158,167,164,195,147,145,178
6150,339,342,186,168,224,290,199,288
79077,659,742,396,387,496,402,467,491
7837,38,34,29,31,25,52,47,52
105376351,0,0,0,0,1,0,0,0
657,21,17,16,22,14,13,26,19
66005,171,205,119,113,160,152,139,134
3796,367,370,403,330,364,379,355,399
1506,2,1,2,1,2,1,0,0
105369351,0,0,0,0,0,0,1,1
27170,1,0,1,0,0,0,0,0
6732,838,840,558,503,659,650,716,817
51249,99,118,98,77,110,84,96,90
728737,12,15,17,9,7,7,12,9
106479836,0,0,0,2,1,0,1,1
23451,447,460,505,431,569,470,413,511
10102,217,238,99,104,136,142,125,142
124904568,1,0,0,0,0,0,0,0
105370489,0,0,0,0,0,0,0,0
291,291,284,142,121,166,160,156,166
56886,79,96,91,81,68,69,63,68
3152,9,16,3,3,4,5,8,5
80327,22,14,14,9,15,9,10,16
342776,1,0,1,0,0,0,1,0
65125,315,322,282,217,332,284,301,301
9114,68,82,21,22,19,48,35,40
5831,84,121,90,90,116,83,89,90
4552,69,72,49,47,49,53,40,53
124901306,0,2,0,2,1,0,0,0
51514,96,102,154,120,158,138,124,156
54808,75,90,75,72,108,86,81,95
124904347,0,0,0,0,0,0,0,0
100131874,26,27,14,22,17,15,18,10
51660,273,275,170,137,185,197,158,173
4569,86,106,109,69,91,110,81,131
128385375,16,24,2,14,3,0,6,3
677842,7,9,2,3,4,8,5,8
100131257,1,0,0,0,0,0,0,0
3337,267,303,67,88,73,87,81,81
22909,53,77,49,31,42,52,49,43
23660,27,28,13,16,22,20,20,18
23065,135,137,97,84,104,111,100,105
359749,0,1,0,0,1,2,0,0
23061,77,83,70,82,95,86,102,105
653162,59,61,45,27,41,66,56,64
54985,55,70,87,81,84,67,63,81
124901021,0,1,0,0,0,1,2,0
27109,99,102,67,50,76,82,74,88
260341,15,24,6,3,15,11,10,12
5132,0,0,0,0,0,0,0,0
11262,1,0,3,0,1,0,0,0
51162,165,164,160,164,179,135,135,143
4702,317,333,240,244,280,270,254,324
10263,110,120,50,47,56,55,56,61
645206,4,5,3,5,3,2,9,2
26580,0,0,0,0,0,1,0,0
9100,274,320,159,145,196,234,243,258
8727,277,301,240,223,307,275,285,294
11315,1466,1605,1045,863,1267,1140,1116,1229
124904116,2,0,0,0,0,1,1,0
55220,0,0,1,0,2,1,0,0
84246,470,538,304,263,346,326,294,365
10059,214,232,160,147,203,214,182,211
5097,4,7,9,9,11,4,6,7
829,597,612,298,357,288,363,347,392
116149,124,132,113,123,125,108,133,119
137682,44,38,32,28,41,42,35,25
105378669,0,2,0,0,0,2,2,1
79733,18,25,19,10,21,27,28,29
10771,65,42,15,13,26,33,26,34
105374947,1,0,0,0,0,0,1,0
101927829,0,0,0,0,0,0,0,0
105372485,2,1,4,3,3,0,2,1
105370932,0,0,0,0,0,0,0,1
7690,119,134,81,79,91,99,102,106
100271012,271,324,229,215,252,261,232,219
284001,18,11,8,10,17,10,15,14
55230,43,44,18,19,26,19,20,24
4659,285,278,204,245,247,216,243,270
9341,141,200,119,116,143,145,142,160
146212,0,0,0,0,2,2,2,1
1564,1,0,2,0,0,1,0,1
4524,12,20,16,19,16,16,13,20
284339,4,2,6,7,7,0,5,2
644146,351,394,325,339,318,419,354,291
7355,40,58,35,14,25,32,25,43
3738,8,7,5,6,10,10,9,12
372,156,150,101,101,131,109,120,128
81926,25,38,34,23,24,32,32,24
6207,4919,5352,4353,3877,4683,4522,3865,4806
25957,520,590,602,503,650,604,558,628
100270912,5,6,2,1,3,3,4,2
28987,226,234,177,152,188,176,178,214
102724814,6,2,2,3,8,2,1,5
51244,130,160,115,123,143,114,99,122
10193,80,92,59,37,71,48,66,68
6879,316,316,178,188,236,267,284,305
8815,338,353,239,256,302,289,257,341
8440,14,21,17,22,29,23,24,26
101929819,0,0,0,0,0,0,1,0
124905399,3,3,1,0,0,2,0,0
100169757,3,0,0,1,0,1,1,1
22943,0,0,0,1,2,1,1,1
29796,2154,2243,1659,1704,2035,1916,1687,1923
55425,116,121,67,102,121,103,120,168
4208,86,74,40,26,57,46,80,53
100507373,4,0,0,1,3,1,0,3
105372703,1,1,1,0,0,0,0,0
7398,404,378,305,266,363,306,302,339
105375517,0,0,0,1,0,0,0,0
84187,11,11,16,11,10,8,12,16
101928865,0,0,0,0,0,0,0,0
10324,7,7,7,6,9,5,10,11
127262,45,45,14,14,21,29,37,24
131965,71,92,47,43,58,50,52,62
6744,41,42,35,33,36,29,35,30
112616,40,57,41,41,60,36,50,44
10658,243,283,197,173,227,193,243,204
401509,4,0,2,0,2,1,5,2
100420850,9,2,5,4,4,3,2,2
285313,1,1,0,0,0,0,1,3
101927993,1,0,0,0,0,0,0,0
387101,1063,1136,917,927,1088,1036,896,1076
23215,1428,1667,1420,1150,1331,1504,1292,1588
100129403,34,25,25,17,14,25,22,15
780,14,15,30,17,31,25,25,26
644684,1,0,0,3,3,1,2,2
54431,212,190,143,112,141,121,144,140
441891,7,2,2,2,3,4,5,3
112724,104,100,55,47,47,67,50,60
3818,0,1,0,0,0,0,0,0
65996,53,60,46,61,63,43,46,58
105374538,0,1,2,0,1,0,0,0
493754,167,146,129,126,117,146,126,133
100616530,0,0,0,0,0,0,0,0
101928106,0,0,0,0,0,0,0,0
340947,50,57,59,50,66,73,50,55
10539,547,735,377,329,444,482,431,513
207,89,93,92,81,132,93,106,99
6429,485,502,470,490,693,485,520,613
374819,8,3,5,2,2,9,6,7
10766,110,115,63,50,58,58,72,63
29083,89,78,51,40,75,52,52,60
135152,16,16,27,26,19,4,12,15
124905429,0,1,0,1,0,1,1,1
399726,51,43,23,27,29,13,19,14
9659,43,42,53,41,49,54,54,52
23192,119,143,62,64,68,77,60,71
93659,0,0,0,0,0,0,0,0
54491,21,25,32,31,45,23,36,26
28755,0,0,0,0,0,0,0,1
10926,117,130,94,59,86,114,87,100
23518,73,85,86,69,84,78,75,88
59271,5,10,14,12,19,13,7,8
100996447,88,90,67,65,36,45,52,61
102465974,0,0,0,0,0,0,0,0
6382,25,31,35,40,39,39,43,35
124904889,4,7,2,4,5,3,0,3
100289187,8,10,10,9,10,6,7,8
51631,0,1,0,3,2,0,1,2
101927272,0,0,0,0,0,0,0,0
143282,10,11,17,4,19,11,17,21
34,254,230,196,211,265,187,210,249
100874471,12,11,6,7,5,7,1,13
2310,17,32,19,20,23,18,26,21
136991,0,0,0,0,0,0,0,0
390352,1,0,1,0,1,0,0,2
126626,85,101,30,21,23,43,39,35
648217,505,639,470,391,509,472,410,442
105377796,1,0,0,0,0,0,0,1
79022,416,465,296,323,383,342,299,343
54033,4,6,10,17,16,9,5,2
11227,0,0,0,2,2,1,0,0
100421693,131,126,66,71,93,93,88,107
8021,81,68,52,35,23,44,38,59
401505,1199,1358,727,716,892,856,911,856
7077,30,31,17,25,20,30,21,14
64417,38,37,12,16,24,29,21,31
54902,201,211,173,168,185,214,195,214
100132400,35,37,39,21,32,42,23,25
51186,176,160,190,147,203,181,179,211
10493,236,198,240,247,279,190,198,221
29123,292,374,258,270,268,372,380,396
107984830,3,0,0,0,0,0,0,1
29922,84,75,70,57,72,70,57,79
2872,148,137,100,105,102,84,113,94
8534,0,0,1,0,1,0,0,0
10898,41,67,46,41,40,51,53,45
449645,24,14,7,8,11,11,10,9
124903303,0,0,0,0,1,1,0,0
64949,608,737,398,398,573,524,474,514
347702,0,0,0,1,0,1,0,0
5777,6,1,4,3,6,6,7,6
54467,48,39,29,13,28,24,30,27
242,7,10,10,16,8,9,12,8
8473,136,165,70,67,66,85,96,87
80307,0,0,0,1,1,1,1,3
728635,41,49,48,39,46,38,50,41
124903330,0,0,1,0,0,0,1,0
100507124,22,15,6,16,10,12,16,13
57570,256,289,147,142,181,202,221,211
26098,85,78,48,46,60,65,77,83
100189190,0,0,0,0,0,0,0,0
150465,56,50,61,77,78,65,72,71
84069,4,4,1,2,2,1,8,3
29071,73,81,35,30,49,51,38,48
5500,576,588,387,370,323,333,326,345
105373193,4,2,4,2,2,5,5,6
5394,167,183,100,82,127,112,129,151
29107,82,98,59,84,106,82,76,59
100189187,1,1,0,0,1,0,1,0
100131609,37,32,30,21,40,31,29,34
1716,325,346,369,356,494,337,279,345
441250,18,30,9,7,14,9,16,17
11168,829,727,555,560,631,654,624,705
340277,29,25,46,42,53,55,30,44
9956,0,0,0,0,0,0,0,0
7494,104,105,81,74,78,73,69,84
106633810,0,0,0,0,0,0,0,0
6159,2101,2282,1919,1774,2024,1935,1643,2056
10609,69,76,73,62,72,64,63,76
8891,224,240,178,170,210,218,235,254
105370604,1,0,0,0,0,0,0,0
1632,169,221,159,194,209,201,203,223
105378593,0,0,0,0,0,0,0,0
83608,52,44,27,28,41,50,39,41
5244,4,6,8,5,6,6,7,15
124909363,0,0,0,0,0,0,0,1
6792,11,8,6,10,11,10,9,6
107987209,0,1,1,0,0,1,0,0
3221,52,70,45,53,49,38,44,52
105373700,0,0,1,0,0,0,0,0
64581,1,0,0,0,0,0,0,0
105370460,0,0,0,0,0,0,0,0
729597,5,8,6,1,4,1,0,6
259230,42,36,24,23,26,31,20,20
93589,0,0,0,0,0,0,0,0
115908,2,0,0,0,0,0,3,0
3709,69,81,108,87,108,94,98,108
55911,0,0,0,0,0,0,0,0
8045,32,47,28,35,35,25,35,28
28977,573,618,509,447,572,507,437,520
643954,3,4,0,2,0,5,7,1
724104,0,0,0,0,2,0,0,0
9679,41,43,32,39,34,17,23,38
1937,3060,3390,3110,3039,3747,3075,2822,3143
6263,0,0,0,0,0,0,0,0
112267900,0,0,0,0,0,0,0,0
146050,19,23,28,18,19,27,28,29
6330,5,3,12,6,3,7,6,6
64089,4,4,9,4,2,4,7,5
29942,2,3,1,1,1,0,2,5
22919,283,332,187,172,252,181,220,221
100189319,2,0,2,0,0,0,0,0
149478,0,1,0,0,0,1,2,1
2799,55,49,30,30,28,45,39,55
105377551,1,0,0,0,0,0,0,0
253943,90,111,54,57,45,70,72,84
9927,174,160,110,76,115,100,103,108
100132169,4,5,7,2,2,7,8,6
26268,236,256,123,103,133,195,159,188
23132,95,108,73,64,98,66,64,102
3954,208,171,124,112,96,116,141,138
107984219,2,1,1,2,0,0,0,1
10036,236,268,198,188,241,223,284,233
105372370,0,0,0,3,0,0,1,1
149775,10,6,8,5,8,22,7,20
28231,32,27,21,27,29,25,29,25
54067,4,2,4,2,1,5,0,2
9403,580,647,483,405,492,492,498,610
54940,470,505,256,269,327,359,334,371
27244,65,44,57,56,60,66,62,58
100128081,0,0,0,0,1,0,0,0
728979,228,281,223,191,230,248,274,255
126382,49,47,40,31,57,41,59,49
386758,19,31,11,11,11,7,10,7
2611,12,8,9,5,9,3,7,14
100169951,1523,1480,314,389,465,902,749,722
3487,0,0,1,0,0,1,0,0
11258,263,275,175,156,203,233,226,268
105371745,0,0,0,0,0,0,1,0
388569,11,8,6,3,7,9,2,10
3164,5,11,30,25,28,12,5,9
100128503,0,0,0,0,0,0,0,0
10613,48,55,54,57,72,61,54,70
647236,654,797,632,571,678,626,541,691
106481264,0,0,0,0,0,0,0,0
5261,68,56,60,51,78,49,54,81
1059,51,51,21,28,30,48,43,48
284788,0,0,0,0,0,0,0,0
450,0,0,0,1,0,1,0,2
730232,2,0,0,0,0,0,0,1
220441,8,9,8,7,3,5,4,5
57549,1,1,0,1,1,0,3,2
266722,11,13,15,6,20,10,15,12
107987000,1,0,0,1,1,1,0,1
10331,0,0,0,0,0,0,0,0
353088,21,21,22,18,19,19,21,27
374286,1,3,1,2,0,0,2,0
100289244,36,53,29,26,22,49,35,38
23387,19,15,15,14,6,9,16,18
84946,309,317,125,125,162,170,162,191
79603,4,1,8,8,6,14,12,9
105375156,0,0,0,0,0,0,0,0
7186,72,93,50,50,54,51,58,54
246184,80,105,38,44,61,80,43,68
124900597,1,2,1,2,1,3,0,3
80305,146,149,110,106,147,113,106,147
8479,257,272,250,227,337,198,161,231
101927325,0,0,0,0,0,0,0,0
124902814,1,2,2,2,1,1,0,1
402,433,557,357,327,412,411,380,476
105371622,16,26,15,17,30,19,21,25
55122,105,127,108,83,125,100,87,96
104326058,0,0,0,0,0,0,0,0
5709,207,202,139,142,227,216,234,228
124903838,0,1,1,0,0,0,1,0
94081,600,609,387,365,315,376,351,410
11146,119,106,53,23,48,64,59,51
100506681,0,0,0,0,0,0,0,0
109616999,3,2,1,0,2,1,2,2
644739,40,34,39,34,31,40,37,47
1434,554,633,364,337,415,413,440,426
50848,63,60,90,94,97,100,85,107
340719,18,12,12,12,14,16,16,16
392636,0,1,0,1,0,0,0,0
84522,290,356,150,129,164,169,165,198
57107,24,26,21,16,30,17,12,21
124902738,0,0,0,0,0,0,0,0
196483,49,52,49,40,53,30,31,49
2734,174,168,146,114,119,160,167,172
133522,34,38,40,30,31,18,31,38
6683,27,30,22,19,21,11,23,27
5188,27,25,16,11,30,23,16,31
10739,0,0,1,1,0,0,1,0
116028,30,24,37,34,56,31,35,34
140803,0,1,0,0,0,0,1,0
10460,135,150,113,80,115,120,152,113
6553,2,1,7,3,8,3,1,5
2508,26,38,29,24,17,35,27,32
105375012,0,0,0,0,0,0,0,0
26770,113,115,98,92,120,156,141,144
3651,3,1,0,2,0,2,1,3
10056,196,208,180,176,200,160,180,185
100189115,0,1,0,0,0,0,0,0
286826,69,73,46,46,55,48,40,60
124903454,0,0,0,0,3,0,0,0
100616449,0,0,1,0,0,0,0,0
9466,13,14,8,16,10,11,21,12
677848,0,0,0,0,0,0,0,0
3991,3,0,0,0,0,1,0,1
100127983,52,74,44,53,59,60,52,67
100506929,0,0,0,0,0,0,0,1
2958,516,613,327,291,364,352,380,361
595101,60,80,34,39,53,39,41,50
27163,45,38,31,40,35,39,41,42
56920,0,1,1,2,0,2,1,1
115560,11,15,4,6,2,8,3,6
587,145,179,141,120,192,149,167,168
286410,160,141,111,106,108,125,159,149
112268192,0,0,2,0,2,0,2,0
27290,0,2,0,0,0,0,0,1
55178,136,149,68,77,91,93,74,78
8751,0,0,1,2,5,3,1,0
197370,227,277,185,202,263,191,204,203
100419520,0,0,0,0,0,2,0,0
124900583,0,1,0,0,0,0,0,0
6625,110,122,179,171,215,191,203,196
124901482,2,9,2,0,1,2,3,1
153222,19,15,25,27,32,26,23,15
79842,3,12,7,5,2,5,3,7
100874463,0,0,0,0,0,0,0,0
9244,4,4,6,7,12,6,6,5
136647,173,217,160,139,214,161,184,182
219623,0,0,0,2,1,0,1,1
10325,15,21,5,3,3,7,9,10
391524,5,15,8,7,12,11,8,17
23370,29,25,25,18,20,14,24,31
348254,16,7,23,9,16,12,10,17
5496,589,660,526,512,736,650,672,702
641339,9,6,3,3,9,5,8,7
653519,54,60,22,16,17,20,31,24
100271042,0,0,0,0,0,0,0,0
89927,0,1,0,1,4,2,1,0
100506994,9,10,6,4,6,7,3,11
160418,212,233,139,137,129,119,107,170
8643,4,3,0,1,3,3,2,5
51602,767,891,414,361,484,467,377,472
80895,111,123,41,39,70,51,74,56
136307,0,1,0,0,0,0,0,1
5289,89,75,72,57,77,61,65,81
9609,34,24,16,13,20,13,18,19
407037,0,0,0,0,1,0,0,0
10426,47,41,48,44,64,46,38,46
124936,102,134,68,63,66,63,49,65
23293,99,106,53,45,54,65,60,66
105378948,4,0,3,0,3,3,1,0
23788,314,469,249,253,363,447,396,408
2670,0,0,0,0,0,0,1,1
79084,313,360,137,105,167,160,178,189
100271361,384,428,290,268,268,367,336,336
81556,126,171,79,66,73,79,83,110
124901112,1,0,0,0,1,0,0,0
85301,7,9,7,8,3,5,11,10
2590,78,72,76,70,91,71,81,101
84294,112,151,75,67,86,92,87,101
9528,342,425,282,275,334,344,354,396
196264,4,12,8,4,2,5,2,2
105375669,0,0,0,0,0,0,0,0
90423,3,7,11,10,10,12,3,6
2317,39,48,58,46,56,47,54,67
101928948,0,0,0,2,2,1,1,0
79735,4,4,11,10,6,12,11,14
107985156,0,0,0,0,0,0,0,0
339230,210,229,101,81,140,156,105,160
101060144,2,1,0,0,0,0,0,0
100129391,4,5,2,3,2,2,1,0
282566,1,0,1,0,1,3,0,3
2017,425,423,202,217,227,247,232,274
55631,81,65,67,74,74,69,73,73
106481869,0,0,0,0,0,0,0,0
105373113,4,5,4,3,4,1,8,11
283254,7,12,5,1,6,3,7,6
100189299,2,2,1,0,0,0,0,0
124902194,2,1,0,1,2,0,1,1
6472,460,515,428,439,540,383,396,435
85365,44,41,15,14,19,29,21,29
100506753,0,0,2,0,1,2,1,0
107985189,3,3,2,2,0,2,1,0
100271302,9,11,6,8,8,13,10,10
79228,151,127,115,96,131,89,94,85
100129781,3,0,1,2,0,0,4,1
440973,0,1,0,0,0,1,1,0
27343,69,74,75,47,90,81,86,63
58,1,1,0,0,1,1,1,1
124901643,1,0,2,0,0,1,2,1
284716,13,11,19,16,27,19,14,23
105374523,0,0,0,0,0,0,0,0
10928,201,204,163,173,200,168,159,216
441124,12,6,10,11,9,12,8,21
5211,117,106,167,150,173,123,111,124
105371781,1,0,0,0,0,1,0,0
8438,42,47,61,40,64,63,70,71
55094,82,89,28,33,47,72,56,63
977,310,368,153,178,239,251,216,253
23473,64,53,53,37,65,54,43,53
100419307,0,1,1,0,0,0,0,0
166785,2,6,5,5,1,5,4,9
9088,118,140,142,110,155,143,139,143
9476,1,1,1,2,1,0,0,1
1522,33,41,20,18,30,27,28,29
124152,37,31,21,22,33,19,33,41
2535,13,18,20,11,12,10,21,20
84140,45,44,98,84,101,63,86,72
26153,14,17,25,28,26,27,24,29
136332,1,1,1,0,1,0,0,0
114327,23,25,27,18,29,25,38,34
9134,59,56,34,38,30,18,34,43
7291,54,62,19,36,19,30,50,31
3344,59,46,70,69,61,42,44,54
51099,40,42,28,18,18,24,30,31
6451,46,57,53,61,70,64,57,72
353500,3,3,3,3,1,1,0,1
124904664,0,0,0,0,0,0,0,0
84172,64,72,55,41,70,56,44,38
646644,29,34,18,12,23,27,27,27
1641,1,0,0,0,0,0,0,0
4694,1438,1496,1321,1194,1512,1744,1337,1681
9055,622,597,408,418,554,465,505,579
541471,69,78,104,90,115,96,87,108
113878,8,10,11,7,11,9,13,6
790955,317,398,237,188,226,242,268,275
26284,83,106,68,55,70,60,57,71
8933,309,321,208,205,276,254,287,275
677832,0,0,0,1,0,0,0,0
64795,272,301,307,258,339,219,197,241
51073,385,468,216,252,303,296,289,327
124901888,0,0,0,1,1,0,0,1
780851,27,19,31,25,25,33,30,39
100288978,7,8,3,7,5,8,3,2
715,8,5,12,9,10,2,5,8
55791,121,129,61,69,81,61,55,66
91663,64,64,56,61,50,26,39,45
55854,538,593,417,370,497,369,345,433
10743,30,29,26,20,28,25,25,23
124909453,0,1,1,0,0,0,0,0
55359,1,1,2,0,1,5,1,2
2058,766,738,605,594,725,686,620,684
105375013,0,0,1,0,0,0,0,0
26156,1097,1183,785,754,1075,813,748,889
105374495,1,0,0,0,0,0,0,0
22955,61,40,45,41,46,43,44,46
124902824,0,1,0,2,0,0,1,1
440574,1376,1459,1011,900,1221,1206,1102,1334
57102,76,77,28,32,40,50,50,34
101927789,0,0,0,0,0,0,0,0
115830329,4,1,2,2,6,3,8,4
105375334,2,1,1,4,3,1,6,5
5291,19,26,10,9,14,17,18,22
101927086,3,0,0,0,2,0,1,0
8239,304,270,259,224,250,271,257,307
105378571,1,0,0,0,1,0,0,0
10423,87,65,68,65,82,71,78,65
6746,521,601,335,316,354,357,352,431
729163,31,34,14,12,11,27,20,24
9253,13,5,13,12,14,11,28,13
105373616,0,0,0,0,0,1,0,0
56270,271,276,232,187,213,240,199,248
653489,22,15,15,14,26,17,15,16
343099,174,184,92,72,106,120,86,136
154791,248,283,218,195,274,323,264,333
267,141,164,88,119,63,86,106,70
124903906,1,0,0,1,1,0,3,3
1329,1206,1299,1200,1188,1527,1225,1142,1245
8209,138,147,104,123,82,102,119,115
79848,156,155,100,98,117,147,151,175
26093,5,8,4,5,2,3,9,7
400713,6,14,2,4,4,8,3,6
5837,1,0,0,1,0,0,0,0
118813,91,96,45,42,49,48,69,58
124903667,8,7,2,1,0,2,0,2
392301,166,201,176,171,180,252,211,241
643653,12,25,16,14,7,16,13,21
6176,12682,12994,11683,11551,13510,12602,11039,13021
650655,1,3,5,2,3,3,1,1
102724848,0,0,0,0,0,0,0,0
123722,2,3,3,1,1,1,1,1
79794,93,117,59,61,51,50,62,83
171568,237,229,64,57,80,103,98,121
402420,6,0,1,1,0,2,1,3
51667,223,176,135,113,159,162,146,182
6627,400,408,545,494,615,505,425,562
107985996,0,0,0,0,0,0,1,0
9928,161,137,69,61,65,81,83,101
1431,450,429,310,290,408,365,383,417
2730,44,36,37,35,35,44,45,34
267010,1,0,0,0,0,0,0,0
943,0,1,1,0,0,2,0,0
11222,418,443,217,230,334,294,282,287
58517,1896,1944,1432,1320,1668,1452,1350,1630
339524,0,0,1,1,0,2,1,0
145853,226,236,242,226,288,189,211,242
7518,87,74,40,41,47,35,41,43
171546,252,281,230,209,271,218,188,232
146395,0,1,0,0,1,0,2,1
4085,505,527,257,223,269,395,369,469
2820,42,58,59,53,58,43,54,59
400064,302,329,274,226,277,313,234,255
100885848,2,2,1,2,5,7,3,3
8682,59,61,41,34,47,45,60,50
7266,338,392,242,236,310,326,346,327
100874444,1,3,0,0,2,0,0,0
3235,7,10,18,11,6,8,11,4
124905180,2,1,0,1,1,1,0,0
3760,0,0,0,2,2,2,1,1
100129243,317,341,284,216,246,341,270,284
100270944,10,4,7,7,5,13,11,11
646567,4,3,0,0,7,0,2,3
1854,511,603,392,356,383,538,464,495
100189008,0,0,0,0,0,0,0,0
726,2,3,1,3,1,3,4,4
100189310,8,9,2,3,2,3,6,4
284615,3,2,6,6,8,1,3,5
106635541,8,7,5,8,5,6,10,5
441194,4,10,1,5,2,11,6,7
503693,5,3,3,6,1,0,5,7
84299,305,415,264,212,295,300,286,297
6524,1,0,0,0,0,0,1,0
124903813,7,3,5,1,1,4,4,7
54439,74,95,64,57,61,57,66,70
392197,0,0,0,0,0,0,0,0
10950,84,90,142,150,218,78,83,94
7060,6,5,7,3,3,5,3,3
124901629,0,0,0,0,0,1,0,1
442216,53,63,40,32,24,60,39,43
340351,12,9,5,1,5,9,3,14
133569,2,2,0,0,1,1,1,1
3123,25,43,31,35,55,36,36,47
109616972,0,3,1,2,1,0,2,2
619443,177,170,107,88,108,145,142,144
9644,6,2,21,15,27,12,15,8
400141,10,18,15,14,20,17,14,17
9255,318,354,318,293,413,339,330,384
8503,1,2,1,1,2,1,0,4
100128712,0,2,0,0,0,0,0,0
6605,380,400,302,267,357,327,339,352
4350,142,156,181,184,210,179,153,207
29775,6,15,13,9,17,13,18,13
9942,19,14,14,14,18,21,16,25
91523,0,0,0,1,3,1,1,3
100506161,9,11,8,4,7,1,4,8
10750,0,0,0,0,0,0,0,0
6866,0,0,0,0,2,0,0,2
4921,21,23,9,6,6,43,31,52
149773,1,1,0,0,0,0,0,0
107075110,0,0,1,1,0,1,3,1
137529,202,242,170,173,183,171,159,201
84319,517,577,490,440,527,528,513,551
124801,300,324,174,193,203,173,203,208
100289191,7,14,5,6,6,6,4,6
6086,13,12,10,8,9,22,13,12
151477,1,0,1,2,2,3,2,3
9442,146,195,89,110,134,102,97,115
101929802,1,0,0,1,0,0,0,2
6950,961,1036,726,674,949,762,800,816
79056,30,28,11,12,9,25,21,29
23314,100,156,84,93,93,62,49,74
100616406,0,0,0,0,0,0,0,0
100418887,1,2,2,1,5,4,5,5
107986198,0,0,0,0,0,0,0,0
170689,2,2,0,7,2,5,1,4
11101,86,99,51,48,69,69,70,66
2821,1631,1774,1596,1578,1642,1508,1572,1771
5966,38,41,45,41,55,39,41,33
100270892,0,2,1,0,2,0,1,0
25788,25,25,23,23,46,22,36,30
10945,398,488,393,368,425,445,474,507
9941,23,24,19,13,11,7,10,25
54913,6,9,1,3,2,6,6,3
107986350,0,0,0,0,0,0,0,0
64579,0,4,0,2,2,3,1,4
63917,39,42,35,39,47,47,57,39
550643,339,340,338,296,341,342,323,351
106478916,0,1,0,0,0,0,5,0
653269,1,1,0,0,2,2,2,1
10797,376,442,383,376,504,322,322,350
55222,11,7,22,13,18,14,18,23
100505681,7,4,2,5,3,3,3,3
54681,40,32,32,37,41,40,50,38
140739,85,89,50,41,42,42,71,42
6469,0,0,1,1,0,1,0,0
160,24,27,36,37,48,34,38,23
339201,15,17,19,22,20,29,28,22
677776,0,0,0,0,0,1,0,0
80381,89,87,52,72,78,67,91,91
201514,23,21,25,17,27,19,17,24
124903043,0,0,0,1,1,1,0,1
54904,183,200,167,140,143,178,176,215
728641,836,893,428,377,504,531,512,597
345651,1,2,0,0,0,0,0,0
208,124,144,87,87,107,100,151,116
3014,3,2,0,1,3,0,1,2
51105,95,102,40,32,44,55,50,52
105370765,0,0,0,1,0,0,0,0
374655,19,8,18,10,12,9,9,11
101928343,0,0,0,0,0,0,0,0
5157,24,23,22,25,25,38,27,31
107399303,1,0,0,0,1,1,0,2
79940,6,1,10,1,4,5,9,4
81570,149,142,77,80,89,69,95,84
4792,60,83,62,52,77,46,51,61
7284,809,893,948,933,1118,955,933,953
10998,57,77,72,57,77,57,60,57
124904526,0,1,0,0,0,0,0,0
9687,2,0,6,1,1,3,1,5
6305,22,19,32,30,25,30,38,38
283412,130,146,134,108,109,112,104,125
118460,589,496,157,217,115,192,224,219
124907912,0,0,0,1,1,0,0,1
55017,107,120,74,78,84,85,83,113
6595,41,31,26,36,46,43,72,44
100127999,171,182,140,135,153,171,136,178
22948,1796,1928,1372,1332,1732,1414,1233,1630
55315,11,16,4,3,8,6,5,6
51167,3,4,2,1,5,1,3,1
9277,104,165,56,62,68,85,76,75
85444,47,65,40,32,52,54,59,58
23198,46,47,65,53,54,50,65,51
100130909,0,1,1,0,2,0,1,2
255738,0,1,1,0,0,0,0,0
115399,1,1,0,0,0,0,0,1
162494,8,10,12,7,5,5,11,8
252839,259,313,228,245,274,272,233,311
107985982,5,9,5,6,5,11,10,6
11127,256,266,179,138,199,208,187,227
100616668,2,0,3,0,1,0,0,0
378707,29,22,13,19,11,16,25,25
124903705,0,0,1,1,0,0,0,2
107985209,1,0,1,1,0,0,2,2
9475,174,171,147,122,149,151,148,178
94086,2,1,0,3,2,3,1,0
728819,3,9,3,3,4,10,0,7
23200,35,32,28,23,39,28,51,39
5318,73,76,62,61,78,77,65,97
10914,297,305,245,215,259,258,281,272
105373250,0,0,1,1,0,0,0,2
84255,39,42,26,14,23,29,37,31
6171,7264,7611,6926,6766,8284,8006,6179,7992
1824,54,66,55,69,51,46,60,71
441425,9,8,15,10,11,17,12,19
25929,94,110,70,55,98,92,76,102
118487,286,314,214,187,258,266,263,267
107984935,25,24,9,6,19,26,23,34
23766,0,0,0,0,0,0,0,2
27347,22,37,41,32,42,33,32,31
100129176,449,490,254,270,347,386,377,334
475,602,582,437,434,528,548,488,516
107986516,0,0,0,0,0,0,0,1
26628,0,0,0,0,0,0,0,0
644907,1992,2194,1989,1866,2143,2090,1810,2146
27342,54,69,37,36,41,47,40,38
339674,4,1,6,4,3,9,2,4
100270902,2,1,2,0,0,4,4,0
10550,152,177,178,191,196,231,208,226
644315,1412,1613,1191,1107,1343,1422,1446,1445
9631,472,450,392,417,294,383,397,403
100271576,6,2,2,4,2,2,2,3
10917,0,0,0,0,0,0,0,0
644482,0,0,0,0,0,0,0,1
54732,647,749,299,248,397,372,347,429
5962,674,722,490,475,623,582,576,709
55266,170,199,59,61,87,86,71,90
101929769,4,7,3,5,0,8,2,1
100271319,109,116,100,110,120,108,92,121
105375287,0,0,0,1,0,0,0,0
100189365,5,5,2,3,2,2,5,1
7101,1,0,1,1,1,0,1,3
105370560,9,5,0,4,2,0,1,1
606500,4,6,1,2,6,9,3,7
124901785,0,0,0,0,0,0,1,0
9501,14,11,13,10,18,7,8,9
441631,1,1,1,1,1,0,0,0
842,14,8,10,12,13,12,17,17
105373349,0,0,0,0,0,0,0,0
101929943,0,0,0,0,0,0,1,0
8766,314,371,333,283,393,355,321,360
2495,1319,1447,1207,1151,1461,1402,1245,1403
7976,144,151,97,114,114,119,140,159
339324,138,125,71,68,69,99,73,94
7216,21,29,8,5,5,19,19,18
23549,43,39,47,66,77,42,41,36
644573,2,0,1,0,0,0,1,0
7423,33,36,34,36,55,48,56,40
84268,366,436,359,313,406,368,424,404
107985020,0,0,0,0,1,2,1,0
79147,33,31,8,10,11,7,14,14
100507321,10,9,2,3,3,5,4,3
2582,75,83,51,46,56,61,61,63
341148,7,5,5,1,6,3,1,1
102723385,1,10,3,3,1,0,1,1
8443,181,214,138,141,178,186,196,214
79872,66,71,46,61,59,43,47,58
196951,1,1,3,1,2,3,1,2
101927872,0,0,1,0,0,0,0,0
83440,89,76,40,33,45,39,56,56
3843,366,366,476,392,488,406,410,449
100132049,324,325,293,223,267,341,291,283
7581,171,198,117,128,161,147,133,193
100189383,0,0,0,0,0,0,0,0
8795,98,115,85,79,87,80,96,74
105373367,0,1,0,1,0,0,0,1
115482697,4,5,6,4,2,7,8,4
51020,474,504,471,410,566,435,462,432
1840,0,1,0,0,0,0,1,0
644996,6,9,11,10,8,12,4,6
5771,74,93,41,46,51,48,40,55
57092,344,338,287,278,357,284,241,300
509,1207,1328,774,821,965,989,910,1105
10635,180,200,169,156,207,190,165,202
100189009,0,1,0,0,0,0,0,0
789,0,0,0,0,0,0,0,1
375260,0,2,1,2,3,0,3,1
51108,212,234,315,278,366,218,233,274
79867,89,86,45,44,11,38,33,38
126917,10,5,15,14,13,14,11,6
23063,175,150,92,116,126,119,136,134
100507458,2,2,2,0,1,4,3,3
124904943,0,0,0,0,0,0,0,0
65979,118,114,106,86,104,96,122,126
9331,11,7,14,9,17,15,13,9
63897,73,82,76,62,70,55,52,60
106480277,49,67,24,23,21,34,25,29
161,53,55,37,38,57,60,55,41
6631,1240,1359,867,867,1134,1100,1026,1143
124904771,0,2,0,1,0,0,1,0
8816,73,81,80,71,96,94,103,104
102723464,0,0,0,0,0,0,0,0
54503,30,33,22,32,32,30,18,29
79960,71,66,53,33,61,60,71,59
3064,33,36,29,29,22,43,45,32
727803,78,101,51,48,59,43,48,50
79078,46,63,34,40,39,37,34,44
224,116,122,69,64,78,88,90,97
148213,9,12,3,2,4,12,4,14
55112,148,141,110,73,128,141,99,131
27112,7,12,15,15,19,4,12,15
78989,2,1,0,1,2,0,1,1
26589,288,277,98,130,128,127,113,127
391169,4,4,2,5,4,5,4,8
100128525,105,107,65,66,90,90,84,85
105378180,0,0,1,1,1,1,1,0
2044,1,1,3,1,2,4,2,4
283933,0,0,1,0,0,0,0,0
3735,381,427,340,282,410,396,326,419
124904599,0,1,1,2,5,2,2,2
27141,3,1,0,0,0,0,1,0
124900819,0,8,3,2,4,5,2,1
1130,54,44,46,54,65,69,51,67
108783654,11,16,11,8,3,12,23,18
100420251,2,0,1,2,2,0,2,2
23418,2,1,1,2,0,2,1,0
112770,30,30,21,21,32,25,19,22
84295,219,224,215,173,241,200,193,235
105377635,0,0,0,0,0,0,0,0
100170220,13897,14510,4946,4563,5358,10182,8109,8981
4477,0,0,0,1,0,0,0,0
9563,24,29,24,18,22,19,31,26
55193,125,127,103,100,103,97,134,127
51013,167,229,122,135,193,188,174,226
100422490,6,6,4,1,5,2,3,0
81888,36,28,24,22,41,33,44,34
348235,435,441,307,329,335,396,359,392
80777,331,373,145,183,200,236,247,243
7525,63,63,68,46,64,58,56,69
11202,0,0,1,1,3,0,0,1
51081,439,526,217,235,285,312,304,318
170548,21,22,13,16,17,19,24,15
389677,79,68,47,34,58,59,46,47
441355,0,0,0,0,0,0,0,0
10142,447,444,395,370,353,403,345,459
100271352,2,1,4,1,3,3,2,0
23164,137,160,84,80,67,76,105,80
124900578,39,27,18,18,21,23,15,18
440055,1399,1613,1587,1325,1537,1472,1287,1567
6839,86,82,57,42,60,57,56,60
57596,3,4,8,3,3,3,4,0
153562,116,130,71,51,73,89,65,90
9330,77,89,93,95,136,90,107,104
83982,74,68,70,56,99,92,72,87
147694,13,14,4,7,4,6,11,5
5719,126,123,75,88,83,105,92,112
124751,8,10,5,6,9,13,7,9
84823,182,162,153,138,170,112,155,146
442256,2,3,0,0,2,1,0,1
107985072,1,0,0,1,0,0,0,0
107986307,0,0,0,0,0,0,0,0
101410545,0,0,0,0,0,0,0,0
22970,1170,1372,989,912,956,1331,906,1122
107985034,12,7,2,2,2,2,2,3
285116,10,14,9,5,7,12,7,8
501,196,201,178,192,254,215,192,235
3992,110,115,86,74,86,115,106,107
6507,60,55,56,43,99,50,73,53
205251,144,162,126,99,119,122,110,114
124903968,12,8,14,9,7,14,5,8
6051,43,49,49,52,65,68,80,71
3073,111,101,95,87,138,119,102,124
124905547,0,0,0,0,0,0,0,0
101929565,1,0,0,0,0,0,1,0
5013,3,1,4,6,6,4,5,3
1295,1,2,0,3,3,1,3,1
151534,2,2,1,2,6,5,2,1
79892,114,134,110,98,110,120,148,147
23013,491,477,662,570,598,449,442,497
25771,41,30,6,23,35,23,31,34
153743,2,4,5,3,6,3,4,6
5787,1,1,2,0,1,3,2,2
9140,212,218,160,147,198,152,149,183
197350,0,0,0,0,0,0,0,0
124905256,0,1,0,0,0,0,0,0
6838,238,247,130,137,160,160,147,169
402184,6,3,3,4,4,5,4,3
7230,1,0,0,0,1,0,0,0
150159,2,1,1,0,0,0,1,0
124905531,0,0,2,0,0,0,0,1
51755,219,239,137,135,151,127,104,151
7157,371,406,156,243,125,170,211,178
56898,28,21,25,24,28,35,35,22
124904019,0,0,0,0,0,0,0,0
374920,43,32,63,56,77,78,54,86
379,18,20,23,15,36,18,16,15
221477,113,108,64,53,78,70,68,86
11157,360,392,230,197,258,252,192,240
57562,11,14,21,15,21,12,21,19
9895,32,23,6,9,20,12,11,13
107986465,1,1,0,0,0,0,0,0
392517,1,0,0,0,0,0,0,0
389170,4,4,1,2,3,1,3,3
960,19,28,27,25,30,45,37,28
105376289,0,0,1,2,0,1,0,0
55778,21,30,13,20,22,20,26,27
10745,24,18,12,16,20,19,15,20
79074,98,85,105,88,99,69,95,87
79050,64,66,44,41,32,52,34,48
143425,8,10,5,6,12,4,8,12
1652,595,649,760,695,948,800,706,795
147923,61,96,65,61,73,69,58,69
4172,876,805,424,411,487,565,551,501
2550,3,6,6,9,5,3,10,9
1983,708,736,307,279,363,447,471,522
6092,13,14,8,12,14,10,14,12
254048,47,56,24,34,26,29,34,31
7236,0,0,1,0,0,0,0,1
8879,101,127,59,53,75,52,50,77
9812,29,20,27,25,27,35,28,29
100996342,0,0,0,0,0,0,0,0
10063,360,414,258,198,302,299,320,319
109616967,0,0,1,0,0,1,0,0
27018,1109,1237,929,876,1150,1281,1280,1385
64087,139,148,119,113,150,144,150,163
58492,9,9,5,10,12,10,9,14
6282,296,337,285,269,312,314,291,312
157769,52,72,18,40,23,25,34,32
4523,3,5,5,3,4,2,5,8
3635,1,1,2,0,3,1,1,1
9481,5,8,9,10,7,9,12,11
389741,52,51,38,41,50,67,61,63
55325,72,92,75,55,95,67,75,73
343069,7,4,5,0,3,2,5,2
145447,1,0,0,0,0,0,0,0
84168,43,30,25,17,22,32,23,22
124903619,1,0,0,0,0,2,0,1
100130450,15,16,20,9,27,17,17,21
79857,0,0,0,0,1,0,0,1
107986015,9,3,10,11,2,3,5,6
124903827,0,0,0,1,0,0,1,0
51018,585,641,287,228,284,322,290,323
1266,619,684,355,443,337,330,386,378
80728,6,7,5,1,2,3,3,5
84838,8,7,12,5,11,6,10,6
105371032,7,6,3,6,5,3,4,6
150142,0,1,0,0,0,0,0,0
107986524,1,0,1,0,0,0,1,0
199857,82,112,48,18,48,61,39,53
440107,0,0,0,0,0,0,0,0
9761,379,390,171,185,141,183,175,230
100130102,2,1,0,0,1,0,0,1
2783,131,156,122,126,167,148,126,152
101929882,1,0,0,0,0,0,0,0
102723534,3,0,1,1,0,2,0,2
246176,0,1,0,0,0,0,0,0
100131303,0,0,0,1,0,0,0,1
645798,22,42,21,20,20,29,16,21
105371452,2,5,1,1,3,1,1,2
55054,19,25,18,20,8,5,4,8
79696,4,7,5,1,6,8,3,10
8225,41,40,22,17,25,36,29,23
23177,56,37,71,55,69,60,56,56
105374377,0,0,2,0,0,2,0,1
56888,34,38,55,37,49,44,56,40
29018,0,0,0,0,0,0,0,0
554203,31,35,26,17,24,23,25,19
419,0,0,0,0,1,0,0,0
65055,28,18,16,30,39,24,16,25
100874156,0,0,1,0,0,0,0,0
7436,11,10,19,11,14,17,16,20
107985224,0,0,0,0,0,0,0,0
2618,332,357,286,326,388,315,287,308
5515,279,258,126,133,150,137,197,139
107986933,0,0,0,0,1,0,0,0
57616,18,18,17,17,11,19,20,14
124901929,0,0,0,0,1,0,0,0
652968,3,3,6,2,2,5,5,7
10857,444,482,414,401,514,570,509,549
11163,519,554,389,369,389,352,382,478
5530,502,423,267,326,201,252,292,272
1269,0,1,0,0,0,0,1,0
677793,0,0,0,1,0,0,0,0
90324,101,79,44,22,33,36,36,43
442063,3,4,3,4,9,1,5,5
64770,97,103,48,42,54,48,65,65
6185,465,511,364,382,480,397,364,459
137406,0,0,1,0,0,0,0,1
64395,68,60,59,61,66,67,46,76
285381,274,247,128,140,152,150,151,152
728554,86,92,64,65,76,70,74,72
7706,100,124,104,105,122,102,85,94
55744,330,386,260,239,352,287,247,316
6259,48,41,30,33,30,33,50,24
4775,86,90,67,63,82,77,96,107
25793,176,205,115,124,192,140,141,135
644464,7,13,10,11,5,12,11,10
7472,0,0,1,0,0,1,0,0
989,359,359,282,244,311,292,280,298
28958,425,497,213,189,281,268,275,317
107986381,1,0,0,0,0,0,0,0
26864,19,24,12,20,19,22,12,25
151987,110,103,68,70,66,58,95,79
6018,71,90,75,100,93,78,77,92
107987116,8,5,3,3,8,5,5,12
143879,20,25,20,23,20,21,23,23
102724362,10,9,4,1,3,11,9,17
124902971,0,0,0,0,0,0,0,0
7095,746,785,402,365,478,448,424,489
7434,1,0,0,0,3,1,0,0
280655,16,11,6,7,10,10,9,10
867,32,34,37,28,39,32,34,40
100288911,2,2,3,6,4,1,2,5
124903211,4,0,4,1,4,1,4,4
26133,76,62,53,35,45,49,59,73
54606,345,396,165,172,238,227,207,206
202018,15,20,17,14,15,13,10,20
29880,300,373,119,117,131,167,147,197
100189301,0,0,0,0,0,0,0,0
326614,54,56,51,39,35,111,63,52
124905485,3,2,2,0,4,3,2,2
55086,27,33,36,23,33,11,18,26
84435,0,0,0,0,0,0,0,0
645553,0,0,0,0,0,0,1,0
374900,62,89,28,39,40,29,26,30
112268432,0,0,0,0,0,0,0,0
646666,1,0,0,0,0,0,0,1
100505845,0,0,0,1,0,0,0,0
8600,0,0,0,0,0,0,0,0
79596,116,122,93,85,136,80,69,107
100507178,0,2,2,0,0,0,0,0
729790,14,20,6,11,9,9,9,10
1629,71,68,75,47,84,63,53,72
57554,0,1,1,2,3,0,1,1
84447,20,24,14,7,13,13,16,18
6657,37,43,29,19,26,31,28,33
123706550,0,0,0,0,0,0,0,0
3845,110,103,99,84,111,123,142,152
100506235,3,0,2,2,3,3,1,1
392979,499,537,390,424,493,462,455,502
379013,3,2,1,1,1,2,2,0
54585,37,28,18,25,17,18,17,26
3421,166,174,103,126,137,148,138,144
100287932,364,437,193,182,228,246,236,212
6433,120,124,132,122,167,172,170,157
11120,63,68,35,44,50,54,58,67
57463,0,4,2,0,0,3,4,0
645938,1,0,0,0,0,0,0,1
112574,37,33,27,29,27,27,32,26
105371227,0,0,0,0,1,0,1,0
63932,76,73,28,28,30,35,33,41
9801,239,228,185,159,217,151,195,182
10180,101,118,67,53,69,76,93,96
1191,302,309,181,188,225,295,315,388
116143,26,37,18,18,29,19,24,26
117247,74,76,29,40,37,30,33,44
10121,205,220,147,134,213,206,181,193
10728,1256,1378,1030,940,1218,1122,1209,1144
644911,20,35,21,30,23,35,19,23
824,125,138,92,92,98,104,146,132
23787,180,189,133,120,160,152,177,153
124906187,5,7,4,4,3,3,3,6
6091,132,138,104,93,79,102,108,97
100130495,22,26,33,30,24,25,24,35
55362,5,4,8,5,8,9,4,11
652965,5,3,1,1,1,1,4,5
64782,250,299,105,101,131,132,129,127
6448,15,23,17,16,22,16,17,27
6415,159,180,157,130,182,191,195,203
643872,446,503,252,241,316,314,320,369
64799,3,2,4,1,1,6,5,9
23299,92,83,81,64,91,84,52,89
56033,1,1,1,0,1,0,2,0
100421324,0,0,0,0,0,0,0,0
115795,0,0,0,0,0,0,0,0
5296,14,21,23,27,23,20,37,35
7311,3789,4429,3746,3465,4167,3961,3616,4079
28232,13,18,13,12,10,18,18,12
84181,93,124,156,108,154,108,120,134
124904054,2,2,3,0,4,1,3,1
25849,55,63,26,35,40,19,31,29
7057,1,2,2,3,1,2,1,1
124903671,0,1,0,0,0,0,0,0
55565,10,4,6,4,8,14,2,12
388135,2,4,2,3,3,2,6,8
159,389,385,171,175,275,313,280,243
254042,9,10,8,8,8,10,5,2
5767,29,32,10,15,15,12,22,23
124903194,0,0,1,1,0,0,0,0
8444,21,18,19,13,15,14,18,33
9970,0,0,0,0,0,0,0,0
100288506,0,0,0,0,0,1,2,1
3061,0,5,0,4,0,0,0,2
6878,94,89,112,81,129,77,85,95
100288072,0,0,0,0,3,0,0,1
105374353,1,0,0,0,0,1,0,0
2197,3292,3745,2901,2756,3473,3528,2941,3504
55144,60,62,37,42,32,41,62,38
57291,414,487,234,276,349,501,491,507
154064,0,0,0,1,0,1,0,0
29121,521,580,387,389,462,460,425,473
9821,196,233,238,200,259,277,233,273
7110,109,80,78,61,89,95,75,77
124902005,0,0,0,0,0,0,0,1
124903759,0,1,0,0,0,0,1,0
196,15,19,9,17,11,18,11,15
8363,7,2,2,1,2,1,1,2
26047,55,60,73,76,81,63,46,58
83607,23,32,23,19,35,17,24,17
285598,8,12,10,10,6,7,7,6
124904772,0,0,0,0,0,0,0,0
7419,567,668,224,257,347,452,465,467
342979,19,23,25,29,40,31,24,47
124904291,0,0,1,2,1,0,1,1
729842,27,27,22,33,22,24,24,19
23328,30,19,22,26,29,20,25,27
56919,182,176,80,75,75,77,120,77
100527978,2,0,0,0,0,0,0,0
127428,36,37,27,39,47,27,29,35
401250,2,0,0,1,0,0,0,0
124904089,1,0,0,2,0,2,1,0
54623,618,735,314,310,425,399,419,401
81796,15,14,12,15,16,14,13,18
116039,15,21,23,21,25,26,24,20
133790,26,18,17,19,19,22,16,20
5347,325,392,174,168,225,204,231,233
105372453,0,0,0,1,1,0,1,0
353,1819,1884,1159,1225,1520,1570,1575,1696
55689,38,33,44,41,43,44,41,45
341469,0,0,1,0,0,1,1,1
51691,284,332,251,237,272,295,269,342
146434,5,13,7,7,5,9,7,7
3860,0,0,2,0,0,0,0,1
124904456,4,1,1,0,0,0,1,1
646960,0,1,0,0,0,0,0,0
4598,21,29,11,11,15,19,18,15
388558,9,4,0,1,3,7,4,10
54927,144,168,96,117,151,122,101,130
84816,27,36,25,14,25,24,24,25
55257,43,45,45,34,34,36,27,41
6390,567,632,479,478,666,613,574,597
140545,12,12,13,15,17,16,9,15
55653,43,50,55,68,80,51,63,68
6416,67,35,33,33,30,31,48,34
100507602,60,96,58,63,61,74,63,80
3759,2,5,7,4,4,4,3,5
100189145,0,1,0,0,0,0,0,0
168451,262,252,160,154,140,145,143,171
3727,204,259,185,278,119,136,196,128
51308,95,133,93,100,126,106,108,99
3480,68,80,120,119,128,79,93,116
5433,321,333,212,234,219,194,193,211
105372141,4,2,2,3,4,3,2,3
100505795,0,0,0,0,0,0,0,0
975,194,167,153,147,146,159,188,159
124904524,0,0,0,0,0,0,0,0
11319,56,77,29,44,51,42,37,44
644119,38,41,21,17,23,29,26,29
109616964,0,0,0,0,0,0,0,0
107985962,2,1,0,0,1,1,0,1
10902,281,274,183,159,219,229,216,260
283014,138,181,137,122,163,142,101,142
81876,135,150,94,93,104,110,101,117
2717,612,715,441,392,560,575,586,658
3031,15,15,17,11,13,20,13,18
27314,5,7,7,5,5,7,13,10
2046,9,21,19,34,21,16,17,14
3324,940,1140,659,687,744,810,811,855
124900469,0,3,2,4,0,0,1,4
102724738,3,4,3,4,3,4,2,4
3265,95,92,37,33,50,62,59,67
124902696,1,2,0,0,0,1,1,1
290,0,0,0,0,0,0,1,1
100130717,3,2,3,4,1,9,2,5
80829,63,66,43,45,50,52,64,67
442075,26,33,30,27,37,25,31,31
790951,0,0,0,0,0,0,0,1
57798,43,49,37,36,28,34,45,38
105379452,1,2,3,4,5,5,6,4
124901939,0,3,1,0,1,0,2,2
6135,9899,10840,10353,9111,10595,10169,7697,10040
112495,616,684,335,315,439,376,391,390
441459,52,50,49,37,40,57,46,59
23137,178,161,114,97,146,129,125,126
4684,50,57,67,47,42,45,44,52
392525,1,0,0,0,0,0,0,0
441394,0,4,0,1,2,1,1,0
148523,1,3,0,0,3,1,1,2
23283,120,117,40,58,49,53,59,49
105369631,0,0,1,0,0,0,0,0
444,184,199,137,154,204,174,178,189
64761,8,10,7,13,2,9,6,3
606553,0,0,0,0,2,0,0,0
127255,2,2,1,2,2,3,3,2
11260,177,210,170,158,167,178,207,178
6103,40,61,75,42,71,49,42,42
5412,41,31,25,19,22,26,28,26
79230,98,124,36,40,26,24,43,38
55800,2,5,2,0,1,1,0,1
25896,41,51,27,26,38,34,29,35
22893,30,26,15,18,31,29,30,27
27351,89,98,68,54,82,78,76,89
6745,476,447,217,242,250,277,269,301
9200,14,24,16,18,17,18,25,25
57786,33,26,30,19,33,18,21,18
56254,243,217,159,135,201,142,132,176
2766,7,7,9,4,13,10,9,10
55308,111,103,42,34,51,49,51,66
440917,335,423,229,270,233,279,267,285
107986868,1,0,0,0,0,0,0,0
124903521,2,0,1,2,0,0,5,0
5573,194,251,184,179,205,214,201,223
6136,3073,3400,2943,2986,3555,3199,2930,3187
653820,80,65,55,42,59,51,70,60
163786,215,222,190,156,162,166,192,225
9478,3,5,3,3,10,4,4,6
26273,58,46,38,39,49,52,52,64
3364,38,42,21,22,31,26,25,29
3920,228,257,177,186,164,174,171,199
6542,70,58,64,48,63,54,70,72
150274,96,99,53,46,62,59,74,78
2909,63,56,52,35,45,59,59,60
107985203,0,0,0,0,0,0,0,1
100189425,4,4,0,0,1,1,1,2
124902418,1,1,1,5,1,0,2,3
10608,58,59,54,42,51,53,67,54
9832,51,57,58,48,65,56,56,67
124904906,0,0,0,0,0,0,0,0
11072,122,120,61,49,85,81,75,83
339390,0,0,0,0,0,0,0,0
728851,54,49,24,37,26,34,41,33
107075096,0,1,0,0,0,0,1,1
148327,13,14,25,24,27,23,15,33
100189414,1,0,0,0,0,0,0,1
114789,15,22,15,19,12,13,15,14
100422395,15,17,19,9,16,18,20,11
400036,8,20,9,12,13,12,8,11
105370438,0,0,0,0,1,0,0,2
87688,519,601,487,428,585,543,536,589
10992,643,627,431,471,578,492,455,555
105372435,0,0,0,0,0,0,0,0
9414,21,20,23,23,26,21,35,27
9588,1162,1298,986,1002,1165,1135,1029,1180
124900554,0,0,0,0,0,0,0,0
128467,2,3,2,0,1,1,1,3
6588,0,0,1,2,0,0,0,1
4861,6,7,10,4,11,6,12,7
64746,181,209,134,139,204,176,179,156
771,12,15,18,24,18,15,26,17
105375645,0,2,0,2,1,0,0,2
5358,441,412,316,278,430,361,384,357
1593,2,0,3,1,3,1,2,1
92935,28,22,10,9,19,18,17,10
4615,8,12,4,3,8,9,6,6
26261,0,0,0,1,2,3,1,0
256281,31,43,45,42,46,35,36,43
140831,6,9,3,2,7,5,3,2
800,386,404,467,451,517,469,404,497
9640,31,15,18,12,21,11,22,14
6239,87,72,47,71,25,39,30,45
107984385,0,0,0,0,0,0,0,1
9775,245,314,169,181,212,257,233,222
26175,105,102,68,76,76,77,74,98
791231,97,100,67,75,84,83,83,83
80006,34,34,55,25,55,44,48,46
51616,163,176,90,99,109,109,119,123
26267,5,4,1,6,2,4,5,5
9969,118,131,100,98,72,88,119,126
57795,0,1,2,0,2,0,0,0
2217,79,85,73,70,73,82,80,67
105376493,0,1,0,0,0,0,0,0
51776,89,106,83,81,73,82,98,97
54976,318,342,213,175,326,267,242,275
513,226,241,235,221,238,209,224,206
127391,0,0,1,0,0,0,0,0
107985414,6,2,6,6,1,2,4,3
124904166,0,0,0,0,0,0,0,0
26123,137,165,99,73,99,104,98,120
100293516,30,26,5,3,1,4,10,8
107984543,0,0,0,0,0,0,0,0
653,1,0,0,1,0,1,1,0
23022,82,81,81,74,92,99,108,88
28972,549,654,397,390,496,489,438,574
399774,0,1,1,0,1,0,0,1
10810,56,65,49,41,62,73,55,64
5119,128,130,46,47,49,74,64,86
124540,141,123,109,116,106,121,138,138
6728,354,451,254,223,340,297,302,322
124904314,1,0,0,0,0,0,0,0
373509,0,1,0,0,0,0,0,0
402381,0,0,0,0,0,0,0,0
5566,37,37,26,30,26,27,28,39
6830,138,131,99,74,124,111,96,103
124909496,0,0,0,0,0,0,1,0
25948,19,16,16,14,18,22,12,13
6812,21,18,33,26,27,30,36,31
400831,0,1,1,1,0,0,0,1
5464,1682,1865,1233,1096,1476,1460,1341,1596
79669,22,20,16,17,27,19,18,17
10464,42,44,42,28,53,35,43,44
55958,79,79,61,44,50,72,70,65
105372200,0,0,0,0,0,0,1,0
401960,26,41,26,40,28,37,39,36
25898,56,53,53,51,70,64,41,63
100189011,7,6,2,4,5,2,4,2
165140,1,3,0,0,0,1,1,0
1063,1309,1255,973,818,983,1126,1053,1151
29074,300,320,175,165,247,192,185,195
25914,25,18,20,20,21,24,35,26
105378934,0,0,0,0,1,0,0,0
164633,0,0,0,0,1,1,1,2
440359,36,70,44,43,32,30,31,45
91227,0,1,0,0,0,1,1,0
100131187,90,93,42,29,50,93,84,113
4185,6,14,16,7,15,15,13,11
401261,4,2,3,0,1,2,5,5
100507046,162,163,108,86,127,97,113,86
84912,199,206,110,101,115,113,113,131
9446,849,998,587,641,714,863,804,777
729409,0,1,0,0,0,0,1,0
105369782,13,9,3,3,2,4,1,4
9480,87,84,83,56,63,55,64,72
64863,15,23,12,12,18,7,15,17
9146,82,85,68,64,76,75,74,79
124903346,0,0,0,0,0,0,0,0
105377644,2,0,4,1,2,3,4,2
6793,14,19,10,9,16,7,8,20
7257,142,184,101,86,101,135,141,110
105370880,0,0,0,0,0,0,0,0
5509,7,10,9,8,12,13,8,13
100189063,0,1,0,0,0,1,0,1
2846,0,0,0,0,0,0,0,0
55283,50,50,26,22,18,27,24,37
10892,27,18,21,18,25,26,24,33
647654,3,0,0,0,0,1,0,1
645884,0,0,2,1,0,0,0,0
10286,335,367,110,104,174,158,149,169
100131264,13,14,13,5,8,6,7,6
28981,58,53,54,61,88,72,68,94
170960,59,35,39,27,36,35,29,30
100129534,9,6,2,0,1,2,1,2
107986999,0,3,1,1,2,2,1,4
124902881,0,0,0,0,1,1,0,0
27238,54,86,67,59,107,67,61,78
5191,15,10,19,9,16,15,16,15
107986063,0,1,0,0,0,0,0,0
643744,248,318,147,155,170,215,190,206
10469,493,511,287,255,355,346,320,394
25927,44,51,102,100,117,53,46,63
55509,38,52,34,25,32,27,46,39
100128060,351,394,266,268,286,346,323,345
100507118,1,1,0,2,0,1,1,0
26145,6,3,2,5,5,2,5,6
7431,2227,2372,2267,2257,2801,2408,2423,2564
6721,51,46,63,48,44,49,49,57
653232,2254,2690,2037,2073,2400,2318,1957,2453
151525,10,14,14,18,23,15,10,11
1982,755,815,296,260,340,430,394,423
107987295,0,2,3,1,4,1,0,0
89853,16,14,11,14,10,11,12,4
100128640,2,1,1,4,2,0,0,0
7171,360,339,155,176,225,202,226,238
100189290,0,0,0,0,1,0,0,0
6080,1,0,0,0,0,4,1,0
101929124,0,0,0,0,0,0,1,0
170524,14,22,13,16,20,23,22,16
23767,8,10,19,6,5,4,7,5
10425,272,269,195,196,231,262,256,246
102725105,0,0,0,0,1,0,0,0
440299,1,1,1,1,0,0,0,2
8635,65,82,53,61,80,56,55,62
105375079,0,0,0,1,0,0,0,0
57492,121,146,72,84,39,64,57,58
51373,261,290,176,174,201,178,170,199
4610,5,7,5,10,7,7,5,10
124904122,4,3,3,0,0,0,3,0
9662,76,81,44,47,56,54,49,66
55605,180,222,233,235,248,275,273,276
83461,193,213,90,100,125,120,134,144
81539,406,450,321,238,328,334,340,354
26260,99,129,66,69,95,93,109,91
197131,49,44,20,24,23,30,32,47
8906,29,26,37,30,40,33,40,35
8787,0,1,0,2,2,2,0,1
84516,138,171,62,72,101,69,98,87
51447,83,95,74,80,74,86,95,88
7190,175,192,97,105,114,136,110,146
6144,1282,1350,1010,871,1180,1301,1093,1340
7384,549,657,461,453,548,541,455,563
105371081,0,0,0,0,0,0,0,0
7704,11,11,25,17,18,17,17,17
7763,53,61,39,45,40,43,67,55
392307,0,1,0,0,1,0,1,0
54461,104,110,91,88,102,88,87,94
5689,946,1096,850,810,1002,873,859,937
84321,190,181,123,144,164,148,162,154
9652,387,336,278,259,361,366,344,369
51109,136,151,92,91,91,130,133,117
8883,508,546,209,221,289,393,398,413
124359,11,5,7,9,13,9,12,16
8301,41,50,23,23,23,43,41,38
51145,0,0,0,0,0,0,0,0
107105353,2,2,1,2,1,1,3,0
50862,44,31,35,23,36,36,27,30
51639,588,708,574,533,643,602,581,670
100288142,117,115,83,86,84,91,134,112
285343,35,40,16,20,20,16,24,22
55327,219,220,131,107,115,113,114,141
105376472,0,0,0,0,0,0,1,0
9901,3,4,14,11,10,7,7,6
343521,0,0,0,0,0,0,0,0
402213,29,44,31,20,34,39,32,39
105376010,11,9,1,2,0,15,8,15
100271651,0,0,0,0,1,2,3,2
10799,124,134,59,48,60,54,38,43
100507617,58,54,30,34,36,46,46,44
64147,55,54,35,33,50,40,49,39
114791,38,49,29,32,38,52,48,52
105369699,0,0,0,0,0,0,1,1
105373984,0,0,0,0,0,0,0,0
10456,412,497,252,251,304,320,287,319
55888,2,1,1,1,2,1,1,1
105376026,1,2,0,0,0,0,1,1
4292,43,33,35,30,39,45,49,40
1736,816,879,446,411,490,509,560,577
10026,111,129,64,76,82,89,99,109
105375897,0,0,0,0,0,0,0,0
100132163,0,2,0,0,0,0,0,1
100506380,16,16,7,5,9,13,12,10
11213,0,0,1,0,1,1,4,2
26995,127,180,55,43,54,59,58,66
124903464,2,5,0,0,0,0,1,0
124900733,0,0,1,0,1,0,0,1
1452,435,438,271,250,303,278,262,273
8717,16,22,8,9,16,19,12,14
29979,170,162,116,112,129,119,147,147
105372731,2,3,14,6,4,5,5,4
124906342,0,0,0,0,0,0,1,0
56833,0,0,0,0,0,0,0,0
9820,14,21,30,28,40,22,15,19
124900643,3,0,0,0,1,1,0,0
66000,10,7,13,14,19,13,13,12
105372098,1,1,0,1,0,0,0,0
55240,40,34,36,40,54,28,38,48
55203,11,11,10,13,24,15,18,17
4904,2092,2319,1585,1553,1881,1694,1800,1959
516,1245,1319,1006,1018,1218,1250,1214,1355
54839,32,25,28,31,22,21,28,19
124904056,1,1,2,0,1,0,1,0
107987141,30,27,5,7,10,15,13,18
80097,714,734,676,671,781,627,587,694
106635534,2,1,0,1,2,0,1,1
9787,197,148,79,116,111,119,106,147
339318,23,42,17,24,30,26,40,25
219621,0,0,0,1,0,1,2,0
147804,12,22,5,5,6,5,4,12
101929736,0,0,4,3,0,0,0,0
124901323,2,1,1,3,0,1,1,1
116936,0,0,0,0,0,0,1,0
124901245,4,4,4,5,3,9,6,8
60592,174,204,186,169,197,176,167,186
56899,3,8,6,4,4,3,4,5
60526,23,26,22,17,30,21,15,25
79366,375,394,385,351,414,448,426,477
2956,137,148,176,151,233,129,141,173
55275,133,113,63,56,63,68,79,75
100189406,0,0,0,0,0,1,1,0
105378720,0,3,1,0,0,0,2,1
155185,2,1,0,0,1,0,1,2
101927512,0,0,0,3,0,0,0,1
23016,140,173,110,93,126,111,103,126
1512,12,8,16,13,17,17,16,14
93144,67,89,42,40,52,64,74,57
105376434,0,0,0,0,0,0,0,0
277,3,3,1,1,1,1,0,3
313,0,0,0,0,0,1,0,0
29957,29,29,46,36,43,55,46,54
100874464,0,0,0,0,0,1,0,0
284695,452,511,260,211,325,282,272,308
101927241,0,0,0,0,1,0,0,0
2239,48,45,59,64,65,39,50,48
7741,13,25,5,10,15,13,22,13
10221,27,38,36,36,39,41,36,42
6892,79,103,128,105,115,83,89,111
22936,64,72,54,38,40,50,36,51
124901706,3,5,0,1,0,1,1,2
283981,2,2,1,1,1,2,2,0
11014,243,320,205,202,211,215,202,204
729369,0,0,0,0,0,1,0,1
105375521,1,0,0,1,1,2,1,0
6203,3754,4071,3586,3498,4165,3930,3414,4025
124901311,8,4,3,2,3,2,3,7
27340,178,191,70,57,54,65,55,78
25994,379,427,226,223,258,311,278,322
2936,123,143,93,101,86,99,118,111
3795,62,67,71,78,90,59,56,82
100631254,0,0,0,0,0,0,0,0
22897,44,54,18,18,24,20,23,30
967,625,715,574,535,638,732,724,751
5204,1635,1954,1543,1499,1800,1755,1568,1834
55907,119,172,178,135,187,156,154,175
23636,189,204,155,159,156,154,170,156
112268036,0,0,0,0,0,0,1,0
105369809,8,4,2,0,1,2,3,2
644338,381,443,426,362,476,361,361,365
80021,15,7,6,6,2,12,8,9
51182,90,93,57,52,65,55,74,74
8402,296,320,293,286,353,301,316,364
51399,107,134,78,72,90,115,99,130
27341,382,448,311,288,364,329,294,336
118611,0,0,0,1,0,0,0,0
5878,286,303,163,148,169,182,182,208
1531,0,0,1,2,0,0,0,2
788,14,7,10,5,9,9,5,21
51053,537,588,369,276,394,397,407,422
57189,35,16,34,21,37,30,39,34
221833,3,0,2,1,2,1,1,3
79670,102,99,74,61,102,91,101,122
402055,33,41,23,27,42,22,28,23
124903709,0,0,0,1,1,0,1,2
801,1956,1954,1055,1045,1299,1239,1219,1344
89894,10,14,5,5,9,13,8,7
100873985,4,4,2,1,3,0,0,0
23219,118,106,41,32,50,51,53,63
10333,0,0,0,0,0,1,0,1
11064,59,70,45,42,52,66,42,74
9960,99,79,78,71,80,67,88,117
2483,208,194,151,158,124,138,155,155
399,0,1,2,1,2,0,1,2
6500,1571,1722,1164,1052,1414,1387,1174,1477
285513,26,12,35,15,40,27,24,25
643834,0,0,0,0,0,0,0,0
100287148,0,2,0,1,0,2,1,2
55213,18,19,18,16,17,15,23,23
102725082,0,0,1,0,0,0,0,0
4719,189,200,161,157,156,166,144,141
5265,0,0,0,0,0,0,0,0
64215,246,242,157,136,178,178,200,196
124903301,0,0,0,1,0,0,0,0
80700,45,37,53,44,54,50,60,56
54954,21,24,21,17,28,24,24,25
197135,1,0,2,0,3,1,0,1
51596,558,680,565,541,737,684,662,689
24147,48,41,19,13,27,23,27,27
673,32,32,26,23,21,31,35,29
161582,0,1,2,2,2,4,1,0
26502,141,143,87,64,118,108,98,114
54464,48,44,60,44,46,46,44,57
728128,3,5,2,0,1,2,1,4
57801,171,189,300,334,353,274,248,328
105377492,0,0,0,0,0,0,0,0
51750,6,3,10,6,2,4,4,9
105376155,0,0,0,0,0,0,0,1
79886,114,99,73,64,80,84,78,82
9882,60,43,70,42,61,48,65,50
645683,89,93,82,64,67,87,69,68
64921,16,6,8,4,5,11,11,4
105375690,1,3,7,2,1,0,4,6
106481073,0,0,0,0,0,0,0,0
57103,97,97,42,47,44,39,28,52
285629,0,0,0,0,0,0,1,0
64783,70,61,55,52,69,44,42,45
128966771,1,0,0,0,0,0,0,1
105371932,2,1,0,4,2,2,3,1
84656,214,202,102,105,121,128,106,142
729138,671,748,640,591,655,757,666,701
92521,93,79,61,60,74,78,72,71
84832,485,621,372,299,403,448,364,466
114569,20,19,30,24,26,33,29,22
10984,39,26,53,32,35,29,44,26
339344,7,11,8,3,5,12,15,11
727800,9,8,5,6,5,11,10,10
388574,9,10,3,3,6,5,2,3
400410,46,61,35,40,60,62,57,52
26058,273,264,235,203,317,221,269,227
107985879,0,0,0,0,0,1,0,2
51726,114,103,43,27,43,61,45,48
101928886,0,0,0,0,0,0,0,0
197322,35,44,23,20,27,28,36,25
29104,68,91,39,35,43,40,37,51
64860,9,12,6,6,10,13,5,9
55719,134,129,70,70,79,103,104,107
8731,148,144,207,188,197,137,135,180
117581,22,12,32,22,22,10,20,21
84162,40,36,22,16,20,31,39,27
25871,43,40,22,28,24,24,28,34
102724031,16,9,8,6,9,6,6,4
84893,52,53,27,36,33,47,64,59
379025,103,101,35,49,47,49,63,64
101927288,0,0,1,1,0,1,0,3
389840,6,4,3,5,6,6,6,6
728734,0,0,1,1,0,0,0,0
124901892,0,0,0,0,0,0,0,0
644019,317,319,145,181,191,176,241,219
140890,485,553,493,536,599,567,509,580
64419,50,59,50,47,57,74,53,50
120379,14,16,9,7,6,6,4,13
81609,121,148,115,103,132,125,132,129
283387,0,0,0,0,0,0,0,0
100505767,0,0,1,2,0,0,0,0
100288846,1,1,0,0,0,1,0,0
6391,173,189,128,138,151,162,147,182
11047,266,341,174,177,219,189,180,199
1326,6,3,13,5,9,3,7,10
107133508,0,0,0,0,0,0,0,0
105372675,0,0,0,0,1,2,0,0
27043,157,148,146,103,132,160,193,170
64422,136,128,68,77,114,122,119,97
729852,24,18,22,24,22,21,24,24
124900672,0,0,0,0,0,0,0,0
1528,166,152,141,141,204,168,194,145
105378925,2,4,3,1,3,3,3,1
124902661,0,0,0,0,0,0,0,0
374899,196,231,118,106,104,153,148,154
10351,0,1,2,0,1,3,0,0
57610,11,20,10,6,11,20,23,13
2064,17,18,20,26,32,23,40,34
101929459,0,0,0,0,0,0,0,0
493856,218,212,114,100,123,129,147,144
5704,790,904,374,415,553,468,501,553
101927009,0,0,0,0,0,0,0,0
646330,0,1,0,0,0,1,0,0
93664,20,26,16,19,26,22,23,20
6730,119,132,80,92,102,87,120,95
387934,88,74,37,31,41,56,44,47
1874,87,76,43,45,38,39,55,62
7410,12,15,28,17,26,27,25,20
80311,203,181,195,152,207,168,182,171
23326,555,634,412,393,419,420,437,502
105371401,0,0,0,0,0,0,0,0
8790,16,25,13,8,17,10,9,21
3418,132,142,131,119,150,110,120,164
56894,167,151,75,72,75,81,93,78
89801,8,4,7,8,8,6,7,10
3755,5,6,11,5,4,2,2,4
5208,22,21,12,13,8,11,13,16
100128258,260,327,278,282,307,249,227,324
723790,53,83,139,144,127,55,51,74
92017,29,22,11,10,21,11,19,13
101928004,0,0,0,0,0,0,0,0
100421533,368,386,225,248,291,280,274,292
55780,37,39,30,22,30,32,32,27
191,799,920,758,742,870,698,684,830
100422558,8,7,8,5,6,5,8,6
55238,22,25,12,7,10,12,11,3
54944,42,44,16,12,16,14,14,19
100419761,0,0,0,0,0,0,0,0
200942,12,17,12,16,22,12,12,15
57619,27,33,19,20,23,29,32,22
107985486,0,0,0,0,0,0,0,0
1121,52,42,44,18,47,34,39,39
105376078,0,0,0,1,0,0,0,0
23670,23,15,5,9,9,4,9,11
11117,0,1,0,0,0,0,0,1
81669,78,72,90,41,54,59,89,66
521,1865,2073,1686,1415,1868,1868,1533,1812
100113391,0,0,0,0,0,0,0,0
124901248,0,0,0,1,0,0,0,0
10947,67,72,56,64,92,67,72,83
2542,64,78,76,65,92,93,72,102
105374140,0,0,0,2,0,0,0,0
441081,0,0,1,0,0,1,0,0
399806,9,13,9,14,31,21,17,18
101929066,8,3,3,1,2,3,1,4
7003,52,57,62,38,55,53,67,54
101928933,0,0,0,0,0,0,0,0
63967,702,848,505,410,560,575,513,616
57157,35,48,29,32,41,46,44,45
7866,175,186,127,104,132,124,123,155
7702,43,50,28,26,33,24,34,40
7108,49,45,41,33,39,54,41,48
124901940,1,1,0,0,0,1,0,0
23640,108,89,70,54,69,75,77,70
7170,457,467,279,268,323,337,361,407
2869,8,8,5,6,6,8,3,13
400752,1,2,5,0,3,3,2,3
51573,169,223,144,131,186,162,154,182
100271420,0,2,0,0,0,0,0,0
976,42,56,30,30,40,57,28,60
10544,106,127,247,238,326,237,196,252
147015,11,30,23,18,32,40,37,28
101954267,7,2,5,2,0,3,1,1
107985057,0,2,0,3,0,0,4,4
100132656,11,10,14,10,3,16,9,13
124903031,1,0,0,0,0,0,0,0
5467,13,13,11,7,11,8,12,8
647009,27,38,29,27,34,27,21,29
4135,6,4,4,2,9,8,4,7
23369,67,57,53,45,57,49,58,55
102724484,0,0,0,0,0,0,0,0
100288165,182,253,138,115,116,168,153,181
101928300,3,3,2,10,6,2,4,3
9191,76,89,46,57,37,39,50,39
2543,0,0,0,0,0,0,0,0
2889,52,44,45,36,36,31,28,41
9731,61,69,47,26,51,61,56,42
55128,5,12,6,7,9,4,5,5
1660,456,516,282,202,291,337,353,355
904,109,114,93,95,106,90,111,109
2186,345,350,210,185,202,250,288,256
124903491,1,1,0,0,0,0,0,0
677836,12,9,6,2,4,5,9,6
27095,257,283,163,164,183,184,168,202
389849,271,280,268,290,289,277,246,299
105376963,0,0,0,0,0,0,0,0
170959,34,33,25,19,27,34,22,18
123207,191,245,105,96,104,129,113,113
123016,17,19,14,19,23,19,16,26
107986845,0,1,1,0,0,0,0,0
107986633,0,1,0,0,0,0,0,0
3612,54,45,43,47,62,49,43,54
692057,0,0,0,1,0,0,0,0
8218,9,13,16,12,19,5,22,18
6468,29,43,20,32,34,33,23,25
9639,25,32,18,18,13,18,32,33
154150,0,1,1,0,0,0,0,0
51642,222,261,162,175,183,178,167,212
124904452,0,0,0,0,0,0,0,0
389332,0,1,0,1,0,0,0,0
100189371,1,1,0,1,0,0,0,1
55770,66,64,66,65,98,95,79,108
64083,73,66,40,48,31,36,56,56
57148,32,38,37,32,44,35,45,26
100130980,125,139,116,119,121,151,148,141
7115,26,39,18,12,18,24,16,16
10721,26,39,33,22,29,33,34,40
100128964,24,26,9,7,11,8,15,10
118987,200,184,94,107,90,94,151,125
728769,20,19,17,11,24,20,18,23
101927157,1,1,0,2,0,0,0,0
60437,0,0,0,0,1,2,0,0
26040,29,32,25,22,12,14,17,17
4535,1077,1057,821,453,549,994,1324,1031
9975,37,34,48,39,55,45,52,52
64224,42,48,28,42,21,35,35,40
3754,0,0,0,0,0,0,0,0
9852,70,56,37,29,47,35,38,47
642366,0,0,0,0,0,0,0,0
1515,56,63,42,35,51,58,43,43
400612,0,0,0,0,0,0,0,0
149224,66,59,33,24,29,35,39,45
222068,668,696,660,665,687,655,603,680
23322,125,128,45,54,71,67,61,71
105378329,0,0,0,0,0,0,1,0
1374,23,11,20,16,15,6,19,23
284648,1,2,2,1,1,1,1,3
54925,24,17,25,15,25,23,25,31
124902227,1,4,0,1,0,1,0,1
161424,120,125,93,82,111,113,96,114
4708,1674,1792,1070,956,1290,1431,1130,1393
100507351,0,0,0,1,0,0,0,0
898,29,29,20,33,32,23,39,28
404266,165,185,73,84,109,173,149,146
124902315,0,1,0,0,0,0,0,1
101928107,0,0,0,0,0,0,0,0
105378915,0,0,0,0,0,0,0,0
91966,20,25,15,12,20,14,19,16
100287625,2,1,2,1,0,0,0,3
4751,64,66,53,54,71,71,68,50
56884,1,0,0,0,0,0,0,0
124902287,0,1,0,1,1,0,0,0
1382,230,256,276,247,319,251,208,284
124901309,0,0,0,0,0,0,0,0
6120,69,53,50,50,50,41,55,47
1336,0,3,5,2,1,3,2,1
55049,100,121,91,104,116,121,108,126
105379346,0,2,1,1,0,0,0,0
7094,108,119,120,109,143,147,173,134
4567,71,89,277,296,309,144,138,182
5361,28,32,23,24,20,23,34,34
3151,648,639,348,352,387,435,427,495
8773,115,127,106,89,82,105,98,109
6492,24,16,29,23,23,17,38,20
940,0,0,1,0,0,0,0,0
200298,1,0,0,0,0,0,0,1
10367,197,211,169,183,192,209,201,229
23586,8,6,46,58,61,7,3,10
652624,2,8,3,4,1,4,6,9
414245,8,12,2,7,10,9,9,7
5286,55,63,37,38,34,48,55,55
80772,22,20,13,19,28,19,24,20
9690,68,88,30,25,57,53,71,50
7218,0,0,0,0,1,0,0,1
7168,169,193,107,88,133,126,106,123
3714,28,19,51,49,40,28,38,34
80174,21,18,24,17,25,34,22,33
105372652,0,1,0,0,0,0,0,0
2161,59,70,101,100,97,107,80,109
728661,39,33,24,23,36,30,37,31
101928217,1,0,0,1,0,0,1,0
26036,168,190,110,92,108,128,118,136
51124,248,278,198,170,208,181,182,204
200558,5,2,2,2,2,2,3,8
1725,127,146,115,134,161,143,136,155
389538,27,14,34,31,28,26,24,30
101060254,0,0,0,0,0,0,1,0
647087,314,323,197,196,234,247,233,242
100132073,3,4,0,4,3,1,2,1
10874,177,178,107,121,134,157,122,166
2776,101,67,50,56,47,59,47,73
92507,98,137,90,91,103,102,83,92
79646,96,96,77,59,91,85,106,82
100289098,37,31,26,32,30,31,42,44
8140,65,52,25,30,21,34,36,42
105371941,5,4,2,0,0,0,4,0
23516,83,97,52,47,58,59,60,62
1788,24,21,34,17,12,23,28,23
151507,38,43,39,31,26,30,27,42
124904060,1,1,1,0,2,0,0,1
4482,8,3,6,5,6,7,7,5
55848,136,156,138,133,138,165,138,156
11116,107,110,45,39,63,43,51,39
84858,216,270,110,104,108,109,133,130
55856,335,427,276,267,319,306,252,283
79073,143,165,82,78,138,85,99,91
100189077,1,0,0,2,2,2,1,1
124902273,0,0,0,0,0,0,0,0
253650,59,56,68,41,43,50,57,50
50618,106,111,100,79,106,90,99,128
100129801,3,5,4,3,3,2,1,1
4920,15,10,19,13,14,14,20,11
124903893,0,0,0,0,0,0,0,0
1030,32,23,15,16,15,20,17,21
8148,238,225,146,119,240,189,202,188
101929031,1,4,2,8,7,8,3,2
102724000,0,0,0,0,0,0,0,0
90355,35,65,39,39,50,31,34,51
101929072,2,0,2,2,5,0,5,1
23201,58,57,26,34,19,33,36,31
729291,3,5,4,2,3,1,2,5
123706541,9,3,14,14,15,18,14,16
23287,111,113,105,112,114,93,105,107
107984390,0,0,0,0,0,0,0,0
107986065,1,0,0,0,0,0,0,0
105376805,37,38,45,65,60,66,60,68
84910,24,14,10,10,17,17,16,9
256051,14,13,6,3,5,9,5,5
10640,93,87,52,42,59,53,69,71
646270,21,21,14,10,8,5,14,8
101929542,0,0,0,0,0,0,0,0
26468,3,4,1,6,7,4,3,5
5795,6,9,6,9,9,8,14,20
107985147,1,0,1,1,0,0,2,0
57511,52,62,42,40,46,64,37,68
80122,0,0,0,0,0,0,1,0
388152,15,21,31,17,17,29,20,17
246181,2,3,2,1,2,2,3,2
119545627,1,3,4,4,3,4,6,4
163259,13,17,12,13,8,8,16,20
6731,475,536,398,350,464,426,418,524
124905261,0,0,0,0,0,0,0,0
124906104,0,1,0,0,0,0,0,1
9733,238,270,192,162,277,194,207,226
79703,3,7,4,1,3,3,5,3
51256,41,46,30,30,39,28,22,23
10641,46,57,34,32,55,36,49,41
101929523,0,1,2,1,0,1,0,1
728481,15,22,24,20,22,23,17,17
644172,1,0,2,1,2,2,2,0
8803,172,172,115,115,148,170,125,177
124901677,11,13,4,6,3,6,5,5
80742,44,50,23,30,33,43,30,20
84944,0,2,0,1,0,0,0,0
388907,2883,3574,2783,2703,2885,3494,2537,3391
100271053,0,0,0,0,1,0,0,0
55353,220,205,204,188,244,224,283,276
8812,197,193,122,129,103,113,110,125
51368,173,215,80,99,141,101,94,106
102724339,0,0,0,0,0,0,0,0
1808,189,152,179,156,200,195,192,230
91039,54,49,27,28,29,34,32,32
79933,1,0,0,0,0,0,0,0
100379571,0,0,2,0,0,2,1,0
100420341,69,86,65,55,67,79,78,61
79134,32,49,16,15,18,15,17,17
541,28,32,33,32,34,21,30,34
494551,0,0,0,0,0,0,0,0
124905441,0,1,0,0,0,0,0,1
100288069,5,10,6,4,6,4,5,6
51319,459,471,313,321,347,290,339,346
3209,76,57,215,217,200,139,154,157
5382,8,2,4,4,7,4,3,6
5144,44,40,30,40,40,31,37,42
124904499,0,0,0,0,0,0,0,0
260294,53,65,50,41,51,57,48,62
7586,144,138,120,109,132,130,137,144
100129492,287,315,144,162,176,173,182,200
10933,1204,1289,665,713,641,760,838,772
3156,103,113,86,48,66,66,61,75
10072,61,52,40,50,54,54,60,56
26834,25,22,33,29,16,58,41,74
2135,45,52,54,42,59,53,54,85
23392,242,251,166,130,157,178,166,206
80114,58,49,55,59,65,58,49,63
54989,188,174,140,122,133,122,138,147
3772,0,0,0,0,0,0,0,0
23657,17,25,17,16,18,21,23,24
161394,5,5,0,6,1,2,3,4
347613,1,3,0,0,0,2,0,0
124901975,2,0,0,0,0,0,0,1
6756,0,0,0,0,0,0,0,0
80346,90,85,45,42,47,69,65,62
148206,57,74,41,34,43,35,38,49
440346,0,0,0,0,0,0,0,0
105370034,0,0,1,0,1,0,0,0
80328,10,5,8,10,12,7,16,11
5106,40,46,65,42,89,54,58,46
124904919,0,0,0,0,0,0,0,0
105376871,0,1,0,0,0,0,0,0
100873923,0,0,0,0,0,1,0,0
55644,90,100,54,44,72,54,67,82
100130060,1,0,1,0,0,1,0,0
25824,372,484,389,343,425,379,344,380
22854,0,0,0,1,0,0,0,0
90864,43,40,56,53,61,53,44,65
23085,102,96,62,47,66,87,79,85
100158262,19,12,8,3,20,9,3,13
26015,44,43,32,33,35,29,49,37
124901143,1,0,0,0,0,0,0,0
283849,0,0,0,0,0,2,0,0
80173,64,71,77,79,100,75,84,88
6640,13,12,24,26,36,6,23,15
359754,0,0,0,0,0,0,1,0
57459,101,88,100,65,84,78,82,83
7916,71,70,65,59,78,58,82,60
100294188,1,1,1,1,0,1,0,3
6505,15,11,14,11,10,12,18,15
29090,154,169,108,106,133,120,122,127
8525,13,13,14,13,15,10,16,12
5349,0,0,0,0,2,0,1,0
347733,291,365,318,318,393,365,346,385
26819,0,0,0,1,1,1,0,2
6907,127,98,94,93,99,97,80,91
399979,50,64,29,24,48,42,33,42
131118,279,335,157,126,186,167,168,201
8881,121,129,98,71,85,106,118,106
100270948,47,57,42,43,30,51,53,67
2047,11,11,16,10,21,9,6,12
100128936,1663,1999,1689,1656,1996,2171,1944,2086
80207,65,55,28,29,33,30,34,47
10186,53,51,32,33,48,34,34,43
100289635,48,47,20,25,34,28,23,29
10468,1,1,2,12,4,5,6,1
124902052,10,8,16,7,16,17,14,15
55153,280,331,112,126,148,139,139,162
124909480,1,6,3,4,4,2,5,5
10623,108,113,49,44,47,76,63,56
1291,40,47,69,68,87,47,69,54
90121,295,326,175,129,218,198,167,183
283683,16,8,6,6,8,5,11,8
92558,9,7,5,11,11,6,9,6
9697,60,99,46,38,45,35,44,57
90378,25,35,70,91,99,61,79,73
266727,7,2,2,8,4,3,5,6
102800317,0,0,0,0,0,0,0,1
122455337,2,5,1,4,2,0,2,5
402123,0,0,0,0,0,0,0,0
100526820,0,0,1,0,0,3,2,2
124903710,1,1,0,1,0,0,0,0
65095,276,272,133,137,168,168,177,202
105377724,0,0,0,0,0,0,0,0
80349,212,261,147,133,178,178,172,189
197258,12,11,19,4,10,12,13,18
27098,1,5,2,5,3,1,1,3
1364,0,0,0,0,0,0,1,2
22879,56,88,34,32,36,51,43,55
4162,22,10,27,16,20,36,27,36
101060200,20,34,29,21,21,23,24,28
100129129,2,1,2,4,1,2,6,2
5912,224,234,97,89,80,74,108,127
2502,86,90,70,75,84,101,75,87
29093,715,822,517,536,698,616,578,673
4221,44,28,22,23,30,33,38,30
10615,113,121,94,84,123,113,104,110
107986160,0,1,3,0,1,0,0,2
2649,54,48,33,36,42,38,35,43
83714,3,0,0,0,0,0,0,1
9519,115,122,62,66,84,74,73,73
137695,37,34,26,21,28,42,38,40
51253,549,665,542,440,549,513,537,560
28511,202,186,116,112,120,124,113,131
27,43,39,48,52,42,39,59,49
26257,2,2,2,2,3,3,7,0
79864,5,10,7,9,10,9,15,11
11135,52,66,53,41,58,55,48,53
54581,7,13,6,14,14,10,10,7
220885,1441,1846,1526,1346,1732,1721,1576,1759
91442,58,76,44,38,45,44,33,54
51809,111,114,58,42,64,67,90,79
54537,56,59,43,37,50,50,52,52
148808,1,3,1,4,1,2,0,6
101929121,0,0,0,0,0,0,0,0
1488,148,122,106,102,112,103,121,101
106480337,0,0,0,0,0,0,0,0
53371,73,81,62,58,83,70,61,83
1649,53,66,148,173,196,110,85,145
100271109,1,1,0,0,0,0,1,0
51599,52,62,27,23,39,50,37,48
257160,43,47,51,50,63,59,61,49
101929657,0,0,1,0,0,0,0,0
8324,32,21,24,29,36,25,30,21
79658,101,65,36,44,65,48,42,53
25816,38,34,42,41,38,43,41,42
54852,33,28,46,30,44,38,44,43
102724737,133,154,108,84,117,142,126,113
100129424,272,339,240,199,229,284,199,242
111,3,1,2,3,1,2,1,1
124906144,1,0,0,0,0,0,0,0
101928963,5,1,2,2,5,5,3,3
54545,53,55,33,43,39,46,53,55
146822,0,0,0,0,0,0,0,0
653199,18,15,20,12,23,17,19,18
3029,115,120,106,114,153,110,106,131
5154,73,77,76,95,66,56,69,74
134218,205,272,175,163,225,239,213,260
114915,142,161,193,183,204,191,156,196
6934,188,216,128,133,117,112,144,170
7181,48,50,58,40,50,59,48,54
124904381,0,0,0,0,0,1,0,0
100129800,20,24,18,7,17,19,13,20
6060,6,3,7,9,9,6,2,11
732229,0,1,3,4,2,2,1,1
51295,150,168,129,125,186,129,125,141
149175,61,59,32,29,28,32,34,38
414,0,0,0,0,0,0,0,0
251,0,0,0,0,0,0,0,0
59283,17,15,4,4,6,8,12,14
100507250,2,0,1,3,2,2,2,1
105372857,0,1,0,0,0,0,0,0
9728,55,49,26,20,28,39,43,39
283871,147,195,122,122,127,139,149,129
23236,41,31,45,27,34,35,45,51
79054,0,0,0,0,0,0,0,0
10629,9,10,6,3,6,10,12,6
319103,2,0,2,2,0,0,2,1
55179,178,168,74,60,93,85,89,88
19,2,2,0,0,0,1,0,0
51337,106,91,87,111,127,94,101,97
94101,219,275,145,146,184,163,126,165
391657,0,0,0,0,0,0,0,0
442175,14,13,7,12,10,17,11,15
97,77,81,110,114,167,130,108,135
7542,38,35,26,35,38,35,40,39
115727,0,0,0,0,0,0,0,0
3281,1309,1441,960,851,1043,1219,1124,1293
2230,64,64,54,52,72,70,75,64
79701,18,17,10,15,17,16,26,23
8871,44,35,45,35,54,35,45,61
84233,99,96,69,51,82,81,72,87
112268451,16,18,10,8,13,16,13,13
83988,4,1,4,3,3,4,1,1
26835,11,10,9,17,6,33,15,36
3746,5,2,5,1,3,6,2,4
23070,53,62,35,39,51,36,49,41
79414,4,8,6,6,5,4,6,2
89890,91,84,56,52,71,64,61,68
344382,1,1,1,2,1,1,0,0
4780,34,50,46,55,66,38,61,47
23529,0,1,0,1,0,0,0,1
106144586,0,1,1,0,2,1,0,1
337882,2,3,8,1,4,2,2,2
55614,29,23,22,26,40,31,43,39
10733,30,18,19,11,17,24,26,26
442454,215,280,260,255,280,305,265,266
11077,11,13,2,3,7,1,2,2
63935,27,27,25,31,34,30,29,36
9904,72,65,40,34,40,40,30,39
2195,65,57,51,38,50,41,37,45
26791,4,6,3,1,7,8,7,2
284677,1,0,1,0,0,0,1,0
730213,174,181,114,116,124,188,141,160
100129975,507,518,471,431,569,471,436,512
642819,4,7,3,3,5,5,5,5
100874417,96,83,50,46,48,66,66,61
3576,2,6,3,0,1,2,1,2
54716,0,0,0,0,0,0,0,0
55745,42,27,14,21,23,22,19,31
90835,28,33,21,19,14,30,23,24
25930,17,9,13,16,10,8,22,13
285848,0,0,0,0,0,0,0,1
100419489,9,6,2,1,8,9,3,7
2665,885,1050,455,542,488,567,652,635
1112,73,83,122,107,113,124,105,106
2171,147,158,61,62,73,90,81,104
399942,70,88,48,52,38,70,65,94
51150,85,104,91,64,88,82,79,92
100189355,0,0,0,0,0,0,0,0
1820,57,51,137,122,107,100,79,127
4503,78,94,86,81,98,100,94,96
60682,183,197,232,232,273,214,190,194
728416,56,67,48,29,50,62,53,68
10650,6,5,4,6,6,9,7,6
100652791,1,0,0,1,0,0,3,0
90952,1,3,1,2,2,1,0,1
57496,14,20,12,8,13,9,16,15
84333,99,127,91,87,99,87,87,120
54470,36,33,19,19,32,27,28,27
6066,6,0,0,4,2,1,2,4
645323,2,2,1,0,0,1,0,3
1186,10,10,11,12,12,6,10,6
643617,66,87,57,62,72,81,77,76
57563,70,79,55,53,65,61,62,60
2077,18,19,17,14,17,16,33,23
107986025,0,0,0,0,0,0,0,0
83690,15,13,7,6,10,3,12,10
124903522,0,0,0,0,0,0,0,0
23203,360,436,286,221,328,293,278,327
124902579,0,1,0,0,0,0,0,2
53358,1,5,2,0,0,1,2,0
246312,0,0,0,0,0,0,0,0
55858,67,76,39,37,56,58,69,58
26843,0,2,0,2,1,1,1,2
220929,4,6,8,12,12,6,9,11
11020,74,67,31,34,39,44,48,44
619,23,25,26,21,28,11,17,17
6651,2401,2345,2078,1785,2072,1701,1523,1898
5356,114,141,65,55,84,85,91,90
107985593,0,0,0,0,0,0,0,0
105372468,1,1,0,1,0,2,0,0
117134598,4,1,2,0,4,0,0,2
10628,12,16,32,42,36,23,29,32
5321,2,4,5,2,11,3,4,9
10071,0,0,1,0,0,0,0,0
107984969,0,1,0,0,0,1,0,0
4302,129,112,81,86,80,97,77,92
100506365,97,100,59,55,65,86,66,79
100189284,15,13,23,25,41,17,22,20
84124,13,16,9,11,14,13,7,10
6856,170,171,123,113,147,150,110,150
5016,2,6,2,2,7,1,5,3
114785,23,27,29,15,23,23,25,21
9044,102,90,81,65,62,85,73,91
26575,2,5,7,9,11,6,11,8
4001,141,163,128,113,179,131,137,157
124902866,0,0,0,0,0,0,0,1
1977,278,278,177,207,169,181,185,204
23461,22,25,22,33,21,22,31,22
29103,4,4,2,2,3,4,7,6
139793,0,0,1,0,0,0,0,0
163050,14,8,7,8,13,10,10,12
9987,846,967,669,697,795,730,773,867
4352,0,3,2,0,0,0,0,0
414778,2,2,2,2,4,0,0,2
7874,243,263,197,167,217,190,239,193
127703,14,11,5,5,4,10,12,8
192286,466,531,507,549,616,543,524,574
3575,0,1,0,0,0,0,0,0
100289133,1,0,1,2,1,0,1,1
124901771,0,0,1,0,2,0,4,0
124902254,0,1,0,0,0,0,1,0
105374090,1,0,0,0,1,0,0,0
89122,19,28,23,20,19,21,19,33
6924,276,345,156,155,169,116,145,170
105374771,2,0,0,0,0,0,0,0
106481274,0,0,0,0,0,0,0,0
6801,38,49,38,35,34,35,38,33
51115,67,51,42,32,57,51,53,66
165545,0,0,2,0,0,0,0,0
7351,88,72,84,84,95,104,82,122
26796,0,0,0,0,0,0,0,0
81576,45,51,26,28,31,41,50,41
339487,246,267,144,160,175,197,182,238
25759,2,7,5,7,5,9,7,9
135398,16,14,10,15,7,17,21,8
100170225,857,1029,302,343,316,526,469,704
50509,0,0,0,0,0,0,1,0
27315,28,34,33,30,30,41,33,34
85313,243,256,164,198,286,167,175,211
50813,119,124,93,95,118,124,116,137
101928861,0,0,0,0,0,0,0,0
3204,30,50,30,18,33,26,32,35
63979,68,62,22,23,29,31,32,40
100874425,8,4,1,1,0,2,3,0
3501,0,1,0,0,0,0,0,1
30011,121,142,123,117,96,82,88,102
286451,225,219,192,165,196,169,154,193
79979,25,27,24,22,11,14,25,14
360023,37,35,41,30,37,26,43,34
3070,1161,1173,576,572,540,677,597,695
100129958,1,0,1,1,1,0,2,1
83860,157,154,76,85,96,92,84,93
3215,66,66,37,43,56,39,32,57
55824,26,39,37,19,27,26,23,27
102723552,0,1,4,1,2,1,3,1
105371099,0,1,2,0,0,0,1,0
4089,48,53,58,45,61,49,61,52
51129,1,0,0,0,0,0,0,0
26235,61,56,68,76,55,54,55,60
105376892,0,2,1,4,2,2,1,1
23259,31,39,28,16,27,28,32,35
440489,36,33,12,12,11,18,12,19
121009648,0,0,0,0,0,0,0,0
56900,40,46,37,39,40,27,25,45
1398,128,124,69,79,75,85,97,105
9378,0,0,0,0,0,0,0,0
50615,0,0,0,0,0,0,1,0
80195,39,45,50,49,41,44,52,57
5362,9,10,16,21,19,16,27,14
79675,42,52,50,23,38,39,46,35
55319,289,342,173,194,202,217,207,259
54455,40,43,42,39,52,51,58,52
105375635,0,0,0,0,0,0,0,0
123706523,2,0,1,1,1,0,4,0
23503,5,8,1,3,2,4,5,6
26130,145,181,87,133,116,124,122,135
1909,4,5,4,5,6,1,3,7
4128,17,20,31,20,35,33,25,22
4548,303,249,201,160,220,169,206,203
100128191,14,19,9,22,14,18,24,20
7327,239,258,247,220,304,233,201,241
92906,31,38,51,41,50,52,65,65
107133516,0,0,0,0,0,1,0,0
55650,19,24,17,18,22,19,13,21
221491,41,45,30,37,33,65,46,56
643790,201,209,169,176,208,173,193,168
401357,1,0,0,0,0,0,0,0
124900422,0,1,0,1,0,2,1,1
79709,187,230,156,142,173,161,189,158
378807,0,0,0,0,0,0,0,0
643965,1,0,0,0,0,0,0,0
107984564,0,0,0,0,0,0,0,0
493869,61,71,43,51,69,54,48,70
84343,29,20,11,10,21,23,15,20
58160,1,0,0,0,0,1,0,0
91283,51,52,32,31,25,32,50,28
101927209,1,0,0,0,0,0,1,0
57521,22,18,15,2,12,15,9,15
101927117,0,0,0,0,0,0,0,0
26270,9,15,5,4,4,4,7,6
109729146,5,7,2,5,5,1,4,4
100289682,11,6,6,7,4,5,5,5
11182,15,13,9,10,15,8,9,14
6659,2479,2758,3532,3305,3699,2950,2721,3119
286827,49,40,20,24,15,17,24,19
143244,360,378,187,230,122,177,230,206
791230,4,5,4,3,4,2,4,1
55120,69,81,94,74,82,86,69,72
100188986,13,31,16,14,21,14,8,21
57184,35,38,37,28,51,49,71,63
50937,8,10,13,13,12,9,14,6
105371346,0,1,0,0,0,1,0,0
619519,38,42,18,10,32,22,30,32
11147,33,40,42,37,46,50,47,42
407032,0,0,1,0,0,0,1,0
101927765,15,21,23,21,12,31,29,27
107986334,0,1,0,0,0,0,0,0
112268140,3,2,2,1,1,3,1,0
105379484,0,0,0,0,0,0,0,0
80326,2,0,0,0,0,0,0,0
994,130,109,80,75,70,89,105,110
65981,27,29,20,25,29,42,42,35
5986,24,23,24,24,36,39,25,45
124902967,0,0,0,0,0,0,0,0
100131320,1,0,1,0,1,1,0,1
201134,37,31,34,42,51,41,61,52
28996,123,121,102,93,98,86,120,125
5603,18,32,37,23,41,29,34,36
899,160,168,59,73,61,74,117,95
106660612,30,40,4,5,6,9,9,6
64393,30,40,37,31,31,41,30,40
100996712,18,13,21,12,13,15,14,16
390956,145,182,129,111,153,116,125,151
100126793,4,8,4,8,2,5,4,5
92856,205,271,139,151,198,143,144,147
100128483,0,1,3,1,0,1,1,1
27429,36,61,52,56,48,45,45,44
400120,8,9,5,11,11,9,3,12
1602,54,38,40,24,37,30,43,15
100630918,6,6,12,9,24,20,22,17
134549,5,4,2,2,3,3,2,2
112268143,0,0,0,0,0,0,0,0
55700,61,52,41,41,51,51,60,62
51106,80,65,110,80,121,79,69,101
27252,56,58,20,19,31,33,40,31
2262,1,1,0,2,2,2,1,2
23107,245,233,157,191,170,181,173,168
2688,0,0,0,0,0,0,0,0
9322,8,12,28,19,36,23,27,30
128866,70,75,41,36,57,30,40,40
124900960,2,1,1,1,0,1,2,2
25946,9,10,26,23,13,12,13,13
4355,29,28,36,25,44,38,27,40
8862,0,1,6,3,0,2,2,2
51603,140,163,48,79,90,73,72,77
105372319,0,0,0,0,0,0,1,0
51021,394,422,321,323,349,371,358,407
134510,139,153,47,46,53,61,87,58
317760,0,0,0,0,0,0,1,0
729583,3,3,4,3,3,1,3,1
85007,26,19,26,16,23,24,23,27
6843,9,1,6,4,4,3,6,6
112399,44,41,55,50,48,36,37,32
134637,44,47,63,49,63,47,44,50
124907984,1,1,1,3,1,1,1,2
100271631,20,29,16,11,16,25,21,25
5202,522,529,469,457,561,443,451,471
1829,46,55,58,63,76,84,75,89
28969,205,191,157,167,188,184,179,208
26226,0,1,3,2,1,1,2,1
9569,16,11,28,18,32,24,31,20
23174,35,39,40,22,32,45,57,47
105376985,0,0,0,0,0,0,0,0
51318,103,142,99,90,92,110,97,95
51604,307,348,363,309,425,322,345,356
51614,287,334,282,280,321,285,263,261
9592,69,67,72,53,90,58,52,68
54915,76,65,23,33,21,33,48,44
100129998,1,4,3,2,2,5,1,2
84769,132,126,58,52,58,44,51,46
51276,13,7,8,4,6,10,6,5
123099,8,11,10,11,8,7,13,14
117143,38,56,47,39,62,48,52,44
57120,85,91,92,90,110,68,70,68
100506144,46,57,44,40,50,44,50,41
282809,35,41,39,28,41,49,48,57
79005,5,6,8,4,4,6,6,7
51538,336,399,198,165,179,227,239,239
729148,67,63,45,33,51,52,60,49
283970,20,25,21,19,22,18,15,21
100419031,0,0,1,0,0,0,0,0
693157,0,0,0,0,0,0,0,0
80124,45,46,19,20,33,26,29,26
65990,35,42,57,50,62,46,48,45
105374312,0,0,0,0,0,0,0,0
10329,87,91,27,27,53,42,42,45
6084,39,42,30,22,37,26,27,32
692213,4,2,1,1,1,0,0,1
105372768,0,1,0,0,0,0,0,0
200081,58,63,19,20,37,36,26,38
54918,175,213,114,134,146,146,125,142
64344,0,0,0,0,0,0,0,0
56993,1317,1556,520,710,541,532,583,522
23039,122,140,94,97,115,119,130,160
2287,880,844,573,558,746,707,719,761
124900713,1,0,0,1,1,0,3,0
127579,0,1,1,0,0,0,1,0
9213,23,30,28,29,32,26,34,33
29117,293,303,190,177,242,272,242,217
1611,109,125,105,97,109,95,90,111
105377750,0,0,0,0,0,0,0,0
94009,2,5,1,0,3,1,1,0
60496,269,268,149,136,181,181,159,171
3140,18,11,9,9,16,18,15,12
7386,1087,1183,671,689,970,853,908,934
100506473,18,22,21,23,16,19,11,9
203197,13,11,9,5,8,5,16,6
10283,272,306,304,281,354,289,252,306
114825,52,70,25,32,57,37,42,37
116224,36,29,21,21,12,18,22,36
124900659,7,4,4,3,8,7,2,9
245972,0,0,0,0,0,0,0,0
1974,226,270,484,433,561,471,418,506
91272,103,118,111,109,120,106,114,112
124902161,0,0,0,1,0,0,0,0
100134713,14,15,5,5,2,4,4,7
5411,399,425,529,478,750,585,569,611
23329,14,22,11,8,23,12,15,23
117177,79,93,87,77,112,99,95,100
10683,212,222,182,171,233,192,176,240
2980,0,0,0,0,0,0,0,0
124904679,2,3,0,1,0,0,1,1
27006,0,0,0,0,1,0,0,0
124903867,1,2,0,0,1,0,0,1
400673,1,4,3,0,1,3,2,0
65983,6,2,6,4,2,6,11,7
106479959,0,0,0,0,0,0,0,0
57639,6,3,5,2,4,5,1,3
344978,0,0,0,0,0,1,0,0
51361,100,102,102,84,103,96,96,113
6992,127,126,60,71,100,83,80,109
114515521,0,0,0,0,0,0,1,0
80067,13,18,10,17,21,8,16,13
105376033,2,5,3,0,1,1,1,1
5965,187,175,124,100,130,125,130,147
283114,249,272,198,205,214,223,194,233
22944,90,101,59,54,56,68,84,70
100169952,9758,9371,2597,2948,3661,6383,4943,5395
23557,145,192,90,96,118,117,109,131
107080627,1,1,0,0,0,0,0,0
677823,4,1,0,0,0,2,0,0
51315,17,19,20,14,22,25,28,32
119863864,0,0,1,0,1,0,0,2
1761,3,4,1,5,0,1,0,3
2137,54,73,35,33,52,45,58,39
348808,0,0,0,0,0,0,0,1
30,34,35,40,33,32,39,51,46
23102,15,24,18,10,12,29,21,23
2842,5,5,2,2,7,1,3,3
349667,2,4,12,6,18,8,1,7
5579,17,23,36,33,44,29,35,34
100128536,23,37,18,15,18,20,15,12
388474,273,331,234,223,273,290,294,296
406,15,15,6,5,9,11,6,14
3320,6867,7270,5059,4703,5646,6099,6178,6235
124903913,2,3,1,0,1,0,0,3
594855,0,0,0,1,0,0,0,0
55672,56,40,26,19,16,29,26,30
51735,29,27,24,21,22,21,26,29
53407,65,61,25,24,34,37,35,34
261729,34,37,30,31,34,40,34,34
100288241,20,21,9,11,15,14,15,10
4083,185,173,166,142,116,120,126,141
80725,1,2,3,4,1,0,4,1
64645,44,58,56,47,55,57,55,47
692108,0,0,0,0,0,0,0,0
112268151,8,5,5,1,1,4,4,2
9487,20,47,10,22,21,28,14,25
122786,23,23,16,14,18,18,17,33
54899,40,46,45,52,52,58,51,62
29888,4,10,5,6,13,4,6,6
728034,7,7,5,10,10,8,8,6
54344,401,488,382,365,481,521,465,536
388695,44,45,45,35,14,31,23,22
55333,155,150,111,94,114,116,93,121
89958,131,127,88,73,89,94,91,88
3212,38,35,35,26,32,36,43,36
22992,41,46,25,18,23,14,25,29
100130466,53,67,39,30,32,45,43,36
100151642,6,4,1,4,5,7,2,6
4715,925,952,650,621,755,811,738,811
286190,0,2,0,0,0,0,0,0
85406,34,37,15,19,19,23,27,16
9383,135,179,138,102,82,107,92,132
51651,228,252,151,125,165,139,112,158
100288152,7,13,23,19,30,17,19,19
91893,15,11,6,9,7,6,12,10
124904518,0,0,0,0,0,0,0,0
644899,3,2,3,1,3,3,8,6
55366,23,9,24,16,19,16,18,12
28227,14,12,16,17,22,25,23,27
400569,79,89,60,57,58,67,72,84
105371970,0,0,0,0,0,0,0,0
5207,0,0,0,0,1,0,0,0
6191,13070,13687,12941,12485,14756,13470,11528,13663
5564,67,93,31,30,46,45,47,63
4651,148,141,119,96,133,116,138,125
7167,4079,4261,4025,4099,4811,4066,3867,4202
653720,2,2,3,4,2,3,6,4
23708,46,58,49,27,33,34,37,36
9506,0,0,0,0,0,0,1,1
29954,12,10,10,7,14,15,14,8
4677,472,487,376,320,433,408,342,413
147686,0,0,0,0,0,0,0,1
253639,57,46,36,26,40,46,23,40
10725,56,48,41,34,32,38,54,41
399818,58,57,44,33,54,38,61,68
92285,41,44,12,19,15,25,12,22
124902815,1,0,0,0,0,0,0,0
246716,67,71,46,38,71,57,60,49
100127993,42,36,29,21,20,41,29,24
10001,67,77,38,36,38,42,49,47
23131,216,197,173,155,205,240,192,227
158399,62,71,33,47,36,32,43,42
3916,69,68,45,55,50,63,87,54
6867,81,90,48,50,60,81,81,82
2637,5,4,8,1,3,4,4,3
7703,29,32,27,38,41,41,33,31
285941,0,1,0,0,0,0,0,0
10801,55,48,75,68,91,67,88,83
105375169,0,0,0,0,0,0,0,0
105369225,1,4,1,1,3,5,3,4
55210,91,98,75,77,95,89,98,93
107546764,54,68,62,69,107,65,80,86
84991,575,693,450,392,500,435,413,475
25953,202,241,277,250,303,234,215,271
105376436,0,0,0,0,0,0,1,0
147040,5,5,3,8,3,11,2,7
730110,0,3,1,2,0,1,1,7
3280,440,485,1140,1067,1177,714,678,860
5002,14,13,21,13,18,17,13,10
8243,1030,907,887,821,1298,999,969,1107
84327,31,54,38,27,26,39,37,40
3283,0,0,0,0,0,0,0,0
101927124,1,0,0,0,2,0,0,0
222234,8,14,14,6,6,10,9,14
27236,36,22,19,13,25,29,19,27
23600,1,1,0,1,0,0,1,0
115703,5,5,14,6,8,13,10,14
57149,100,98,80,62,66,77,84,73
57231,62,53,40,33,65,55,47,48
57162,11,14,28,25,35,20,20,23
114876,39,51,76,84,78,81,78,75
8568,145,152,103,99,148,110,109,109
91942,561,679,505,459,579,536,426,547
100131846,28,21,18,17,13,20,26,25
107985140,1,0,0,0,0,0,0,0
55633,14,20,12,11,19,19,16,24
2131,57,65,44,38,47,39,39,57
51307,84,98,52,59,59,63,68,67
6949,1169,1197,951,850,1145,981,887,1014
6183,1047,1183,485,517,650,623,580,617
100421515,1,0,1,1,0,1,0,0
118732302,1,1,2,0,1,3,2,0
26610,70,79,58,53,61,79,59,48
64318,427,448,277,235,340,302,255,336
23171,30,34,50,27,45,53,42,37
124902842,0,0,0,0,0,0,0,0
8821,7,13,11,11,14,13,12,20
3491,45,56,63,53,81,62,77,79
105375022,2,1,3,2,2,3,1,1
29842,28,36,48,45,37,42,53,45
9175,137,176,134,127,141,139,136,166
7798,155,132,108,95,120,127,121,168
4776,6,3,27,16,23,15,14,15
80724,7,6,10,7,10,10,12,9
25853,68,85,57,63,70,69,80,62
79832,82,48,51,47,63,58,83,60
64428,51,51,20,15,29,32,24,27
105374423,1,0,0,0,0,0,0,0
10667,22,29,33,22,22,22,24,38
3239,52,42,32,32,49,46,58,48
341,112,170,108,110,108,158,112,164
64145,101,123,125,78,105,127,103,102
123987602,0,0,0,0,0,0,0,0
6898,0,0,0,0,0,0,0,0
246785,100,114,109,90,118,116,113,96
124905449,0,0,2,2,0,0,0,2
105376830,0,1,0,0,0,1,0,0
284086,12,9,18,13,11,15,9,14
23052,53,48,22,18,25,21,34,22
10577,53,54,35,34,42,40,33,39
4054,19,15,8,16,23,17,20,12
124902319,1,0,0,0,1,0,0,0
84902,136,122,86,67,95,78,81,111
124906010,0,0,0,0,0,0,0,0
9117,68,75,66,58,72,60,68,78
54982,79,94,23,21,31,41,44,40
101735302,3,2,0,2,0,2,0,1
105373796,0,0,0,0,0,0,0,0
140687,0,0,0,0,0,0,0,0
220869,44,42,15,31,25,27,26,26
84773,32,23,53,50,58,61,67,44
5511,111,127,80,68,112,93,100,93
8818,191,178,90,109,131,142,125,135
105370169,0,0,0,1,0,0,0,0
8424,0,0,1,0,0,0,0,0
23276,63,67,26,23,30,46,39,38
51284,0,0,0,0,0,0,0,0
105379362,177,212,99,93,101,138,121,150
102724193,0,0,0,0,0,0,0,0
162073,55,56,47,48,37,35,34,40
54949,72,74,23,23,40,34,27,48
6650,70,85,44,23,47,22,35,31
25830,11,6,9,11,11,11,14,10
100874208,0,0,0,0,0,0,0,0
59343,105,124,64,57,67,69,79,84
55006,33,24,15,20,19,21,20,12
9736,93,98,83,73,95,83,67,116
105374104,0,0,0,0,0,1,0,1
112858,37,41,24,29,34,27,28,29
7109,31,41,29,24,26,33,24,28
10226,34,34,29,36,45,44,32,34
729162,0,0,0,0,0,0,0,0
50807,53,51,45,50,44,35,49,43
124903885,1,0,0,0,0,0,1,1
100129827,1,0,1,1,0,1,0,1
23355,29,47,18,21,23,36,19,37
7538,9,7,10,17,27,11,11,21
9369,42,33,33,32,40,23,32,30
4194,196,221,197,216,109,128,147,155
28974,902,1090,682,611,761,775,671,799
255919,24,17,11,12,12,17,18,13
2193,542,679,291,325,399,377,368,394
5793,45,55,40,43,40,37,50,44
201895,17,9,27,17,19,21,20,23
56890,30,40,28,28,48,25,33,36
112268022,0,1,0,4,1,0,2,2
107986289,0,0,0,0,0,0,0,0
10570,19,23,19,29,22,14,10,15
100852407,0,0,1,0,0,0,0,0
100422486,9,6,1,4,2,1,5,1
56339,62,49,47,37,59,84,79,85
118597839,1,2,1,0,2,1,3,1
105369149,2,0,1,1,1,0,1,2
25888,38,33,26,14,20,20,16,22
55344,28,43,42,30,36,28,58,52
51398,689,833,468,474,631,661,626,703
57606,42,34,27,28,28,28,24,42
105375593,0,0,0,0,0,0,0,0
93343,108,120,124,125,133,117,105,124
917,0,0,0,0,0,0,0,0
10160,41,54,55,60,69,46,67,53
677794,0,0,0,0,1,0,0,1
152015,2,1,2,1,0,0,0,1
9665,44,33,29,34,46,37,36,40
7485,135,153,105,88,160,94,96,148
6326,1,1,0,1,1,1,0,0
64855,26,30,22,28,27,30,24,25
57650,73,83,52,50,70,45,49,57
107987422,4,4,2,2,6,4,3,3
25983,221,243,145,136,172,128,137,134
25926,172,181,92,94,125,132,132,131
9833,70,84,71,64,89,88,69,102
8086,139,167,127,136,157,139,126,137
7844,11,10,9,13,12,11,13,17
49856,80,100,66,60,77,77,83,89
6002,15,10,9,7,14,20,14,11
153364,26,34,19,5,17,16,18,25
105373440,1,0,0,1,0,0,0,0
64105,155,165,146,109,130,124,146,139
7544,4,8,2,3,2,1,2,3
107985355,0,0,0,0,0,0,0,0
200424,25,17,12,11,15,13,6,10
692090,0,0,0,0,0,0,1,0
106480750,1,1,1,1,1,0,0,0
1,39,43,52,41,43,46,40,51
124900548,38,57,31,39,21,51,36,20
124906119,2,1,1,0,3,0,0,1
107986346,151,195,169,134,159,163,121,183
79845,30,24,17,21,6,10,12,8
107985868,0,0,0,0,0,0,0,0
29903,30,53,60,52,69,42,54,62
644248,0,0,0,0,0,0,0,1
124903735,0,1,2,0,1,0,2,4
65986,48,34,66,53,45,43,53,35
2037,165,173,179,158,232,175,173,151
147929,15,16,23,22,3,18,13,17
2280,866,912,651,679,715,685,758,740
8732,91,77,58,49,72,47,50,44
100131823,0,0,0,0,0,0,0,0
100507507,11,10,2,11,4,9,6,10
22876,8,17,6,9,17,21,14,13
100129924,2,1,2,2,1,2,3,5
100271547,14,11,12,18,8,18,18,14
113452,15,16,15,24,23,7,23,21
54587,0,0,1,1,1,0,0,0
81847,25,28,34,23,44,26,20,23
80333,1,0,0,0,1,0,0,0
9039,66,66,49,48,46,67,62,73
9304,1,0,0,0,2,0,0,0
64430,32,44,32,15,32,26,24,30
646383,0,0,0,0,0,1,0,0
2804,480,406,357,300,401,381,335,403
805,2234,2758,1574,1490,1885,1609,1440,1708
101928504,2,6,1,0,1,2,2,4
54532,54,51,19,30,35,53,46,56
128240,501,571,358,376,478,462,518,483
653145,46,51,58,46,61,44,41,58
10205,6,4,6,12,13,17,18,20
107984855,1,2,0,1,2,0,4,1
26224,22,27,24,23,17,30,22,27
23476,225,208,144,142,114,118,154,136
441502,101,103,69,60,78,90,72,96
143689,0,0,0,0,0,0,0,0
8738,25,33,28,21,28,31,16,28
23049,78,101,86,87,73,82,75,89
65263,56,48,24,29,27,41,31,40
124904944,0,0,0,0,0,0,0,1
729171,18,15,22,16,26,21,17,16
105378333,0,0,0,0,0,0,0,0
124930,86,71,55,69,33,42,58,51
53834,24,16,18,22,27,19,28,31
284307,35,48,15,23,20,14,26,14
5480,125,157,97,101,136,120,122,123
100268168,3,2,2,3,0,0,0,1
101928796,0,0,0,0,0,0,1,1
574080,35,28,22,29,33,30,23,30
1297,1,2,1,1,1,0,0,0
124905983,0,0,1,0,0,0,0,0
8558,48,51,27,25,35,27,41,50
10966,18,15,25,19,31,17,25,20
100188990,0,3,0,0,1,0,0,1
102800310,4,7,2,13,13,10,5,15
120103,49,50,30,34,42,48,57,65
389844,1,1,0,0,2,0,0,0
107984426,0,0,0,0,0,0,0,0
64240,0,0,0,0,0,0,0,0
10125,9,5,5,3,5,5,8,10
124904744,0,0,0,0,0,0,0,0
140606,73,111,83,62,93,67,62,81
64284,0,1,0,0,0,0,0,1
100289274,10,14,28,23,32,23,17,27
387707,2,4,2,3,2,1,0,6
4831,18,27,9,16,16,12,10,25
653567,0,0,0,0,0,0,0,0
4146,0,0,0,1,0,0,0,0
107984874,0,0,0,0,2,0,0,0
84101,20,22,16,16,20,26,31,31
124902492,0,0,0,0,0,0,0,0
158835,0,0,0,0,1,0,0,0
125919,14,13,19,12,12,17,12,15
134145,36,66,35,19,23,25,26,37
389652,29,25,20,22,22,21,17,22
2028,18,15,16,17,19,15,17,20
54602,87,116,61,64,73,74,77,74
101927432,1,0,0,0,0,0,0,0
10006,74,98,64,51,67,61,61,80
27040,0,1,0,0,0,0,2,2
729662,247,291,279,257,287,253,241,288
284309,35,47,11,20,21,15,17,16
100132618,0,0,0,0,0,0,1,1
857,247,254,231,195,237,229,232,288
100134229,5,2,6,1,6,7,5,5
8555,23,24,15,17,16,21,18,21
392452,1,0,1,2,0,0,0,0
124904856,0,0,0,0,0,0,1,0
10838,18,11,12,21,14,10,12,19
101929208,0,0,0,0,0,0,0,0
124905145,1,2,0,0,0,0,1,0
729558,1,0,0,0,0,0,0,0
641638,542,679,547,479,622,565,499,552
474170,16,12,11,9,12,12,13,16
100505758,3,6,2,0,0,0,1,1
9647,75,64,61,42,63,55,69,57
100421797,4,4,3,1,4,5,1,3
23167,38,38,13,7,12,18,26,11
6653,8,4,18,10,18,13,10,12
129303,4,1,3,2,3,6,5,8
7026,203,217,203,188,204,188,243,191
7188,16,18,13,13,17,17,14,30
4288,879,731,577,469,563,512,658,640
4643,48,47,13,20,23,17,22,33
645969,15,17,6,7,5,8,9,6
100505576,0,0,0,1,2,1,0,0
8549,30,23,21,17,33,16,34,23
158427,38,30,38,32,35,43,25,47
100124516,12,14,12,5,7,19,18,19
102723439,0,0,0,0,0,0,0,0
100873065,0,0,0,0,0,0,0,0
392522,122,114,80,81,78,91,105,98
124902373,0,0,0,0,0,0,0,0
26088,58,68,54,61,84,82,72,84
4134,224,220,232,209,296,250,233,272
4097,29,29,17,18,25,19,29,22
145389,19,17,11,10,11,21,18,23
93081,114,150,100,94,104,88,59,95
8089,241,278,195,223,265,267,261,293
3614,156,151,87,88,108,114,98,116
51699,506,567,413,364,505,528,469,541
221687,10,5,5,5,12,10,14,10
124900171,0,1,2,1,0,0,0,1
114897,6,0,2,3,3,3,4,7
10497,15,16,16,15,13,15,14,9
26508,4,6,7,3,4,8,6,7
51130,30,39,38,27,43,17,22,33
101060227,1,1,0,1,3,1,3,0
2975,175,135,145,127,163,136,144,137
5162,236,282,244,210,243,239,197,223
55759,133,137,109,93,107,102,101,103
79037,0,0,0,0,0,1,0,0
105373429,0,0,0,0,1,0,0,0
131375,0,0,0,0,1,0,0,0
3652,35,37,26,27,35,25,15,31
9900,51,49,42,53,50,71,57,71
93550,5,9,4,4,7,6,3,4
102723890,3,2,2,0,0,1,1,1
124902437,1,0,0,0,0,0,0,0
100271722,0,1,1,0,0,0,0,1
6662,28,17,12,18,20,12,16,11
79624,74,98,53,62,75,48,62,75
282967,7,3,3,2,2,2,1,3
112268264,3,5,3,3,3,7,6,4
222194,94,107,88,84,103,93,74,96
132671,6,3,2,4,5,3,3,4
9958,119,142,99,85,86,101,90,110
100652758,5,7,5,3,1,3,4,3
110806277,0,0,0,0,0,0,0,0
5884,78,90,79,57,88,98,103,97
106481122,1,1,1,2,0,1,2,1
147687,14,13,6,2,3,4,8,7
60468,16,17,23,25,40,14,22,30
101928464,34,47,20,21,37,34,31,45
9663,21,36,24,36,32,32,29,27
7737,81,66,67,63,79,44,62,73
83439,4,2,18,15,15,6,15,10
23446,51,66,72,63,80,57,74,68
5641,116,118,112,116,131,101,112,130
109623460,2,0,0,0,0,1,1,0
388339,453,564,402,470,410,501,404,496
9324,660,684,444,406,475,467,441,471
57631,22,27,44,55,86,38,43,46
124902464,1,1,0,0,0,0,0,0
10199,198,219,137,107,163,127,102,117
107985295,0,0,0,0,1,1,1,0
100505761,56,72,88,109,82,125,131,153
100270865,843,926,712,650,781,851,749,888
101929302,0,0,1,0,0,0,0,0
158747,36,48,48,67,68,56,53,58
6376,0,0,1,0,0,0,1,1
124817,10,10,3,6,7,7,6,4
390394,159,189,102,117,147,139,111,152
92659,13,1,2,1,3,10,9,2
8648,37,31,28,33,32,25,29,42
22869,10,13,11,3,7,9,9,18
79575,8,3,1,3,7,5,1,5
84061,285,313,204,178,256,236,216,252
4774,423,366,213,152,158,210,236,196
26266,6,5,9,10,11,6,6,4
7799,92,96,60,61,82,82,75,89
100130562,570,731,615,712,799,671,639,726
2585,35,39,32,26,39,25,33,46
7775,23,23,10,14,14,14,10,14
4968,25,25,27,32,28,26,29,29
107986854,0,0,0,0,0,0,2,0
55763,68,63,53,38,64,43,63,69
83696,9,13,15,7,24,12,16,10
101926903,1,2,0,0,0,0,0,1
285588,0,0,0,0,0,0,0,0
107984816,0,0,0,0,0,0,0,1
136853,5,6,4,0,1,0,1,0
105378629,0,0,0,1,0,0,1,0
23606,18,11,10,6,5,12,4,15
770,43,47,45,35,35,61,57,59
254225,40,48,38,32,42,33,40,32
101927492,0,1,0,0,0,0,0,0
692198,3,2,5,5,3,7,6,6
55281,1,0,1,0,0,0,0,0
100506115,1,0,0,0,0,0,0,0
100129594,0,0,0,0,0,0,0,0
9577,65,55,36,48,39,46,59,45
5026,58,77,56,46,65,66,67,81
126170,4,7,1,3,0,4,5,2
391359,2,4,2,0,6,0,2,3
54443,117,140,57,50,55,62,66,64
3775,33,38,56,31,49,54,46,52
102060282,6,4,5,8,8,4,5,7
124902797,0,1,2,0,0,0,0,0
5023,0,0,0,0,0,0,0,0
5167,66,72,100,75,78,82,57,78
124901314,0,1,1,1,0,0,2,0
54971,62,52,24,25,29,34,31,38
129531,47,66,53,60,66,48,70,59
7325,59,89,78,90,72,53,59,70
122970,0,0,0,0,0,0,0,0
101410535,5,6,2,2,3,3,3,3
353267,209,239,76,64,93,86,102,98
26820,0,1,0,0,0,1,1,1
100189424,0,1,0,0,0,0,0,0
220213,20,27,22,22,13,27,19,34
337876,5,3,6,8,4,8,3,3
27309,78,104,68,67,95,89,66,105
55829,421,419,157,164,207,231,222,241
100288175,2,6,5,0,1,3,5,1
57666,32,24,26,18,23,30,35,24
4924,100,108,100,95,111,108,80,112
64745,148,149,67,88,126,104,128,122
203286,23,17,7,15,22,14,25,22
402682,26,19,8,6,8,13,19,14
125228,61,69,56,55,57,37,53,47
9412,167,172,101,91,103,118,115,124
5789,12,17,18,16,20,19,24,14
105374653,0,0,0,0,0,0,0,0
1019,547,587,428,445,545,448,423,481
83892,35,76,29,34,38,27,38,27
81555,157,147,77,72,81,84,87,78
326342,0,0,0,0,0,0,0,0
100271211,7,5,4,9,7,10,10,4
2510,0,1,0,0,0,2,1,0
79673,14,16,10,10,15,5,4,13
26086,26,29,53,48,56,24,43,48
105376526,0,1,0,0,0,0,1,0
7517,46,51,37,23,30,39,19,28
145407,21,17,10,6,13,9,23,16
10435,13,12,4,6,2,3,7,11
200634,1,0,0,0,0,0,2,1
3678,5,6,38,25,31,41,43,33
1804,0,0,0,0,0,0,0,0
105372489,0,0,0,0,0,0,0,0
254394,27,42,13,19,11,12,12,12
81839,57,43,30,18,27,36,32,42
23593,176,212,165,190,215,204,251,170
100421796,930,1186,1224,1194,1420,1408,1058,1292
4077,80,75,74,61,87,85,63,86
1995,1,0,0,0,1,0,0,0
202915,0,0,0,1,0,1,0,1
79817,11,16,14,20,20,18,17,22
90956,47,58,54,50,48,51,60,41
202052,64,80,77,62,62,77,87,69
115024,237,294,155,140,194,190,203,214
30061,5,12,5,4,2,10,4,7
100130384,1,2,0,0,0,0,1,0
868,8,10,8,10,14,7,10,11
53635,192,212,196,176,214,217,217,229
326615,0,0,0,0,0,0,0,0
23595,127,156,148,159,176,150,145,166
100874466,0,0,0,0,0,0,0,0
729403,5,10,8,9,6,6,6,10
4556,161,171,162,173,275,208,229,218
7481,7,1,3,2,4,7,9,6
9583,31,34,19,9,19,22,31,33
341784,75,69,44,44,54,53,53,53
642741,168,249,169,177,196,193,200,213
124903711,0,1,2,0,0,0,0,0
63027,10,36,13,14,20,10,14,11
8175,24,17,26,23,33,24,25,29
5447,96,94,49,67,70,68,69,85
650623,0,1,0,1,0,0,1,0
65065,14,22,18,21,28,22,25,21
100133941,18,24,23,20,36,30,23,37
55201,84,86,50,31,48,44,48,43
5955,230,252,181,166,183,206,212,202
135270,0,1,0,0,0,0,0,0
55709,24,26,16,14,18,20,13,15
6235,6079,6408,5659,5236,6278,6592,5453,6604
51316,6,7,1,1,2,9,5,7
124909486,0,0,0,1,1,3,0,2
644191,2326,2718,1881,1779,2243,2208,1984,2272
100505616,48,73,88,66,109,117,142,130
9328,206,242,140,149,176,163,141,183
100506274,0,1,0,0,0,0,0,0
100271537,6,3,2,1,2,5,6,3
105372646,0,0,0,0,0,0,0,0
9700,31,53,36,43,39,54,59,48
131055,3,6,1,2,3,7,3,4
80316,0,0,0,0,0,0,0,0
51588,84,75,34,44,43,47,38,38
9913,37,47,31,25,40,31,28,37
112840,49,40,18,16,27,30,23,29
414236,0,0,0,0,0,0,0,2
100419178,8,4,2,2,1,2,1,1
392268,2,1,0,2,0,1,0,0
5150,14,14,21,15,15,17,19,30
7122,1,0,0,0,0,0,0,0
8462,9,8,9,14,9,10,8,6
85463,7,9,0,2,3,2,3,2
140771,1,1,0,0,0,2,1,0
6813,18,13,13,12,16,12,19,15
10558,77,86,51,41,51,41,60,70
26061,115,144,89,88,126,96,89,102
3646,822,915,802,690,862,790,724,850
29098,204,245,149,148,201,180,163,194
55225,21,20,16,19,11,23,20,17
109616959,0,6,1,3,1,1,1,1
23139,18,13,16,21,26,22,22,31
124903574,4,5,2,6,2,6,3,4
5290,21,19,19,21,23,21,21,19
105371088,0,0,0,2,0,0,0,0
124905044,1,0,0,0,0,0,0,0
64895,28,21,24,23,27,26,25,33
107984356,7,6,3,1,0,4,4,3
352954,10,2,4,0,3,5,9,9
100169759,0,0,0,0,0,0,1,0
84067,6,8,5,7,5,8,6,6
23438,28,25,36,37,30,27,37,36
84230,18,25,20,6,19,25,14,21
79576,382,419,299,329,365,327,294,327
27022,2,5,3,6,7,1,3,6
149076,19,23,34,34,34,32,29,34
9187,12,8,18,12,11,11,7,17
27324,11,9,24,14,23,24,18,24
202122,69,85,62,48,58,82,71,63
4300,140,132,104,100,101,78,94,95
5091,16,17,12,10,11,11,16,11
5332,18,33,19,19,23,34,25,21
90809,18,24,9,22,17,12,20,20
266724,55,40,27,26,37,42,40,31
128322,1,0,0,0,1,0,0,0
164045,5,2,2,4,2,2,4,4
130340,14,20,27,24,29,13,16,16
101060091,9,6,12,11,12,8,3,7
109617004,0,0,0,0,0,0,0,0
442523,1,1,0,0,0,1,4,0
124903969,0,0,0,0,0,0,0,1
254531,8,12,20,7,23,19,23,36
440519,32,23,21,17,27,25,25,31
36,96,114,73,62,73,94,96,112
100128537,1,2,1,0,2,1,1,3
105377864,0,0,0,1,1,1,1,0
85395,50,70,37,42,47,28,31,43
171586,22,18,12,13,10,19,26,13
100420253,6,2,3,3,6,2,8,2
388364,0,0,0,0,0,0,0,0
10520,14,10,4,2,7,10,10,8
9070,133,149,81,101,93,139,129,135
138715,2,4,3,1,1,3,3,2
100133222,14,9,6,7,7,13,4,9
124222,23,21,35,28,43,40,44,33
124901185,0,0,1,0,0,0,0,0
8125,447,446,384,353,543,430,443,465
9632,71,82,42,45,58,74,63,62
3914,3,2,0,0,0,1,2,3
101928650,0,0,0,0,0,0,0,0
692227,3,5,3,7,1,5,6,2
100421390,244,246,89,96,121,172,144,167
124904067,4,2,5,7,2,3,5,6
51764,0,0,0,0,0,0,0,0
81617,12,10,9,6,11,9,8,5
124904616,8,8,9,2,11,1,3,5
4358,104,91,78,83,98,95,119,96
124903722,0,0,0,0,0,0,0,0
56704,61,55,51,70,49,44,53,52
219,106,119,48,49,34,42,57,43
390844,9,12,4,3,6,8,11,7
284403,22,50,38,30,36,36,45,48
124901882,0,1,0,0,0,1,1,0
107987060,3,0,0,0,0,0,1,0
105372245,0,0,0,0,0,0,0,0
126074,27,31,11,11,8,11,10,9
100422640,0,0,0,1,0,0,0,0
4487,32,26,25,37,46,36,28,33
145553,0,3,2,0,0,2,0,2
105369209,1,0,0,0,0,0,0,1
347734,26,24,10,11,11,14,16,15
6251,172,205,103,117,121,107,106,140
100129926,56,53,59,49,83,65,57,67
284440,1,2,0,1,0,0,1,5
5707,658,604,418,398,544,523,461,568
124906226,0,1,1,0,0,1,0,0
100421721,9,12,5,4,4,8,4,3
54504,157,178,131,133,177,175,160,157
100506930,86,97,45,54,66,62,71,61
5547,54,59,33,55,66,61,65,65
6712,21,24,22,18,32,25,23,32
100130260,1,1,1,1,1,0,1,0
79850,53,74,38,30,41,34,25,23
26472,81,99,56,56,69,63,92,76
107983990,0,4,2,0,0,2,2,1
110806271,5,0,8,13,11,4,3,4
100271103,37,63,40,41,43,54,32,28
619383,63,50,20,20,19,39,22,47
23433,52,52,63,55,67,52,62,48
100289137,15,8,6,3,3,1,7,6
4703,0,1,0,2,0,2,0,0
10257,57,51,45,51,46,58,63,63
10127,26,33,16,19,28,16,28,20
8022,1,0,0,1,0,1,0,0
79088,66,70,48,60,52,42,51,67
105372521,0,0,0,0,0,0,0,0
107985541,1,0,0,1,0,0,0,1
8992,338,390,136,144,148,198,211,228
139231,55,38,36,28,24,30,48,43
9397,101,90,97,87,104,120,117,116
100189432,0,0,0,1,0,0,0,0
2549,15,21,12,15,13,8,15,12
100500873,0,0,0,0,0,0,0,0
1384,11,17,16,10,14,14,12,23
6482,16,27,49,34,55,23,22,29
2305,79,100,52,45,64,63,74,83
140710,18,11,13,16,12,15,23,19
23054,53,43,35,37,56,60,50,65
319089,0,1,1,1,0,1,2,0
2274,40,34,42,37,64,38,30,47
2052,26,32,28,27,34,22,32,29
100288748,0,0,0,0,0,0,0,0
23332,35,35,37,23,29,17,12,23
54868,41,31,11,5,12,18,15,7
221914,1,1,3,3,5,2,1,4
101059938,16,15,12,9,14,16,11,24
2525,0,0,0,0,2,0,0,0
100189110,2,0,3,2,4,1,3,2
307,48,44,65,50,79,70,61,61
4992,0,3,2,1,1,1,5,2
21,57,55,55,40,60,48,91,42
131054,4,4,5,11,3,3,5,2
124905447,0,0,0,0,0,0,0,1
115482713,13,9,9,11,8,11,11,10
80347,152,196,232,196,247,250,246,250
56969,1,1,1,1,3,0,0,1
326276,58,56,23,22,23,31,42,28
10043,18,31,16,24,29,20,17,23
2175,54,47,38,40,54,44,56,57
100134444,1,0,1,1,0,1,0,1
80781,36,38,35,29,27,27,22,23
26259,6,4,10,14,10,6,10,12
57097,17,24,35,14,17,22,15,22
27352,40,44,43,36,47,48,51,58
343819,23,21,8,8,6,13,17,16
112267955,1,0,0,0,0,1,2,2
163087,25,34,34,17,21,25,27,33
400684,6,2,7,7,9,10,10,8
246714,94,88,77,55,61,77,62,70
643977,1,1,2,1,4,2,3,0
100506100,18,13,12,10,13,12,14,17
8647,0,0,0,0,0,0,0,0
100130693,1,0,0,0,0,0,1,0
51434,245,257,179,135,179,199,205,216
7587,140,164,87,53,79,104,73,92
115416,176,183,96,118,128,125,142,147
100271251,9,9,6,5,8,11,14,9
124900979,3,2,0,2,0,0,0,1
285407,1,1,1,1,0,0,0,0
102723498,3,5,1,2,3,4,2,5
6703,0,0,0,0,0,0,0,0
5209,36,54,93,84,79,40,40,42
125150,70,88,50,54,73,62,60,71
644928,217,259,182,176,193,208,205,222
730755,0,0,0,0,0,0,0,0
9892,6,4,5,7,13,3,14,11
10826,3,5,4,1,3,2,3,4
728325,6,11,10,10,9,6,10,11
326303,75,88,56,68,54,82,63,59
57862,65,74,52,61,59,49,59,66
107987467,0,0,0,0,0,0,0,0
1577,1,2,4,3,3,5,1,3
4752,34,47,40,27,35,26,30,39
100289238,0,0,0,0,1,1,0,0
94134,32,23,17,26,29,23,21,38
283698,47,52,21,25,26,40,36,29
64236,51,44,50,55,71,68,54,61
124906088,0,0,0,0,0,0,0,0
219333,26,23,15,16,25,39,29,23
106480254,133,154,103,61,100,94,87,104
389362,112,115,76,86,97,121,126,139
101927510,4,1,0,0,0,1,1,1
57804,13,22,21,14,21,18,24,28
105373324,0,0,0,0,0,0,1,0
51778,0,1,0,1,0,0,0,0
100506922,8,15,13,7,10,9,7,14
105371275,2,2,0,2,0,1,2,3
171423,206,142,90,80,112,129,95,116
724102,53,68,59,59,76,84,87,85
100528021,0,0,0,0,0,0,0,0
79627,37,37,35,28,39,38,37,38
1749,8,18,22,24,31,23,18,22
54802,63,66,49,53,59,50,48,49
100287755,44,56,39,30,30,36,45,51
100499405,1,2,3,0,2,1,3,2
203522,2,4,3,3,6,7,5,8
401399,4,2,2,1,7,7,8,11
27173,105,133,80,90,112,115,104,99
647112,157,145,124,82,90,137,107,104
85379,44,30,56,25,35,27,29,40
400236,4,6,1,1,4,4,3,1
8031,154,169,117,102,164,139,139,138
51409,14,28,24,24,25,25,29,21
10418,24,40,16,30,30,36,29,36
10477,178,180,149,167,192,144,154,185
100506286,0,0,2,0,0,0,2,0
10900,2,2,0,1,0,2,2,0
10671,179,201,133,101,162,169,129,164
4303,7,16,16,29,17,20,23,18
51734,58,94,42,36,62,55,56,61
830,284,396,169,166,204,198,194,203
285855,831,876,408,386,503,604,570,569
392447,4,3,0,4,1,2,1,0
10025,28,40,43,37,34,36,37,25
282996,27,22,29,19,29,17,30,30
105372950,0,0,0,0,0,0,0,0
4200,130,128,108,100,133,109,137,133
896,88,80,56,63,65,55,70,70
124904506,0,0,0,0,0,0,0,0
60676,0,1,1,0,0,0,0,0
100505715,62,54,45,36,39,33,31,33
10449,230,277,216,189,238,262,229,289
101928917,0,2,0,0,0,0,0,0
8362,16,8,7,14,7,7,10,21
105378291,0,0,0,0,0,0,0,0
22900,33,29,26,23,28,28,34,28
100271038,11,15,14,4,8,19,18,9
107985740,0,0,0,0,0,0,0,0
102724680,0,1,0,0,0,0,0,0
124905553,1,5,3,0,3,6,1,3
90693,9,14,8,11,9,14,8,13
7184,2883,2942,1911,1845,2099,1856,1997,2117
653503,98,136,68,64,68,74,77,95
6513,139,144,138,115,133,120,116,122
7295,2380,2513,1936,1716,2123,2205,1995,2317
124905250,0,3,0,2,3,0,2,3
107986266,0,0,0,0,0,0,1,2
101927151,51,46,35,35,26,26,46,50
5444,0,0,1,0,0,0,0,0
9201,23,25,45,48,54,48,34,37
84256,26,23,22,28,36,17,25,34
6231,33,33,24,26,32,27,24,29
5360,2,0,0,2,5,2,1,0
101927880,0,0,0,0,0,0,0,0
124901267,0,1,1,1,0,0,0,0
8673,251,293,220,187,235,233,235,251
64968,166,210,215,180,198,177,170,180
124903492,0,0,0,0,0,0,0,0
100129842,0,1,0,2,1,1,2,0
124907869,7,7,7,6,4,3,5,5
8776,34,31,10,11,23,23,26,23
26071,259,300,258,224,311,259,252,318
106635539,43,43,44,43,65,45,41,58
8314,47,61,28,44,47,37,60,36
8050,75,82,63,55,76,66,67,81
172,108,112,45,22,52,53,65,65
92154,14,16,8,8,6,3,5,12
55035,166,206,141,127,137,181,184,206
129080,6,6,3,4,4,8,7,6
7263,75,96,50,39,51,52,63,66
6719,0,1,1,0,1,0,0,3
56666,3,1,10,6,7,8,6,7
27099,5,4,1,0,0,0,3,1
10554,132,139,138,116,190,140,162,173
124901083,0,0,1,0,0,0,0,0
54498,10,12,7,5,8,7,10,11
7474,80,95,65,58,41,54,55,51
102524628,0,0,1,0,0,0,0,0
3105,242,251,203,221,271,243,244,278
728978,7,4,8,10,10,6,10,11
84335,14,21,16,19,16,15,19,15
5379,53,52,44,49,44,47,41,55
10319,4,5,1,1,3,4,7,3
7402,93,60,116,87,103,94,98,114
163033,10,19,15,12,12,8,16,26
23151,9,4,8,4,9,6,9,7
390006,32,48,32,26,36,34,33,38
54557,79,71,51,57,73,76,71,69
285053,4109,4471,3731,3682,4404,4006,3630,4055
105372582,10,7,6,5,4,2,9,8
100129792,5,5,3,3,0,2,3,2
84693,10,16,16,19,22,27,20,20
55686,8,5,7,4,4,8,11,8
653857,7,6,11,4,15,17,7,9
4542,1,1,1,3,2,2,0,2
677777,3,2,10,9,9,4,6,9
124904180,0,0,0,0,0,0,0,0
126811,0,0,1,1,1,2,0,4
54487,58,74,21,19,18,20,31,19
54345,5,1,3,3,12,2,3,6
9590,336,326,423,371,525,391,406,462
8665,287,318,252,261,292,246,267,331
8994,28,27,19,20,18,19,13,16
651430,1,0,0,0,0,0,0,0
105369164,0,0,0,0,0,2,0,0
8576,23,30,28,42,29,28,31,26
257144,0,0,0,0,0,0,0,0
678,89,77,76,64,66,58,82,69
140758,28,32,17,27,21,24,18,20
145989,0,1,0,1,0,2,0,1
79768,69,62,46,36,38,51,61,53
84456,46,37,83,71,95,66,98,106
85480,5,7,24,19,24,25,20,26
105376311,0,0,0,0,0,0,0,0
2983,30,42,39,32,40,51,42,40
27246,62,64,35,32,44,50,50,55
728689,1759,1869,1797,1598,2139,1522,1641,1695
692199,0,0,0,1,1,0,1,0
3675,2,0,2,2,3,2,4,4
107986559,0,0,0,0,1,0,0,0
55544,39,33,27,21,27,28,26,39
100128745,25,24,17,18,16,22,26,17
814,50,35,40,44,43,38,37,43
101928659,6,9,3,8,3,7,4,2
387263,54,50,38,46,49,43,64,47
91664,16,11,6,5,4,8,3,7
9605,16,17,7,6,4,10,7,9
51283,87,110,85,88,102,88,70,74
101930150,0,1,1,0,0,0,1,0
10850,0,0,1,1,0,0,0,0
27258,1377,1540,1081,976,1265,1194,1071,1221
9781,8,10,7,5,7,10,7,8
5080,52,48,39,40,52,40,39,33
22954,18,24,13,10,14,6,19,13
100873982,0,0,0,0,0,0,0,0
9384,198,161,205,140,203,177,149,195
124901867,4,0,0,1,0,0,0,1
100130584,1,0,1,0,2,0,0,2
147081,34,38,53,45,48,37,47,40
306,17,28,10,10,22,30,17,25
105378568,1,2,1,2,0,0,0,0
79752,56,83,101,90,110,90,72,102
55503,0,0,0,0,0,0,0,0
100287822,1,0,0,1,0,1,0,0
23204,769,950,465,476,479,422,437,522
124902167,6,5,7,10,17,15,12,9
5213,74,84,104,79,122,98,99,94
727997,211,240,217,173,237,220,177,212
1417,0,0,0,0,0,0,1,0
647121,8,14,7,4,8,5,5,9
3066,486,564,428,426,533,368,419,371
253827,101,80,96,103,108,108,93,126
105370897,0,0,0,0,0,0,1,0
55003,338,323,121,123,106,117,173,145
221960,49,38,21,21,17,25,37,19
9521,542,605,269,286,360,344,320,345
100132681,1,3,1,1,3,2,2,1
441094,28,26,22,20,22,33,21,38
93668,0,0,0,0,0,0,0,1
124905590,3,2,1,2,0,1,0,0
9132,5,1,9,1,3,2,7,11
7249,18,22,25,17,26,25,30,25
55862,202,198,159,127,161,132,150,156
124906263,5,3,1,2,2,1,0,4
124900962,0,0,0,0,0,0,3,1
11158,62,61,16,11,17,12,21,17
64764,61,41,40,37,45,29,37,40
634,0,0,0,0,0,0,0,0
29106,9,7,11,6,14,3,4,6
55897,10,9,4,16,12,10,5,8
164118,0,0,0,0,0,1,0,0
137886,49,39,33,28,32,34,20,30
23165,147,132,104,105,136,126,118,144
4189,46,49,30,20,34,33,30,26
100189198,2,1,0,0,0,1,0,1
94015,2,2,3,4,5,6,6,8
3274,0,0,1,0,0,0,0,0
55296,29,25,19,18,28,32,26,32
9001,1,4,0,2,2,3,1,1
392781,15,8,5,7,11,10,7,5
646077,1,1,0,0,0,0,0,1
402069,41,40,33,27,16,40,37,36
441391,180,192,124,126,146,154,114,143
25777,46,31,40,41,44,39,58,50
124902560,0,0,0,0,0,0,0,0
4204,165,155,150,147,178,164,147,182
341315,25,42,36,17,28,31,35,36
2794,82,85,72,63,80,85,66,87
64601,37,34,33,31,45,28,42,32
25782,73,97,86,79,97,97,103,108
89910,67,67,46,35,43,38,53,54
220158,0,0,0,0,0,0,0,0
55229,51,47,55,45,88,64,54,69
124909351,1,2,0,0,0,0,0,0
101928214,0,0,0,0,0,0,0,0
98,24,34,29,22,20,25,28,28
101930665,1,1,0,0,0,0,0,0
10266,8,7,2,2,5,3,7,7
124901481,13,14,4,9,12,23,10,15
6201,1721,1942,1414,1395,1669,1738,1790,1750
81542,397,458,173,176,145,190,200,214
55330,32,25,20,24,20,30,24,32
645965,0,2,1,0,0,0,2,0
55967,1038,1264,768,757,1042,934,890,949
6635,1465,1561,1043,907,1218,1206,1030,1219
9022,0,0,0,0,1,0,0,0
100133314,7,5,4,7,1,4,1,1
10732,32,22,42,46,38,33,42,36
4237,59,53,46,40,49,47,49,68
105369402,0,0,0,1,0,0,0,0
728640,25,41,33,8,29,25,38,36
7379,0,1,0,0,0,0,0,0
100189248,2,3,2,1,0,0,1,1
10654,79,103,51,61,64,57,77,69
645251,34,21,23,20,38,12,39,29
57513,17,10,13,10,24,19,22,16
79443,21,40,12,16,20,16,11,25
9813,116,92,51,49,75,76,76,73
124907867,0,0,0,0,0,0,0,0
9807,40,37,16,13,22,29,23,21
55170,72,78,46,46,36,39,47,44
442426,2,6,2,2,4,5,2,5
4801,88,100,89,68,103,83,71,91
9653,70,73,63,46,49,45,70,50
123706516,0,0,0,0,0,0,0,0
100271022,1,0,0,0,0,0,0,0
3924,7,3,2,3,1,8,3,5
105370947,0,0,0,0,0,0,0,0
101928100,23,47,29,24,33,36,36,60
145567,27,31,30,37,41,36,48,36
951,0,0,0,0,0,0,0,1
10247,110,121,56,59,92,67,80,96
55109,164,174,110,101,153,149,140,165
151194,47,59,37,40,43,43,25,48
101929823,0,1,1,0,0,0,0,1
29,58,57,37,31,40,68,44,34
124901018,116,136,93,86,103,108,89,103
105379555,0,0,0,0,0,0,0,0
22927,22,16,14,20,22,25,31,17
642357,65,82,54,59,69,83,86,62
56850,93,92,74,58,96,69,94,75
57456,104,97,74,58,86,84,72,85
139201,0,3,1,0,0,2,2,0
124904708,0,0,0,0,0,0,0,0
124909475,0,0,1,0,0,0,0,1
6244,2,0,0,0,1,0,3,2
392266,2,1,0,0,1,1,1,1
25936,181,171,99,82,122,107,110,130
8898,79,87,67,43,61,64,60,57
105379357,0,0,0,0,0,0,0,0
100505893,0,0,0,1,0,0,0,0
121009647,0,0,0,0,0,0,0,1
342732,1,0,0,0,0,0,0,0
84668,81,87,53,50,67,52,60,66
84933,40,33,30,21,22,31,15,22
56413,0,0,0,1,0,1,0,0
7508,190,168,141,141,244,182,194,210
7993,89,143,36,26,38,41,52,44
105372105,0,0,2,2,0,0,0,2
4351,215,233,205,205,222,209,209,244
93653,1,1,1,0,2,2,2,0
728428,58,74,60,41,44,56,61,50
55500,179,174,131,115,127,118,120,141
50511,0,1,0,0,0,1,2,0
55585,71,69,33,49,40,59,74,50
102724992,2,1,1,2,0,0,0,0
5071,2,2,1,2,2,2,1,2
55290,64,72,32,33,37,57,34,53
102723584,5,4,4,1,2,1,3,8
55714,45,52,17,25,15,24,22,31
107986759,0,0,0,0,1,0,0,0
7692,16,33,30,35,32,19,28,20
148581,0,0,0,0,0,0,0,0
9764,4,5,2,0,6,2,5,8
2116,13,3,7,2,9,5,12,7
10438,79,91,56,55,46,55,50,61
23095,103,104,106,109,108,120,114,123
4094,55,43,31,33,25,27,36,25
90737,0,1,0,0,0,0,0,0
124903635,0,1,1,0,0,0,0,0
58190,28,26,35,25,32,16,28,23
65244,98,81,110,114,138,121,115,138
105373772,0,1,0,0,1,0,0,2
252884,3,2,0,1,1,2,1,0
124901430,1,0,0,0,0,0,0,0
55051,148,133,128,94,124,98,112,112
96626,3,0,3,2,3,2,8,1
161823,73,68,55,47,71,54,51,67
91574,145,146,129,136,183,150,143,150
9844,9,7,6,7,2,4,4,2
10938,25,21,17,17,11,15,10,21
54898,58,55,31,40,42,43,54,59
151188,50,62,54,59,59,55,38,51
79811,480,525,244,235,309,335,309,363
210,20,24,16,16,21,20,23,30
11180,104,81,52,37,47,70,60,80
285329,48,29,29,28,33,39,34,23
4799,59,56,51,41,36,41,48,55
105369154,18,9,12,8,12,14,13,12
57654,21,19,10,10,9,9,18,24
100616115,0,0,0,0,0,0,0,0
157567,33,36,25,27,35,32,39,31
79838,12,17,12,11,11,20,24,26
124904428,1,3,0,2,0,5,4,0
100189078,0,0,0,0,0,0,0,0
64403,1,0,2,0,1,2,0,0
105379023,0,0,0,0,1,1,0,0
100506305,25,27,15,10,16,10,13,21
387869,2,2,0,0,0,1,0,1
25814,322,350,233,218,293,254,253,318
107985629,1,0,0,0,1,0,3,1
81846,7,5,19,8,12,7,19,13
29894,58,50,66,55,59,60,53,51
100499251,0,0,0,0,0,0,0,0
10548,72,72,51,41,58,45,52,57
102724001,1,2,1,2,1,0,0,0
100147822,0,0,0,0,0,0,0,0
113177,5,6,5,3,1,1,2,4
9121,0,0,0,0,4,0,2,3
89790,0,1,0,0,0,0,0,0
165055,84,70,57,33,52,41,52,50
101060016,0,1,0,0,1,0,0,0
107986571,1,1,1,0,2,0,2,4
388327,5,20,11,13,17,17,12,18
51054,9,22,8,8,9,10,11,8
221710,38,38,38,41,37,36,33,24
311,111,90,92,91,130,96,136,128
3267,62,57,34,29,33,43,63,39
23466,398,411,191,178,187,196,195,211
124903831,0,0,0,1,1,0,0,0
10174,46,50,34,41,42,38,55,60
100189294,0,1,0,0,1,1,0,0
10999,25,29,7,9,15,7,12,14
3362,1,0,1,1,5,1,1,1
8723,55,56,41,41,66,48,54,66
105373311,1,1,0,0,0,0,0,2
100271636,17,15,16,10,18,23,19,25
116064,112,113,89,76,99,98,111,112
57512,0,3,1,1,0,0,0,0
2013,117,147,170,100,173,131,118,159
144481,1,0,1,1,1,1,2,1
9802,296,306,173,162,199,191,182,200
101926915,0,0,0,0,0,0,0,0
255031,1,1,0,2,0,0,1,0
643003,19,34,23,21,18,16,17,22
105370867,2,1,2,0,0,1,0,0
26128,71,71,73,33,57,50,70,54
100302640,1,5,0,1,0,0,0,0
100270841,145,169,126,161,141,181,154,158
152006,20,10,12,7,14,24,12,15
5891,36,41,17,19,15,25,14,16
6613,1093,1155,798,765,911,853,862,836
170688,141,147,73,95,63,81,56,85
29082,154,221,85,113,113,133,114,134
105374524,3,2,0,0,0,2,6,0
105371085,0,0,0,0,0,0,0,0
353013,28,24,8,14,12,16,11,10
100271274,34,38,28,28,32,30,30,36
402112,4,7,13,12,15,16,14,17
10963,634,589,282,277,358,366,355,379
79677,119,121,102,109,121,108,94,105
100874364,0,0,0,0,0,2,1,0
100874023,1,0,0,0,0,0,0,0
100271063,785,895,602,660,743,756,623,751
1843,16,25,58,61,50,35,35,45
4088,30,34,37,37,48,29,41,40
124906362,0,0,0,0,0,0,0,0
81620,118,146,181,186,207,194,193,169
100287261,0,0,0,0,0,1,1,1
107985667,0,0,0,0,0,0,0,0
6138,7118,7734,6326,6190,7468,7069,6144,7407
1613,21,35,15,17,23,24,18,28
105370594,1,3,0,1,1,0,1,2
4012,59,43,46,51,59,43,53,53
124903814,2,1,1,0,0,0,2,1
124903035,2,0,0,0,1,0,0,0
7465,58,92,55,64,32,52,59,47
6272,60,69,32,35,36,52,61,65
59269,9,6,7,10,8,9,3,9
105371481,0,0,1,0,0,0,1,0
3958,82,133,50,41,62,104,100,109
4234,109,176,32,33,55,55,50,64
55740,435,479,458,405,437,459,499,556
4824,57,54,19,21,20,29,31,37
64779,25,27,12,13,13,19,17,16
6696,0,0,0,0,0,2,0,0
340547,0,0,0,0,0,0,0,0
54897,7,6,25,17,16,14,13,15
652549,17,14,6,10,13,20,12,10
100130624,424,510,328,374,410,392,355,468
64983,317,376,198,177,279,283,258,263
55558,21,22,15,14,21,12,16,26
55717,50,61,47,33,48,43,49,63
10746,86,90,88,94,89,73,83,65
3052,55,59,21,37,40,29,24,24
645369,1,1,4,2,3,1,4,4
124904324,0,0,0,0,0,0,0,0
51277,9,7,8,6,10,2,3,9
7093,3,4,3,5,6,6,4,2
283152,10,5,7,10,7,9,9,4
105377946,0,0,0,1,0,0,0,0
644794,4,2,1,1,3,1,3,2
8669,362,339,195,151,241,251,228,239
55243,18,16,18,19,20,15,16,25
100533853,0,1,1,0,0,1,0,0
84914,47,50,26,36,19,22,29,45
101929774,0,0,0,0,0,1,0,0
107986680,4,3,0,0,1,3,1,0
3915,107,105,133,129,134,123,167,133
56896,37,35,40,39,51,45,49,37
107986281,1,1,0,0,0,1,0,0
6660,9,6,12,11,12,13,17,22
283768,0,1,0,0,0,0,0,0
159371,25,26,26,27,27,43,25,21
131601,20,19,21,13,26,26,29,27
105376634,6,2,2,1,6,4,5,7
355,26,40,8,18,16,14,21,12
653238,37,46,19,7,22,22,26,31
101928489,1,1,0,1,0,1,0,1
652608,3,6,0,3,7,7,2,6
51027,50,59,51,32,49,74,67,69
23256,141,168,111,87,118,118,97,109
2526,6,4,2,3,3,3,5,2
101927242,0,1,0,0,0,0,0,0
100873756,0,1,0,0,0,1,0,0
65980,73,58,50,39,54,44,56,75
6206,4293,4847,4904,4077,5022,4601,3974,4743
101060301,72,59,47,43,57,67,53,72
257364,1,1,4,5,6,0,8,3
124907868,2,0,2,1,3,0,1,1
114787,6,7,10,4,3,5,6,9
10788,63,81,119,119,128,116,116,128
414169,9,3,7,4,6,2,8,9
6050,262,287,128,138,176,171,169,199
158228,10,8,3,4,4,15,18,14
5860,36,43,35,24,37,25,30,25
4645,15,20,16,17,24,14,27,25
138050,31,28,17,10,17,14,25,12
124906264,0,0,0,0,0,0,0,0
653677,0,0,0,0,0,0,0,0
105372997,1,0,0,0,0,0,0,1
3032,118,124,94,82,110,103,120,118
112744,0,0,0,0,0,0,0,1
2059,52,50,51,39,76,46,66,57
3185,896,943,547,535,742,619,646,635
80095,15,15,7,9,7,11,9,10
10525,136,129,66,66,72,60,64,66
60560,97,96,102,79,93,103,110,101
285051,1,0,0,0,0,0,0,0
100418736,2,4,1,0,1,1,3,3
107986676,0,0,1,0,0,0,0,0
102724135,5,6,4,4,8,4,4,1
54977,83,96,46,52,59,61,54,64
958,0,1,0,0,0,0,0,1
8861,33,25,30,29,26,29,33,42
10212,582,660,191,193,252,299,284,305
105369212,0,0,4,1,2,5,2,0
23623,71,75,103,92,119,91,109,104
6645,93,67,53,47,45,65,69,73
100616283,1,0,0,0,0,0,0,0
283578,34,26,27,32,41,33,43,43
29799,5,2,13,9,15,7,9,9
81537,16,19,26,26,32,20,30,25
9570,108,137,59,85,71,82,80,78
221823,0,1,1,0,0,0,0,1
23413,43,55,27,22,21,23,34,26
80028,28,21,12,17,12,16,14,13
83930,66,89,48,55,57,53,66,57
8073,757,819,337,435,351,409,419,437
4122,28,41,33,32,43,49,51,39
4572,0,0,1,0,1,0,2,1
22862,98,113,75,79,117,128,114,97
124905331,27,13,11,13,19,23,18,14
360177,5,4,2,1,0,0,1,0
724029,2,0,0,0,0,0,0,0
662,77,92,57,42,64,62,49,69
8837,28,14,38,33,32,37,25,31
100131338,1,2,0,3,5,4,2,4
253461,37,36,27,24,26,33,51,35
840,62,56,35,37,42,35,45,37
106480673,0,0,0,0,0,0,0,1
100874415,3,3,0,0,0,3,0,1
100506436,0,3,0,0,0,1,0,0
124903555,0,0,0,0,0,0,0,0
11060,33,33,19,15,17,24,23,33
79834,32,29,29,19,19,18,37,30
100240735,5,1,6,3,10,9,7,5
100287966,9,15,4,8,7,6,5,4
6029,49,44,15,10,8,32,23,26
8578,1,1,0,1,0,0,0,0
147011,5,4,5,3,2,3,7,8
10589,163,183,129,120,192,132,154,164
57504,35,20,40,43,55,56,40,28
107984214,1,2,0,1,0,0,1,0
54,0,0,0,0,0,0,0,1
5165,108,112,148,133,178,110,120,123
1060,47,45,56,32,48,52,54,60
100131597,5,4,2,3,0,3,1,3
399669,0,0,0,0,0,0,0,0
107986735,1,0,0,0,0,2,0,0
121793,0,0,0,1,0,0,1,0
8351,18,24,8,6,7,10,21,18
783,4,3,9,13,7,6,10,8
120,237,228,298,255,326,302,303,356
260293,12,15,17,19,23,35,34,26
158809,1,0,0,0,0,0,0,0
27345,13,22,29,25,16,21,23,34
105374879,0,0,0,0,1,0,0,0
101928358,2,2,8,9,5,8,4,3
63892,50,37,18,32,24,24,34,34
1486,27,25,16,35,30,32,17,34
2022,0,0,0,0,0,0,0,1
9848,4,4,4,4,7,0,11,6
123606,23,31,33,37,30,36,37,54
124903575,1,0,0,0,0,0,0,0
7584,28,28,17,9,12,16,14,14
643836,70,78,64,50,70,58,58,52
54880,140,148,186,155,180,136,187,168
727896,48,62,21,21,21,30,24,29
219771,60,60,46,43,60,47,70,61
3676,60,45,45,36,51,44,31,56
53409,48,58,28,31,42,43,56,44
1197,2,1,0,1,1,1,0,0
124904670,0,1,0,0,0,0,0,1
105370966,0,0,0,0,1,0,0,0
64943,103,91,76,67,94,96,119,96
91833,40,49,21,16,26,34,30,33
10564,32,46,29,28,33,45,35,49
124045,22,26,19,20,24,29,22,22
124900658,1,0,0,0,0,0,1,0
2184,34,54,41,30,44,52,48,50
100189340,0,0,0,0,0,0,1,0
442320,3,2,0,1,0,0,1,1
80851,6,3,3,5,5,8,7,4
2078,0,0,1,4,4,0,0,0
7869,0,2,1,1,0,1,0,1
25839,57,67,57,58,65,59,67,80
200420,1,1,0,1,0,1,0,1
442723,977,994,815,619,739,966,762,855
2021,59,76,44,50,69,60,53,73
151230,24,19,19,9,22,18,15,19
152519,24,17,17,21,21,27,23,29
619498,0,3,0,0,1,1,1,0
2182,81,86,90,62,85,122,88,106
124900477,2,1,0,2,2,3,2,0
654369,19,24,24,18,13,17,21,16
100507102,35,49,25,20,20,17,28,20
156,15,11,17,15,9,22,21,17
114926,124,147,51,54,67,85,80,96
8785,0,0,0,0,0,0,0,0
124900978,0,0,0,1,0,1,0,0
8406,15,13,28,33,48,29,29,24
124901280,0,0,0,0,0,0,0,0
219402,181,201,154,137,171,158,131,154
60436,75,89,90,76,87,67,81,89
10194,40,51,54,39,57,68,44,51
60490,105,140,86,83,94,94,88,79
348654,54,57,33,27,42,50,50,49
23761,59,60,39,26,45,42,49,45
124902309,2,2,1,0,1,0,1,0
101928323,0,0,0,0,0,0,0,0
10867,28,16,11,7,12,11,14,20
642737,89,82,42,46,34,45,45,49
25909,72,79,80,47,66,71,78,83
100189137,7,6,0,0,0,1,3,1
6049,97,93,36,34,45,45,53,56
4568,15,10,9,6,6,7,8,9
727914,17,14,7,13,9,11,8,10
107985686,1,1,0,1,0,0,1,1
84791,68,68,38,35,37,49,47,51
283710,0,0,0,0,0,0,0,0
117246,245,210,99,115,151,150,181,166
112268402,0,0,0,1,0,0,0,0
10040,61,80,84,72,83,87,77,84
84437,60,71,53,41,73,53,63,57
124903978,1,0,0,0,0,0,0,0
6121,0,0,0,0,0,0,0,0
124905514,6,5,4,0,2,6,2,3
120227,23,22,18,18,26,20,21,21
646891,0,1,0,0,0,1,1,0
8548,68,70,50,26,31,40,26,39
84719,0,0,0,1,0,0,0,0
100509894,1,2,1,0,4,3,4,2
6493,17,24,33,26,29,20,29,15
256374,1,1,2,0,0,2,1,4
9136,52,83,22,18,31,29,24,19
100422913,2,1,0,0,0,0,0,0
440689,8,10,1,1,3,7,6,7
387071,5,10,9,6,9,3,4,5
126969,2,1,1,1,3,3,2,5
285148,174,237,142,161,127,118,144,171
83879,87,111,136,125,136,99,105,97
100287785,0,0,0,0,0,0,0,0
51622,42,58,31,16,20,53,48,34
147841,225,263,149,174,131,177,219,207
5128,13,24,17,17,12,25,16,19
3861,0,0,0,0,0,0,1,0
100422242,1,0,0,0,0,0,0,1
100271040,0,0,0,2,0,2,0,0
124903534,0,0,0,0,0,1,1,1
10342,174,199,127,109,148,135,121,139
400500,1,2,0,0,0,0,0,0
2547,1079,1194,975,945,1207,1161,989,1199
105372401,3,4,1,0,3,0,2,3
3049,41,46,40,45,54,36,40,45
9318,202,221,161,161,205,166,153,173
55796,22,16,29,17,24,22,21,24
2068,100,73,78,85,54,68,81,80
414224,13,20,15,15,20,21,18,15
124903647,0,0,0,0,0,0,0,0
112268378,0,0,0,1,0,0,0,0
10524,48,53,25,36,39,33,33,37
57128,226,277,201,196,246,194,188,205
442775,213,303,189,205,237,231,230,259
51727,180,222,104,89,103,148,168,138
288,25,16,30,30,48,35,41,37
101927164,2,3,3,2,0,2,2,0
6285,0,1,4,0,1,1,0,1
105378992,0,0,0,0,0,0,0,0
93164,4,2,2,2,1,1,0,2
1027,64,54,84,88,110,78,59,81
55691,10,12,10,7,12,4,11,12
64225,83,85,78,53,94,89,71,90
2739,1295,1376,1009,1009,1231,1200,1303,1446
8996,10,9,13,15,8,9,14,17
201562,72,77,29,30,39,45,62,39
124905016,0,1,0,0,0,0,0,0
100288702,7,3,2,2,2,2,1,2
124907861,0,0,0,0,2,0,0,0
105372935,24,32,36,26,43,28,17,29
24141,2,2,1,2,0,0,1,0
199221,5,6,4,7,6,6,7,13
56616,203,228,117,100,113,132,156,123
51324,75,94,65,64,83,81,80,97
3632,41,35,18,26,27,32,33,23
79625,3,3,2,4,1,3,4,2
488,152,149,97,108,112,98,138,128
153129,30,42,11,8,7,14,13,17
8622,5,13,16,16,17,14,27,14
7804,32,34,44,46,51,45,61,55
91012,72,84,51,53,39,49,48,66
105369305,2,3,1,0,0,0,0,0
115265,2,1,0,0,0,1,3,2
84100,37,31,11,13,23,16,17,10
100128465,0,0,0,0,0,0,1,0
283212,0,0,0,1,0,0,0,0
4928,77,90,53,57,62,68,63,46
7275,58,53,45,51,47,53,55,55
5567,18,26,23,13,18,28,26,28
254102,0,0,2,2,1,2,1,2
100507246,652,786,628,602,717,577,602,626
55831,273,287,134,143,191,199,175,206
105378560,1,0,0,0,0,0,0,0
56929,39,35,24,25,17,23,16,15
8999,23,29,54,56,57,35,54,64
8677,92,90,96,69,84,111,100,104
6175,9879,10824,9445,9016,10584,9779,8325,10249
360165,123,155,85,79,77,117,118,124
784,4,2,7,3,9,6,19,2
100422338,5,12,1,2,2,2,4,4
100996288,0,1,0,0,0,2,0,1
10507,13,13,26,20,20,35,33,21
344471,417,488,390,414,472,414,442,430
114781,22,20,4,12,6,4,9,13
1997,59,79,47,37,51,47,66,45
124901279,1,0,0,1,0,0,0,1
10560,8,10,9,13,19,20,17,22
339745,32,31,22,27,31,24,30,26
8736,5,1,4,1,2,2,2,6
128266845,0,0,0,1,2,3,0,1
163486,27,14,20,15,18,20,28,27
100271061,15,12,16,6,6,15,8,12
421,3,5,9,4,11,9,8,14
107985206,0,1,0,0,0,0,0,1
124904551,0,0,0,0,0,2,0,0
653479,28,26,11,12,27,18,19,27
7546,272,293,171,198,104,140,190,166
9197,81,79,28,27,53,33,46,57
124904912,1,0,3,4,0,2,1,5
4613,2,0,1,0,2,1,0,0
79856,19,33,27,17,28,33,31,37
5664,56,77,19,24,27,31,34,37
10390,192,220,87,102,121,97,110,108
102724579,0,1,0,0,0,0,0,0
91369,153,167,65,66,51,66,62,81
346653,1,2,0,0,0,0,0,1
23057,4,5,5,4,5,4,3,10
2621,28,21,50,42,63,40,41,42
100216545,20,25,13,18,16,19,19,16
386608,0,0,0,0,0,0,0,1
196188,1,6,4,1,1,1,3,5
1021,124,146,141,109,142,118,142,114
55068,12,22,18,29,25,13,14,30
51619,48,54,21,28,25,28,29,22
222962,12,10,3,3,9,4,11,6
388553,0,1,0,1,1,2,0,0
79415,54,67,29,31,44,40,53,47
476,290,343,284,259,309,340,366,366
8325,15,20,17,17,17,22,23,24
950,52,36,42,43,69,41,57,52
10483,147,174,99,93,149,97,108,110
221955,11,18,13,6,16,24,23,8
7283,290,316,281,290,318,275,300,329
283248,1,4,4,4,4,4,6,3
116447,71,67,55,66,73,58,51,61
10021,2,0,2,0,1,0,2,0
6461,3,6,5,6,7,5,10,8
29966,140,184,78,92,49,50,65,85
6787,72,86,56,33,41,53,56,49
641808,5,8,10,12,8,9,5,10
642776,2,0,0,0,1,2,2,0
124904370,0,0,0,0,0,0,0,0
729080,26,36,22,24,30,44,26,26
124904371,0,1,0,0,0,0,0,0
53346,0,2,0,3,0,1,1,1
11136,0,1,1,0,0,0,1,1
81577,20,37,14,23,26,32,28,24
10300,79,90,94,89,117,116,109,121
92421,25,23,32,37,40,52,29,46
147007,79,67,19,15,27,30,31,29
124900602,19,24,13,16,13,13,9,12
100507053,0,0,0,0,0,0,1,0
109617015,1,0,0,1,0,1,0,1
124904300,0,0,0,0,0,0,0,0
10100,10,9,13,10,26,16,7,13
107985017,0,0,0,1,0,0,0,0
117145,91,79,30,22,34,39,45,51
101928237,1,2,0,0,0,0,1,0
54978,134,153,62,64,49,53,57,82
100422717,5,2,3,3,2,1,3,3
4117,6,13,8,5,11,10,10,9
51094,272,272,169,184,187,152,182,171
1635,91,82,70,49,78,71,73,80
55687,118,150,45,46,56,70,66,89
23199,76,88,84,97,102,93,113,107
26190,146,163,96,77,103,94,117,111
4236,190,252,131,121,217,180,161,178
101928570,1,0,1,1,1,0,0,1
100271202,5,0,2,1,0,1,0,1
57591,27,38,22,27,33,29,31,33
132789,14,11,13,7,6,17,14,16
100271836,15,11,14,12,13,15,9,8
342527,0,3,0,4,4,5,2,5
100861556,3,3,2,1,0,1,2,0
440595,167,213,181,117,144,204,169,158
112817,8,5,2,3,4,5,6,4
124903232,1,1,0,0,1,0,0,0
80345,25,19,12,13,10,18,11,17
84186,104,110,87,106,82,75,83,90
105374384,0,0,0,0,0,0,0,0
2907,41,57,35,34,30,32,33,40
6642,102,102,73,77,81,111,97,95
91298,140,142,79,81,80,78,98,106
54442,33,39,22,17,27,25,35,26
440063,14,12,4,13,3,10,14,5
131544,44,40,47,24,40,39,50,33
84336,88,90,104,108,118,101,121,113
10461,3,8,15,11,15,10,18,10
728609,131,121,134,135,166,141,122,134
55432,70,64,36,17,29,32,33,31
105372250,0,0,0,0,0,0,0,0
105375489,18,43,5,13,4,5,17,5
387590,0,1,1,0,0,0,0,1
54622,23,21,17,29,20,27,27,25
4863,64,43,35,40,30,69,44,42
101926947,1,0,0,0,0,0,0,0
107984011,0,0,1,0,0,0,0,1
10574,1071,1276,1183,994,1315,1080,959,1118
101926935,10,17,6,8,13,16,12,13
102723360,12,6,23,22,19,12,14,13
60509,48,39,48,46,50,40,47,55
729515,206,235,142,164,202,176,146,179
256021,0,0,1,0,0,0,0,0
100874482,2,0,1,0,0,2,4,3
84852,16,26,1,11,5,6,8,11
143279,17,8,13,11,19,19,11,10
118472,98,113,73,52,105,85,89,86
100505573,17,17,33,23,26,22,27,30
4893,155,204,84,99,144,101,105,135
387,647,746,530,548,681,622,653,667
26776,0,0,0,0,0,0,0,0
116435301,3,2,1,4,5,1,2,3
9355,11,12,16,12,25,5,15,13
105373066,0,0,0,1,0,0,0,0
642852,36,40,29,21,30,33,22,43
728402,16,10,14,21,8,22,18,12
80896,4,3,4,2,8,6,7,2
6777,26,27,39,22,28,34,40,39
1195,53,75,77,63,66,52,51,51
27125,157,150,128,104,120,140,183,169
57583,72,81,60,39,66,46,52,48
79066,84,79,70,50,60,56,63,68
84747,58,52,48,52,60,52,53,64
22949,13,25,10,10,16,17,13,35
790,89,113,88,92,97,88,93,97
20,11,9,9,10,26,9,11,15
10957,91,85,129,159,134,115,128,169
102724474,0,0,0,0,0,0,0,0
5337,8,9,14,7,15,13,12,9
64410,14,7,7,4,10,3,12,6
56107,1,0,0,0,0,0,0,0
124901550,0,0,0,0,0,0,0,0
5145,1,0,0,0,0,0,0,0
100189339,3,1,0,0,0,0,1,1
170690,0,0,0,0,0,0,0,0
408,9,4,14,11,12,13,12,17
5684,569,667,387,311,439,479,455,523
54707,69,77,32,30,47,48,44,58
80817,28,41,27,33,29,32,35,36
124901359,0,0,0,1,0,0,0,0
107984036,0,2,2,3,0,1,3,2
5926,77,87,100,64,108,134,118,105
51374,286,308,194,171,211,230,213,261
124904938,1,0,0,3,0,0,0,0
677844,0,0,0,0,3,0,0,0
11332,493,552,490,400,548,569,535,557
4081,7,10,6,1,7,5,7,7
112268288,1,0,0,0,0,0,0,0
101409255,40,44,18,27,20,25,21,23
4849,36,27,26,25,26,29,33,35
124903285,0,1,0,1,0,0,0,0
102724105,14,15,9,1,5,1,3,5
92482,93,105,80,70,98,99,88,94
1794,1,1,0,0,0,0,0,0
126068,3,4,4,4,4,2,2,4
2849,0,0,0,0,1,0,0,0
64843,18,23,29,29,26,14,32,16
112268203,4,2,2,4,2,3,1,1
83742,28,47,26,27,35,41,52,41
148413,89,92,73,64,51,89,103,96
124902736,0,0,0,0,0,0,0,0
107986412,2,1,0,0,0,0,1,0
10404,8,4,9,11,7,3,8,8
101929959,6,5,1,0,2,3,5,3
100147811,16,15,10,5,23,13,19,17
2232,45,61,87,91,100,43,56,74
54758,61,65,27,27,38,50,55,44
8418,0,0,0,0,0,0,0,0
83591,12,12,22,15,21,17,20,23
4636,14,25,8,10,11,11,13,11
646405,0,3,0,0,1,0,0,0
106481210,0,0,0,0,0,0,0,0
8409,677,807,452,445,570,616,616,626
1875,19,13,3,16,14,15,13,17
105374128,0,1,1,0,0,0,0,0
64149,75,77,49,41,67,73,75,84
100132501,1,1,0,1,0,0,1,2
105371993,0,0,0,0,0,0,0,0
105379854,2,5,1,1,1,0,6,1
6261,0,0,1,0,0,0,0,0
92912,39,50,33,29,36,63,53,47
124901161,0,0,0,0,2,0,0,0
124902371,0,0,0,0,1,1,0,0
83956,3,1,1,1,2,0,1,2
401233,1,2,3,3,0,2,0,3
5991,14,14,18,15,17,16,16,17
10672,46,42,42,38,38,30,42,46
101929560,0,1,1,2,3,3,0,3
83890,1,0,0,0,1,0,0,1
29085,661,861,542,529,626,695,629,708
118597832,1,1,1,1,0,2,0,3
1514,97,121,79,63,92,114,93,129
80701,0,0,0,0,0,0,0,0
729131,0,1,3,1,2,2,0,1
6322,736,755,1045,936,1170,768,728,825
27127,4,2,1,1,0,0,0,2
100499177,27,13,42,22,44,26,33,32
105370746,0,0,0,0,0,0,0,0
526,99,116,52,52,79,100,82,97
347902,4,1,6,4,5,1,4,8
4939,0,0,3,6,3,0,0,0
729412,77,81,56,38,55,50,47,59
100131327,0,0,0,0,0,1,0,0
2966,131,127,66,55,83,100,92,105
54919,76,62,53,52,51,53,82,63
2729,30,31,24,16,17,19,22,18
59351,0,0,0,0,0,0,0,0
7114,233,272,148,148,153,173,158,191
730010,17,19,21,24,24,19,21,24
26225,85,105,62,70,75,71,83,57
116150,44,46,36,24,34,29,29,28
100419008,1,0,0,0,0,1,0,1
699,92,104,94,88,124,94,106,92
5724,0,0,0,0,0,0,0,0
144203,23,33,29,34,37,28,33,28
64582,3,3,2,1,1,2,1,2
373156,139,199,122,106,153,126,130,138
147184,68,107,41,46,64,37,50,43
25840,4,4,9,5,3,8,7,6
79085,46,44,46,46,50,45,65,42
107080621,0,0,0,0,0,0,0,0
124901413,7,4,6,7,1,4,3,3
106144532,6,8,3,4,3,13,9,6
105378030,0,0,0,0,0,0,0,0
8970,9,4,6,5,4,5,5,11
8531,1388,1487,897,1117,888,786,911,841
5308,35,52,24,22,39,42,31,33
101929643,0,1,0,0,1,2,0,0
221883,100,103,54,44,54,66,82,69
100288695,38,33,37,37,32,20,38,30
55879,0,0,1,1,0,0,0,0
23186,97,93,114,70,91,106,102,93
102724515,1,1,1,0,2,1,0,0
3665,0,0,1,0,1,0,0,0
94107,50,74,39,43,55,49,45,64
101929410,2,0,1,0,0,0,0,0
692231,0,2,0,0,0,0,1,0
100130963,53,73,51,30,56,47,45,49
100129931,0,0,1,1,0,0,0,0
151473,35,24,18,16,21,23,26,22
2870,61,75,65,46,55,68,84,73
4287,85,68,68,85,106,109,70,71
59338,66,74,70,62,77,86,75,81
644128,18,15,14,14,9,12,12,17
2123,0,1,0,0,0,0,0,0
4330,2,0,9,4,3,4,4,2
646719,20,23,34,22,18,37,28,31
151254,0,0,0,0,0,0,0,0
124773,0,0,0,0,0,0,0,1
359844,0,3,3,0,3,3,0,3
107986820,0,0,0,0,0,0,0,0
23087,34,44,15,19,14,14,21,26
10322,39,40,23,20,21,13,20,18
284805,0,0,1,0,0,0,0,0
100507032,12,15,13,14,11,21,15,23
147179,86,85,67,61,54,76,67,75
100506060,9,11,5,7,3,8,5,6
51310,5,4,4,6,5,3,4,2
124900216,13,4,4,9,6,2,9,8
55664,19,20,17,15,19,21,21,28
53831,3,3,2,1,0,5,3,1
100128535,31,28,13,19,24,29,23,25
124906013,0,0,0,0,1,1,0,0
90233,29,19,12,8,11,20,18,13
124906273,1,2,1,0,0,0,0,0
4298,40,24,25,18,44,26,31,30
1265,124,105,110,79,112,79,87,115
123706526,20,10,8,14,4,8,14,14
26230,11,10,17,9,12,9,14,21
23644,63,79,52,31,36,59,64,50
124902011,0,2,1,0,2,3,0,1
645931,8,4,1,1,7,5,5,9
7152,5,7,2,0,1,1,2,6
64940,40,48,36,45,44,38,44,53
105373296,0,0,0,0,0,0,0,0
3137,36,45,47,38,28,31,34,41
124904281,0,0,0,0,0,0,0,0
105375102,0,0,0,0,0,0,0,0
57118,30,24,43,33,45,45,51,37
107986756,0,0,0,1,0,0,0,0
54053,2,4,6,1,1,3,3,2
124902765,0,1,0,0,0,0,0,0
144321,3,3,2,1,0,4,1,1
3206,396,390,169,207,212,220,205,214
100287463,12,18,11,13,16,15,7,11
124901319,0,0,1,0,0,0,0,0
284948,0,0,0,0,0,0,0,0
648283,14,14,21,7,15,15,17,17
100271654,29,35,27,29,28,40,29,20
79094,8,8,12,12,12,13,17,21
7189,17,11,8,4,8,9,11,13
4479,8,4,9,7,5,10,6,8
11069,2,1,2,8,3,5,1,3
100873928,42,43,29,32,13,24,25,20
360174,1,0,0,0,3,1,1,0
100130820,0,0,0,0,0,1,0,0
124905010,36,34,41,35,29,20,26,29
119863861,24,30,35,37,63,66,54,73
23511,123,99,114,82,111,123,107,118
56133,2,3,0,1,0,3,1,0
9302,18,13,14,11,16,16,16,27
2110,39,53,25,21,27,18,37,27
342538,581,604,461,406,471,472,391,504
59342,28,45,27,22,37,40,33,40
3965,0,0,0,0,1,0,2,0
9817,90,98,41,32,43,38,47,46
644042,59,54,34,29,38,59,61,59
317671,22,36,26,17,31,31,24,31
5335,37,35,39,22,45,44,40,42
6837,25,33,22,30,27,34,25,37
100132382,16,20,16,12,8,18,16,12
124903140,1,4,2,1,2,0,1,4
9532,95,95,44,35,70,81,87,87
55270,208,216,106,88,134,115,108,119
106479413,0,1,0,0,0,0,1,0
402569,0,0,0,0,0,0,0,0
100507291,1,3,4,4,2,1,6,6
102723899,0,0,0,0,0,0,0,0
105374293,0,1,0,0,0,0,0,0
101928978,0,1,0,2,1,0,0,1
7182,26,33,18,23,18,30,21,36
3429,4,7,78,62,87,7,5,5
374378,38,36,58,37,56,52,32,48
1164,1346,1507,1402,1199,1426,1385,1211,1578
645960,6,8,6,4,4,5,2,7
7006,3,2,5,3,6,5,3,4
105369818,0,0,0,0,0,0,0,0
64130,22,12,30,39,34,49,36,32
319134,43,38,12,17,13,23,22,18
64061,66,71,107,96,148,86,95,100
64327,55,68,44,31,39,31,49,33
109623454,1,0,0,0,0,0,0,0
25980,82,103,49,47,70,59,43,57
317662,20,11,9,15,6,23,10,13
101929351,18,15,4,4,13,16,9,15
645,251,290,234,230,295,240,256,247
83940,74,96,82,64,79,83,71,118
401865,1,6,2,0,0,3,2,4
124900995,1,0,1,2,2,0,1,0
100874474,1,1,0,0,1,1,0,3
391701,75,102,65,63,53,98,72,83
80000,6,7,9,5,8,5,6,9
124902781,0,0,0,0,0,0,0,0
54502,20,28,21,8,12,22,22,19
105371520,1,2,0,1,0,1,0,3
1017,226,257,114,173,104,86,123,112
9849,100,102,38,31,49,48,40,34
124901069,2,4,1,2,4,5,3,3
124902718,19,12,11,14,16,19,7,15
729603,1,3,0,2,2,4,1,3
100288097,28,15,12,11,15,19,21,18
56000,0,0,0,0,0,0,0,0
85464,41,40,17,31,19,24,28,26
8659,20,17,29,18,26,27,21,26
124901841,0,0,0,0,0,0,0,0
2823,23,11,22,21,20,23,30,29
105374253,0,0,0,0,0,0,0,0
100128822,6,8,10,6,18,12,12,16
30817,1,1,0,1,1,1,3,2
435,14,15,18,21,25,26,18,17
388363,718,802,573,498,650,666,737,762
128229,26,35,12,12,16,15,15,13
79741,8,10,3,12,4,6,7,11
79577,92,92,72,52,65,66,61,69
124902267,3,2,3,0,1,0,0,0
100130758,14,6,3,5,6,7,6,9
51700,0,0,0,0,0,0,0,0
144383,1,3,3,4,3,0,0,0
3791,0,0,0,0,0,0,0,0
79583,18,27,11,14,24,22,16,23
2778,742,787,1107,924,1211,953,1131,1012
54734,7,6,5,7,5,10,7,6
101929596,0,0,0,0,1,0,0,0
64418,38,34,15,14,21,14,27,25
100506392,11,10,18,14,18,17,12,22
692109,4,1,2,0,0,2,1,0
56731,39,38,59,49,60,54,57,54
653643,0,0,0,0,0,0,1,0
64927,21,28,18,22,35,25,31,23
2501,35,38,35,25,40,33,34,36
105372017,0,0,0,0,0,0,0,0
84848,1,1,0,0,0,2,1,1
6487,25,11,40,25,28,32,38,31
100131213,11,15,6,6,10,12,14,12
79158,44,49,31,39,48,52,50,62
11240,10,12,18,16,4,8,4,7
10239,0,1,0,0,0,1,1,0
64506,45,41,33,18,22,31,32,24
81854,3,1,3,2,3,4,3,2
4316,0,0,0,0,0,0,0,0
94104,98,90,87,57,91,97,79,74
100421749,18,21,20,11,19,13,13,14
10948,42,57,45,23,45,42,37,49
91445,14,19,12,14,16,15,14,7
105373289,0,1,0,0,0,0,0,0
10463,104,103,88,79,88,91,105,124
4067,28,33,35,33,24,29,36,33
57695,47,44,35,28,49,33,26,41
654342,18,21,10,3,9,15,9,16
404093,8,14,5,8,9,9,12,8
121131,35,25,19,20,17,31,26,35
100128164,10,5,3,2,2,5,4,3
54845,0,0,0,0,0,1,0,0
51621,18,16,24,17,26,20,20,21
6224,3089,3410,2754,2416,2768,2793,2391,2852
341457,11,12,8,13,7,15,16,11
79611,4,4,8,11,14,7,10,6
124905363,1,0,4,1,0,1,0,0
85442,3,1,5,3,4,4,0,3
100126780,9,17,13,9,8,15,12,7
64946,127,130,113,124,123,119,139,113
5786,79,72,79,67,86,103,100,91
55582,13,22,24,21,16,18,20,19
9737,1,0,0,0,1,0,1,0
105375514,0,0,0,1,0,0,0,0
5893,19,28,18,16,12,16,10,13
83605,33,36,20,25,37,19,50,50
730888,24,21,10,11,11,16,17,21
1289,21,17,19,15,20,13,16,17
167153,47,53,39,33,43,52,45,52
100419928,50,48,46,43,38,35,27,40
391465,2,2,2,2,1,8,4,2
10861,3,1,1,0,3,1,3,1
8233,57,70,43,56,52,63,55,56
55776,80,86,41,40,48,43,44,45
23344,99,119,89,103,93,98,97,104
284252,6,9,11,13,5,6,15,12
643382,0,1,0,2,0,2,0,3
285888,10,12,17,11,19,14,10,16
124904534,0,0,0,0,0,0,0,0
1373,12,19,22,14,12,11,18,16
101060226,231,213,167,119,124,206,232,220
55706,155,158,98,102,111,97,113,128
374291,697,731,599,551,700,609,544,607
5546,208,193,114,94,139,107,133,141
89839,10,5,8,7,12,13,7,20
692053,0,0,0,0,0,0,0,0
55611,192,230,153,163,179,169,180,188
131873,1,0,1,0,0,0,1,1
100616263,31,33,46,37,35,42,35,41
112268063,1,2,5,2,4,1,4,5
6637,1573,1687,1190,1084,1371,1367,1175,1370
677841,2,0,0,0,0,0,0,0
259307,0,0,2,1,0,2,2,1
80704,3,2,0,0,0,2,3,1
10781,11,19,22,9,17,25,22,29
387097,20,21,32,24,37,37,31,36
25880,55,57,52,65,42,56,52,53
348180,68,81,21,21,46,38,39,38
63943,32,34,20,19,26,26,26,39
100128398,1,3,5,1,4,5,2,6
114885,73,73,32,35,32,43,39,32
124907770,0,0,0,0,0,0,0,0
3643,177,151,187,188,143,167,170,158
728937,166,178,115,137,130,186,154,166
415116,160,194,231,213,323,311,206,282
283335,4,3,4,3,9,5,6,7
10762,315,333,97,106,113,108,115,111
3018,0,0,0,0,0,0,0,0
84286,9,18,6,3,5,7,10,14
9463,12,23,13,11,11,4,8,19
105373218,3,3,2,0,1,2,2,0
3950,0,1,0,0,0,0,0,1
728194,5,7,4,3,5,1,4,2
4958,1,1,0,0,0,0,0,0
79959,15,12,13,8,9,16,13,10
347240,7,9,5,3,8,6,6,8
256949,3,2,1,3,7,6,5,5
105371075,0,0,0,0,0,0,0,0
2697,62,46,46,39,54,48,29,52
81533,48,48,34,26,40,33,47,50
64432,284,336,215,200,238,242,233,277
103724389,1,0,2,0,0,0,0,0
100133991,0,1,0,0,0,0,0,0
221927,46,46,30,31,30,34,36,37
23658,640,755,415,448,452,414,432,485
57415,135,133,54,53,61,68,47,62
283575,0,0,0,0,0,0,0,1
121676925,5,1,2,2,1,2,1,0
124902200,0,0,0,0,0,0,0,0
112268226,93,112,77,60,89,102,72,74
390924,9,20,6,11,11,14,8,19
286059,3,3,2,1,1,1,0,0
100271635,17,6,10,6,8,12,10,6
100132479,1,1,5,1,3,2,4,1
57489,53,63,37,41,39,46,51,45
11164,482,590,388,411,498,446,439,462
644758,8,18,26,12,16,18,16,14
124903941,5,2,2,0,3,0,3,2
57510,169,183,134,110,128,121,114,145
1663,118,98,82,62,82,96,103,119
7089,8,8,7,9,11,7,11,10
23254,43,39,32,20,29,19,33,28
11080,17,21,16,14,6,9,10,11
6192,0,0,0,0,0,1,0,0
6465,0,0,0,0,0,0,0,0
121260,43,35,29,23,18,37,30,30
9486,12,10,21,13,16,14,15,6
64399,13,21,20,17,30,24,20,13
439994,4,4,4,2,4,4,3,11
124906117,0,1,0,0,0,0,0,0
51760,0,2,8,1,10,7,7,9
387914,86,99,103,77,113,78,81,105
253558,115,117,53,57,67,56,73,73
35,5,8,12,13,10,16,16,16
116832,7,12,4,7,13,8,6,8
4563,15,14,10,13,19,22,10,9
151556,19,15,36,34,26,23,16,18
65110,64,69,76,57,91,90,76,95
151636,28,30,40,31,45,16,11,17
57669,25,33,37,27,37,28,20,33
100874291,1,2,7,7,8,3,10,4
257396,7,18,10,10,10,11,12,15
81848,6,1,6,2,3,6,6,1
2109,415,490,342,350,437,433,382,417
51693,132,128,67,65,87,119,114,121
1005,29,26,27,37,45,38,26,29
100820709,0,1,0,0,0,0,0,0
51110,101,85,47,41,70,81,67,96
124900994,1,2,3,1,1,0,0,2
285419,0,0,0,0,0,1,0,0
51191,64,57,100,69,111,52,78,68
144766,0,4,4,1,1,0,2,2
1327,2461,2945,1918,1826,2184,2528,2159,2759
388815,9,6,12,18,19,7,10,17
5153,0,0,2,6,5,1,4,4
79650,59,72,46,36,48,52,40,69
440482,5,4,10,5,5,10,7,8
124901480,0,0,0,0,0,0,0,0
100128775,128,146,91,96,123,123,112,120
1299,1,0,3,4,7,3,4,3
255762,1,0,0,0,0,0,0,0
126328,1435,1600,963,980,1185,1393,1207,1411
113939925,3,2,5,1,1,2,2,1
80862,9,10,9,6,12,10,12,10
125177377,0,0,0,0,0,0,0,0
25940,227,260,85,70,118,142,145,130
91419,24,30,16,17,29,21,29,22
4867,22,18,20,13,19,21,12,15
162655,15,21,18,12,21,17,9,20
4437,160,157,154,131,154,161,163,172
83479,41,44,42,40,27,38,53,41
118788,7,4,3,1,4,2,6,2
124906201,25,27,13,14,21,19,26,14
91057,232,302,241,189,229,261,238,255
83541,5,5,7,2,4,6,2,5
105373637,2,3,4,2,3,3,1,3
64853,78,60,31,60,49,64,62,85
112268015,0,1,0,1,1,0,0,0
79188,111,98,66,47,79,78,66,66
646104,1,0,0,0,1,0,0,0
644166,31,35,26,9,9,32,37,39
4884,74,74,73,62,71,72,84,84
124905312,12,7,13,17,12,14,9,18
390766,5,0,1,3,1,1,1,2
339768,0,1,0,0,0,0,0,0
57082,107,114,67,64,59,74,82,95
27131,150,160,141,131,149,146,164,170
7353,347,416,151,161,199,227,206,270
100286746,0,0,0,0,0,1,0,0
51333,58,65,36,39,49,42,37,46
440081,104,99,56,44,60,100,82,120
122830,58,49,23,23,16,20,42,34
112903833,0,0,2,1,0,2,0,4
105375779,0,2,0,0,0,0,0,0
107984913,0,0,0,1,0,2,1,1
100287896,2,4,2,2,1,3,1,7
54930,36,37,53,42,55,55,54,48
10280,204,249,155,135,208,176,187,246
30811,8,15,7,9,9,11,5,9
57190,38,34,56,57,59,60,60,63
283624,18,9,3,3,6,8,12,4
2548,82,77,83,69,101,85,90,93
2138,3,9,5,6,5,5,4,7
285003,36,48,35,19,23,30,20,19
391,59,70,47,36,50,43,40,46
1287,17,10,9,15,18,11,8,20
100874480,0,0,0,0,0,0,0,0
101929692,0,0,0,0,0,0,0,0
144577,64,65,36,39,40,38,35,45
124904989,1,3,0,0,2,0,0,0
25999,0,0,0,0,0,0,0,1
1856,28,31,31,31,42,37,55,57
6692,1,0,1,1,4,3,0,3
102724851,0,1,0,1,1,1,0,3
5099,172,169,120,88,101,105,121,105
2189,23,34,27,33,23,33,31,39
100271640,23,38,13,15,14,24,23,14
100750247,15,19,11,16,6,12,13,14
148811,0,0,0,0,0,0,0,0
11073,112,130,79,81,83,85,99,105
7718,13,15,3,6,3,6,4,13
5870,83,77,41,47,46,54,74,60
10294,372,383,133,142,182,194,179,198
5127,101,93,104,104,109,78,95,90
1173,505,504,363,326,440,465,465,468
105372112,0,0,0,0,0,0,1,0
124900618,0,1,0,0,0,0,0,1
9385,130,170,106,110,119,134,102,147
3756,0,0,0,1,0,0,0,0
5768,83,88,42,46,54,68,63,68
159963,1,0,2,0,0,1,1,1
115817,18,15,14,18,23,24,23,23
121676926,0,1,2,1,2,1,0,4
23294,53,41,30,45,61,51,54,43
23277,90,80,62,59,70,73,83,83
3112,1,0,0,1,1,1,1,0
51371,2481,2802,1837,1679,2099,2104,1871,2389
124904059,0,1,0,0,0,0,0,0
10189,405,518,111,135,97,108,176,119
399694,2,4,1,3,2,3,2,0
1690,417,453,249,248,300,301,285,317
133,57,55,69,71,66,52,48,72
284565,28,43,27,34,27,38,38,38
5463,12,20,15,16,21,17,21,14
127396,15,14,6,2,11,11,10,19
116840,28,25,27,18,30,25,13,17
85012,55,65,69,67,78,92,69,100
729614,23,53,79,76,78,71,69,75
10309,19,23,22,18,23,25,26,28
29065,0,1,0,0,1,0,1,0
100128923,47,56,39,25,17,44,38,39
123169,196,203,153,173,212,152,119,189
100271646,46,40,49,36,26,50,50,39
257313,1,1,2,2,1,0,0,1
105379481,0,0,0,1,1,3,0,2
51141,22,22,66,50,61,46,37,43
28964,61,53,63,36,47,47,65,46
127544,26,41,9,23,12,19,22,16
109729184,0,0,0,0,0,0,0,1
1432,53,62,27,34,34,30,56,38
1386,41,28,49,44,47,41,44,48
90025,41,45,17,16,28,26,28,22
105377642,0,0,0,0,0,0,0,0
124902519,24,39,3,5,5,9,9,10
6770,1,1,0,1,0,1,3,0
92737,0,0,8,1,2,0,1,0
101928846,1,0,1,2,0,1,1,0
442231,46,48,40,56,47,42,45,51
90632,0,0,0,0,0,0,0,0
23350,934,1053,651,581,766,918,820,1014
107985725,0,1,0,0,0,0,0,0
6102,17,25,16,15,18,21,24,18
492,3,0,5,6,8,5,3,3
11033,9,9,10,8,6,9,17,12
84458,266,261,180,137,122,126,157,194
90379,7,8,4,6,5,5,12,8
127002,16,7,7,8,2,4,8,4
29995,23,30,37,41,65,24,31,32
91949,29,30,18,14,22,22,13,22
64963,293,317,166,146,184,188,208,233
51566,30,29,37,17,22,20,28,31
7391,33,36,26,34,21,28,20,39
116115,37,49,18,23,20,31,16,29
105370804,0,0,0,0,0,0,0,0
23395,37,44,28,23,25,23,29,38
29765,6,10,2,3,1,2,3,2
3945,7141,8037,7152,6900,8649,7724,7023,8358
107983995,0,0,0,0,0,4,1,0
144455,74,83,82,74,73,74,65,64
100189385,2,0,1,1,2,0,0,1
11321,96,118,68,91,82,70,67,80
330,6,8,5,7,7,4,3,4
101927837,10,4,2,1,1,5,1,2
164832,35,41,33,31,36,29,28,32
599,11,8,11,11,13,4,9,6
8545,110,102,90,76,86,87,98,89
119369,0,0,0,0,0,1,0,0
107986436,1,0,0,1,0,0,0,0
1661,18,15,10,9,10,14,15,9
55833,184,205,135,120,173,159,154,166
641311,102,122,122,91,111,90,83,90
25979,110,132,49,36,35,56,63,57
112268376,3,3,1,1,2,1,1,1
8078,78,97,87,75,100,85,96,98
647024,30,22,17,11,22,10,9,16
100128115,114,136,100,67,69,98,87,99
5536,155,150,104,108,141,144,110,116
392265,1,0,0,0,0,0,0,0
83544,35,36,20,21,17,30,17,29
1738,383,412,251,228,334,318,261,334
114515514,5,7,1,2,1,1,2,1
100861569,1,0,0,0,0,0,0,0
6674,21,22,25,19,26,23,28,33
124906052,4,1,2,4,2,2,2,4
124903391,0,0,0,0,0,0,0,0
112268097,0,0,0,0,0,0,0,1
9917,66,52,42,56,61,46,47,53
100420587,3,1,6,2,1,3,6,1
200523,1,0,0,0,2,0,1,0
100421854,58,55,57,51,50,73,51,40
124901941,1,1,2,6,4,0,2,1
9734,1,4,3,3,6,3,4,5
338096,1,1,1,0,0,0,1,0
79183,50,46,12,15,16,20,11,22
107987110,0,0,0,0,0,0,1,0
100189293,0,0,0,0,0,0,0,0
57221,39,32,60,53,68,46,55,49
106480260,0,0,0,0,0,0,0,0
100129796,84,115,76,59,64,93,83,78
51340,128,119,107,108,156,101,99,155
133609,79,61,49,42,46,61,66,57
57539,24,28,16,17,21,18,26,19
4488,15,16,13,14,18,9,19,10
6776,0,0,0,0,0,0,0,0
3107,390,442,506,450,546,457,469,474
100189229,0,0,1,0,0,0,1,0
80045,15,15,18,15,10,14,13,22
9557,113,123,109,92,105,110,134,105
107985395,4,7,2,4,7,6,8,11
105369663,3,2,1,1,1,0,2,0
124901686,1,0,0,0,0,0,0,0
84759,19,23,25,21,19,13,13,19
83540,190,282,217,152,210,261,253,277
124903341,7,12,3,3,1,4,3,6
414918,3,7,3,1,3,0,3,3
55971,29,28,37,45,49,47,51,56
5584,41,38,39,44,48,45,64,34
100170216,13651,12815,3820,4177,5509,9131,7072,7885
5481,142,153,71,60,103,86,98,106
163175,2,2,3,2,1,1,1,3
1891,541,650,569,607,725,532,510,604
105376736,23,29,1,5,4,10,14,9
100189135,0,0,0,0,0,0,0,0
23471,177,177,68,78,91,98,122,123
57117,53,53,49,49,49,48,50,50
55711,40,47,29,30,36,41,35,44
105376136,11,10,21,13,18,17,16,22
124903015,6,8,9,7,6,7,6,5
100422413,2,2,0,1,1,1,1,0
9805,58,51,71,63,91,87,89,86
124902445,2,0,0,0,0,0,0,0
55728,50,48,28,30,36,32,32,42
440503,0,1,0,1,0,0,1,0
514,159,196,132,118,154,164,157,161
440253,13,12,8,6,11,9,16,10
11201,14,17,17,17,16,16,19,15
100873166,50,50,36,32,49,57,26,51
100189348,1,2,1,0,0,0,0,0
2517,37,38,34,35,40,33,39,37
105375199,0,0,1,0,1,0,1,0
5287,6,6,11,6,11,11,14,17
107985236,0,0,0,1,0,0,0,0
54790,15,17,13,19,10,16,19,17
101928378,4,4,3,1,2,3,4,7
55761,74,76,57,57,64,62,68,66
381,323,358,190,203,226,216,257,243
11252,47,44,37,30,36,46,37,32
199223,0,0,1,0,0,2,0,2
112268270,0,1,1,0,0,0,0,0
124904958,2,2,1,0,0,0,0,0
151658,0,0,0,0,0,0,0,0
6760,74,74,41,35,36,50,41,52
51272,29,46,25,17,40,31,18,34
124903109,2,4,0,1,0,0,0,0
26212,0,0,0,0,2,0,0,1
105372249,2,2,3,3,5,1,2,2
124902143,0,0,0,0,0,0,0,0
84441,12,4,13,1,9,7,8,5
4678,767,917,544,526,727,776,630,787
79760,194,195,94,96,121,104,136,135
9552,119,137,100,94,117,121,109,130
6567,27,35,20,21,34,29,26,37
3572,72,77,38,50,41,53,58,49
100133163,8,19,10,12,25,10,21,18
55604,57,62,41,48,35,47,42,50
100128511,1,0,1,1,3,2,0,1
121676928,1,1,2,1,1,2,2,0
338799,9,15,16,16,7,18,11,19
64114,31,42,50,30,41,57,46,72
11221,16,11,13,6,5,7,9,7
105379482,0,0,0,0,0,0,0,0
729188,1107,1270,906,844,997,1078,964,1143
23038,25,10,25,22,23,15,16,17
105373428,10,14,2,3,10,4,6,1
162979,25,26,19,28,38,24,23,36
11102,0,0,0,1,0,0,0,0
401904,225,293,191,149,206,234,192,262
79017,324,346,291,271,352,329,345,321
51715,33,23,20,13,11,22,24,34
221322,33,22,35,22,16,20,17,26
54866,3,1,0,0,0,1,0,1
57701,12,11,12,10,8,11,15,5
100271114,1,0,0,0,1,1,1,0
643562,13,13,6,6,3,4,6,8
105377348,9,4,2,0,0,5,0,2
121009649,0,1,0,0,0,1,0,1
3688,498,532,459,379,489,471,425,548
647033,386,433,318,268,319,350,306,352
100131604,0,1,0,0,0,0,0,1
100189037,1,0,0,0,1,0,1,0
57215,38,64,38,37,44,47,61,37
338391,0,1,0,0,0,1,0,1
3111,1,0,4,3,1,4,1,1
284992,23,24,10,17,20,14,25,24
121014,0,0,0,0,0,0,0,0
4778,0,0,0,0,0,0,1,0
55799,9,10,7,9,11,11,5,11
106481701,6,5,2,5,5,2,7,3
2954,61,52,50,32,53,70,55,72
105375243,0,0,0,0,0,0,0,0
100128337,16,11,12,14,11,6,10,15
10735,567,514,567,508,817,579,521,629
54929,134,135,92,77,104,98,90,113
89870,0,0,0,0,0,0,1,0
729416,70,75,63,56,50,68,63,69
124902455,2,1,3,1,1,1,1,0
152404,0,0,0,1,1,0,0,0
339742,0,1,1,0,1,0,0,0
161176,6,7,13,17,12,11,13,12
654231,0,0,0,0,0,0,0,0
643529,0,0,0,0,0,0,0,0
23390,27,37,27,24,25,32,36,29
124904712,2,3,2,1,0,0,0,3
55920,272,318,247,227,300,308,278,293
84304,23,25,26,32,44,29,22,26
100310856,8,4,8,1,2,3,1,6
1161,57,48,38,39,37,42,42,36
100128881,16,9,5,1,2,5,6,5
100996723,3,0,1,0,0,0,0,0
23023,26,25,28,17,18,25,15,30
2899,2,1,0,0,2,2,0,2
124907761,0,0,0,0,0,0,0,0
8439,17,24,2,6,8,14,13,9
79178,43,58,31,30,39,44,32,34
105374258,0,0,0,0,0,0,0,0
91319,21,27,38,22,38,23,24,28
26271,161,188,258,245,291,197,188,215
100506244,1,0,1,0,0,0,0,0
140717,114,115,127,104,123,122,133,119
10382,24,17,6,7,9,11,12,10
55248,133,118,109,106,135,104,119,123
10140,190,157,164,147,157,126,115,153
84657,1,2,1,0,1,0,1,1
112267952,0,0,0,0,0,0,0,0
8508,187,221,231,205,239,236,183,240
648987,7,13,15,7,9,8,11,10
100132406,118,77,64,40,63,72,118,85
653308,10,9,4,6,7,3,6,7
9015,38,32,18,28,30,22,25,33
26152,44,49,45,37,51,36,37,58
57140,21,17,18,17,25,13,21,19
105375216,0,1,0,0,1,1,0,0
93099,672,754,363,338,434,645,624,645
29777,295,304,167,149,211,218,195,219
122773,0,0,0,1,1,0,0,0
124903332,4,1,2,2,2,1,3,0
2770,47,43,40,37,62,39,36,41
388650,21,17,22,18,29,31,25,37
6738,411,425,371,320,353,314,331,402
9794,34,33,22,25,31,20,39,38
196872,4,2,4,1,2,0,0,1
114883,130,147,128,98,129,137,115,163
653427,1,2,0,0,1,0,0,4
285591,351,371,210,223,301,301,250,288
5873,14,6,14,22,23,13,17,25
339210,2,3,4,7,3,9,3,8
285175,0,0,0,0,0,0,0,0
29781,120,138,87,78,116,95,117,109
642879,3,2,5,2,2,1,0,3
57343,13,7,2,4,6,14,7,10
670,46,53,42,41,40,42,41,53
23064,91,95,70,65,69,70,82,62
105378235,0,0,0,0,0,0,0,0
105376859,0,2,1,0,0,2,1,1
23235,11,17,13,9,11,13,15,21
54542,70,81,54,47,47,51,53,61
124900601,0,0,0,0,0,0,0,0
2951,0,1,1,2,0,0,1,0
79772,20,27,20,22,13,19,14,14
7163,78,77,80,83,107,84,97,92
55679,1,0,0,3,3,1,2,0
23193,119,88,86,65,110,96,110,106
105372862,16,15,22,21,13,21,14,14
286065,11,10,9,5,1,10,7,9
1040,43,42,28,23,25,36,44,45
7779,31,32,12,13,20,17,30,15
26092,61,64,30,27,38,47,39,53
729540,30,25,32,23,24,29,23,17
51706,50,54,34,22,35,29,41,51
55904,271,331,284,257,315,333,278,328
578,63,52,27,38,34,23,28,40
649395,176,198,95,114,105,126,129,136
54841,29,24,33,28,28,34,33,48
124903040,0,0,0,0,0,1,0,0
287,22,23,32,20,35,36,31,31
5979,2,3,5,2,5,0,3,1
80853,13,13,25,26,20,22,23,28
105371223,0,1,0,0,0,1,1,0
221336,11,17,9,11,12,15,15,19
51704,17,18,7,17,6,5,5,10
107986679,0,0,0,0,0,0,0,0
100287856,0,0,0,0,0,2,2,1
100462794,0,1,0,0,0,0,1,0
2595,18,12,2,5,9,6,8,11
54505,276,326,127,118,164,197,184,223
7552,856,826,1302,1196,1562,1253,1113,1550
219927,384,463,273,285,349,391,354,315
25950,74,69,45,40,50,46,44,49
80271,18,21,12,15,8,14,19,18
10111,628,572,539,501,703,689,560,758
55741,0,0,0,0,0,0,0,0
4600,0,0,2,2,2,0,0,0
80011,268,284,155,165,212,199,215,214
79161,28,39,28,26,28,18,27,48
100128646,17,28,23,13,18,30,13,23
79623,39,41,23,43,32,55,47,54
148252,13,9,18,12,11,17,22,14
124902489,0,1,0,0,1,1,0,0
101929309,2,0,0,0,0,1,0,0
1954,161,163,171,134,170,208,213,217
124902486,17,33,22,15,11,20,16,18
50628,118,151,60,57,69,84,86,104
54143,0,0,0,0,0,0,0,0
26053,68,68,36,49,39,31,37,34
56967,11,13,30,34,23,28,29,30
4661,0,0,1,1,1,1,3,3
8242,53,57,67,56,61,61,54,70
9445,297,348,249,234,250,263,336,279
116225,74,59,51,53,58,57,61,59
8825,17,18,26,27,36,17,29,31
166378,38,53,11,21,18,37,14,22
100128625,0,0,1,0,0,0,0,0
55630,35,57,41,30,56,43,54,44
93643,31,40,23,17,23,33,35,27
23523,59,50,79,63,90,83,63,79
126070,8,14,4,6,12,5,5,5
10014,20,20,34,26,40,17,24,25
2188,29,44,26,30,27,27,28,29
654427,15,14,6,9,6,6,4,5
286101,21,29,11,12,13,12,10,8
394,231,231,202,160,181,172,171,179
23327,58,55,30,36,43,41,39,56
55626,22,26,20,11,18,20,16,15
22884,26,14,9,6,11,10,10,12
463,93,112,64,72,43,55,78,60
4668,43,28,29,33,24,27,38,28
64376,42,39,27,31,29,27,32,45
646532,186,213,158,156,188,180,119,173
84305,74,85,36,42,32,49,53,56
3371,17,28,11,14,16,18,17,15
167691,20,14,23,37,34,25,24,40
163131,30,31,14,10,4,11,14,19
101927667,14,11,12,8,10,15,16,15
7205,95,94,95,91,100,109,92,129
5001,117,138,48,60,84,80,75,82
9921,158,167,91,95,95,119,128,133
645332,6,7,5,4,18,8,5,7
23582,114,135,71,79,100,112,92,94
2180,33,26,20,24,26,30,42,35
29902,278,353,281,280,334,308,257,314
3628,27,21,17,22,16,12,17,22
100128628,0,1,0,0,0,0,0,0
158452,1,3,0,0,0,0,2,0
100132891,4,2,1,5,5,4,4,11
50808,59,56,79,66,91,60,70,88
124902038,12,8,5,3,4,11,8,7
730211,62,70,18,25,32,43,35,39
2698,7,5,5,5,3,6,0,5
201164,18,29,16,21,31,30,23,17
79633,9,7,6,3,4,4,4,7
400935,0,0,0,0,0,0,0,0
100130394,1430,1543,1100,953,1222,1288,1049,1311
401303,3,11,5,3,2,5,2,1
388886,2,10,12,12,27,7,2,11
25832,90,77,64,54,42,78,90,67
219854,21,30,17,17,29,29,26,28
755,41,27,24,26,40,33,35,31
64766,63,64,65,68,64,49,47,81
4887,0,0,0,0,0,0,0,0
106479130,18,38,26,25,44,27,30,49
81875,127,128,90,87,92,87,89,102
23348,7,7,10,8,7,6,13,9
4682,180,225,85,109,119,113,84,88
105371651,1,1,1,0,1,0,2,0
151842,60,74,21,30,24,52,36,42
23456,41,49,35,27,54,62,61,51
55252,44,41,22,28,29,32,29,49
797,18,49,26,25,28,31,19,26
222484,12,7,8,6,10,4,12,3
124900234,2,4,2,2,1,0,0,0
3912,87,85,100,92,100,124,123,114
55422,62,83,53,40,54,54,45,53
100131691,6,12,3,6,1,3,5,3
101927865,0,0,0,0,1,0,0,0
23077,94,97,101,100,86,86,90,101
55901,4,3,1,3,4,2,2,2
124904701,1,2,3,0,0,2,1,4
100422497,7,9,1,3,3,3,4,8
6274,0,0,0,0,1,0,0,0
118568809,3,3,3,2,1,2,7,3
80745,103,116,112,92,112,98,113,96
7357,91,78,54,53,53,62,59,88
6209,10420,11043,10039,10224,11680,9994,9153,9996
51206,0,0,0,1,0,0,0,1
1045,45,44,33,28,37,37,27,38
90141,39,43,19,24,25,34,18,28
644649,19,26,19,13,25,20,19,21
343450,0,0,0,0,0,1,0,0
112268260,2,2,1,0,0,0,0,3
105376689,4,2,0,2,3,0,5,7
54884,25,27,36,33,41,40,36,38
22846,17,15,23,13,29,21,21,20
79671,14,17,13,12,12,17,22,18
2960,12,18,10,10,12,11,9,16
80256,0,1,4,0,5,0,3,4
3203,52,73,46,33,48,55,48,59
57704,38,42,39,37,45,43,56,53
730183,13,9,12,6,16,21,24,26
2120,15,10,11,8,14,6,19,13
26100,73,66,47,46,68,63,71,60
128667224,11,14,10,8,14,20,22,27
124902956,2,3,0,2,4,2,0,1
728920,0,1,0,0,0,1,1,0
344967,1,2,2,0,0,1,0,2
2297,48,31,29,48,39,36,32,44
51177,38,24,26,30,28,30,31,16
64753,21,25,38,30,28,33,28,41
105371253,0,0,0,0,1,0,0,0
124904331,0,1,2,0,0,0,0,1
100189413,0,1,2,0,0,0,0,0
7264,69,71,57,62,70,64,55,60
340061,56,49,82,48,58,69,54,49
283553,0,0,0,0,0,0,0,0
105372233,1,10,12,7,21,17,22,17
105374368,0,0,0,0,0,0,0,0
101234262,10,11,15,11,10,8,9,9
101926900,0,0,0,0,0,0,0,0
57621,24,31,17,25,15,18,21,22
100272147,70,68,60,42,70,56,73,75
84548,25,39,26,19,26,27,26,28
62,9,20,4,9,4,8,15,7
56659,0,1,0,1,0,2,2,0
729611,15,8,14,15,11,15,13,14
340451,0,0,0,0,0,0,0,0
10050,0,0,0,0,0,0,0,0
222005,67,57,36,37,49,57,52,60
25885,83,56,34,40,45,40,35,36
55891,0,0,0,0,0,0,0,0
200350,0,0,0,0,1,0,0,0
55727,88,69,55,43,38,52,63,56
255308,44,48,36,30,31,33,39,49
147372,4,7,10,2,14,8,5,5
8237,330,404,332,337,434,283,289,348
79664,69,75,41,55,57,69,47,85
105374646,0,0,0,0,0,0,0,0
124901877,2,0,1,1,1,0,2,1
90557,8,13,12,8,10,8,9,6
7711,22,34,24,21,30,10,22,28
56246,0,2,1,0,0,0,0,0
7473,20,7,13,21,26,23,24,17
154807,80,78,39,49,47,58,64,59
3930,593,615,380,379,403,508,473,472
54058,67,59,76,67,105,85,107,109
100419059,0,0,0,0,0,0,1,0
124901891,2,0,2,1,0,2,0,1
81614,57,73,42,37,55,60,70,65
83990,72,85,38,38,38,44,51,48
100873755,0,1,0,1,1,0,0,0
56155,3,6,2,2,2,3,3,0
5607,48,54,44,57,60,54,62,68
6204,1499,1756,1362,1292,1577,1637,1452,1717
503637,14,26,8,4,14,14,13,15
56882,173,192,62,74,39,70,75,96
124902138,1,0,1,3,0,0,1,1
100129664,0,1,0,0,0,0,0,0
55188,33,32,36,25,35,37,25,29
79618,21,26,40,31,34,33,38,39
382,270,269,138,128,93,124,130,147
100287016,153,176,157,111,139,180,135,164
7462,0,2,0,0,0,0,0,0
57787,43,47,42,60,59,61,52,71
100130026,159,209,117,120,133,168,133,132
27440,89,104,94,79,122,77,73,99
2213,0,0,0,0,0,0,0,0
121536,118,119,93,87,89,94,92,108
100302740,0,1,2,1,1,1,0,4
9874,128,107,99,79,99,105,80,93
166647,24,11,16,16,13,17,18,19
105371840,0,0,0,0,0,0,0,0
7923,16,21,19,16,21,18,17,12
4820,165,162,98,80,88,98,113,100
105374224,1,2,2,3,5,7,5,4
643669,1,1,2,1,1,2,2,2
84798,526,659,417,373,481,421,422,457
6517,4,1,3,4,4,6,8,3
92597,24,15,24,18,19,28,26,28
101927604,0,0,0,1,0,0,1,0
51287,285,337,199,174,253,224,209,267
79680,86,87,71,69,82,68,67,78
200845,25,35,34,28,34,30,19,23
105371456,0,0,0,0,0,0,0,0
80726,0,1,0,0,0,0,0,0
53981,196,199,157,142,191,156,161,175
84932,14,14,6,10,15,7,14,11
105369701,0,0,0,0,0,0,0,0
401236,1,7,6,9,9,9,9,4
94025,7,3,1,6,0,2,3,2
729564,764,792,438,407,495,591,554,626
11057,63,63,35,37,36,34,34,38
131566,79,120,39,48,42,50,51,66
105377715,0,0,0,0,0,0,0,0
100189162,10,5,6,6,10,3,3,2
26000,58,55,41,53,52,45,50,57
51184,177,189,151,135,215,176,191,204
84661,298,379,238,206,314,301,256,298
124903189,0,0,0,0,0,0,0,0
54665,92,108,92,93,107,99,103,102
55663,27,29,13,12,14,12,14,14
81929,164,228,90,98,109,130,143,142
84890,55,28,33,26,22,27,38,38
66004,1,4,0,0,0,0,0,0
8394,381,419,333,301,400,366,278,375
54529,51,64,44,42,33,30,24,33
10137,165,187,37,60,66,74,80,89
124909385,0,0,0,0,0,0,0,0
23484,166,195,97,73,97,137,116,133
154661,10,16,17,16,16,21,25,12
10052,59,52,50,34,35,46,58,59
100189035,0,0,0,0,0,0,2,0
115209,41,28,11,12,22,23,22,24
388734,50,69,32,39,47,58,53,54
388403,33,33,15,15,30,15,24,29
253260,65,58,59,38,43,49,56,48
9217,243,258,191,191,230,183,161,185
121274,9,18,14,13,8,14,11,16
10715,17,23,10,7,14,16,15,24
7159,53,44,63,52,68,59,58,52
105377826,0,1,0,0,0,0,0,0
2252,0,3,0,0,0,0,1,0
728538,4,3,1,1,1,3,2,3
107986822,1,0,3,0,1,0,0,0
56477,0,1,0,0,0,0,0,0
105372664,13,11,6,5,4,2,4,3
157983,2,1,0,2,0,0,1,0
2521,1042,1138,266,223,308,283,264,320
100271616,25,17,28,15,15,35,22,22
375690,0,1,0,1,0,0,0,0
4212,61,61,49,44,39,42,45,37
2987,383,449,339,299,372,348,350,374
124905355,1,1,1,0,0,0,0,0
645249,8,13,9,3,8,12,14,12
124904545,1,1,0,0,0,0,0,1
100419620,4,8,9,4,14,9,6,5
388955,124,131,94,99,117,144,104,137
2524,0,0,0,1,0,0,0,0
9870,26,26,17,21,15,27,20,15
55738,60,73,56,48,40,62,57,64
55214,7,2,3,3,2,5,3,5
124901696,8,5,9,3,5,4,4,5
5138,0,1,0,0,0,0,0,0
100422934,0,0,0,0,0,0,0,0
23362,85,82,64,57,68,68,84,89
27433,20,38,23,23,32,24,16,29
2494,0,2,2,5,6,4,6,4
57655,54,57,89,70,90,62,103,78
105379656,0,0,0,0,0,0,0,0
145748,16,20,11,6,22,6,25,13
100129405,68,74,30,22,32,28,28,39
11329,41,36,17,8,22,20,26,17
84502,0,1,0,0,1,0,0,0
7786,1450,1807,377,633,187,250,392,351
6328,0,0,0,0,0,0,0,0
105376114,4,10,1,2,2,3,3,7
151112,0,0,0,0,0,0,0,0
122888,0,0,0,0,0,2,0,1
3670,3,0,3,3,4,2,2,0
5279,54,63,38,39,45,37,63,47
9110,27,26,29,25,34,24,29,28
100190938,1,0,2,0,1,0,0,0
197407,50,62,21,33,25,32,28,39
94241,6,10,9,4,6,7,8,11
25904,72,68,64,41,61,56,65,68
345462,4,7,0,3,7,5,4,7
54625,41,39,40,30,32,34,22,23
101929530,8,5,7,2,7,8,6,6
64388,2,2,6,6,9,3,2,2
440173,6,5,2,6,6,10,10,5
84717,73,54,75,84,110,70,69,58
9626,0,0,0,0,0,0,0,0
107985354,0,3,0,1,0,1,1,0
649873,3,1,2,0,0,1,0,1
202151,0,3,2,0,0,1,2,2
85015,33,48,38,38,44,43,45,55
150468,95,105,85,64,94,79,77,70
105373880,6,3,1,9,10,2,7,2
145482,35,21,30,27,33,46,35,35
100189253,0,0,0,0,0,0,0,0
55900,89,118,52,40,73,97,61,77
100507540,0,1,0,0,0,0,0,0
163702,7,10,7,8,15,16,14,8
1429,30,40,35,36,50,29,38,44
29934,56,63,31,26,35,37,32,37
29965,85,104,64,59,65,64,53,64
65999,35,21,25,26,34,26,37,27
84679,25,35,33,41,36,38,40,29
645368,16,20,11,10,11,16,21,16
23483,72,71,52,46,64,49,49,41
107986209,19,18,8,8,12,20,17,26
79184,153,182,103,57,93,107,113,135
128071541,6,7,4,4,3,4,7,2
124900338,0,1,0,0,0,0,0,0
2348,1,0,0,2,3,2,0,1
150291,35,33,10,15,12,15,13,16
134359,59,58,38,43,46,43,54,48
100302751,9,11,11,7,11,10,6,8
4511,21,34,47,68,96,58,53,56
127933,152,147,60,68,62,60,91,89
124904070,0,0,0,0,0,0,0,0
221150,80,112,70,54,75,61,78,63
2625,36,37,49,48,57,47,54,40
221981,1,1,0,0,1,1,2,2
204851,90,79,53,65,74,61,90,74
100131998,4,9,6,5,2,2,4,4
100169954,10222,9870,2932,3689,4293,6587,5473,5592
990,180,219,124,112,135,151,145,140
105375538,3,0,0,0,1,0,1,1
414300,0,1,0,0,0,0,0,0
653175,31,15,10,6,17,19,25,21
80144,5,7,13,9,14,7,13,13
57561,44,66,21,28,36,20,21,28
124905220,0,0,0,0,0,0,0,1
105372990,1,1,0,0,0,1,0,0
4494,6,11,5,6,4,13,10,11
4565,31,33,70,61,65,48,35,40
54516,130,148,101,84,102,103,89,118
10045,5,3,14,7,10,12,10,9
5714,1617,2011,1208,1258,1454,1383,1502,1557
9868,82,70,56,56,65,68,68,67
124900389,1,2,0,1,0,1,0,0
60681,40,37,48,32,44,46,67,71
4686,83,84,68,54,74,75,72,83
6338,1,0,0,1,2,0,0,3
27291,36,48,23,28,44,35,23,40
105374101,2,1,1,1,2,2,2,3
2920,2,1,1,3,2,3,4,1
58529,0,0,0,0,0,0,0,0
9669,1357,1520,1278,1169,1529,1266,996,1240
201501,4,3,7,1,5,2,5,3
107985246,0,0,0,0,0,0,0,0
91801,27,20,11,11,10,8,11,10
63899,31,27,13,19,30,28,21,28
644237,98,103,80,88,73,99,84,91
338870,94,124,119,59,95,103,97,98
645529,0,0,0,0,0,1,0,0
5662,0,2,0,1,0,0,1,1
107075113,0,1,1,1,0,1,0,2
54956,23,30,27,24,28,19,24,33
107984227,0,1,0,0,0,1,6,2
9058,0,1,0,0,0,0,0,0
131034,1,0,0,2,0,2,1,0
51015,103,108,80,66,98,85,95,87
84173,11,21,10,11,16,14,9,16
5064,13,13,20,23,23,18,19,19
1362,63,65,106,78,96,104,102,91
79053,177,221,82,60,88,86,123,122
57683,73,94,100,85,110,68,73,97
55119,795,810,687,643,848,736,702,746
124903192,1,1,1,1,0,0,0,0
100288806,1,1,2,2,0,1,0,0
80154,8,8,10,15,7,14,11,9
1841,429,490,282,264,330,295,315,351
100036575,15,22,18,21,23,16,23,20
11179,46,53,78,68,81,88,44,68
391739,60,46,36,24,50,64,44,43
101927989,3,4,0,1,3,5,5,9
105374114,2,3,0,0,0,0,0,0
105369819,1,0,0,0,2,0,1,0
25875,66,64,89,84,115,86,57,103
55795,74,97,82,81,117,77,72,91
105375069,0,0,0,0,0,0,0,0
101929552,0,0,0,0,0,0,0,0
124901142,2,5,5,4,3,5,1,3
5293,4,0,3,10,6,4,8,4
100169959,19230,17903,5757,6591,7826,13522,10826,11662
8178,27,27,20,20,24,26,22,19
957,27,24,16,14,21,14,21,25
51692,144,134,111,119,129,137,145,123
124902508,0,0,0,0,0,0,0,0
653194,1,1,1,0,0,0,0,0
5627,15,12,8,20,16,19,24,24
84215,0,0,0,3,0,0,0,1
125775243,8,10,5,11,5,8,6,6
81532,15,11,5,14,12,8,13,9
729406,1,3,5,1,5,3,6,5
105376992,0,1,1,0,0,0,0,0
100130043,0,1,0,0,0,0,0,0
92104,12,15,4,10,11,11,4,8
105370789,1,0,0,0,0,0,0,0
147700,4,6,2,4,1,3,2,3
7620,1,1,0,0,0,0,1,0
4938,0,0,6,7,13,0,0,0
105374662,0,0,0,1,1,2,0,0
51633,62,61,31,29,44,42,31,48
124904819,0,0,0,0,0,0,0,1
79585,35,31,31,27,38,37,38,28
3314,340,359,49,65,76,92,84,93
105378672,12,18,9,11,14,28,28,37
10865,9,12,17,23,22,12,15,12
23646,208,219,202,208,271,256,226,308
1072,1502,1735,1286,1266,1628,1433,1482,1526
728963,30,20,19,13,13,23,20,23
124904620,1,2,0,0,1,2,1,1
107984322,0,0,0,0,0,0,0,0
57020,38,40,35,34,45,42,32,42
124901896,4,4,3,6,1,1,2,5
105379578,0,0,0,0,0,0,0,0
55131,390,363,193,161,216,203,216,273
4913,86,93,90,116,113,104,102,91
54556,368,318,115,98,98,114,115,121
101926911,6,9,7,4,6,6,7,4
105377213,2,1,0,0,1,0,4,2
100131205,2984,3220,2415,2321,2520,2878,2350,3020
100420503,0,0,0,1,0,0,0,0
89846,0,0,0,0,0,1,0,0
55636,145,122,163,147,151,139,140,143
106144584,1,0,0,1,0,0,1,1
124904400,0,0,0,0,0,0,0,0
4888,1,0,0,0,0,0,0,0
124903452,5,2,4,0,1,4,3,3
55622,58,48,12,20,22,43,24,27
105373709,0,0,0,0,0,0,0,0
261734,12,14,11,16,18,15,6,14
284232,2,1,2,3,2,3,1,3
101929163,0,0,0,0,0,0,0,0
101929575,0,0,0,0,0,0,0,0
9646,207,209,97,106,124,131,144,145
124808,296,330,244,236,249,262,242,264
124902880,1,0,0,0,0,0,0,0
105378654,0,0,0,0,0,0,0,0
9776,39,58,40,28,40,43,41,49
10262,192,246,90,102,99,125,117,130
107985504,0,0,1,0,0,0,0,0
29099,31,46,13,29,30,30,35,27
94059,5,7,2,4,1,9,5,8
286148,22,13,13,14,19,13,15,25
100421296,6,3,7,1,6,11,6,9
55341,158,181,60,51,58,64,54,78
79621,176,160,90,68,112,92,123,92
399975,4,6,4,2,0,1,2,3
124902277,0,0,0,0,0,1,0,0
100130447,1418,1504,1438,1404,1668,1445,1300,1442
253143,136,126,88,68,98,99,119,110
56106,2,0,0,0,0,1,2,2
64122,0,0,0,0,0,0,0,0
9984,102,112,42,26,51,56,55,55
26246,0,0,0,0,0,0,0,0
286046,11,11,15,7,11,6,7,16
4696,770,843,676,680,765,834,731,914
57130,33,19,21,11,22,18,41,20
131909,0,0,0,0,0,0,0,0
124901348,0,0,0,0,0,0,0,0
389799,0,0,0,0,2,0,0,0
100125387,26,30,12,13,9,16,13,13
79144,344,342,436,460,551,386,329,432
9771,15,11,9,11,13,11,18,19
390916,497,560,299,282,285,294,288,314
105373813,1,0,0,0,0,0,0,0
101927115,0,0,0,0,0,0,0,0
93621,773,876,515,480,590,568,616,614
55975,28,46,32,39,35,42,43,49
51097,33,41,23,23,36,27,39,33
256710,0,0,0,0,0,0,0,0
471,366,429,287,323,347,302,289,314
84948,28,20,26,23,31,17,26,22
131377,0,0,0,0,0,0,0,0
80228,27,35,20,16,26,23,20,22
23001,18,12,12,4,11,10,16,12
23318,223,194,191,170,267,285,236,280
105370764,0,0,0,1,0,0,0,0
158056,3,2,1,0,0,0,3,4
8799,24,46,44,33,41,55,43,38
9394,42,25,28,22,47,29,24,30
5625,0,0,3,2,4,2,0,3
118568815,4,0,1,0,2,5,4,1
65260,106,141,65,41,84,54,60,75
79587,76,86,67,63,66,70,98,90
100133265,7,8,7,3,6,3,2,9
3899,25,27,49,40,60,30,36,41
2941,72,101,67,106,107,75,104,78
105370624,0,1,0,2,0,0,0,2
23033,43,40,24,23,28,33,28,30
4922,16,21,11,5,13,20,27,22
286150,69,73,68,52,50,75,61,81
222255,7,10,6,5,7,1,4,11
124901183,0,1,0,0,0,0,0,0
124902567,1,0,0,0,0,0,1,0
8725,281,273,194,195,255,257,280,262
55038,117,110,116,104,126,115,102,110
101929056,10,16,8,15,6,14,17,11
124904073,0,0,0,0,0,0,0,0
7321,52,69,28,27,32,32,39,51
255231,37,41,16,11,17,20,20,23
100271634,74,46,38,36,46,48,48,44
55364,65,72,69,59,80,84,57,85
6874,18,20,11,9,13,13,16,9
101059918,1,2,3,0,3,2,2,3
11130,265,287,156,149,191,202,189,193
109616995,2,2,1,1,0,2,3,0
9411,53,50,56,35,70,59,49,73
84190,24,33,11,17,16,13,26,17
391135,322,365,310,285,324,271,272,324
10961,368,369,329,289,443,487,431,487
8674,20,16,29,27,22,33,22,22
4695,599,639,470,485,619,587,621,626
4839,206,203,71,86,104,92,93,118
440292,6,8,5,4,7,9,7,7
7169,6,8,2,3,3,3,12,6
11171,622,741,433,418,554,536,507,578
107984173,0,0,0,0,0,0,0,0
105374105,0,0,0,0,0,0,1,0
100132736,2,2,1,2,2,2,2,0
124902533,0,0,0,0,0,0,1,0
100505477,1,0,0,0,2,0,1,0
339240,0,0,0,0,0,0,0,0
116435299,30,21,20,19,31,31,28,36
26084,73,82,61,64,52,49,66,71
53918,80,92,73,72,78,76,74,70
107985521,3,6,1,1,2,3,4,4
8372,5,8,2,4,6,5,8,4
55916,22,28,22,10,23,16,18,13
8546,165,199,137,155,142,151,157,204
9612,47,39,56,27,74,50,71,64
256643,15,13,8,7,10,7,13,9
65082,86,93,44,48,40,55,83,47
5784,152,110,152,123,145,121,121,113
746,991,1079,830,721,895,870,795,873
152663,32,50,23,24,31,36,34,31
79023,179,225,103,99,138,151,118,165
219902,31,41,61,39,50,50,52,50
100996324,0,0,0,0,0,0,1,0
1120,5,2,4,2,6,3,3,2
7539,15,11,2,8,3,5,3,8
10979,73,96,95,107,98,66,79,89
285989,23,9,11,4,9,10,11,13
64802,26,23,5,13,13,14,18,25
10825,20,14,11,9,11,15,19,19
5782,24,28,38,32,42,38,40,31
1138,44,45,37,19,30,38,29,39
619562,0,0,0,0,0,0,0,0
105370440,0,0,0,0,0,0,0,0
8529,0,0,0,0,0,0,0,0
645173,153,194,268,241,218,188,216,247
11235,211,224,117,116,149,187,132,218
100421328,9,12,4,6,9,4,5,5
102723548,0,0,0,1,0,1,0,0
84314,58,73,83,75,91,80,74,113
101928509,0,0,0,0,0,0,2,0
124902911,0,1,2,1,7,2,2,2
219790,68,83,57,44,69,57,92,80
112267932,1,1,0,0,0,1,2,2
2803,293,302,245,233,290,318,310,311
7156,54,56,30,32,34,42,57,47
6450,0,1,1,1,2,0,0,2
26233,12,13,18,7,13,13,11,14
65268,14,10,20,12,23,18,14,15
645422,302,350,318,309,363,331,288,321
7483,1,0,1,1,1,1,0,1
102466730,0,0,0,0,0,0,0,0
2288,829,882,690,610,805,724,718,782
92979,37,26,28,33,32,28,32,33
124905974,3,1,0,1,0,0,1,0
171392,12,17,13,4,15,13,16,9
124901779,9,6,12,8,8,19,8,22
7551,64,43,40,38,36,29,48,42
84708,6,4,4,5,5,9,11,14
124901827,0,0,0,0,0,0,1,0
89837,3,3,6,2,7,3,2,7
147657,99,116,59,65,85,80,63,84
3816,0,1,4,1,3,0,0,2
101927400,0,1,1,2,0,1,1,0
100505704,3,0,2,2,2,3,2,2
100134391,0,0,0,0,0,0,0,0
390424,57,66,43,44,45,62,49,55
124907729,0,0,0,0,0,0,0,0
1501,0,0,0,0,0,0,0,0
10949,655,706,298,293,221,257,339,298
124903519,0,1,0,0,0,0,0,0
4709,362,367,372,295,395,337,280,351
124901822,0,0,0,0,0,0,0,0
26781,47,53,15,20,39,55,59,43
124842,11,10,12,16,20,12,18,12
107985383,0,0,1,0,0,0,0,0
22938,317,378,328,248,343,283,260,293
253769,9,13,6,9,9,8,9,15
3108,4,4,4,2,6,6,4,2
1393,0,1,0,0,0,0,0,0
5295,43,31,24,25,33,26,34,34
83881,1,1,0,0,0,0,1,0
101929290,2,0,1,0,0,0,0,0
55331,31,37,23,22,37,22,24,25
9282,58,51,38,41,37,24,50,60
285782,1,0,1,0,0,0,0,0
84138,70,51,34,30,43,45,43,50
56924,0,0,0,0,0,0,0,0
4852,0,1,1,0,0,2,2,2
200312,5,7,8,6,3,2,2,7
2275,19,20,39,28,24,23,32,24
2491,30,16,25,12,18,23,22,30
100131328,1,0,2,1,2,0,1,1
90576,13,12,6,6,11,6,12,7
3902,1,0,0,0,0,0,0,0
91603,88,92,63,61,80,60,59,88
124901904,0,0,0,0,0,0,0,0
57540,2,1,0,1,3,0,2,1
56660,1,2,2,0,1,2,0,0
124905542,6,7,10,8,10,8,9,8
8488,113,106,109,103,98,137,104,103
124901186,14,19,9,6,15,9,13,15
129804,2,2,1,4,0,0,2,2
106480195,1,0,0,0,0,0,0,0
284323,61,77,45,44,59,58,49,67
4582,0,0,1,1,1,0,1,1
54039,1,3,1,2,0,2,2,3
50512,11,21,9,8,10,9,15,14
152485,23,36,29,30,20,36,32,44
55855,34,40,33,32,42,42,40,47
646817,41,53,28,29,33,26,25,34
124902225,1,0,0,0,0,2,0,0
5156,1,2,1,0,2,1,2,2
654320,0,0,1,1,0,1,0,0
5879,285,374,230,240,344,300,300,367
117854,1,1,3,1,5,2,7,4
100996295,0,0,0,0,0,0,0,0
94005,112,84,101,105,130,107,123,128
124902427,0,0,0,0,0,0,0,0
386724,7,4,2,0,0,0,2,2
10165,150,128,76,71,99,113,127,134
79818,14,13,4,2,4,4,3,5
105372016,0,1,0,0,0,0,0,0
150,0,1,0,0,0,0,1,0
8382,20,32,8,7,13,14,17,17
26227,1006,1190,859,768,917,838,738,956
400986,72,64,65,51,61,47,56,58
10868,14,11,12,12,27,20,19,18
3184,1092,1129,840,725,1006,968,919,1011
497258,3,2,0,3,4,3,2,4
10489,250,296,119,111,132,94,113,123
101926996,1,1,8,7,3,7,6,5
143570,42,30,19,30,24,21,32,37
728576,656,755,532,527,598,644,531,627
54207,0,0,0,1,0,1,0,1
100113392,0,1,0,3,0,1,2,1
1795,8,5,10,2,6,6,6,6
207063,43,62,45,35,49,43,45,40
107986794,0,0,0,0,0,0,0,0
646294,153,190,178,188,242,189,193,170
100128239,0,0,0,0,0,0,0,1
51232,73,54,53,67,26,39,43,34
339942,1,4,6,2,5,0,3,0
105369584,0,0,0,0,0,0,0,0
23179,6,5,2,5,4,5,5,5
728039,0,2,0,5,0,0,1,1
7430,676,740,442,501,536,372,478,472
55591,110,88,96,68,108,80,87,107
60343,41,63,39,43,46,45,48,48
100131877,37,62,41,50,47,56,54,53
114784,0,0,0,0,0,0,0,0
51673,1,1,3,3,5,7,4,4
9797,47,39,22,19,22,22,33,25
6791,12,12,9,10,11,23,17,13
10670,63,72,36,42,64,67,64,62
1819,127,158,85,80,96,93,86,120
124901607,1,0,4,3,1,4,1,1
100130792,10,10,4,5,5,1,3,5
51647,617,733,347,384,498,554,523,532
55502,41,47,67,71,66,56,43,61
145270,1,3,3,4,5,3,1,1
440243,0,0,0,1,0,0,0,0
9467,29,36,39,39,48,25,38,41
1001,11,10,19,25,26,23,18,29
105378367,0,0,0,0,0,0,0,0
5914,7,10,6,7,8,7,7,3
128989,24,25,13,8,13,14,14,31
10618,88,76,74,56,86,72,72,84
3978,103,115,80,65,109,96,113,113
730138,38,42,30,36,23,35,42,51
106481878,0,0,0,0,0,0,1,0
374768,1,0,0,0,0,0,0,0
124907892,0,0,0,0,0,0,0,0
84532,29,26,37,57,64,35,37,34
109617006,2,0,1,0,0,1,0,0
220388,3,1,1,1,0,3,2,3
995,34,41,24,33,33,34,36,30
115361,0,0,0,0,0,0,0,0
105369401,0,0,0,0,0,0,0,0
25879,173,232,123,110,151,152,135,163
9301,9,3,2,4,5,8,4,6
8505,73,67,65,51,64,65,66,72
100189286,1,1,0,0,0,1,0,1
54881,181,180,86,91,95,101,122,97
9364,49,51,43,40,37,43,35,38
575,7,2,4,3,3,4,7,6
79697,39,37,8,9,3,8,13,9
8601,5,8,13,9,8,3,18,14
124905460,0,0,0,1,1,0,0,0
105378808,7,3,5,3,9,9,8,1
1591,2,2,4,7,1,2,1,3
80212,31,28,21,26,36,24,41,30
23098,34,46,21,25,21,24,21,26
58488,24,30,16,20,17,25,22,29
129138,71,76,54,52,62,56,54,61
100132961,6,10,6,8,10,13,3,9
10474,73,65,52,60,61,59,62,64
147920,0,0,0,0,0,0,0,0
124904396,1,0,1,0,1,1,5,2
653583,7,4,13,10,16,8,8,8
124902660,0,1,0,0,0,1,0,0
6909,12,6,7,2,10,11,21,14
51465,82,85,71,58,72,64,77,78
79659,56,70,102,89,92,120,92,94
4222,0,0,0,2,3,0,2,0
51635,117,105,106,98,114,168,127,133
55915,42,53,14,17,27,19,22,15
114599,2,1,0,0,3,0,0,0
55148,80,91,87,92,86,92,82,101
401320,4,4,3,5,3,1,5,3
389524,2,4,1,1,1,0,1,2
400745,3,5,5,8,11,13,13,10
5255,39,43,28,30,40,38,39,42
29128,294,323,195,208,200,147,189,176
101929780,10,7,9,5,6,10,4,6
5233,8,2,6,1,5,6,5,9
170533,64,103,59,52,64,78,68,76
85013,40,42,51,35,40,39,36,45
124909443,2,2,2,1,1,0,2,2
85369,32,33,14,11,20,24,20,29
124904436,0,0,0,1,0,0,1,0
100270934,68,83,46,45,46,67,46,53
90353,17,18,10,14,20,10,8,15
100287725,0,1,1,0,0,1,0,0
151742,29,29,23,24,31,37,30,37
221294,62,81,100,75,106,95,95,78
126661,14,25,10,9,5,9,13,10
84896,125,149,139,107,128,127,103,149
105371841,2,1,0,1,3,0,2,4
100873745,1,0,0,1,0,0,1,2
9183,38,39,12,17,24,33,46,19
124905104,1,0,0,2,0,0,0,1
92369,1,3,2,5,3,3,3,6
949,111,144,72,84,89,105,101,120
9847,38,29,23,27,31,43,32,35
23621,58,60,30,27,23,46,45,49
124900416,1,0,0,0,0,0,0,0
102724008,0,0,0,0,0,0,0,0
388780,43,39,32,18,41,41,44,42
105373883,2,2,2,1,1,1,0,0
400385,125,159,88,74,75,111,98,81
2273,316,367,343,281,353,290,322,283
89845,9,14,8,7,14,14,21,15
53345,0,0,0,0,0,0,0,0
202500,0,2,1,0,0,0,3,0
11167,132,137,153,132,154,130,117,140
1286,18,12,30,29,31,28,23,20
648980,1,2,1,2,1,1,1,4
105371729,0,0,0,1,0,0,0,0
84133,36,23,39,34,31,25,27,36
1353,212,227,140,149,170,201,188,186
51306,31,29,15,11,13,20,20,20
3590,4,8,8,6,9,3,12,4
9392,33,28,8,11,24,17,26,18
100874413,26,24,9,5,6,13,17,12
100421185,0,2,0,0,0,0,0,0
100133038,6,12,7,8,6,8,6,8
101290502,10,17,21,11,22,13,20,10
26829,4,3,3,3,3,5,2,4
84159,102,134,87,91,91,106,84,96
389424,83,107,59,73,73,90,82,74
9354,114,125,82,89,112,110,99,132
102724488,6,3,1,5,2,5,3,5
101926917,11,11,9,12,9,16,14,21
124903281,0,0,0,0,1,1,0,0
100505495,1,1,3,1,4,2,2,2
6347,1,1,2,1,3,0,2,0
9147,284,287,247,174,237,242,237,264
221061,60,50,33,39,40,45,61,44
100652801,5,6,2,6,4,3,5,1
8997,0,4,4,3,6,3,3,4
113251,344,374,180,187,199,260,249,270
124903977,0,0,0,0,1,0,0,0
387778,0,0,0,0,0,2,0,0
11176,145,167,222,199,202,183,205,216
3097,26,36,42,45,52,33,40,36
100874284,0,0,0,0,0,0,0,0
359809,0,0,0,0,0,0,0,0
101929089,0,0,3,0,0,1,2,0
107987272,3,2,0,0,2,1,0,0
140461,38,64,26,27,38,39,43,48
4853,58,73,58,50,61,59,74,58
124902994,0,0,0,0,0,0,0,0
105372462,3,2,2,1,2,0,0,2
8085,19,27,18,11,22,15,28,21
55567,0,2,0,0,0,2,0,0
8940,12,8,5,2,2,9,4,13
439949,14,16,12,5,11,18,16,16
105375863,0,0,0,0,1,0,0,0
57165,0,2,0,0,0,1,0,2
51125,236,244,123,120,151,187,140,197
8805,82,85,46,42,59,54,83,67
54849,222,293,125,142,204,238,216,222
132565736,0,0,0,0,0,0,0,0
7080,8,14,12,11,6,4,12,11
5319,0,0,0,0,1,0,0,0
1729,210,193,105,99,107,151,171,131
151877,0,0,0,1,0,0,0,0
100506901,4,0,0,2,2,4,3,1
105371082,3,1,3,1,0,0,0,0
105377544,0,0,0,0,0,0,0,1
100533619,8,14,2,3,2,1,4,1
105371786,0,0,1,1,1,0,0,3
167555,55,103,76,76,87,69,56,79
1371,23,28,25,17,28,39,35,30
105371475,0,0,1,0,0,0,0,0
124900276,1,1,0,1,1,0,2,1
124491,127,130,68,77,106,100,96,93
124905030,0,0,0,0,0,0,0,0
100302282,0,0,0,0,0,0,0,0
112268399,0,0,0,0,1,0,0,0
55071,44,50,36,32,34,30,45,53
124903416,1,0,0,0,0,0,0,1
51063,0,0,0,0,0,0,0,0
90780,25,30,13,17,17,15,20,16
129563,21,11,4,13,12,5,9,20
55181,67,89,17,23,32,28,49,42
1999,0,1,0,1,0,1,0,0
84572,31,39,25,38,49,42,34,43
27079,21,30,16,19,18,16,20,24
124904025,0,0,0,0,0,0,0,0
124903390,0,1,0,0,0,0,1,1
124903933,3,3,0,1,1,2,1,2
83787,57,60,30,37,47,51,44,43
7053,0,0,0,1,0,0,0,0
124900944,2,1,0,0,1,0,0,0
9120,5,13,5,6,9,6,8,9
6118,327,376,158,141,179,200,222,203
120406,0,0,0,0,0,0,0,0
643338,1,0,1,1,0,4,1,0
100421267,0,1,0,1,0,0,0,2
63874,4,9,12,8,13,9,14,12
22794,157,155,97,84,86,97,101,112
3615,577,663,457,481,672,533,498,574
84626,13,9,9,8,8,13,11,23
10952,648,725,401,291,459,491,415,494
100507303,88,111,82,80,96,140,134,148
101929749,0,0,1,0,0,0,1,2
64431,132,133,143,99,135,125,124,131
100418747,0,0,0,0,1,0,0,0
101927268,1,1,0,2,0,0,0,0
676,0,0,0,0,0,0,0,0
51144,206,225,165,151,175,178,185,210
107984613,0,1,0,0,0,0,0,0
219670,0,1,1,0,0,0,1,0
105378853,47,76,75,83,87,75,64,109
55083,7,11,7,3,7,9,4,3
4985,1,4,1,0,4,0,2,1
255631,5,2,0,0,1,0,1,1
100189288,1,0,0,0,0,0,0,0
105371254,1,0,0,4,0,2,2,2
101929200,21,17,4,6,4,3,8,7
107986637,0,0,0,0,0,0,0,0
1379,7,8,6,4,8,9,7,3
8692,32,23,10,7,12,10,12,9
84132,24,14,7,21,14,11,19,20
100131827,12,8,2,6,5,5,4,10
11113,54,47,42,34,45,58,44,53
113612,15,14,9,3,9,10,10,7
124900839,0,1,0,0,0,0,0,0
3198,13,13,7,12,15,15,17,8
4361,141,131,136,128,116,97,119,126
5868,85,94,74,55,87,94,70,75
100270895,1,1,0,0,0,1,0,0
56998,26,31,42,25,33,27,28,25
124902763,4,0,2,0,0,2,3,1
124904342,20,25,5,5,2,7,13,7
9911,10,9,8,7,7,5,17,8
56922,26,22,28,19,26,35,30,30
646799,0,0,0,0,0,0,0,0
90133,4,7,5,3,6,2,2,1
100862671,19,11,15,10,11,12,12,6
4242,0,0,0,1,3,0,2,0
79783,10,11,10,11,10,7,12,8
102723401,0,0,0,0,0,0,0,0
92,58,67,41,35,33,38,27,41
107986408,0,0,0,0,0,0,0,1
11159,18,20,15,15,13,10,11,11
228,67,72,85,83,87,80,71,100
105372687,0,0,0,0,0,0,0,0
11145,22,30,15,24,29,54,38,32
57817,0,0,0,0,0,0,0,0
29091,4,13,4,4,3,8,3,8
100287189,58,63,30,32,32,35,34,55
5236,125,141,146,149,192,166,183,182
124901270,6,1,2,2,0,0,1,2
24140,64,63,58,43,56,63,53,42
100303453,0,0,0,0,0,0,0,1
80007,30,38,21,17,28,19,19,26
9906,18,20,6,11,16,16,22,17
8537,0,2,0,0,1,0,0,0
81889,92,71,61,68,58,68,57,75
100189230,1,2,0,1,3,2,3,3
11037,7,3,9,17,17,9,7,10
285753,52,73,106,86,112,74,81,102
2020,63,41,43,36,60,48,41,43
124923,15,11,15,14,6,8,9,6
56848,29,33,7,9,10,22,23,18
55704,116,96,129,120,140,120,126,110
10393,67,66,74,66,85,83,60,82
724059,3,6,3,1,1,2,6,2
5442,27,34,34,26,39,35,35,38
124904001,1,3,0,1,2,1,0,1
6809,12,14,6,10,7,8,11,11
8704,92,75,66,59,86,66,83,78
124901426,0,0,1,0,0,0,0,0
100506639,1,1,0,0,0,0,1,0
54955,113,109,74,57,87,79,65,77
64838,8,7,6,6,6,5,8,6
64773,42,48,47,42,51,57,53,81
654817,0,0,0,0,0,2,0,0
91316,6,3,4,6,6,8,5,5
117248,1,0,0,0,0,0,0,0
128193293,1,1,1,0,0,0,1,0
57542,92,85,37,44,48,50,59,53
124904519,0,0,0,0,0,0,0,0
27295,43,47,32,37,53,51,50,57
8349,20,19,41,41,46,17,12,23
105374366,5,12,5,3,6,9,5,8
80204,33,24,22,31,36,31,28,23
380,1,2,0,2,0,0,0,0
4671,2,0,0,1,1,2,3,0
106481054,0,4,1,1,3,0,1,1
124900996,1,0,0,0,0,1,0,0
57585,24,16,30,13,27,17,33,24
84125,20,16,7,3,11,14,12,15
7165,95,108,56,49,59,64,65,51
57696,218,221,143,108,177,180,130,195
102724093,1,0,1,0,1,0,0,2
102724646,0,1,0,0,0,0,0,0
205428,41,45,21,26,35,42,17,37
55116,41,38,24,29,24,25,26,28
5901,4301,5255,3841,3465,4543,4838,4049,4776
105378029,0,1,0,0,0,0,0,0
105377335,0,2,0,1,1,0,1,1
23357,16,23,22,16,26,16,17,21
100133311,31,27,12,10,7,16,26,17
348110,30,43,20,16,17,26,21,34
124902378,2,5,1,2,2,0,3,0
55721,18,23,15,13,14,12,22,17
10964,1,1,128,102,142,3,1,1
677880,2,5,0,0,1,0,1,2
124904775,1,1,0,0,0,0,0,0
9204,39,34,15,10,9,11,18,22
124903581,0,0,1,0,0,0,0,0
55250,66,78,53,53,74,79,92,75
4773,0,5,1,3,1,3,2,2
645024,8,7,9,7,9,6,7,4
654029,360,440,353,249,358,452,368,405
106481664,0,0,0,0,0,0,0,0
27158,2,3,2,0,2,1,3,3
821,1124,1131,785,694,914,942,922,944
157506,52,69,23,23,26,29,29,33
991,856,997,429,375,555,566,538,598
221458,8,10,2,0,7,1,4,1
3679,7,6,5,2,6,10,2,9
55846,22,32,14,10,22,12,25,21
2901,1,0,0,0,2,0,1,0
338692,7,4,10,9,11,10,14,6
105378083,2,0,1,4,0,3,0,3
342667,1,0,2,0,0,0,1,0
9043,127,106,87,113,143,114,150,137
729687,31,26,22,12,16,26,21,21
5757,6257,6631,7150,7028,8166,6702,5597,6872
100132812,0,0,0,0,0,0,0,0
50486,3,4,6,7,5,2,2,8
127064,0,0,0,0,0,0,0,0
6217,11959,13060,11643,11188,12610,13158,11357,13113
107985303,0,0,6,2,2,0,0,0
1723,38,48,32,24,47,35,26,44
11316,188,220,128,140,180,176,155,173
100288413,16,12,2,2,3,9,10,8
138234,10,16,14,11,9,11,11,9
4899,34,27,18,25,31,15,27,27
9329,65,68,58,48,56,56,69,52
100036574,9,3,7,4,1,1,6,7
79925,31,37,14,16,18,20,12,21
9902,10,11,11,7,14,9,8,11
29950,60,92,22,21,32,26,35,40
29086,234,219,138,136,186,176,195,230
83857,30,27,27,25,35,36,31,43
8161,287,313,186,170,200,184,174,209
51163,29,33,15,18,23,20,19,25
84619,6,1,3,5,3,0,2,1
729621,43,55,31,25,21,57,22,28
1609,5,2,5,4,7,8,5,3
3183,1516,1569,1127,1075,1415,1342,1359,1462
9786,85,94,42,37,52,75,66,70
100131863,11914,12755,11605,11799,13282,12564,10569,12458
100189332,2,3,0,0,0,1,1,0
25972,104,123,63,42,61,69,62,78
23532,56,35,44,23,43,54,47,54
2192,23,21,28,35,24,15,23,22
112483,160,174,158,152,163,219,170,208
55716,20,29,29,17,31,28,27,38
102723927,0,0,0,0,1,1,0,0
646762,26,34,25,10,22,26,23,22
130453475,2,1,0,0,0,0,0,1
55851,538,590,348,339,433,440,437,502
3155,56,63,44,45,77,69,60,79
170394,11,10,5,7,12,6,8,7
414777,70,81,20,37,31,37,37,47
105375202,1,0,0,0,0,0,0,0
103611155,0,0,0,0,0,0,0,0
79047,54,63,45,60,60,41,56,50
728975,0,0,3,0,3,4,6,4
388524,747,974,754,674,854,895,825,892
122961,68,87,75,67,74,82,81,82
493829,0,0,0,0,0,0,0,0
91151,7,9,3,5,2,8,8,2
6538,9,3,1,0,1,0,2,2
203238,14,20,14,17,17,9,19,24
785,7,14,22,22,34,21,23,27
8737,9,8,5,1,2,4,5,5
2503,70,89,70,66,95,94,68,79
5395,56,58,44,34,50,41,45,53
9643,1056,1161,606,771,792,616,682,639
79626,1,0,0,0,0,0,0,0
10061,190,197,82,75,81,91,111,105
25925,15,9,26,27,28,23,17,23
23012,50,47,35,33,38,34,59,42
2071,95,91,57,63,74,64,55,47
4170,111,110,76,52,83,78,91,86
605,358,406,223,272,250,192,194,246
152,5,9,9,9,15,12,9,12
83657,9,11,2,1,2,4,5,4
728506,1,0,0,2,0,1,0,0
400506,745,732,452,419,502,428,388,433
105374445,19,18,8,8,4,1,5,3
101929902,0,0,0,0,0,0,0,0
4286,16,8,5,13,9,15,11,17
101927080,1,2,0,1,1,1,0,0
54903,43,53,31,27,41,28,46,47
285647,30,18,17,16,26,24,20,18
729970,3,7,10,7,15,6,6,20
84954,9,13,9,14,20,24,4,17
7468,115,90,115,89,127,111,191,140
4851,6,10,8,5,7,6,6,11
100130776,4,3,3,3,4,4,8,5
155435,40,47,68,69,91,89,90,86
2719,90,103,81,109,68,38,52,49
124904761,0,0,0,0,0,0,0,0
5445,70,75,41,39,48,52,49,48
11341,0,1,1,1,0,0,0,0
8706,5,5,0,0,0,7,5,5
11339,89,104,55,37,54,59,59,58
80128,1,1,7,1,1,0,4,3
105369957,3,3,3,4,3,6,2,4
10200,317,327,146,141,199,210,186,225
94039,16,18,13,10,13,5,7,18
119863869,0,0,2,3,1,1,1,1
101805492,16,8,9,17,12,11,8,9
6474,27,39,24,32,39,30,39,28
5455,18,34,41,41,38,32,20,47
80055,14,24,29,18,25,18,14,25
143341,110,152,127,129,165,148,127,146
2633,0,1,0,0,1,0,0,0
782,1,0,2,2,4,3,1,3
402175,114,154,100,110,157,155,130,149
124902940,0,0,0,0,0,0,1,0
51517,26,32,44,38,38,20,24,28
100189252,1,0,1,3,0,0,1,0
1136,2,4,1,1,1,1,2,1
100420963,3,2,1,0,2,1,1,2
10062,30,25,8,4,12,13,16,21
105378620,0,0,0,0,0,0,0,0
654388,11,10,7,10,7,10,12,5
101928913,0,1,3,0,1,0,1,1
3728,43,42,50,45,69,61,48,48
171222,38,39,27,23,26,25,28,36
8358,43,56,25,21,30,18,27,43
110806272,1,0,0,0,1,1,2,1
6526,66,72,43,41,51,49,38,47
400750,15,7,6,2,11,8,7,4
6936,51,52,42,46,37,45,41,38
9950,43,41,40,31,39,32,42,50
100189225,0,1,1,0,0,1,0,1
105373748,17,10,11,13,14,9,13,7
142913,9,16,12,7,10,8,10,11
26001,174,199,93,104,120,118,130,160
109617018,0,0,0,0,0,0,0,0
144404,28,17,20,15,14,16,23,26
51649,311,400,193,163,219,233,203,220
339229,66,81,85,78,108,82,98,84
32,1,8,5,2,7,3,10,6
51192,110,161,61,72,83,139,104,144
10155,306,306,257,236,288,261,327,252
100506759,1,1,0,0,1,2,0,2
113675,56,65,39,34,61,50,56,51
57186,18,16,13,12,19,18,23,9
55798,159,143,68,71,74,75,62,78
84142,10,12,27,16,29,18,15,14
25864,19,16,6,15,22,9,17,11
102724194,0,0,0,0,0,0,0,0
3202,138,168,99,71,95,88,102,81
84641,61,80,44,44,38,38,48,48
9553,498,606,367,319,478,500,427,496
79820,0,0,0,0,1,0,0,0
114004397,1,1,4,3,6,3,5,4
92181,32,33,21,24,25,30,25,25
140775,30,41,24,11,20,28,25,21
571,33,40,42,45,52,23,39,36
81849,4,1,1,3,2,1,3,5
79762,55,72,55,38,61,43,62,54
285315,30,26,15,8,21,12,17,23
105372926,0,0,0,0,0,0,0,0
100507050,0,0,0,0,0,2,0,0
255512,4,1,4,1,7,6,4,6
56987,280,299,286,278,310,272,262,324
6483,18,25,11,19,12,23,19,22
1051,7,25,26,18,25,25,18,20
55175,49,47,37,26,28,31,37,42
5558,74,101,41,40,42,31,48,48
23090,2,1,3,4,2,6,1,4
3768,9,6,19,5,9,12,6,12
51300,211,265,192,153,245,292,233,284
104326051,0,0,0,0,0,0,0,0
147226,46,62,53,40,61,68,62,55
106481818,0,0,0,0,0,0,0,0
171023,60,55,60,53,49,51,62,69
54065,183,244,122,118,152,149,131,135
118424,115,130,88,79,125,92,104,114
102723704,0,1,0,0,0,0,1,0
150094,6,5,10,6,3,7,5,3
2662,0,0,0,0,2,0,0,0
124909462,0,3,1,0,1,5,0,0
4240,50,47,40,32,35,41,55,50
7913,1598,1571,1129,1033,1325,1159,1245,1304
344371,11,22,15,10,13,18,14,9
100128083,107,100,100,70,75,103,66,102
54752,0,0,0,0,0,0,0,0
647000,113,129,137,135,140,154,148,166
25806,4,6,7,13,8,7,7,9
101928263,0,0,0,0,0,0,0,1
124901761,0,0,0,0,0,0,0,0
100507218,0,0,1,1,0,0,0,0
84888,87,90,45,30,35,41,43,66
55693,7,8,3,9,2,10,5,5
162989,38,39,48,25,39,28,53,31
102157402,274,262,219,202,253,257,213,247
50861,67,57,69,68,90,72,61,68
154,1,2,8,5,10,3,4,3
124905052,0,0,0,1,2,0,0,0
2581,2,5,1,7,5,1,5,7
105379507,0,0,0,0,0,1,1,0
140699,1,2,0,1,2,3,1,1
105378479,0,0,0,0,0,0,0,0
83643,37,41,24,30,35,39,53,33
79814,3,2,2,1,1,2,1,0
201965,62,59,48,50,48,54,57,54
124901525,0,0,0,0,0,0,0,0
80705,23,14,13,21,23,21,19,29
26298,0,0,0,0,0,0,0,0
9512,261,323,253,255,321,302,290,285
105375634,0,0,1,1,0,2,0,0
151313,132,127,140,136,174,116,98,139
26140,1,0,0,0,0,1,0,0
4602,4,10,19,14,9,9,10,24
729760,0,2,1,1,0,3,0,0
6621,36,37,26,17,21,20,38,29
282679,2,3,2,0,0,1,2,0
8323,32,31,9,13,9,22,19,20
54507,0,1,1,1,0,1,0,0
55596,71,75,67,50,69,55,79,69
100130618,1,0,0,0,1,1,1,0
84464,16,22,10,7,5,12,12,10
102723324,0,1,0,1,0,0,0,0
124901974,0,1,0,0,1,0,0,0
124902461,5,2,1,0,0,0,3,1
10565,35,36,36,33,48,43,43,44
100132074,1,2,0,8,3,6,2,3
2201,86,89,136,110,109,111,126,146
729209,43,67,67,50,60,72,70,66
23205,43,42,9,13,1,13,16,8
100652831,2,2,2,2,0,2,0,1
8890,117,169,73,76,108,101,96,123
7068,25,16,25,18,40,17,27,27
57830,0,0,0,0,0,0,0,0
642320,45,60,57,59,50,62,52,67
253272,28,25,9,8,17,24,23,24
9677,12,14,14,9,20,9,13,18
124905289,0,1,0,0,0,0,0,0
256471,30,34,14,12,10,16,21,20
3423,64,57,48,49,74,41,55,61
124411,34,29,23,21,28,20,16,37
10512,34,30,27,18,27,18,26,27
122455332,0,0,0,0,0,0,0,0
116449,0,0,0,0,0,0,0,0
310,193,224,99,101,122,136,133,143
51550,162,158,124,125,144,144,112,152
125058,43,29,45,52,64,62,59,76
100189328,0,0,0,0,0,0,1,1
4734,19,15,21,8,23,15,26,21
105371226,1,0,1,0,1,0,0,0
107984970,2,5,2,2,5,6,6,3
6181,5265,6041,5768,5283,6444,5969,5278,6141
23513,19,26,26,28,28,20,27,24
64789,18,27,2,6,10,8,8,18
2796,0,0,1,2,0,2,1,2
105372352,3,2,1,1,2,3,1,0
23759,33,40,30,36,36,31,34,36
402483,24,17,9,10,9,10,9,13
9716,131,121,70,62,70,82,68,78
6932,21,18,12,12,17,17,16,17
101954266,6,7,1,4,3,3,2,1
106480153,10,10,12,15,6,6,10,6
79871,150,150,57,42,59,73,82,83
136227,3,1,0,3,3,3,5,3
57017,102,119,73,62,87,81,88,92
27034,18,23,9,13,11,12,26,10
9908,194,185,78,96,99,112,111,120
80712,5,4,3,5,5,4,2,3
102724511,0,0,0,0,0,0,1,0
282974,42,52,125,107,118,129,98,127
29887,49,44,74,68,83,97,68,77
102723403,0,0,2,2,1,0,0,1
55647,9,7,7,7,5,3,5,2
653645,1,1,0,0,0,3,1,3
133584,3,6,8,4,11,11,13,8
84065,119,126,42,43,68,61,48,52
124906100,0,2,2,2,2,2,1,1
55199,1,0,1,2,1,0,0,0
442517,5,4,2,0,6,7,5,4
7414,212,230,149,132,159,147,138,162
53339,41,53,51,45,48,66,52,51
200844,4,8,3,5,6,5,3,4
1984,3426,3692,1885,2539,1245,1518,2175,1776
5189,51,41,47,30,42,40,49,60
128178,9,10,13,10,6,13,10,11
9300,9,12,10,13,11,14,9,11
648822,17,14,5,6,5,14,11,8
53838,45,58,25,19,28,26,29,30
57053,0,0,0,0,0,2,0,0
10994,107,114,85,78,106,85,77,88
5052,2414,2865,1973,1975,2496,2824,2600,2904
199746,86,72,41,47,62,49,67,63
85477,37,34,29,34,38,35,14,34
64283,3,4,3,7,2,8,13,7
23548,31,37,46,44,50,39,52,55
100506746,1,2,0,0,0,0,1,0
170384,32,43,55,46,32,52,35,53
731275,0,0,0,0,0,0,0,1
51326,92,92,81,69,72,90,90,86
105376364,0,0,0,0,0,0,0,0
5238,185,215,141,127,161,136,116,128
4597,54,61,48,38,51,56,56,65
23522,127,151,124,83,90,110,104,102
64077,44,47,53,49,59,47,39,56
79694,40,39,33,27,50,47,53,39
400963,138,158,184,191,205,155,157,171
54469,77,89,78,79,78,62,85,86
55666,103,95,48,44,52,75,84,52
124906115,1,0,0,0,0,0,0,0
92682,1621,1750,1650,1360,1624,1523,1234,1591
197259,14,17,3,2,6,5,5,9
55718,71,69,64,53,54,61,62,62
10666,1,0,0,0,0,0,0,0
101929541,0,0,0,0,0,0,0,0
85403,99,139,80,92,79,75,77,70
81605,122,153,68,60,83,97,97,105
6464,28,23,28,27,33,23,21,19
100189321,0,0,0,0,0,0,0,0
100131379,59,73,74,66,60,105,57,93
105379627,0,0,0,0,1,0,0,0
5589,149,163,138,114,138,145,112,173
105378099,0,0,0,0,0,0,0,0
101928120,2,1,2,3,0,6,5,3
100421096,0,0,2,1,0,2,2,1
64771,58,55,34,46,59,43,72,55
728695,0,1,0,0,0,1,0,1
1848,19,19,11,5,20,7,9,15
27085,16,14,8,2,8,5,7,8
404201,3,0,2,6,3,7,8,4
342908,10,15,11,10,14,14,11,18
9367,77,115,94,85,132,147,116,119
84057,106,109,100,94,126,105,96,110
84134,43,60,18,22,26,20,34,24
57419,1,1,0,1,1,0,0,0
1244,2,1,1,0,0,1,4,1
9946,56,61,66,63,74,77,47,59
2817,15,13,16,15,19,13,9,16
124903959,0,0,1,1,0,0,2,1
220323,22,25,28,26,28,29,25,24
401115,132,156,147,120,183,182,152,190
124904099,0,0,0,0,0,0,0,0
254128,17,14,20,12,21,16,24,30
2736,5,3,3,12,16,9,14,9
23544,0,0,0,0,0,1,1,2
6697,24,36,35,24,38,19,26,24
107987306,4,2,0,4,2,2,1,1
5929,150,154,48,62,48,72,61,65
143503,0,0,0,1,0,0,0,0
1571,2,0,0,0,1,1,1,0
347736,0,1,3,0,0,1,1,1
54886,0,1,0,0,0,0,0,0
677822,0,3,3,0,7,2,2,1
56970,38,39,29,20,22,28,33,37
90843,165,181,146,139,159,199,170,208
5256,46,49,59,41,44,40,57,53
105377182,4,2,1,6,2,0,1,4
319137,7,12,12,9,8,19,11,22
7753,7,14,4,8,2,7,6,7
29767,28,30,27,33,39,42,30,44
51199,74,63,46,51,85,71,66,60
222229,22,28,10,13,18,18,19,19
677,37,67,57,62,78,57,60,55
56342,54,70,16,17,26,39,38,36
6895,102,144,41,53,70,61,74,48
23609,88,94,71,93,98,65,81,56
100270920,36,37,27,32,45,30,38,44
79143,31,39,32,31,38,28,32,37
56907,40,40,35,24,27,49,54,52
102724657,0,0,0,0,0,1,1,0
677767,12,6,4,3,2,1,2,3
2074,46,32,32,19,27,32,39,35
642597,0,0,1,0,0,0,0,0
100289196,2,4,3,1,1,2,4,6
642934,0,1,0,0,0,0,0,0
100128494,1,2,0,0,0,1,0,1
100506123,5,2,2,1,2,2,4,0
124904781,0,0,0,1,0,0,0,0
647081,46,51,46,26,25,24,45,30
100287430,617,715,492,516,532,646,529,584
83641,66,81,62,46,68,70,65,60
23385,36,26,31,26,30,22,32,37
113263,15,22,18,16,17,14,17,16
124904723,1,0,0,0,0,0,0,0
55339,216,196,187,164,203,153,134,187
47,406,384,286,332,324,315,402,354
101929746,1,0,0,0,0,0,0,0
128756,15,14,7,8,12,10,7,8
51562,80,84,53,50,76,80,61,60
85371,2,3,0,1,0,0,5,1
105378793,0,0,0,0,0,0,0,1
2731,9,6,13,7,10,8,11,11
1806,0,0,0,2,1,0,0,1
56913,30,27,25,22,32,26,28,25
124905360,27,17,20,22,16,17,25,20
100289170,11,19,9,9,17,13,11,13
10138,120,142,122,100,110,138,133,130
100101478,1,0,3,5,5,4,1,2
100874448,3,4,1,2,4,3,6,1
124903288,1,1,3,0,0,1,0,3
55589,20,22,15,20,17,12,34,26
51112,29,19,16,8,15,16,25,18
105369315,2,3,5,4,3,4,3,2
10242,0,0,0,0,0,1,0,0
9556,1714,2078,1298,1224,1536,1749,1467,1639
100130210,14,12,14,12,11,21,10,15
6622,127,129,92,84,104,92,95,142
124901121,0,0,2,1,2,3,0,0
1780,8,7,9,6,16,4,9,4
26828,13,21,5,7,16,18,22,19
9413,0,3,3,2,6,3,2,2
124902034,0,0,1,2,1,3,0,0
2207,2,0,1,0,1,1,0,2
284361,145,130,47,45,54,91,70,83
100189209,3,2,1,2,4,0,0,0
389662,3,3,3,5,2,7,3,7
51174,37,33,21,19,23,35,22,28
284408,34,40,16,19,16,29,20,19
108949267,1,1,0,0,0,0,0,1
166,114,92,88,110,99,97,95,101
3909,8,12,2,3,2,8,13,12
440447,449,494,537,467,601,489,428,497
23002,109,139,110,77,103,101,104,99
101929441,1,0,0,0,0,0,0,0
100500934,119,131,90,77,108,91,102,86
6016,41,39,36,33,31,44,43,47
6591,1,1,1,1,0,1,2,0
55015,201,238,85,120,43,77,90,101
100009604,0,2,1,0,1,0,2,1
140460,36,48,25,36,37,49,41,44
84973,84,123,116,107,128,121,115,146
105369438,0,0,0,0,0,0,0,0
118732298,4,4,11,4,3,7,5,7
447,5,1,1,1,0,0,0,0
10219,1,11,12,10,16,7,5,9
2744,84,80,51,64,53,40,46,45
105372692,2,2,1,0,1,0,0,1
55117,136,134,95,108,117,135,116,134
7541,26,26,16,20,20,15,10,19
338699,15,16,13,5,18,9,11,10
25996,258,243,136,147,157,198,159,168
10495,137,149,73,81,79,98,74,93
780853,23,26,30,22,24,31,24,23
2908,210,267,203,171,199,173,173,219
123920,127,154,67,60,86,81,87,92
124904683,0,0,1,2,3,2,2,5
79980,50,58,65,57,63,70,67,67
161436,10,8,11,6,10,12,18,2
54870,89,103,62,63,41,46,85,80
359757,0,0,1,0,0,0,0,0
56956,4,1,6,2,8,7,9,12
2700,4,9,14,9,15,5,13,9
124904036,0,1,0,1,0,0,0,3
5533,6,10,8,7,9,22,18,19
767846,9,10,7,6,6,5,8,10
9477,22,23,12,5,19,14,20,23
23568,190,206,76,70,71,123,104,97
55871,210,221,99,94,133,139,140,148
146059,11,7,8,5,5,8,8,6
140603,27,30,16,23,12,26,25,25
101954278,13,10,3,12,8,13,26,9
90459,45,52,29,27,29,37,44,40
1744,28,45,32,18,24,37,26,37
10765,168,147,112,112,128,119,123,132
11133,43,27,37,46,34,31,38,38
642826,9,8,3,7,3,4,3,4
84750,63,61,47,43,41,50,52,61
100133077,0,0,0,0,0,0,0,0
55577,53,86,13,21,35,34,28,47
401206,4322,4824,4070,3792,4389,3838,3444,3990
169714,31,31,35,28,38,43,37,46
124903038,0,0,1,2,0,0,0,0
91869,111,118,52,50,63,53,54,61
100129640,4,2,2,3,2,12,0,2
114908,211,188,166,168,197,162,166,223
100130301,0,0,0,0,0,0,2,0
100132815,40,38,21,20,18,22,26,33
101927168,0,3,3,0,3,1,3,0
101928022,0,0,0,1,1,0,0,0
6601,198,238,232,215,278,219,254,279
137492,83,78,56,54,67,89,77,88
644790,199,180,202,144,152,181,159,164
23381,87,73,42,35,44,51,50,58
7536,396,376,123,99,131,142,153,153
105376767,0,0,0,0,0,0,0,0
124902990,0,0,1,0,0,0,0,0
80324,124,152,69,65,79,58,77,73
51526,135,135,118,135,137,114,111,111
317784,3,4,1,3,0,4,0,6
55143,211,244,120,99,164,187,167,181
10614,131,158,50,36,56,47,55,59
105375321,0,0,1,1,0,2,1,1
105372295,1,2,0,0,3,3,1,0
150383,32,25,28,17,26,21,33,42
2504,41,48,28,30,47,44,45,51
284612,7,2,2,1,4,1,5,2
107985289,0,0,2,0,0,2,0,0
83862,33,54,40,28,46,35,41,41
105372274,0,1,6,3,3,5,0,2
4641,49,36,67,57,78,63,61,58
57180,16,18,3,12,7,13,17,13
79582,106,114,126,85,125,142,124,102
90987,8,4,9,11,15,10,15,14
100288690,9,8,2,7,4,4,2,2
440732,86,80,66,57,62,99,81,83
2055,31,27,15,13,22,24,26,28
53832,6,6,0,1,8,8,1,7
55922,71,82,60,62,54,56,71,68
23774,36,45,39,33,36,28,42,40
389203,59,84,72,83,97,78,61,79
124902730,5,1,1,1,1,0,0,3
348793,19,29,21,9,17,20,12,25
112268141,1,0,2,0,0,0,0,1
100240710,1,0,2,2,1,2,3,1
219654,16,12,37,12,12,19,32,31
400793,10,13,4,6,8,6,11,11
23154,51,48,13,8,9,19,16,21
107984759,0,1,0,0,0,0,0,0
100189297,2,5,0,1,4,2,5,3
147166,19,15,24,20,21,25,16,29
23383,35,35,16,24,22,22,30,27
387923,8,12,12,3,8,9,10,9
342892,101,86,48,57,41,47,49,57
100192420,0,0,0,0,0,0,0,0
101927180,44,54,39,43,44,62,48,44
4343,75,65,68,44,90,60,89,59
26073,193,195,110,87,127,142,168,125
124905311,6,4,1,3,4,5,1,2
266699,7,5,4,4,3,1,5,4
7918,90,76,56,50,73,79,64,59
102723648,4,3,3,4,4,1,3,3
26289,3,2,0,1,3,5,4,2
2057,2,9,3,6,9,3,13,3
9861,297,294,138,139,193,197,214,218
729867,2,0,0,0,0,0,0,0
392358,332,389,314,290,300,338,301,349
100506125,4,6,5,3,5,7,2,3
57045,110,110,64,68,83,88,84,83
23629,2,2,3,1,2,3,3,3
100133204,0,1,1,2,1,1,3,0
64834,30,44,23,32,24,28,23,38
51029,127,145,87,100,109,113,120,101
442525,63,76,69,66,71,130,85,96
4152,40,45,23,20,26,32,34,34
399844,6,2,4,10,3,1,4,2
64763,49,34,25,35,21,35,33,32
23223,124,121,57,50,56,54,54,65
84859,26,18,16,10,12,20,20,23
100874014,0,1,0,0,0,0,0,0
124902856,6,7,1,3,0,1,2,1
124909410,0,1,1,1,0,0,0,1
317684,6,3,1,1,3,1,1,0
29070,29,33,31,27,35,39,35,32
113655,32,40,64,53,60,74,84,63
692209,0,0,2,0,0,0,0,0
140462,2,2,0,0,1,1,0,3
255809,2,5,3,2,0,2,0,2
55501,13,23,15,10,24,26,19,19
100286979,0,2,0,0,0,1,0,0
107984035,1,2,3,0,2,2,0,3
10791,8,15,8,10,18,13,9,5
124903837,2,3,0,0,2,0,0,1
27097,79,71,41,29,53,57,58,67
107987083,1,0,1,0,0,3,0,0
124906166,0,0,0,0,0,0,0,0
6015,38,37,17,20,24,28,37,33
112268327,3,0,3,7,0,5,6,2
113939912,5,2,5,2,6,7,3,4
10381,43,39,42,28,31,26,33,45
146330,6,10,32,26,37,24,24,18
54458,284,253,225,210,250,294,257,321
5250,1349,1592,1128,1106,1426,1406,1409,1469
9883,73,69,47,46,49,57,59,60
342618,0,0,0,0,0,0,0,0
650560,5,0,1,0,3,4,8,3
124901661,0,1,0,0,1,2,0,0
10645,82,74,58,46,69,65,65,117
26751,11,12,17,8,12,8,9,7
29895,20,36,9,10,11,24,19,24
64857,26,46,44,23,40,34,48,40
109617007,0,0,1,0,0,0,0,0
124901608,0,0,0,0,0,0,1,1
10291,242,258,217,201,234,247,261,238
6575,32,19,10,12,14,12,17,19
2519,223,259,129,168,210,204,177,203
646463,1,2,1,1,0,0,0,1
221,1,2,1,1,1,1,1,2
79905,3,0,1,2,9,1,1,1
170529,4,1,6,1,4,4,5,5
124903677,0,0,0,0,0,0,0,0
3141,109,135,82,77,82,82,103,80
341276,0,0,0,0,0,0,0,0
4335,16,12,18,18,22,12,17,15
2647,122,141,117,120,183,154,157,142
254187,0,1,1,0,0,0,1,0
6654,37,32,32,17,25,36,39,37
100189067,33,39,9,17,17,7,10,14
5137,0,1,0,0,1,0,0,0
255743,32,34,71,58,81,78,60,70
8667,418,489,415,387,518,402,425,431
728855,28,26,43,31,55,42,32,36
9399,16,31,7,11,10,12,21,14
106480290,0,2,0,0,0,1,1,1
27143,21,29,49,40,57,35,44,43
56916,81,86,43,39,52,48,49,74
79364,18,24,17,18,16,16,18,17
1666,25,35,3,1,4,52,29,40
93202,23,32,16,14,12,19,19,19
100287369,166,177,113,83,110,109,124,97
3661,39,30,38,45,43,41,58,47
124906232,0,1,0,0,0,0,0,0
373,62,60,71,39,47,36,38,61
60370,48,47,105,109,113,59,73,66
64760,23,20,22,17,17,23,28,28
101928010,0,0,0,0,0,0,0,0
6764,5,2,6,11,6,5,8,8
253986,228,260,206,211,243,263,269,254
9203,43,45,46,45,46,44,50,48
4218,327,373,138,159,175,162,168,161
7030,26,23,24,24,23,27,33,27
124904496,0,0,0,0,0,0,0,0
6019,18,21,30,24,28,30,31,47
124905332,585,557,796,506,913,1250,1140,914
22998,41,31,69,48,54,49,65,65
25956,1,2,6,4,3,6,4,6
26960,23,22,46,38,52,37,45,47
10713,117,98,98,94,142,80,104,125
439,111,104,37,36,50,78,73,66
388692,1,1,4,0,2,0,2,2
91461,4,0,3,2,6,4,4,4
196743,2,3,3,4,5,1,1,0
100289373,4,10,15,15,8,10,6,7
5754,17,20,23,31,23,14,29,24
105379574,0,1,0,0,2,1,0,0
123811,135,158,120,108,140,112,112,106
57000,1,0,0,0,0,0,0,0
100131211,13,5,10,9,12,5,11,6
5504,106,119,107,82,99,109,89,116
58526,35,44,48,39,48,42,33,66
54764,63,52,56,58,57,82,56,67
100101407,20,16,10,2,15,11,13,15
112267893,3,4,1,3,0,2,3,1
58478,79,92,72,77,103,80,104,93
9741,217,274,172,181,228,196,190,188
100507747,0,0,0,0,0,0,0,0
5229,126,130,93,64,70,66,54,73
114793,26,27,45,29,37,35,43,37
400945,1,0,0,1,1,0,0,1
3841,79,107,107,92,125,99,84,112
3827,0,0,0,0,0,0,0,0
4594,51,72,54,57,55,72,66,68
124904774,2,0,0,1,0,0,0,0
106480890,1,0,1,0,0,0,1,0
127898564,0,1,0,0,1,1,0,0
147807,19,16,22,18,19,22,16,29
9725,7,14,11,9,16,18,13,12
54809,8,13,28,22,25,7,7,13
107987282,0,0,0,0,0,0,0,0
7091,127,122,105,88,106,97,89,107
118568799,0,1,0,1,1,1,0,0
388275,213,235,223,162,304,251,300,280
285521,32,37,27,18,26,39,35,22
105370970,0,0,0,0,0,0,0,0
26231,3,5,3,2,6,4,4,4
55105,65,69,41,36,45,42,46,63
5373,111,119,44,41,50,57,46,47
10819,9,7,8,2,4,11,6,11
987,36,31,35,28,38,54,50,39
100421561,62,55,47,22,46,41,29,41
83877,72,80,30,24,28,59,46,57
124902678,0,0,0,0,0,0,0,0
23509,58,87,52,44,51,60,45,59
57614,23,18,17,10,14,10,21,25
92595,26,29,13,15,19,10,20,35
65251,29,24,9,10,8,6,11,11
961,145,112,51,75,65,94,92,85
60492,67,81,80,68,83,66,53,71
58480,39,42,45,32,50,55,67,63
107984217,0,0,0,1,0,0,0,0
6844,78,88,60,58,80,94,110,97
101927330,8,5,5,1,1,5,4,4
101928440,0,0,0,0,2,0,0,0
3006,1128,1048,537,688,636,584,368,993
105371242,3,6,1,6,2,4,7,11
401898,1,2,1,6,4,1,5,2
10840,3,1,2,4,0,2,1,1
400617,1,0,5,2,3,0,1,4
643641,6,3,6,8,8,8,9,7
124904550,0,0,0,0,0,0,0,0
100189125,2,1,0,0,1,0,0,0
5905,442,489,181,181,198,232,271,233
7204,52,48,49,43,33,47,44,38
27145,4,3,12,7,11,9,13,12
8293,198,215,126,135,151,161,165,156
140628,0,0,0,0,0,0,0,0
439921,73,49,68,61,76,69,94,70
105376272,0,1,0,1,0,0,0,0
196446,0,0,0,0,0,0,0,0
57659,23,35,30,28,35,24,35,31
91862,21,15,20,14,20,15,19,22
375743,27,40,24,14,19,32,36,34
124902831,2,1,2,0,0,0,1,1
993,74,71,53,44,72,73,83,57
142940,65,74,24,43,52,57,63,47
169792,4,3,6,8,4,5,6,5
84765,18,24,20,6,12,13,11,12
10973,198,172,111,106,163,128,123,148
23637,39,43,35,39,42,36,44,38
552900,101,120,84,75,101,82,84,101
4163,60,75,50,64,39,60,63,66
100130950,3,3,3,4,0,3,2,2
124904383,4,0,0,0,0,0,1,0
105371279,0,0,0,0,0,0,0,0
79648,90,80,40,45,58,75,70,72
4093,67,98,76,85,69,73,76,68
116987,33,32,49,54,43,40,38,40
11149,8,13,16,11,18,15,9,18
6146,1311,1687,1572,1583,1832,1553,1437,1684
79173,8,15,6,11,6,8,9,9
85450,16,17,20,15,21,19,20,12
10789,254,321,157,181,216,171,168,188
10884,159,152,144,132,190,160,148,176
51586,45,64,93,64,77,63,58,92
23378,90,82,47,65,59,59,58,60
729789,172,194,153,115,123,160,138,144
100129769,1,0,0,0,0,0,0,0
23051,25,16,18,16,20,18,23,18
117584,22,21,20,12,18,17,18,18
3956,46,63,29,23,40,52,42,56
10402,12,16,16,13,29,22,29,23
4061,88,107,104,103,141,103,87,96
2937,91,112,75,72,101,75,77,77
9767,33,22,31,23,33,38,31,33
1540,48,58,20,23,29,26,32,40
55752,454,461,450,390,525,452,432,469
8777,65,48,54,35,54,57,52,62
727,0,0,0,0,0,0,0,2
107075115,97,105,91,95,115,84,113,88
54165,158,170,59,72,57,66,79,75
23133,66,66,40,37,47,52,60,44
124905386,2,1,1,2,0,2,0,1
23142,105,91,55,58,61,63,77,89
79145,168,202,110,110,158,169,147,154
100128723,1,6,1,0,3,1,2,0
101928448,0,0,0,0,0,0,0,0
84288,15,16,8,4,9,11,15,13
6772,35,34,230,209,268,35,42,34
3604,6,9,4,2,1,2,1,2
9994,322,298,261,226,307,260,292,296
56963,11,5,13,12,24,21,10,14
339983,8,17,8,10,13,11,8,10
286207,1,0,0,0,2,2,1,0
1152,3049,3361,3418,3209,3872,3329,3253,3487
9695,34,26,22,18,25,21,23,20
8834,152,136,117,109,165,133,132,135
60481,279,285,234,178,256,260,219,266
348262,212,242,115,121,167,165,153,180
51360,48,74,60,53,61,63,45,52
116369,0,0,0,0,0,0,0,0
124903548,0,2,1,0,0,0,0,2
6400,76,83,51,48,37,52,46,51
124903708,0,1,2,1,3,1,1,1
51531,21,25,4,9,9,8,8,11
57026,64,51,56,58,70,39,53,61
51661,23,19,22,37,49,32,26,23
57035,23,33,34,50,59,51,39,53
124905254,1,1,1,1,0,0,0,1
6222,6903,7694,6330,6659,7222,7035,5881,6997
55276,77,99,70,73,83,95,73,105
246719,98,89,48,49,62,67,72,69
124903678,0,0,0,0,0,1,0,0
8453,161,179,70,76,86,94,90,111
8847,87,89,30,22,37,50,41,46
100129029,0,1,0,0,1,0,0,0
55342,98,106,97,77,93,95,95,109
1601,32,30,28,34,39,41,41,42
388182,1,0,0,0,0,2,0,0
254158,0,0,0,1,1,0,0,1
124905523,2,0,0,0,0,0,1,0
23041,61,55,27,32,35,44,43,58
51701,37,39,18,24,21,26,33,22
124900774,0,0,0,0,0,0,0,0
160622,0,0,1,1,1,0,0,1
199870,90,85,61,49,52,45,43,65
283377,69,63,45,45,44,37,36,51
2139,27,26,21,35,34,39,33,19
79816,15,10,22,5,18,11,3,10
101928085,3,0,2,0,5,1,1,1
105372686,0,0,0,0,0,1,0,0
158405,31,39,44,28,37,25,36,41
6944,162,192,110,102,130,114,106,129
644943,0,0,0,0,0,0,0,0
106479023,0,2,3,1,0,1,0,1
100129845,0,0,0,0,0,0,0,0
83660,14,10,12,23,16,14,18,22
57150,59,77,90,73,85,88,63,79
83549,90,83,59,52,47,76,58,64
10396,17,10,19,9,17,11,11,18
157777,1,3,0,0,0,0,0,2
80818,8,7,5,2,5,7,6,10
347333,16,34,13,18,25,18,20,22
124905228,2,2,9,1,3,2,2,3
100996738,6,2,6,1,2,6,6,4
101929077,1,0,0,0,0,0,0,1
11040,153,145,82,110,67,64,105,84
6364,0,0,0,1,1,0,1,1
3384,0,1,0,0,0,0,0,0
56521,70,83,104,94,96,126,102,135
100128801,0,0,0,0,0,0,0,0
124904942,1,1,1,0,0,0,0,1
146223,61,56,38,34,36,59,63,59
109864271,95,98,91,118,176,107,104,121
2254,54,45,51,56,65,49,58,52
727947,102,122,73,79,110,101,100,83
2946,3,6,6,0,7,0,4,7
392557,66,90,69,53,65,88,54,89
729667,5,1,3,2,1,3,4,3
27229,100,69,92,75,95,91,98,97
10217,27,20,27,24,21,21,36,23
57580,4,3,12,10,7,8,13,8
26003,147,160,129,124,175,121,128,119
124900809,0,1,0,0,1,1,0,1
63826,24,32,20,30,37,39,33,38
4258,109,137,118,116,135,129,155,156
57546,60,51,27,27,37,38,49,51
4835,71,66,79,69,95,71,60,93
388325,2,0,0,0,1,1,2,0
7260,96,127,74,80,83,88,77,106
5819,39,50,42,44,47,54,42,62
100130742,22,33,22,13,24,20,21,24
23731,67,64,75,62,67,77,77,76
55113,13,14,11,4,9,15,18,13
105378385,1,0,0,1,0,1,2,1
84706,55,68,58,47,44,54,55,68
100874487,6,4,6,0,0,6,2,4
54742,0,3,1,0,0,1,1,0
466,67,96,42,36,42,48,38,49
9156,78,102,100,92,105,89,80,85
5424,62,63,88,70,105,100,83,80
124900612,0,0,0,0,0,0,0,0
107984112,4,0,1,1,1,0,0,1
4239,1,0,0,0,1,0,0,0
4905,71,59,36,35,48,52,39,58
6301,636,672,456,456,586,545,403,586
124902314,1,0,0,0,0,0,0,0
2119,53,88,12,23,18,28,31,27
440514,18,19,15,17,17,27,18,33
27294,3,8,7,4,7,6,2,4
338440,0,0,0,0,0,0,0,0
9131,231,263,180,177,254,275,287,238
92305,35,41,41,50,51,52,45,37
124901433,0,0,0,0,0,0,1,0
1495,225,226,225,191,264,225,204,229
7789,2,5,2,5,5,2,3,3
80315,67,89,51,45,42,55,51,49
80321,46,47,25,39,52,43,43,55
4976,89,92,83,76,92,91,103,114
1676,341,404,309,263,293,306,306,326
105372160,0,1,0,1,0,0,0,0
26822,2,2,3,2,4,2,0,1
54952,38,45,35,29,31,44,36,50
90417,122,152,86,69,87,98,92,119
5894,90,79,47,57,52,72,71,67
124904690,41,48,25,20,34,34,43,42
11015,24,34,30,25,26,25,21,32
2000,16,9,16,14,12,22,19,20
5309,3,1,1,4,0,2,2,5
125950,27,22,16,10,16,21,20,15
23493,30,28,28,20,35,22,19,26
129807,1,0,2,0,0,0,0,1
5576,165,145,98,97,135,149,117,146
100192426,0,0,0,0,0,0,0,0
118827803,6,3,1,0,2,1,3,1
2066,9,3,6,9,12,13,9,3
79706,3,3,3,2,3,2,6,2
389342,1268,1530,1132,1079,1298,1287,1195,1270
317649,23,24,15,21,23,25,27,36
124904214,10,6,2,6,3,1,2,5
7750,78,88,77,70,73,86,77,68
100423046,10,16,16,13,19,7,12,13
54680,206,169,96,90,97,118,100,96
388125,0,0,0,0,0,0,0,0
124907760,75,84,58,36,52,67,57,63
23429,69,85,71,65,67,65,64,70
100271014,44,64,38,32,30,43,34,34
3398,135,162,1165,1030,1420,159,203,177
124904905,0,0,0,0,0,0,0,0
25819,2,9,8,10,8,10,8,4
124902926,0,0,0,0,0,0,1,0
100420540,2,0,0,0,0,1,0,1
339448,150,171,81,90,57,80,90,87
28990,21,25,7,10,9,7,11,11
55291,235,279,152,142,138,153,152,169
100288432,1,1,1,0,0,1,2,0
9859,185,192,181,175,242,194,207,195
105369586,0,1,0,0,0,0,0,0
11200,48,56,60,47,63,51,38,52
4036,25,26,23,30,25,19,35,30
124902497,2,3,0,0,0,0,1,0
6638,0,0,0,0,0,0,1,0
390637,36,56,7,4,4,11,7,13
100129259,10,16,6,4,5,15,5,8
10848,2,2,6,7,5,5,12,5
5283,109,136,53,56,53,65,60,66
124906712,0,0,0,0,0,0,1,0
105377572,1,3,0,0,0,0,0,0
65265,496,576,287,249,333,335,295,353
8735,0,0,0,0,0,0,0,0
55157,124,121,126,87,127,119,144,136
10057,28,36,17,21,28,20,28,25
124901857,1,0,0,0,0,0,0,0
54798,1,0,2,2,0,1,1,1
124907742,0,1,0,0,0,0,1,0
4649,69,49,77,83,78,69,108,88
9943,50,45,39,32,42,29,51,32
51684,18,18,11,16,6,12,31,18
55363,0,0,0,0,0,0,0,0
6667,99,92,111,110,125,88,114,119
5984,183,189,150,138,178,199,164,163
100616229,0,0,0,0,0,0,0,0
11188,48,32,34,32,45,41,36,41
9275,42,47,23,14,26,17,22,18
8697,108,128,90,91,117,97,101,108
440027,2663,2902,2511,2225,2984,2638,2349,2630
55127,240,288,136,119,136,171,168,162
83886,5,5,4,6,5,7,6,2
64328,39,31,36,23,35,31,23,27
100506668,33,44,6,7,7,8,13,9
6903,47,55,33,28,25,32,41,42
90550,24,31,24,36,49,37,39,49
91404,24,22,36,29,43,29,42,32
6590,1,1,1,0,3,1,1,1
105369557,9,5,8,7,7,8,6,8
23126,138,132,98,110,82,70,82,85
54892,77,92,60,75,105,92,109,112
9526,194,224,113,113,144,137,106,106
196403,23,31,21,28,21,26,25,34
388122,7,6,5,6,4,5,9,14
22856,53,54,35,32,38,45,48,41
654321,0,1,0,2,1,0,0,0
122394733,40,37,29,26,30,39,42,33
6926,103,94,44,48,49,42,45,61
7678,11,12,7,4,7,11,5,7
10343,0,0,0,0,0,0,1,0
206358,10,15,3,4,10,6,5,3
1656,311,359,216,245,186,198,223,241
105370698,0,0,0,0,0,0,1,0
51078,77,85,91,82,91,91,99,99
113235,40,35,16,9,14,8,15,11
57720,84,110,89,72,114,74,84,108
23317,27,5,9,15,16,12,17,18
80298,30,35,24,22,26,26,36,27
5082,63,92,47,40,54,46,42,56
283635,104,124,111,81,130,77,98,106
23157,98,148,131,120,167,117,119,118
199704,149,176,93,72,91,98,80,111
84617,159,172,75,66,98,101,89,127
167359,0,0,6,7,8,8,4,4
80232,108,106,96,95,122,113,145,130
79026,34,29,40,28,45,34,47,32
4580,161,198,110,107,125,118,100,127
389434,0,0,0,0,0,0,0,0
112267917,1,0,0,2,0,1,1,1
105372694,0,0,0,0,0,0,1,0
646784,26,28,20,15,13,25,18,22
84446,0,1,0,1,2,2,3,3
56911,0,1,0,0,0,0,0,0
55254,18,28,18,20,18,26,24,24
56964,1,0,2,0,0,0,0,0
27235,42,57,45,44,50,52,54,40
2571,17,21,34,26,41,29,32,34
51201,165,149,89,95,73,107,137,92
84312,89,88,40,32,55,50,72,61
100419709,1,1,4,3,2,2,0,2
4037,86,80,48,54,55,84,68,76
5453,2,0,0,0,1,2,1,0
60559,295,359,113,130,129,171,175,168
171421,1,1,0,0,0,1,0,1
79710,69,63,85,74,81,87,72,86
56902,226,230,76,77,121,88,89,87
399697,0,2,0,0,0,0,0,0
53349,11,11,4,10,8,11,11,13
8322,4,4,3,4,3,3,9,3
105371021,0,0,0,0,0,0,1,0
791232,0,0,0,0,0,0,0,0
1650,254,246,206,181,250,219,203,242
8974,33,37,49,50,63,56,48,48
124905437,0,0,0,0,0,3,0,1
124904707,1,0,0,0,0,0,0,0
27243,314,367,282,250,344,306,282,326
100271641,28,34,19,22,16,31,25,21
23534,233,221,146,139,205,183,204,174
84618,2,1,1,2,3,4,3,2
112936,28,46,25,33,31,31,41,31
692203,0,2,1,1,2,2,0,1
22863,23,37,22,29,30,26,24,28
54906,175,148,86,81,94,111,114,99
56940,27,19,32,24,20,21,42,28
440275,79,105,111,87,113,112,104,112
126820,6,9,6,5,5,7,7,10
5519,53,44,20,21,25,43,34,39
84911,52,41,43,36,37,38,42,53
81844,42,39,38,39,37,46,48,44
7408,15,10,6,8,14,13,15,14
60412,66,72,105,113,109,112,87,103
2650,25,35,33,22,39,33,27,40
8875,0,0,0,0,0,0,0,0
254427,33,28,20,19,22,29,24,28
64423,41,44,38,32,46,46,37,47
728248,0,0,0,0,0,0,0,0
8605,2,2,0,0,0,2,3,2
55713,24,23,12,11,16,11,18,22
8927,1,1,4,3,4,5,4,5
645644,12,4,7,3,3,4,7,5
57617,16,12,7,6,9,8,9,6
107984850,0,0,0,0,0,0,0,0
5711,0,0,0,0,0,0,0,0
105373077,1,1,2,0,2,2,2,1
56910,476,656,248,265,204,206,317,220
1022,60,73,54,53,79,60,48,64
124903696,0,0,0,0,0,0,0,0
29081,257,307,273,256,351,258,222,292
124901600,1,0,0,0,0,0,0,0
102723448,0,0,0,0,0,0,0,0
105377971,1,0,1,1,1,0,0,0
653247,0,1,0,0,0,0,0,0
24138,70,76,82,80,85,39,53,55
26039,12,25,25,25,37,29,30,25
100505648,4,4,4,5,3,2,7,8
105376672,0,0,0,0,0,0,0,0
1263,8,2,2,4,3,2,4,2
124907745,3,1,0,1,1,0,0,1
140850,0,0,0,0,0,0,0,0
124902680,0,0,1,1,0,0,0,0
56606,0,0,0,0,0,1,1,0
100189018,1,0,0,0,0,0,0,0
162515,0,1,0,0,0,0,0,1
10013,28,30,57,44,50,39,44,53
57799,34,29,24,15,32,16,19,16
84280,32,39,21,14,17,22,10,28
5531,133,152,114,108,132,120,125,138
105375240,0,0,0,0,0,1,1,0
100189038,0,1,0,1,0,0,1,0
23406,91,107,73,69,74,103,123,136
255626,0,0,0,0,0,0,0,0
23243,33,39,35,39,43,35,43,42
100113407,11,12,17,14,12,21,32,24
391059,20,14,13,14,14,11,10,15
573971,208,237,173,168,235,198,205,224
9978,1301,1561,1030,893,1149,1090,993,1166
124902119,101,95,31,43,40,66,55,59
8356,0,0,0,0,0,0,0,0
10890,129,133,70,86,86,79,105,107
89978,99,101,77,73,101,83,79,91
100505474,0,0,0,0,0,0,0,0
8744,15,10,17,13,5,9,6,5
124901290,1,2,0,1,3,2,1,3
171017,46,57,34,34,22,25,36,29
728989,0,0,0,0,0,0,0,0
126298,53,60,32,34,30,47,43,57
1616,118,158,113,102,168,122,123,143
126433,11,4,22,23,20,12,12,29
54850,43,39,31,21,28,27,38,26
163590,540,461,208,186,161,215,226,250
9513,68,66,51,63,57,57,86,73
22828,108,104,63,48,46,54,60,57
10181,84,89,42,28,40,53,55,56
101928707,1,8,2,3,3,3,1,2
503840,0,1,0,0,0,0,0,0
1903,1,5,4,2,2,2,4,1
55703,44,48,22,23,18,31,32,22
729288,103,121,52,51,56,53,50,60
23499,157,124,131,146,154,167,163,173
5678,0,0,0,0,0,0,0,0
105373581,0,1,0,0,1,0,0,0
3054,142,132,79,88,101,81,121,102
10522,45,73,59,42,69,67,63,67
399656,2,1,0,0,3,0,2,1
399909,21,19,15,14,8,26,14,23
8563,89,88,69,62,109,69,79,99
22930,95,79,89,81,117,67,76,91
9325,35,36,19,29,37,44,34,38
100188893,1193,1377,818,745,951,1038,1033,1099
101927978,2,4,3,0,2,2,2,1
11212,135,171,80,76,96,118,89,116
124901344,3,1,0,0,2,0,2,2
148932,2,3,1,0,3,1,2,5
84650,135,174,103,93,116,135,146,121
9126,987,967,854,780,1097,932,835,1007
3005,39,36,52,49,72,64,44,72
23325,86,77,47,56,60,77,46,65
106480438,0,0,0,0,0,0,0,0
7251,186,193,95,97,129,134,109,133
100270976,0,1,0,0,0,1,2,1
79004,434,493,308,355,422,402,360,400
9295,1051,1072,1174,980,1151,1016,968,1175
256714,121,124,72,103,113,187,198,162
58525,45,35,15,31,25,30,29,24
144108,74,65,40,33,49,47,51,46
185,0,0,0,0,0,0,1,0
126792,158,167,55,41,60,56,49,55
105369306,0,0,1,1,0,1,0,0
645688,257,295,240,262,311,218,250,292
9854,12,8,5,8,14,6,16,11
11076,1,5,8,15,11,11,9,14
57657,3,1,4,2,3,5,2,3
79745,2,6,7,5,5,11,17,11
7776,31,38,29,34,37,31,34,38
124907749,0,0,0,0,0,0,0,0
5862,152,164,98,78,134,158,125,164
55236,89,91,51,49,69,61,66,69
1793,26,31,34,30,50,39,39,50
83729,3,7,6,2,7,10,8,3
124900265,0,1,0,0,0,0,0,1
11196,88,115,43,52,60,77,89,83
100506603,12,10,10,7,14,9,3,7
26051,3,0,3,3,6,5,0,5
55421,96,75,54,54,69,78,78,82
4705,537,618,499,465,558,459,421,473
1182,58,66,52,33,41,56,66,71
100420737,0,0,0,0,0,1,0,0
4336,0,0,0,1,0,0,0,0
1777,53,46,63,47,81,78,67,87
100271455,72,75,80,71,88,68,70,70
124904618,0,0,1,3,0,1,1,1
200539,4,5,12,8,8,4,3,9
2636,1,2,3,0,4,0,2,2
57593,7,2,8,5,9,7,9,6
55599,38,44,39,45,42,45,42,50
1290,5,2,3,0,3,1,4,3
1677,32,28,23,13,28,34,23,27
51696,16,25,37,35,34,28,31,35
51187,379,452,393,331,409,403,323,438
11230,368,413,408,359,481,395,364,414
59286,1084,1160,813,862,991,1160,1046,1203
5095,34,43,57,46,49,54,33,46
728622,46,68,24,31,25,36,45,27
100129940,0,1,1,0,0,0,1,1
139716,0,0,1,0,0,1,0,0
84450,38,46,34,46,82,41,59,49
100131370,5,3,1,1,1,1,6,0
105376535,0,0,0,0,0,0,0,0
60495,0,0,0,0,0,0,1,0
9706,11,8,12,2,7,14,10,10
9638,10,16,25,25,28,23,18,28
100169753,1,0,0,0,0,0,0,0
83849,2,4,3,2,2,2,0,2
50,97,123,115,88,140,99,93,127
401135,0,0,0,0,0,0,0,0
283219,0,0,0,0,0,1,2,0
8074,0,0,2,0,0,0,0,0
144097,22,23,22,23,20,19,16,21
116985,11,7,8,12,16,8,11,15
29760,19,7,1,2,9,15,5,10
572,120,177,99,76,134,130,105,145
257218,96,100,78,81,78,68,67,76
60506,0,0,0,0,1,0,0,0
107984734,0,0,0,0,0,1,0,0
152100,253,244,221,228,256,262,203,251
58508,233,252,229,199,198,180,213,225
221143,99,122,71,57,69,80,63,65
1948,161,166,140,148,176,157,186,140
54867,92,82,50,31,51,39,62,65
54933,0,1,0,0,0,0,0,0
3195,21,19,21,18,18,17,22,21
100130933,0,0,0,0,0,0,0,0
91748,29,33,28,22,30,26,32,34
100505788,1,1,4,0,2,1,0,0
10238,292,304,240,217,292,248,258,303
101928532,0,0,0,0,0,0,0,0
286077,14,7,6,5,4,6,17,7
5570,52,64,65,78,92,53,64,96
100189347,3,2,1,0,2,0,1,0
4214,61,65,60,64,37,65,67,63
7769,205,248,197,206,186,210,182,246
55253,36,41,33,30,27,22,31,20
100616396,0,0,0,0,0,0,0,0
124909377,0,0,0,1,0,0,1,0
168850,76,76,52,43,54,45,59,64
728448,21,16,7,12,7,9,17,13
100132995,75,74,56,60,37,67,56,51
100128827,0,0,0,0,0,0,0,0
124904897,0,0,0,0,0,0,0,0
124902405,0,0,0,0,0,0,0,0
54969,177,218,189,176,252,207,197,216
83444,1,2,5,5,5,3,1,5
6768,0,0,0,0,0,0,0,0
118568806,0,1,1,3,0,1,1,0
324,121,140,92,86,100,94,100,114
1159,84,85,87,81,120,77,106,96
90580,65,56,34,30,41,39,57,45
105379695,3,7,5,7,8,3,8,8
51024,197,233,150,150,166,155,155,172
124902535,0,0,0,0,0,0,0,0
9732,24,38,22,12,15,13,22,27
222236,37,42,19,30,19,16,25,21
124901360,1,0,2,0,0,0,2,0
162427,72,81,60,46,53,43,58,62
6990,96,96,112,82,125,63,80,78
124906109,0,0,1,0,3,1,1,0
80209,52,47,41,32,36,41,61,51
9338,44,68,65,56,46,60,66,70
54957,62,70,33,21,26,34,36,44
101927006,21,23,13,18,18,15,14,22
120892,6,14,7,13,17,12,13,12
648771,888,1012,848,863,1042,861,888,919
127833,0,2,3,1,1,2,2,2
58500,7,4,13,14,23,6,16,11
64748,13,11,12,15,25,14,7,18
124401,30,36,30,9,20,10,18,22
55323,54,60,63,52,52,60,58,67
100506658,4,17,7,3,5,7,10,7
101926941,1,3,0,1,0,0,1,0
7768,13,17,12,11,12,12,10,9
644850,78,74,41,43,49,31,30,50
345611,1,0,0,0,0,1,0,0
101928344,0,1,2,0,1,1,1,1
7593,10,5,5,6,8,8,5,7
374986,91,85,73,57,81,120,72,86
51329,537,632,482,446,613,517,557,559
10923,1856,2073,1125,1018,1370,1613,1448,1602
51202,233,237,148,130,177,126,131,169
85458,24,17,28,21,23,29,21,27
100128601,3,7,3,1,2,2,3,4
124905395,0,0,0,0,0,0,0,0
25989,39,38,45,19,38,31,39,46
105377496,1,0,0,0,0,0,0,0
101928470,0,0,0,1,0,0,0,0
124901861,0,0,0,0,1,1,0,0
1081,46,63,66,51,53,28,22,25
105379154,1,0,1,2,1,0,0,0
51421,9,2,17,10,8,9,6,9
84681,149,162,115,99,119,147,119,132
2036,7,16,19,22,30,23,32,30
10230,1,4,3,2,2,5,5,4
7984,15,15,8,9,9,9,6,9
284131,39,38,26,34,42,31,25,28
902,129,109,96,111,126,77,85,102
254359,37,39,25,29,27,19,28,20
80233,66,71,26,30,35,47,41,44
5694,1086,1228,828,805,1018,1091,987,1125
1728,8,5,10,6,9,10,12,10
100288203,11,5,7,4,6,4,6,11
85004,5,8,13,4,9,8,11,12
8269,11,17,16,18,32,23,33,39
151276,109,131,76,74,91,74,88,68
124906002,0,0,0,0,0,0,0,0
3977,76,70,47,63,57,66,66,66
125988,643,713,407,429,509,557,489,549
8489,136,140,135,132,127,144,139,164
342357,18,27,25,19,14,12,25,13
112268396,2,0,1,1,3,0,1,0
66008,33,43,22,19,21,35,33,29
7064,88,79,45,53,77,57,71,70
284802,38,54,28,26,22,42,38,32
123706548,6,7,1,1,1,1,2,2
285282,29,40,27,12,17,18,30,28
221584,3,1,1,0,0,0,0,0
124909349,0,0,0,0,1,0,0,0
80759,29,29,20,18,28,29,18,43
58528,36,35,75,72,86,90,69,96
119863865,4,5,1,4,3,4,6,3
284349,60,65,35,25,27,34,21,37
2145,25,18,23,25,40,34,39,34
124903532,0,1,0,0,0,0,0,0
23545,38,52,22,25,25,43,41,38
7111,7,11,12,14,25,6,11,14
112268225,3,7,4,0,3,5,2,7
124906050,19,20,10,14,13,18,19,13
114088,31,32,25,24,33,32,38,42
7301,37,30,29,34,53,45,44,40
107984142,4,1,1,0,1,2,0,0
1416,31,37,25,28,23,30,20,27
3397,19,24,9,17,20,20,25,19
3708,31,20,36,22,29,28,39,20
101928140,0,0,0,0,0,0,0,0
4794,12,8,13,11,12,22,14,12
65220,59,77,85,59,96,120,114,97
23108,31,25,19,15,20,15,18,23
644936,9,10,7,12,2,9,9,7
80003,43,33,28,23,44,32,40,30
100130485,17,16,8,9,8,2,6,11
399994,38,38,41,19,36,36,29,37
9113,62,58,44,35,56,35,38,46
3092,17,15,35,43,34,36,35,49
4084,30,37,25,26,21,27,27,25
390997,0,0,0,0,0,0,0,0
100420711,0,1,0,0,0,0,3,0
10369,0,0,0,0,0,0,0,0
10019,10,7,17,13,16,12,17,14
102388891,31,38,24,8,27,16,25,23
51388,199,203,60,61,79,100,116,122
10869,24,28,17,15,17,23,20,27
103091864,0,0,0,0,0,0,0,0
106481190,1,1,1,2,3,14,9,8
124904777,4,5,5,6,4,8,3,3
54629,42,47,43,27,45,27,45,52
102724943,1,0,0,0,0,0,0,0
51251,116,113,97,95,97,107,104,87
81873,111,100,59,64,95,84,95,78
25792,45,30,34,35,30,33,43,41
138639,6,6,11,15,10,14,12,5
100294145,62,73,53,51,79,75,66,85
5231,40,62,65,69,66,63,59,52
7178,3800,4224,2907,2712,2996,4102,3746,3961
24149,32,34,30,18,24,29,35,36
9779,54,55,70,65,93,67,54,76
175,32,39,18,25,24,24,34,23
5270,66,72,32,50,67,39,41,38
100131629,1,0,0,0,0,0,1,0
5526,3,4,2,1,1,4,2,1
4245,45,88,41,43,52,43,58,46
27065,19,14,16,22,26,26,19,32
65977,59,50,48,46,64,38,38,46
84188,92,82,38,38,45,60,57,58
112488744,7,9,6,5,16,10,11,14
7728,9,18,13,11,12,13,6,14
83594,34,35,25,23,30,32,34,29
4306,10,13,13,8,17,7,15,14
126731,71,60,81,56,65,78,74,70
400046,0,0,0,0,0,0,0,0
124906099,5,1,1,1,1,3,1,0
130678,28,22,22,19,17,23,22,20
100128413,3,0,0,4,5,1,2,3
3959,596,639,675,690,810,508,552,595
642846,19,18,10,10,5,22,11,23
54662,48,43,23,19,23,28,24,26
84064,64,81,66,60,69,64,70,73
100820829,2,0,0,2,1,1,3,2
839,48,61,25,30,49,39,33,46
100288198,10,18,15,23,23,14,18,28
7571,20,32,18,7,24,17,25,21
124904322,0,1,0,0,0,0,1,0
284273,47,48,38,37,60,50,63,47
8945,45,40,15,23,25,32,40,27
7994,70,64,59,49,52,66,79,74
1497,16,16,4,5,6,14,2,8
106480483,0,0,0,0,0,0,0,0
100130748,0,3,1,0,0,0,0,1
103695434,0,0,0,0,0,0,2,0
5585,20,16,29,37,26,23,41,40
79759,23,29,27,16,31,16,16,22
9101,230,241,208,185,252,241,238,263
1457,458,492,315,326,417,382,354,402
319087,22,24,13,12,16,14,15,12
133957,64,63,61,68,67,48,56,48
3798,25,27,17,22,17,13,26,22
2039,10,5,8,4,13,8,12,8
359740,12,7,8,5,13,4,10,8
100130872,0,0,0,0,1,0,0,0
5426,65,69,61,56,45,64,67,65
124906270,1,1,4,4,3,1,0,1
144717,11,9,6,8,5,11,6,6
10293,49,41,22,22,21,43,35,39
124904263,0,0,0,0,0,0,0,0
51765,152,141,150,130,161,155,161,181
101929125,0,0,2,0,0,0,0,1
79591,26,28,22,24,24,20,27,18
84988,16,18,17,24,21,22,22,22
4148,0,0,0,0,0,0,0,0
8153,55,35,67,60,83,44,60,54
9931,126,115,113,104,119,103,104,128
105375451,0,0,0,0,0,0,0,0
390790,1,1,0,1,0,0,0,0
9637,35,29,36,38,58,46,44,43
100874071,1,0,0,0,0,0,0,0
23265,109,118,75,67,73,91,85,100
63973,1,1,1,2,0,1,1,1
150709,3,4,2,3,2,3,4,3
6079,0,1,0,1,0,0,0,0
64856,4,9,12,6,4,7,6,6
102724151,0,1,0,0,0,0,0,0
441442,1,0,0,0,0,0,1,0
91875,101,83,65,59,58,63,58,70
101927583,0,0,0,0,0,0,0,0
124903530,1,2,1,0,0,0,0,1
79634,53,65,33,35,52,36,44,50
6945,182,187,103,139,160,143,157,161
2959,114,132,73,67,81,97,74,94
644285,3,1,0,1,2,0,2,3
388885,60,92,47,53,48,74,67,51
79598,62,61,49,48,49,40,44,67
157922,35,40,23,20,36,32,48,41
51382,107,125,99,70,92,120,109,106
151648,204,243,127,121,134,139,154,151
134147,104,130,189,180,229,188,189,201
401191,0,0,0,0,0,0,0,0
100289351,2,1,0,2,0,1,1,3
79572,106,65,61,48,74,81,76,63
107985674,0,0,0,0,0,0,0,1
124902477,0,0,1,0,0,0,0,0
55174,146,182,99,90,114,127,128,121
157317,71,66,30,26,37,52,31,30
26229,84,115,40,51,51,73,68,75
440034,1,0,3,2,0,0,3,1
253782,64,64,41,32,63,54,51,42
6871,75,75,45,38,45,55,49,46
54965,63,61,63,54,64,66,50,54
79968,136,115,104,101,94,116,113,117
780852,33,41,60,34,57,69,55,91
54778,27,31,29,29,25,25,21,28
119545629,1,1,0,0,1,0,1,0
146956,40,64,37,44,50,54,46,47
64221,8,4,8,10,10,12,4,7
63929,79,95,82,64,56,62,60,64
105377918,1,0,0,0,0,0,0,0
26851,51,66,84,50,72,85,72,98
23382,12,15,16,27,14,21,25,16
389247,0,0,3,2,2,2,0,2
23130,10,11,14,9,9,16,18,9
6910,0,0,0,0,0,0,0,0
6238,180,195,130,120,181,125,153,199
654841,0,0,0,0,1,1,0,1
9510,353,331,1136,891,1261,729,691,712
84545,125,152,100,116,126,142,177,147
100506674,14,11,12,7,17,15,15,20
160492,2,1,0,0,0,1,0,0
100420175,0,0,0,0,0,0,0,0
10927,66,64,46,51,38,45,43,69
85390,0,1,2,0,1,3,3,0
101927224,1,0,0,0,0,0,0,0
84975,26,28,12,10,16,14,16,14
57104,19,10,24,28,22,22,24,28
220064,12,8,10,13,7,17,5,7
23587,304,329,208,200,268,278,254,266
83855,26,15,16,21,25,15,14,20
100506649,31,30,37,41,56,55,38,54
729262,2,1,2,1,0,0,0,2
124907779,0,0,0,0,0,0,0,0
81545,28,47,28,35,35,39,37,56
23399,91,73,73,69,96,69,91,92
124902415,6,6,7,4,5,5,3,5
105379090,0,0,0,0,0,0,0,0
650901,34,44,27,39,46,43,35,48
284161,19,37,10,19,34,32,33,19
23178,16,12,18,24,25,12,18,23
677803,0,0,0,0,0,0,1,0
90416,23,29,18,31,23,22,14,21
5140,21,20,6,5,3,4,11,8
6300,34,43,53,36,52,53,52,43
54059,72,90,55,73,69,78,54,62
87178,104,95,131,116,140,73,67,72
51363,16,8,10,22,19,18,14,21
6000,3,3,10,6,5,4,8,6
23253,46,63,64,72,68,72,80,80
6769,11,6,9,8,20,5,5,4
5718,690,697,307,302,382,352,380,405
2709,0,0,0,1,0,0,0,0
541565,6,5,6,2,10,7,10,8
54822,71,71,46,34,31,43,57,51
57191,1,0,4,0,0,0,3,0
7407,125,119,135,127,170,138,188,136
27335,1914,2360,1648,1670,2150,1976,1930,2075
7589,37,48,19,25,17,32,18,26
55016,0,2,1,1,0,0,0,1
646688,81,69,48,53,49,64,49,58
124902475,3,3,0,0,2,1,1,0
125488,24,25,29,20,16,25,22,32
65124,22,20,41,23,31,13,22,18
50856,0,1,4,0,1,1,0,1
2584,212,219,145,144,182,138,174,185
105375304,6,4,5,6,6,10,7,8
105372279,1,0,2,0,1,0,0,1
1468,93,97,76,66,103,90,103,107
9827,24,27,32,22,35,37,30,20
126568845,8,13,13,13,16,13,9,7
132720,34,35,21,21,31,26,34,30
6449,290,344,186,196,220,200,155,216
57495,0,0,0,0,0,0,0,1
151050,9,7,6,6,3,1,2,1
6188,6276,7104,5363,5311,6569,5784,5647,5958
5934,47,36,47,48,43,55,58,51
101928370,0,1,0,1,1,1,0,1
344191,0,0,0,0,0,0,0,0
100132199,0,1,0,1,0,0,0,0
1993,47,42,45,47,54,48,43,26
124512,99,87,69,59,88,84,89,104
26809,995,1143,1696,1950,2080,1803,1314,1587
391276,1,1,1,1,1,0,0,0
414149,79,73,28,27,32,40,41,49
105374245,0,1,0,0,0,1,0,0
92345,47,27,30,28,23,20,27,26
4149,143,175,47,51,57,56,66,61
51060,248,298,168,144,193,198,163,212
4086,40,40,26,24,25,39,30,43
100147813,0,1,0,0,0,0,0,0
721,2,1,1,0,0,0,0,0
401563,0,0,0,2,0,0,0,0
4781,298,319,160,180,142,159,181,156
107984221,0,0,0,0,0,0,0,0
8131,51,52,58,40,61,46,43,46
5306,98,94,54,53,63,57,83,84
100189234,3,2,0,1,1,0,0,0
359737,0,0,1,0,2,0,1,1
83746,101,120,39,48,40,61,53,61
641649,2,3,2,1,4,0,5,6
79780,82,87,36,46,51,43,39,63
100271006,82,82,53,56,51,76,73,72
360030,0,0,0,0,0,0,0,0
124904230,0,1,0,0,0,1,0,0
4828,22,29,17,22,21,24,19,24
80319,22,17,28,31,25,24,28,10
84243,37,31,13,10,17,25,30,22
100132154,0,0,0,0,0,0,0,0
1271,1,3,3,2,1,1,2,2
342909,43,42,35,37,29,31,28,25
90701,298,384,248,194,254,312,287,280
8851,18,24,36,28,34,35,28,28
124906300,0,0,0,0,0,0,1,0
101927620,0,0,0,0,0,0,0,0
85409,11,9,21,12,22,12,16,15
81559,61,53,39,39,36,28,64,51
8575,97,124,126,113,128,116,102,120
92014,8,15,10,4,11,4,14,14
79042,98,113,88,81,113,118,126,123
94,1,1,3,3,6,4,3,5
3507,0,0,0,0,0,1,0,0
56172,201,203,131,144,132,112,141,165
9530,197,223,139,104,120,150,118,180
54517,126,133,68,82,88,90,104,96
158345,809,940,745,725,821,718,634,817
123706533,2,1,1,3,3,1,2,3
55665,43,41,19,19,25,21,31,29
93134,26,36,12,18,19,11,14,13
728179,4,0,1,3,0,3,2,3
124904621,4,5,1,1,0,1,0,4
7067,27,23,25,20,17,24,24,32
4576,48,59,123,146,171,91,52,94
3460,51,58,45,38,35,19,61,35
101928450,0,0,0,0,0,0,1,0
56158,0,1,0,0,0,0,0,0
256586,14,16,9,9,9,9,8,5
1349,2156,2426,1827,1643,1935,2394,1896,2386
116236,9,7,15,11,18,11,10,6
152789,4,2,8,5,5,3,3,12
23118,53,51,55,48,63,61,73,60
100170227,83,87,21,13,20,25,29,35
102725258,0,0,0,1,0,0,0,0
1456,112,106,72,78,74,86,77,60
63877,671,671,460,428,485,458,458,575
92399,62,88,54,43,51,54,43,63
130132,1,0,0,0,0,2,1,0
5997,47,57,49,39,62,35,49,42
51008,46,70,59,46,59,54,70,70
51762,30,29,20,28,25,25,22,32
2104,0,0,0,0,0,0,0,0
102723582,0,0,0,0,1,0,1,0
120534,161,166,93,80,115,111,107,119
100270891,7,9,2,3,2,8,6,5
2760,41,34,40,43,48,26,28,54
387751,1,0,0,1,0,0,2,0
124903162,0,0,0,0,1,0,0,0
29102,181,188,135,136,134,178,165,198
100996517,92,83,33,44,30,42,49,45
100526767,0,0,0,0,0,0,0,0
140612,5,3,8,5,4,5,9,5
55026,8,12,14,13,26,16,10,12
392271,1,7,4,4,2,2,7,7
10783,26,44,31,31,49,40,38,42
11045,0,0,1,2,0,0,0,1
1992,53,51,50,39,59,68,73,65
286495,42,47,69,52,81,76,61,74
79929,6,8,4,5,5,4,11,10
53938,60,73,64,59,66,77,69,55
9636,19,39,489,552,605,38,32,56
6623,0,1,1,0,0,1,0,1
9379,1,2,4,2,4,2,2,1
1031,114,134,127,93,94,98,88,115
5880,6,6,9,6,6,3,11,14
79048,96,112,71,69,80,73,87,94
284485,1,0,0,0,0,0,1,0
6499,39,41,71,37,53,48,55,45
8366,2,0,0,0,0,0,0,1
9586,54,50,61,60,66,52,59,70
7225,0,0,0,0,0,0,0,0
6388,103,86,46,43,58,66,63,65
105375237,0,0,1,0,0,0,0,0
100127958,5,4,4,2,4,8,1,5
11021,109,120,71,61,71,70,66,89
55954,93,124,108,109,126,96,86,107
80210,23,24,24,24,20,24,22,20
100128190,0,0,0,0,0,0,0,2
64641,29,18,17,17,37,16,28,19
414919,23,20,26,31,43,33,29,36
100128626,0,1,0,1,0,1,0,0
57526,12,10,61,50,53,6,6,11
2970,246,219,167,133,179,193,201,198
317749,77,86,73,66,77,71,67,70
8748,5,3,0,2,3,0,0,1
55789,66,96,41,41,60,52,55,77
121847984,4,7,2,1,2,1,0,4
100131033,34,32,35,34,40,39,25,24
101154753,1,0,0,0,0,0,0,0
10612,1,2,1,0,2,0,3,1
51263,164,179,156,157,198,131,129,172
285423,0,0,1,0,0,0,0,0
100996307,0,0,8,3,14,6,3,9
29780,30,23,25,20,24,18,22,30
5959,0,0,0,0,0,0,1,0
107985945,1,0,0,0,0,0,0,0
55007,49,44,22,21,34,34,28,44
107984974,35,31,15,24,18,22,17,28
100507127,0,1,0,0,0,0,0,0
1196,30,34,38,33,32,37,47,40
586,375,370,200,181,214,235,237,291
92715,128,103,87,50,74,84,79,96
729727,218,250,202,197,243,238,205,208
124901475,2,0,2,0,0,0,0,1
3312,2113,2241,425,434,543,542,595,622
3189,806,819,585,500,828,725,671,783
23673,112,98,47,39,78,61,67,72
4173,642,597,454,375,450,514,512,537
254263,1,0,1,1,0,1,0,0
492303,4,9,5,6,5,9,4,4
100462826,379,419,293,288,326,332,341,376
391777,173,217,153,144,128,177,182,147
79568,54,58,33,29,38,34,28,39
389884,54,73,59,42,45,58,55,53
23421,289,343,216,175,205,273,219,248
80230,67,65,34,38,56,52,54,56
84892,24,28,18,14,26,25,24,22
57210,10,3,4,4,6,3,3,4
57171,110,109,38,50,53,55,49,72
10897,339,415,232,274,316,288,288,344
100874323,55,61,21,29,18,32,27,30
7746,21,21,7,9,15,14,12,13
55161,350,294,188,153,211,178,187,195
124909488,0,0,0,0,0,0,0,0
9218,475,459,212,264,207,231,240,225
115482706,131,160,115,110,108,151,128,128
442421,0,0,0,0,1,1,0,0
118924,241,291,199,216,242,239,264,267
729561,77,87,81,73,103,86,106,77
10620,36,36,36,50,52,43,32,53
10270,101,98,59,48,69,65,64,91
5073,101,109,61,72,79,71,73,70
124906128,2,1,3,1,0,0,0,0
64110,40,59,49,48,51,44,68,64
105379358,4,1,0,0,2,0,4,2
378108,1,1,1,0,0,1,3,1
11169,74,59,78,81,87,95,106,99
105379047,0,1,0,0,1,0,0,0
100507062,0,0,0,2,0,0,0,1
57106,33,27,27,34,34,34,42,37
4998,29,25,36,31,39,28,29,31
147872,0,0,0,0,0,0,0,0
10553,65,57,59,47,56,78,88,96
1870,33,42,32,35,32,44,44,48
100506421,19,14,43,49,70,33,24,40
84968,6,8,2,3,4,4,8,5
23067,36,42,12,20,9,19,27,25
57096,0,0,0,0,0,0,0,0
497049,0,0,0,0,0,0,0,0
11059,37,29,14,23,21,42,33,20
1785,84,69,57,46,43,48,64,54
64682,50,44,60,43,51,38,47,42
54938,110,130,104,120,119,114,83,88
619279,30,27,27,23,24,32,18,37
26049,25,29,19,25,28,27,37,30
55702,110,106,55,63,61,71,54,69
107986250,0,1,0,0,0,0,1,2
51439,50,50,32,41,53,46,55,43
341880,0,1,1,1,0,2,0,1
727795,1025,1114,580,604,576,778,747,770
160851,52,60,51,49,40,51,74,72
3910,137,165,97,117,155,140,116,146
100271139,6,10,4,8,2,3,9,5
57805,97,93,37,44,56,64,76,78
84146,249,254,136,136,155,143,132,164
101928608,1,1,0,0,0,0,0,0
124906081,0,0,1,0,0,0,2,0
124904127,9,6,5,2,2,2,3,0
391077,3,1,1,2,0,6,1,0
388272,119,159,144,136,159,143,135,163
55726,154,151,180,173,225,200,183,246
4993,0,0,0,0,0,0,0,0
7106,11,16,16,11,15,11,13,15
79831,12,10,6,5,7,4,9,5
84078,48,52,46,38,58,45,53,52
4140,82,76,55,64,50,79,69,64
9937,28,36,19,19,21,33,37,25
130074,95,90,68,52,79,60,60,69
401588,10,10,11,23,20,25,19,13
55347,84,87,54,62,71,70,68,75
7074,62,64,75,55,64,55,43,63
142827,0,1,0,0,0,0,0,0
11022,16,8,23,8,24,15,13,13
9522,133,108,105,150,147,151,132,159
5686,570,602,371,330,438,422,406,470
100302138,0,1,0,0,0,1,0,0
441212,29,33,28,24,30,31,28,34
10802,51,59,35,35,17,31,49,29
65250,130,126,100,82,102,139,146,144
100271070,13,11,7,8,8,8,10,6
8874,46,33,43,39,47,35,40,48
4750,56,73,75,50,71,74,70,66
326616,0,0,0,1,0,1,0,0
51606,69,75,45,54,60,71,58,74
105375350,0,0,1,0,0,0,0,0
51004,48,60,47,29,48,53,52,55
29925,21,17,15,9,16,6,12,15
102723471,9,6,11,14,13,16,12,13
497259,1,2,0,0,0,0,1,0
374354,44,53,40,46,35,34,49,45
100271322,27,31,11,19,20,19,24,23
80184,212,220,240,206,277,281,257,290
23592,43,44,25,19,27,37,32,27
81502,300,320,139,143,158,166,162,181
55013,71,72,50,53,87,75,73,67
647307,44,48,36,28,41,40,38,40
23268,22,11,24,10,20,17,21,24
93035,0,2,0,0,0,0,0,0
100271252,75,76,70,93,87,72,77,86
202299,0,0,0,0,0,1,0,0
27089,3032,3212,2518,2285,2872,3302,2641,3194
7019,681,709,317,265,354,369,361,388
105375957,5,7,4,7,4,7,11,6
83884,0,0,0,0,0,0,0,0
388796,115,129,107,91,151,102,92,125
137133,2,3,3,2,0,2,2,2
51231,79,99,82,70,75,104,90,98
139818,13,20,35,26,39,34,48,45
728957,0,0,0,0,0,0,0,0
107985049,11,8,4,7,7,9,8,9
51460,29,22,17,14,19,25,23,32
80746,52,48,32,39,35,33,24,37
51292,66,94,82,91,106,103,98,117
51128,219,231,98,72,89,97,120,128
267009,185,186,152,154,172,207,159,166
105374352,1,0,1,0,1,0,1,1
124906176,0,2,1,0,0,0,1,0
11051,229,246,184,178,230,223,237,256
105374589,0,0,0,0,0,0,2,0
115426,18,14,22,16,24,29,29,22
9169,448,404,349,348,425,386,319,431
283131,109,149,123,132,117,98,130,128
119391,33,42,19,12,17,39,31,40
414153,514,516,326,304,436,362,336,426
4860,180,179,125,111,185,177,169,183
121457,90,81,60,30,57,59,66,75
123264,0,1,0,0,0,0,0,0
84976,69,81,30,28,54,54,67,66
57706,22,14,26,18,18,16,19,22
9824,62,62,33,45,32,44,81,44
10233,14,12,15,19,17,11,8,16
54862,23,22,17,9,25,23,22,21
100288691,2,4,2,0,2,7,2,5
23,791,824,487,425,579,578,531,603
26503,26,20,31,27,32,31,36,43
100270673,42,22,10,20,22,24,23,29
10807,59,59,41,39,44,48,66,61
100506544,2,0,0,1,1,1,0,1
79072,47,67,47,44,54,55,50,61
84861,67,66,58,50,71,55,72,71
11068,80,87,18,20,37,31,46,41
2742,0,0,0,0,0,0,0,0
51123,198,193,152,128,153,183,161,163
2282,11,17,15,6,4,5,9,9
104798195,0,0,0,0,0,0,0,0
29915,46,32,38,42,37,34,50,50
647051,2,1,0,1,2,2,0,0
1825,77,82,57,50,31,38,50,63
100189541,0,1,1,0,1,0,0,1
124904489,136,122,100,93,147,128,116,123
283596,47,75,41,48,55,78,74,95
124901954,0,0,0,0,0,0,0,0
79840,27,40,34,26,26,25,23,28
105379772,0,0,0,0,0,0,0,0
2309,81,66,98,99,126,84,89,92
133039971,1,0,0,0,0,0,0,0
7187,49,51,38,33,34,40,50,42
729013,17,8,10,9,11,18,16,13
523,125,102,80,71,84,113,108,110
55101,130,174,108,116,134,113,114,130
100271071,28,22,17,9,11,18,6,19
23551,1,1,0,2,0,3,3,2
124904345,1,0,1,0,0,1,0,0
4318,3,7,2,1,0,2,2,2
107987393,0,0,0,0,0,0,0,0
54994,156,173,89,103,107,86,85,98
105372721,0,0,0,0,0,0,0,0
283726,4,8,5,3,3,8,8,6
26528,138,127,109,114,113,120,151,138
91646,3,0,1,2,1,4,3,2
100131785,17,40,26,34,20,24,16,28
58490,46,66,36,58,57,40,42,29
23300,51,77,27,23,16,30,46,30
4436,178,199,196,186,177,137,132,161
3995,8,10,4,7,4,5,5,7
5423,95,111,68,67,69,112,113,117
79713,69,73,73,63,63,81,65,98
105372716,0,0,0,1,0,0,0,0
79172,43,39,20,19,25,20,32,25
100189091,0,0,1,0,1,0,0,0
401427,0,0,0,0,0,0,0,0
5367,2,0,0,0,1,0,0,1
10096,137,159,119,105,135,116,129,101
2010,249,229,177,170,220,187,170,200
1846,14,22,22,22,30,23,16,22
646875,4,11,5,5,6,7,11,1
6166,1170,1548,879,861,1088,1182,996,1063
259295,10,13,11,12,20,20,11,15
150763,0,0,0,0,0,0,0,0
3691,0,0,2,0,0,0,0,0
22906,37,31,55,34,48,25,41,46
105377576,0,2,0,0,0,1,0,0
101929932,90,78,63,92,98,72,84,78
84886,56,65,50,60,68,51,68,46
83538,5,7,7,2,9,6,5,5
100170223,587,650,164,152,148,404,329,326
3295,130,144,110,118,161,139,147,156
8433,0,2,0,1,0,0,0,1
3301,1388,1552,379,320,514,497,454,508
100506215,0,1,2,2,2,2,2,3
10962,125,152,167,159,222,292,272,311
984,291,333,276,241,335,282,280,365
55209,225,200,220,178,187,217,217,206
728066,192,201,136,127,144,134,138,165
10172,14,17,8,6,14,8,13,9
124904135,6,2,2,7,5,11,7,6
728143,3,2,0,0,0,1,1,1
130355,60,82,43,41,47,37,50,50
55249,47,55,39,42,55,41,58,53
105369719,0,0,0,0,0,0,0,1
64837,11,13,14,7,12,17,6,18
23588,32,27,24,21,23,34,25,36
23197,228,218,114,107,156,150,165,166
55020,31,33,17,18,24,24,31,27
100270873,277,399,304,258,326,327,310,369
100422533,6,7,0,5,0,5,2,5
101929878,1,0,0,1,1,0,0,1
3455,70,64,52,73,76,59,58,74
29761,9,6,10,11,17,10,9,5
83931,39,50,44,27,42,45,43,37
81610,46,46,27,24,34,30,33,37
80267,99,115,49,56,43,52,73,74
10847,29,38,25,9,35,19,25,20
103695435,4,4,1,2,0,4,2,2
105374141,0,0,0,0,0,0,0,0
389101,45,60,25,35,29,47,41,30
5364,9,3,7,5,5,10,6,10
7458,127,159,123,96,150,136,129,126
653314,1419,1667,1299,1164,1427,1336,1191,1371
55823,15,8,3,13,14,20,8,14
63891,18,20,23,19,32,26,29,22
9531,33,25,32,29,30,29,27,35
10007,122,128,80,71,95,84,96,93
8454,132,128,84,78,103,108,98,103
100313837,0,0,0,1,0,0,0,0
8449,159,144,91,76,139,123,107,111
101929511,0,1,0,1,0,1,0,1
57555,10,6,21,9,12,16,10,12
57678,41,61,18,15,24,19,16,25
124900609,0,0,0,0,0,0,0,0
8445,85,75,73,57,68,61,57,77
100189334,3,1,4,2,0,2,1,0
410,12,11,20,15,18,18,14,18
148545,0,0,0,0,0,0,0,0
1478,62,66,24,26,26,31,33,40
22827,365,458,219,252,299,258,254,317
122809,55,55,45,35,38,44,57,44
54951,95,121,59,53,90,85,80,110
401093,7,5,3,3,2,10,3,2
105378355,0,0,0,0,0,0,0,0
4058,0,2,2,0,2,2,1,3
100270839,234,290,218,203,232,282,245,260
3226,43,56,28,31,34,20,41,37
11107,4,2,0,4,1,6,9,10
5774,28,24,34,26,26,21,29,32
9404,8,7,6,2,2,4,5,7
54821,32,26,17,15,16,10,16,10
23230,57,58,68,56,74,54,68,78
100874485,20,17,8,9,9,10,2,15
2496,20,19,10,10,17,16,16,17
7773,33,38,21,24,37,18,32,33
493812,23,21,21,11,11,18,17,12
10379,5,5,53,48,60,3,8,8
100505771,7,6,14,17,17,21,18,19
442233,13,10,6,12,13,14,11,8
112267942,0,0,0,0,1,0,0,0
4507,96,99,69,62,81,73,82,93
79797,19,19,8,13,8,14,8,11
55732,50,50,25,25,29,36,22,31
197021,3,2,2,0,0,2,2,2
285643,46,41,18,27,26,27,19,32
147991,53,47,38,21,41,45,53,50
107984200,0,0,0,0,0,0,0,0
121847985,0,0,0,0,0,0,1,0
91607,137,139,152,137,150,128,179,153
9988,36,37,29,20,30,34,26,33
101928046,0,0,0,0,0,0,0,1
728921,6,3,1,0,2,1,3,5
92999,18,12,4,13,9,9,11,8
64359,34,30,32,15,32,36,28,28
80301,2,3,4,3,0,1,2,1
9780,34,35,50,44,44,68,63,54
57464,21,20,8,10,10,10,10,12
482,31,36,22,26,13,22,16,11
692208,1,1,0,0,1,0,0,0
613037,10,12,14,8,13,11,8,8
51385,7,6,0,1,7,4,5,3
100652929,1,0,0,0,0,0,0,0
64400,29,29,9,17,19,23,33,19
420,0,1,0,0,1,0,0,0
100379296,0,1,0,0,0,2,0,1
221060,2,0,2,3,0,1,1,1
30001,176,152,183,171,191,125,129,162
51107,182,167,110,117,142,109,143,115
55154,28,47,19,8,18,23,22,24
2768,16,16,9,15,21,17,16,17
22882,11,12,12,12,11,9,12,13
83481,84,85,54,42,28,22,41,27
1678,189,210,126,102,146,106,116,116
8611,14,25,11,17,21,14,18,19
400389,14,21,10,5,12,11,12,5
55100,146,179,99,82,124,138,109,136
29956,140,145,97,80,81,89,132,91
106480551,1,0,0,0,0,0,2,3
2352,0,0,0,0,0,0,0,0
1763,52,53,41,29,52,53,42,43
118597831,2,0,1,1,0,1,1,3
64172,51,47,67,46,54,55,44,54
124907900,0,0,0,0,0,0,0,0
23028,141,137,119,88,135,132,144,131
53410,90,87,75,69,76,107,80,98
389906,0,0,0,0,0,1,0,0
124902009,0,0,0,0,1,0,0,0
54828,52,55,39,40,58,51,43,47
57132,95,124,64,65,58,78,69,79
10318,92,90,73,94,73,88,68,87
79830,96,91,57,45,60,89,77,70
53917,59,58,44,45,62,45,52,52
7456,8,6,19,14,28,13,16,16
6877,51,44,30,35,48,43,36,42
728632,3025,3132,1782,1754,2009,2173,2131,2417
692148,0,0,1,0,1,0,1,1
93082,1,0,0,0,0,0,0,1
54958,101,120,105,100,102,107,114,133
7014,69,64,49,40,42,44,57,61
79442,0,0,0,0,0,0,1,0
100131755,7,12,3,6,11,5,7,12
645468,6,6,6,7,11,13,10,12
124903412,2,0,0,0,0,0,0,0
7069,0,0,0,0,0,0,0,0
9529,135,139,80,87,101,94,95,115
64747,16,22,13,10,9,13,14,11
84331,129,180,110,125,139,117,106,133
124905183,0,0,1,0,1,0,0,0
729991,63,48,23,31,30,28,34,35
6497,81,84,55,57,60,65,82,59
56623,26,20,15,10,16,14,16,10
400720,15,8,6,8,9,9,11,8
83480,69,57,34,29,39,36,38,44
10301,87,103,68,58,78,78,71,93
124902171,0,0,0,0,0,0,0,0
102724621,0,0,0,0,0,0,0,0
647150,8,5,6,7,6,9,5,9
10569,330,379,293,313,382,319,291,317
55705,161,215,206,166,252,183,209,232
105375183,1,0,0,1,0,0,0,0
200403,0,0,0,0,0,0,0,0
29094,54,54,65,62,71,48,50,67
79637,26,49,19,10,22,21,15,12
55088,98,85,78,57,78,71,89,96
128869,30,44,25,26,37,40,29,45
221908,61,63,67,57,74,83,92,99
222901,847,975,464,541,328,463,525,418
100192204,0,3,3,0,0,2,1,4
100271142,0,0,0,0,0,0,0,0
51501,173,195,130,122,133,159,119,164
360167,2,1,1,1,1,4,1,2
109617000,30,22,29,18,40,38,34,41
3622,39,60,70,44,66,65,44,48
10229,90,111,61,58,64,47,45,50
22841,146,148,98,70,112,112,85,151
107986825,0,0,0,0,0,0,0,1
92211,11,13,18,14,9,9,14,16
10327,245,287,184,198,262,230,234,245
344065,8,8,6,2,0,2,5,2
643960,10,8,7,6,8,11,16,12
106481763,0,0,1,0,0,1,0,0
283755,24,19,16,13,16,15,18,24
124904729,0,1,0,1,0,0,0,1
124905239,0,0,0,0,0,0,0,0
374868,22,23,14,13,16,13,18,24
125476,76,96,31,40,37,38,29,37
100129708,5,0,4,0,0,3,2,1
7222,5,9,6,3,4,7,8,6
57470,144,176,94,81,95,121,133,116
113457,0,1,0,0,0,0,0,0
100189191,3,2,0,0,2,1,1,0
730086,0,4,2,1,3,4,3,0
124900577,1,0,0,0,0,3,0,0
360028,5,2,2,1,2,1,1,1
11016,39,63,43,50,49,34,40,55
284764,224,271,199,243,282,289,306,264
283788,54,50,49,36,58,53,34,50
124904155,0,0,0,0,0,0,1,0
129685,84,69,44,45,34,64,40,47
57212,30,14,12,12,14,11,16,18
6495,141,143,181,154,177,137,139,142
646820,31,31,24,21,16,27,22,29
9252,53,50,40,36,45,39,41,45
112268295,0,0,0,0,0,0,0,0
54780,126,135,104,85,113,154,110,182
143458,38,37,27,23,24,19,16,19
91010,15,18,8,15,8,10,12,10
79971,193,193,172,154,191,194,189,195
3987,71,70,99,66,89,66,69,86
100189205,2,1,1,2,1,0,0,2
138649,1,7,3,4,4,4,2,2
728134,178,208,134,133,147,182,143,171
105371062,0,2,0,1,1,1,2,0
6672,21,14,8,11,12,9,7,9
285097,0,0,0,0,0,0,0,0
107986898,0,0,2,1,4,1,0,2
90826,13,5,8,10,4,8,8,5
100302650,0,1,0,1,2,2,0,1
55093,30,22,38,26,32,29,29,45
50516,0,0,0,0,0,0,0,0
105379392,0,0,1,1,1,0,0,0
284406,132,182,108,72,121,114,112,118
124904450,0,0,0,0,0,0,0,0
8417,107,132,102,92,85,97,88,111
6646,95,99,52,47,42,69,59,46
150223,283,324,322,319,417,355,341,391
9500,110,96,87,91,124,85,107,135
5292,21,30,30,39,35,34,33,35
55568,18,12,4,6,9,10,12,5
285973,0,0,1,1,2,0,0,0
57403,41,33,19,27,15,26,29,28
124901461,0,0,0,0,0,0,0,0
100131945,91,96,68,53,69,86,69,88
3115,89,106,94,96,141,90,107,102
10201,32,43,16,10,17,15,18,19
135114,47,70,39,37,58,45,40,44
28968,1,1,1,0,1,2,2,2
643499,34,38,34,32,20,46,18,33
124904124,0,0,0,0,0,0,0,1
7376,41,35,34,24,38,33,35,37
5305,173,130,95,89,94,86,95,68
55187,21,16,19,21,17,23,26,24
124904860,0,0,0,0,0,0,0,0
4121,38,32,37,31,51,39,36,38
79001,414,464,436,424,527,382,371,393
121665,58,42,31,29,35,29,38,25
7813,107,112,70,70,75,97,89,88
3338,38,28,22,43,36,39,27,42
124149,0,0,0,0,0,0,0,0
101927560,0,0,0,0,0,0,0,1
57680,127,131,87,80,92,117,116,129
55536,146,149,172,114,182,156,148,176
252983,51,42,42,31,28,30,31,50
149069,0,1,0,0,0,0,1,0
3422,292,274,473,396,503,353,311,377
81565,31,41,28,23,33,32,33,35
5327,9,16,21,18,21,26,26,31
105371860,0,0,0,0,0,0,0,0
345895,2,3,2,0,0,1,1,1
3964,133,147,51,37,36,64,61,63
107985260,0,0,0,0,0,0,0,0
124903029,2,2,5,1,4,2,2,2
84959,11,14,11,22,19,19,17,18
145375,108,119,43,37,45,47,59,62
124904333,0,1,1,0,0,0,0,0
4489,0,0,1,0,0,0,2,0
26810,0,0,0,0,0,1,1,0
729009,691,741,615,609,735,658,630,639
51275,51,63,55,46,53,49,54,56
80775,86,95,64,61,73,70,65,73
9554,259,300,132,152,122,120,139,128
124905208,2,0,1,0,2,3,2,5
305,61,74,59,62,70,80,75,83
5550,71,72,71,78,80,60,84,50
1352,37,41,36,32,40,31,31,39
3717,9,4,4,6,4,2,4,4
79133,41,49,21,24,28,43,50,42
80816,16,11,16,16,13,18,19,9
105376199,0,0,0,0,0,0,0,0
55658,47,54,38,40,43,33,58,56
124903334,0,0,0,0,0,0,0,0
285954,0,1,0,0,0,0,0,0
196074,21,28,16,19,19,25,15,14
112268118,0,0,0,1,0,0,0,0
79724,26,22,25,25,28,27,34,28
105369987,0,2,2,0,4,1,0,6
8295,33,29,21,26,21,26,22,20
284207,7,6,14,13,15,9,13,11
7082,238,270,117,121,110,168,146,148
1376,21,25,16,18,16,34,24,21
107986613,0,1,0,0,0,0,1,0
26578,35,37,45,26,45,43,41,44
51663,565,521,310,260,308,268,294,349
84279,35,29,19,13,30,12,16,26
59339,10,6,14,20,19,18,21,17
105377113,0,0,1,2,0,0,0,0
55959,45,41,61,52,55,53,42,61
55677,118,135,114,91,156,114,114,115
83636,67,77,44,52,50,51,63,49
107105354,3,0,0,0,0,2,0,1
390927,103,99,40,35,47,46,37,47
133686,162,183,145,155,105,143,147,127
11280,1,0,0,1,1,2,0,1
1192,317,398,322,276,350,397,355,392
7378,55,74,43,42,56,63,55,48
93183,117,106,31,28,55,54,56,35
84541,13,16,3,3,3,9,6,6
105375065,0,0,0,0,0,1,0,0
401027,48,56,17,28,7,17,18,10
84675,0,1,0,0,0,0,0,1
8969,35,28,10,19,13,5,23,36
283820,52,52,30,37,38,33,59,44
5867,198,212,182,174,201,207,202,189
7009,1226,1389,782,752,949,966,1001,1012
9862,84,92,63,59,67,71,76,65
389206,24,20,18,16,21,15,27,30
257358,0,0,1,0,0,0,0,0
8410,18,25,20,19,23,24,15,25
22887,45,49,36,38,36,45,36,59
29127,215,229,160,150,175,199,170,189
107986926,0,0,0,0,0,0,0,0
1464,0,1,4,4,2,2,1,3
54584,63,73,65,56,82,58,57,52
124903193,0,0,0,1,0,0,0,0
124905537,6,5,2,4,5,5,0,2
124903512,1,0,2,3,0,1,0,0
8526,78,68,49,52,54,50,53,67
391069,14,8,11,10,9,11,9,10
481,273,287,145,148,123,173,132,187
49854,93,100,124,111,146,84,108,98
100169763,0,1,0,0,0,0,1,0
102724800,1,1,0,0,1,0,0,0
22926,142,144,106,110,127,113,102,128
10156,1,1,2,3,2,5,2,4
22795,114,141,121,119,121,125,131,130
115752,50,58,20,22,25,25,26,19
57336,27,27,25,14,21,21,24,25
54960,66,64,59,67,65,38,45,50
105372380,6,3,2,3,4,0,4,2
26792,18,29,21,23,26,27,30,26
90381,29,39,43,38,41,40,47,46
23181,40,50,72,47,62,60,42,60
4216,60,46,28,19,41,39,34,47
1073,276,217,179,172,223,217,222,201
107985745,0,0,0,0,0,0,0,0
2850,15,19,11,13,14,8,7,8
84928,216,246,93,100,86,88,92,104
22800,29,22,19,12,18,20,22,27
79736,73,64,36,34,47,48,52,52
124900985,5,4,3,3,5,5,3,3
7733,22,16,13,16,15,15,18,21
112268241,0,1,3,1,1,1,1,3
114821,12,10,9,3,4,8,4,9
79789,13,23,23,30,29,22,24,24
107984952,0,0,0,0,0,0,0,0
100132247,42,25,33,25,24,36,27,25
4015,27,30,134,138,122,56,47,39
10846,19,10,29,20,23,18,22,23
105372587,3,2,1,3,1,6,4,5
6522,12,7,15,7,6,12,12,11
55110,418,433,179,137,210,232,208,217
123228,18,25,18,10,12,19,19,18
8343,4,6,0,1,3,4,7,5
387640,46,39,33,32,32,26,38,42
79966,72,60,55,57,82,83,101,80
374928,16,21,8,6,8,10,11,13
100129867,50,52,33,25,21,36,39,41
6855,8,6,3,8,7,6,9,5
101928415,0,1,2,2,1,1,0,4
55818,58,54,71,80,75,54,52,86
9420,10,4,3,3,3,2,4,1
124909456,0,2,0,0,0,1,0,1
9361,154,111,185,137,222,185,204,196
100506071,2,1,0,1,0,0,0,2
642869,23,30,19,7,5,10,19,12
5715,233,248,115,123,168,166,150,166
28962,55,59,34,31,35,30,37,27
124902256,0,0,0,0,0,0,0,0
124902776,0,0,0,0,0,0,0,0
79720,25,33,13,19,12,12,12,26
100189218,0,1,0,0,0,0,0,0
57418,245,282,229,247,271,196,217,227
644,282,331,258,306,388,300,326,333
100128782,17,24,17,7,15,26,17,20
54793,104,75,45,39,45,75,68,73
83700,82,74,70,50,64,63,50,73
55217,42,42,30,63,60,45,39,65
54877,87,97,73,57,66,50,57,65
49855,74,69,119,114,147,105,119,140
9641,3,4,4,4,5,6,2,4
100129269,1,0,0,0,0,0,0,0
728776,89,98,85,77,96,77,70,82
8760,68,100,55,70,49,44,59,77
54923,9,5,3,6,3,4,2,2
124995,147,181,124,116,148,126,125,117
124900898,0,1,0,0,0,0,0,0
10076,25,23,47,36,44,27,30,17
55028,65,68,38,25,48,50,45,42
102723870,2,3,2,4,2,3,7,3
8451,57,81,39,52,46,46,64,56
5933,31,32,25,23,27,30,24,14
81894,20,28,17,14,18,19,32,23
106478977,0,0,0,0,0,0,0,0
535,61,63,32,26,42,42,60,53
55072,18,15,17,18,18,13,16,20
79788,0,0,0,0,1,1,0,0
106614088,2,3,1,1,1,2,2,1
286512,3,3,3,2,1,6,7,5
101409257,0,0,0,0,0,0,0,0
106478984,5,13,3,5,7,7,5,21
4521,182,219,131,140,185,175,151,147
105376505,1,3,2,0,1,1,2,1
25822,0,1,2,2,2,2,5,2
728877,9,15,4,4,5,5,7,9
101927746,47,59,34,32,40,40,44,44
10371,10,17,7,8,11,23,22,13
7699,42,38,22,13,26,27,23,14
3119,40,51,24,26,26,33,25,47
26773,2,1,4,1,2,3,2,4
266675,1,2,0,0,1,0,0,0
57724,15,20,13,12,18,18,20,18
57551,134,128,132,98,130,90,147,156
3761,0,1,5,3,2,2,3,3
6908,40,45,31,24,45,34,35,39
728023,104,120,54,49,68,73,78,78
10675,6,10,14,14,18,5,6,13
220382,0,4,6,0,2,1,2,5
100996351,0,0,0,0,0,0,0,0
105370924,0,0,0,0,0,0,0,0
100307126,10,13,8,5,6,11,6,6
100131730,27,18,13,18,19,23,31,18
163051,22,13,11,14,7,11,15,12
100128140,190,175,147,126,123,167,138,142
339175,175,189,110,102,131,133,142,142
85824,197,223,205,209,244,214,182,260
140576,0,1,0,4,3,2,0,2
7770,144,192,153,146,189,190,169,168
414241,17,9,24,20,19,13,19,22
11267,267,284,159,151,180,219,224,215
105377115,0,0,1,0,0,0,0,0
4147,7,8,6,5,4,4,4,5
51561,7,10,3,2,1,2,2,1
654371,4,2,0,1,2,2,1,2
149041,66,54,44,29,33,36,34,33
100129482,86,70,53,55,50,50,58,57
84498,45,58,33,33,39,36,46,49
400966,0,1,2,0,0,0,1,0
112611,21,24,23,12,27,27,32,35
2122,62,67,31,28,34,46,56,42
10401,33,18,24,11,23,26,22,27
7637,49,52,34,31,38,37,46,45
131583,5,3,3,3,5,6,4,2
23517,231,242,202,206,258,229,222,245
84987,391,529,331,294,350,462,356,421
144486,2,0,3,2,1,3,4,5
163227,29,25,18,21,13,29,18,22
646819,341,395,370,274,324,365,242,331
8550,60,61,35,41,43,70,51,45
107987142,1,4,5,3,4,6,5,11
5491,29,26,13,25,26,24,28,38
1298,0,3,2,0,1,0,1,2
11194,9,10,6,2,7,4,7,6
11232,20,21,28,15,21,14,23,24
100271349,0,0,1,1,1,0,0,1
55802,87,88,87,88,68,67,92,77
124902450,4,10,1,5,2,0,1,3
6940,36,52,24,32,27,38,34,31
645715,29,33,24,21,16,37,25,26
64116,37,22,33,38,37,51,55,36
91181,0,1,0,0,1,0,0,0
554249,0,1,3,1,3,4,2,3
105379585,0,0,0,0,0,0,0,0
81573,59,55,38,44,48,42,63,45
10254,30,42,26,23,29,30,20,15
3145,115,122,64,67,90,65,80,85
353174,0,1,0,0,0,0,0,0
84324,649,714,539,536,642,569,528,598
256987,18,31,29,28,22,16,23,13
51196,31,41,44,38,35,27,24,36
100128553,0,1,0,0,0,0,0,0
115509,140,157,93,95,109,84,66,76
375248,39,44,28,25,25,29,33,27
10078,64,55,19,21,28,23,31,28
554282,54,54,33,28,54,36,49,43
11191,13,19,17,8,17,14,21,17
23248,89,70,55,53,70,61,71,55
728913,187,199,127,116,177,154,129,140
374654,19,13,18,11,15,15,19,22
283902,0,0,1,0,0,0,0,0
10535,434,499,346,347,430,345,402,376
165215,43,45,40,40,37,23,32,41
163732,0,1,2,0,5,2,0,0
375061,59,71,88,65,79,84,89,71
100505635,0,0,0,0,0,0,0,0
4891,47,54,41,41,48,52,50,42
100133220,0,0,0,1,1,2,0,0
400,161,188,112,98,116,137,131,135
116071,0,0,0,1,1,0,0,0
1312,236,241,201,198,290,187,191,209
79651,6,7,3,5,17,6,13,10
102724548,4,5,3,0,4,9,13,9
643873,149,169,190,175,234,193,198,213
353091,4,3,4,3,3,3,5,2
10741,46,39,32,34,40,39,50,53
140838,19,39,33,38,58,48,38,42
124905005,26,41,41,33,36,39,27,36
100132929,0,0,0,0,0,0,0,0
84872,32,34,18,25,16,24,24,31
51010,174,185,121,77,129,110,109,115
105372288,1,0,0,0,0,0,0,0
148789,141,149,62,70,67,93,75,92
145483,6,7,3,4,2,3,5,2
64434,92,72,53,71,76,75,65,83
101929703,0,2,0,2,0,1,2,3
23094,48,43,21,36,14,17,24,14
105375010,0,0,0,0,0,0,0,0
2791,59,66,16,13,24,48,56,53
11336,63,63,57,47,71,87,64,65
647319,11,7,4,6,12,5,6,4
349114,0,3,1,4,5,5,4,2
5738,60,86,56,60,62,63,73,63
100506686,94,112,27,42,43,53,57,57
202319,1,6,1,3,2,3,3,2
55312,122,134,63,49,85,80,82,83
729683,2,0,0,0,0,2,0,0
10252,78,101,106,96,102,91,103,119
29994,31,49,52,42,54,39,41,48
124900584,16,10,13,20,18,17,23,14
4323,1,0,0,0,0,0,0,1
9792,21,26,37,40,47,27,37,27
6742,1752,1870,1027,950,1230,1292,1224,1362
72,0,0,0,0,0,0,0,0
23416,1,2,2,1,1,0,0,0
359776,7,10,1,7,2,4,3,0
55588,268,259,132,118,123,146,135,162
155066,142,142,121,136,181,147,166,170
54676,13,10,14,17,15,23,23,20
91561,1351,1476,1716,1570,2056,1509,1556,1499
105369382,0,0,0,0,0,0,0,0
6327,0,0,1,1,0,2,0,0
102723814,0,1,0,0,1,0,0,0
157695,65,74,85,75,74,71,79,80
90736,126,166,135,102,141,104,89,116
105372079,0,0,0,0,0,0,0,0
100130771,10,10,5,6,8,7,4,8
124909341,0,0,0,0,0,0,0,0
653784,436,483,490,498,576,475,367,453
390407,23,27,13,18,12,15,25,19
387695,0,0,0,0,0,0,0,0
5432,210,222,85,86,152,124,126,140
6919,40,48,59,38,66,67,49,80
503638,30,35,11,5,6,10,14,21
2774,42,29,46,44,42,44,48,51
65982,27,37,21,32,29,40,26,38
57647,106,103,35,27,38,46,51,41
105370532,20,18,17,20,13,18,10,17
55768,53,58,33,46,56,50,45,55
102659288,0,0,0,0,0,0,0,1
645160,43,46,32,42,23,50,39,53
6139,1090,1227,1134,925,1115,1131,901,1208
126961,39,38,11,19,9,6,21,23
10274,60,58,21,19,52,19,31,23
4731,518,506,482,522,573,435,436,504
283385,0,3,4,6,0,4,7,6
93436,98,106,40,28,46,58,54,49
100129352,0,1,0,0,0,0,0,0
728075,0,1,0,0,0,0,0,0
51780,89,107,58,54,58,67,58,65
400644,0,0,0,0,0,0,0,0
80206,9,6,14,7,12,10,12,11
84236,32,25,19,21,27,32,17,17
80153,106,133,59,74,71,71,52,70
11046,12,6,6,11,14,13,14,11
54555,133,126,74,79,95,112,88,111
22843,23,20,13,16,24,17,25,15
285025,0,0,0,0,1,0,0,0
2067,255,273,115,121,143,142,127,139
114796,4,4,3,2,3,1,2,1
399665,3,6,1,2,4,2,7,5
6794,34,55,45,46,44,35,36,21
8480,210,237,173,155,186,156,156,150
7029,189,191,185,176,143,143,165,185
51650,564,646,385,379,424,455,394,449
124902734,0,0,0,0,0,0,0,0
731075,0,3,2,0,0,1,1,1
9416,214,209,132,137,176,153,198,203
53826,6,10,9,22,12,11,5,10
11078,58,72,41,42,51,38,62,49
29919,20,11,6,15,19,17,20,20
100996763,13,14,12,16,15,15,20,15
100287049,2,0,1,0,0,1,0,0
653122,229,250,166,162,154,148,163,183
1951,1,0,1,3,1,1,0,3
10103,0,0,0,1,0,0,0,2
116113,14,14,9,4,10,10,6,11
54964,203,199,64,83,29,56,85,75
102724316,31,41,23,15,29,31,25,40
440040,0,0,0,0,0,0,0,0
10873,0,0,0,1,0,0,0,0
79691,107,123,48,52,75,67,73,72
26276,21,18,23,21,28,30,32,34
100128676,0,1,1,1,0,0,0,0
29923,49,39,400,326,351,161,102,190
51070,446,500,234,249,288,258,244,277
653067,0,0,0,0,0,0,1,0
64326,41,39,19,24,18,16,30,20
81693,0,0,0,0,0,1,0,0
57448,165,140,58,51,58,86,106,89
145978,0,0,0,0,0,0,0,0
26002,30,38,34,34,44,24,32,49
124900771,0,0,0,0,0,0,0,0
139596,30,22,37,39,46,21,24,11
133619,104,119,93,100,109,90,86,92
152667,29,38,26,15,31,35,30,41
729798,21,9,9,9,12,12,16,10
25786,4,3,3,0,2,2,2,1
400746,0,0,1,0,1,0,0,0
401331,0,2,0,1,0,1,0,0
89796,17,15,22,36,42,26,34,41
1052,18,30,13,16,11,13,11,15
400406,0,0,0,0,0,0,0,0
101929777,0,0,0,0,0,0,0,0
124903981,1,0,0,0,0,0,1,0
10204,1290,1576,518,574,560,743,696,728
51259,30,48,14,16,17,34,24,22
58191,14,24,18,12,12,14,19,20
835,206,188,74,72,80,98,81,108
138162,34,31,15,27,32,20,24,30
642968,0,0,0,1,1,0,0,1
23020,212,185,241,223,283,180,211,206
101954272,4,0,0,1,1,1,0,1
2177,313,317,265,255,197,188,239,239
200765,6,8,7,6,9,17,15,10
105375028,0,0,0,0,0,0,0,0
124904163,4,11,2,4,5,2,4,4
55322,84,87,65,57,76,65,79,66
54885,7,3,14,12,12,6,4,17
55696,211,225,118,97,136,114,130,147
85865,67,73,38,24,53,53,47,58
5798,0,0,1,0,0,0,0,0
51523,21,16,39,28,33,18,23,25
112268076,0,1,1,1,1,0,2,0
102724250,34,16,7,5,13,12,17,17
124905034,13,10,6,2,2,4,2,3
8310,15,21,7,5,1,8,10,14
102723729,0,1,0,0,2,1,0,0
26355,343,346,533,431,535,372,311,359
124909451,0,0,0,0,0,0,0,0
100271037,9,19,10,5,9,13,16,14
107985802,64,74,71,40,49,90,67,97
101929796,3,3,2,1,3,9,5,2
10611,160,112,72,59,85,73,84,82
124902915,3,0,0,0,0,0,0,3
8326,4,8,3,2,5,7,2,4
283358,13,16,14,16,14,18,14,18
151827,19,7,13,9,17,15,19,15
166336,5,1,6,7,7,5,10,4
60491,90,80,71,67,89,61,61,69
23386,112,109,80,73,108,96,86,111
105373764,0,1,0,0,0,0,0,0
2509,113,108,74,97,111,111,106,122
5813,142,164,121,116,140,114,118,138
102724802,0,0,0,0,0,0,0,0
26993,85,114,72,78,95,94,80,101
51103,62,63,48,45,29,47,36,47
100129991,715,799,637,596,729,705,640,759
27434,22,19,17,11,13,17,17,13
55667,23,33,27,17,34,38,27,41
4016,22,19,19,11,28,16,27,18
5232,0,0,0,0,0,0,0,0
57545,7,17,9,9,14,6,11,5
100132289,0,2,0,0,0,1,1,0
644661,18,14,8,8,4,16,10,12
107986064,0,2,2,1,0,1,0,1
55142,67,78,53,35,60,65,46,45
5610,290,286,423,394,429,190,170,250
2054,30,45,54,52,64,41,41,55
26112,5,6,8,6,10,13,7,9
105375846,0,1,0,0,0,1,0,0
105371526,0,1,0,0,0,0,0,0
56171,0,0,2,1,1,4,0,3
3300,9,13,7,9,8,13,6,11
8930,88,71,52,45,55,70,69,63
747,2,7,6,3,5,4,2,6
9668,16,17,5,11,13,16,12,14
730187,15,14,14,8,9,25,16,21
9240,47,53,37,27,42,47,46,46
1282,107,85,105,96,177,74,84,98
128817,0,0,0,0,0,0,0,0
4691,3453,3498,2482,2300,3178,2110,2224,2577
4952,33,31,36,27,34,33,40,38
4901,2,5,7,1,8,2,3,4
124900412,18,12,15,8,9,5,8,6
5925,49,57,48,61,57,48,46,86
145282,22,23,28,29,58,43,28,30
79918,79,88,58,42,63,71,73,66
100506691,35,28,13,17,20,23,19,36
55775,62,63,50,49,67,59,70,71
100189430,0,1,0,1,2,1,0,0
122416,17,11,11,18,19,25,21,17
101929212,2,5,0,1,3,1,1,3
25809,11,13,16,15,22,13,15,18
400027,16,17,17,23,21,27,29,21
90102,8,4,7,11,14,11,12,11
7307,603,705,457,454,583,450,410,487
387680,95,74,57,60,60,74,77,71
23032,152,158,105,98,111,128,131,142
84251,1,2,3,3,2,5,3,4
9880,22,32,22,28,24,14,28,20
81890,41,54,41,30,47,39,37,52
828,5,4,3,0,1,1,7,3
2004,20,13,22,26,23,32,45,42
79981,0,0,0,0,0,0,0,0
54876,103,111,88,116,78,86,94,101
7695,12,22,15,10,14,18,13,21
4133,10,10,6,4,9,8,7,9
5192,38,47,22,21,30,28,38,25
79776,80,107,40,60,40,44,52,49
100874092,2,2,1,1,0,7,1,3
23360,129,116,109,131,161,188,195,176
146556,0,1,5,2,2,1,1,0
55036,2,1,2,5,5,1,6,2
7071,32,24,52,41,46,30,26,50
100131261,72,77,54,34,73,48,51,52
4282,6700,7136,7096,7006,7991,7396,6832,7304
100419062,0,1,0,0,0,0,0,0
8943,349,344,329,265,340,308,425,345
25821,45,45,30,37,44,21,40,34
4758,93,104,42,41,48,49,69,43
79879,56,55,34,47,42,30,38,58
136895,5,6,2,2,4,3,0,4
81706,90,73,63,55,60,62,67,53
440086,78,100,71,81,54,102,72,78
646119,42,39,34,14,29,43,32,34
442257,9,12,5,3,4,7,4,7
7126,85,104,73,63,78,84,70,82
101928062,13,16,18,20,22,30,31,29
51074,158,166,98,98,126,102,110,122
55695,121,139,69,83,70,86,64,109
221078,117,139,63,71,68,56,65,71
93624,16,17,7,10,13,17,19,11
100170224,11759,12532,4396,4457,5080,8392,6746,8345
101929475,0,0,0,0,0,0,0,0
580,148,137,181,123,178,139,128,129
105373037,0,0,1,0,0,0,0,0
100505875,2,2,1,0,1,1,1,2
219988,27,25,26,15,29,20,24,19
641556,3,1,1,1,2,1,1,2
118568829,0,1,0,1,0,0,0,0
100422977,0,0,0,0,0,0,0,0
256356,26,20,24,24,17,29,23,19
56927,50,52,33,34,45,34,48,55
8649,69,67,49,34,49,55,48,52
80314,130,109,59,47,61,54,74,60
653604,7,7,2,2,4,3,2,3
595097,5,3,1,0,4,4,2,2
105373009,0,0,0,0,0,0,0,0
339559,5,6,4,1,6,1,7,3
5187,7,8,30,33,27,20,20,18
105371730,1,2,6,6,4,7,7,5
285961,10,13,13,6,13,11,12,11
105378683,1,0,0,0,0,0,0,0
1998,91,120,50,54,60,66,72,62
9209,36,28,31,29,75,33,46,48
254552,17,21,17,26,17,30,17,21
112950,131,148,63,79,112,66,81,74
705,144,148,81,60,91,78,82,109
51117,52,65,36,44,43,54,43,73
199800,10,3,2,4,0,1,6,5
3146,3146,3214,1948,1893,2323,2227,2123,2302
105375878,1,1,2,2,2,3,0,1
162963,3,1,1,0,3,4,7,6
163255,5,9,7,4,5,2,7,3
140876,0,0,0,0,0,0,0,0
9841,37,37,23,17,25,16,18,29
7023,47,75,34,43,39,19,32,37
23216,26,22,34,28,45,42,45,36
388561,6,11,6,6,1,4,7,8
124901923,0,2,0,0,0,0,0,2
5590,9,11,22,27,29,15,24,17
773,0,0,0,0,0,0,0,0
10420,5,11,3,7,14,9,6,12
112637020,21,25,14,25,10,5,6,11
105379395,1,1,1,2,0,1,3,1
80790,14,11,16,19,20,23,16,25
105375472,1,1,1,0,0,2,1,1
84960,2,2,0,0,2,0,0,2
57574,0,0,0,0,0,0,0,0
51205,17,32,29,18,25,27,33,31
60686,8,6,8,6,7,12,11,4
6173,1115,1408,1557,1437,1906,1849,1276,1584
100133005,10,10,11,19,10,7,5,17
340260,0,1,0,1,0,0,0,0
5575,39,46,9,12,9,19,17,19
57575,12,11,2,0,0,15,16,11
100288332,6,8,9,8,17,10,10,13
124903252,0,0,2,1,0,0,0,1
8226,15,21,22,27,46,14,18,15
105370677,2,0,1,0,0,0,1,0
3055,0,1,1,1,0,0,0,0
51203,642,662,490,428,564,657,595,624
26958,35,24,24,23,13,22,12,18
197320,15,18,11,3,3,10,14,13
3996,11,14,18,8,20,18,15,8
388567,10,11,1,2,4,8,5,5
374387,0,0,0,0,0,1,0,0
388566,10,11,2,5,2,5,11,5
346288,0,0,0,0,1,0,0,0
102724907,1,0,1,0,0,0,0,0
220594,4,6,6,3,5,5,10,8
150590,7,7,16,10,6,2,8,8
100131747,56,55,46,46,39,70,51,48
283951,94,140,77,66,93,92,91,103
105378248,0,0,0,0,0,0,0,0
124903712,0,1,0,0,0,0,0,0
5438,1360,1428,1151,1118,1332,1215,1099,1283
22836,159,147,163,140,179,187,171,154
9819,116,98,34,65,31,25,38,37
389834,24,7,6,11,16,11,9,10
146909,39,47,44,29,48,42,65,42
221504,30,30,8,7,5,16,9,9
100874028,2,3,0,0,0,3,2,0
344558,14,16,17,13,13,13,17,12
51686,1,4,0,2,0,3,0,1
972,0,0,0,0,0,0,0,0
124901294,10,15,5,7,9,11,5,6
147727,59,58,51,63,73,70,71,70
100505588,13,7,6,4,8,12,9,10
84527,17,6,5,5,8,4,5,5
57615,5,5,2,1,0,3,3,7
22839,16,20,19,33,29,25,37,23
100129917,2,1,3,2,1,0,3,1
10579,6,15,14,12,26,18,22,36
124902506,1,2,1,1,0,2,2,5
728820,7,7,5,1,2,4,1,4
63914,1,0,0,0,0,1,2,2
23546,10,6,3,9,5,9,9,5
56983,85,94,16,22,25,35,31,43
619567,1,2,1,0,0,3,5,2
7337,218,237,155,138,176,179,173,202
81544,2,3,4,3,6,4,1,1
146562,2,0,0,1,0,0,0,0
83715,1,0,1,0,0,0,0,0
255330,0,0,0,0,0,0,0,0
2354,4,2,9,5,5,7,6,1
101927278,1,2,1,0,0,1,0,0
2737,23,21,35,31,29,20,25,24
105377388,0,0,0,0,0,0,0,0
100505876,173,199,144,112,142,173,161,182
123706547,5,4,3,5,4,8,11,10
201475,93,124,39,63,17,31,47,43
92689,7,12,10,16,22,14,21,15
442572,0,1,0,0,0,0,0,0
85495,11,9,7,3,6,8,7,7
11091,90,97,44,44,63,63,67,86
23109,5,7,4,7,4,3,6,8
79990,7,10,9,12,16,13,17,9
26038,3,0,5,4,5,1,5,4
100271285,22,20,26,19,16,17,14,18
132851,1,0,1,0,2,1,0,1
65264,77,87,42,54,61,60,68,50
101928688,2,0,0,1,1,0,4,2
91544,2,3,2,1,0,3,2,2
644150,19,30,38,39,38,38,29,44
5341,1,0,0,0,0,0,1,0
202333,3,3,0,0,0,2,1,0
11070,112,91,32,51,54,57,42,55
23463,227,261,102,82,135,125,131,140
124901363,5,3,5,1,1,3,5,3
27286,0,0,0,0,0,0,0,0
51506,451,493,280,301,422,298,322,317
6571,2,1,0,0,0,0,0,0
100189240,1,1,0,0,0,0,1,0
26953,32,38,20,17,24,20,29,30
9422,27,37,10,16,12,12,17,25
90007,169,156,138,156,123,85,113,91
100188991,2,8,12,2,9,1,1,3
2294,3,4,4,3,2,3,1,2
645181,18,19,11,5,13,16,23,9
340348,25,14,23,17,29,25,21,27
836,77,105,58,53,77,72,74,75
101926934,0,0,0,0,0,0,0,0
105372211,0,0,0,0,0,0,0,0
440270,71,43,84,57,50,64,68,82
100128890,1,4,2,0,2,0,1,2
441150,21,17,11,4,9,15,21,20
100616370,0,0,0,0,0,0,0,0
102724351,1,4,6,4,4,8,8,3
121441,96,73,98,74,114,83,85,123
7389,353,414,348,293,418,425,357,431
100873911,0,1,2,0,0,1,0,2
4880,14,13,21,14,23,12,12,13
100128441,3,1,2,4,4,1,2,2
6854,5,5,3,3,5,1,7,9
200407,3,0,2,5,5,8,4,5
9924,30,28,28,27,25,27,21,35
101410533,12,13,11,12,12,20,13,11
149840,14,19,6,3,12,13,4,14
8654,9,6,5,9,17,11,19,20
102724334,4,11,4,8,5,5,5,6
56479,14,13,11,3,12,11,9,11
54853,40,60,19,25,32,30,26,24
644762,28,47,32,31,40,39,27,37
441046,0,0,0,0,0,0,0,0
63908,13,17,24,6,20,22,17,17
8720,132,126,76,64,71,88,124,108
399671,46,66,16,17,7,4,13,7
80758,33,30,28,33,36,30,44,32
9619,6,15,11,15,5,6,7,7
115482696,8,13,5,6,7,3,5,3
55163,114,138,84,103,98,98,93,102
124903632,1,0,1,1,0,0,0,0
124904946,0,0,0,0,0,0,0,0
106479792,0,0,0,0,0,0,0,0
5380,14,5,7,3,7,9,12,11
100270897,5,11,10,5,3,12,5,7
51179,0,1,0,0,0,0,0,1
55809,6,3,11,11,17,5,13,14
8887,302,314,262,253,314,287,252,348
2121,10,9,7,3,8,5,7,9
110806298,3,0,2,4,2,3,1,2
1967,217,230,102,86,108,125,127,114
25976,46,43,31,24,41,30,35,37
3642,13,6,28,12,15,13,22,21
101929592,2,0,0,2,0,1,0,1
100129692,2,0,2,2,3,0,0,2
124906025,9,6,16,4,7,9,5,11
391712,1,2,1,0,0,1,1,0
1185,6,3,3,5,5,3,2,3
1036,23,42,9,17,20,20,24,20
100287569,4,2,14,9,10,10,14,15
56164,0,0,0,0,0,0,0,0
101927750,8,4,3,4,9,5,5,4
55300,15,17,28,26,23,23,28,26
55352,127,147,85,97,120,104,109,93
107985004,0,0,0,0,0,0,0,0
89857,0,1,0,0,1,0,0,0
79100,0,1,0,1,0,0,1,0
5924,5,3,5,5,9,5,9,8
390739,3,7,2,2,6,9,4,6
340562,0,4,0,0,1,4,1,3
57727,49,62,10,9,10,4,15,13
100189211,0,2,0,0,0,0,0,1
8683,385,405,254,214,249,292,316,287
29951,0,0,1,0,0,0,0,0
124901421,2,0,2,0,0,2,0,0
549,28,29,13,24,14,20,15,23
3839,223,243,161,135,206,196,176,192
768328,11,5,2,2,6,2,5,2
2868,5,2,2,5,6,3,3,5
55277,3,3,7,2,5,2,5,6
118429,16,17,10,4,9,11,12,10
105372234,18,16,2,2,6,9,6,5
387856,1,2,0,0,0,3,0,1
529,288,276,207,211,239,220,232,280
729176,10,6,12,4,10,15,3,8
124901933,4,3,2,2,6,9,11,11
56311,5,3,8,5,3,5,2,5
107987391,0,0,0,0,0,0,1,0
26800,3,1,1,0,1,0,0,1
80264,29,19,18,11,18,17,16,24
201229,23,20,19,18,13,20,13,34
728340,28,29,8,5,12,13,15,13
1959,1,0,1,2,3,1,0,0
107985311,5,8,12,12,8,6,3,8
65989,5,14,10,6,8,13,10,12
83449,2,2,2,0,3,7,11,3
101928735,0,0,0,0,0,0,0,0
84270,21,21,24,28,30,27,34,22
728673,4,7,3,4,10,4,10,7
22853,15,12,16,11,12,10,16,9
56204,9,14,9,12,7,11,13,11
163351,0,0,0,0,0,0,0,0
84649,2,0,2,2,2,2,3,2
124903247,0,1,1,1,0,0,1,0
51302,5,5,7,3,3,8,4,6
57699,1,1,0,2,3,2,1,2
1241,11,13,10,10,8,13,10,16
100420080,87,67,16,9,23,23,24,23
100287912,3,1,3,3,2,3,3,2
25876,1,0,0,0,0,0,2,0
100302254,3,1,1,0,0,0,0,2
83473,15,8,15,10,13,6,5,10
79667,1,0,0,0,0,1,0,0
122319436,3,5,5,5,5,1,5,5
590,8,9,1,4,5,7,8,10
440073,1,0,0,0,0,0,0,2
100128288,0,0,0,0,1,0,0,0
105377128,0,0,0,0,2,0,0,0
79813,140,150,111,88,108,135,105,153
54970,17,23,8,13,10,17,18,12
692235,0,0,0,0,0,0,0,0
283932,5,9,7,4,4,3,2,7
2009,43,54,31,42,58,60,44,57
387090,2,0,1,1,0,2,1,0
100129034,24,22,9,7,21,12,14,10
9143,0,1,8,6,5,5,10,6
100190949,0,0,1,0,0,0,0,0
100289286,6,6,10,13,6,4,7,10
965,29,35,24,11,26,29,24,29
79016,148,212,78,93,106,104,108,92
106479931,2,6,6,5,5,3,4,3
126520,1,0,0,1,0,1,1,0
9032,0,0,0,0,0,0,0,0
100270840,17,23,11,14,8,19,13,12
22901,10,13,18,12,11,11,6,12
100506939,0,0,0,0,0,0,0,0
28957,1,4,1,2,1,3,0,1
92609,995,1187,671,699,764,710,753,822
774,1,4,0,1,1,1,0,1
124904169,0,0,0,0,0,1,0,0
7840,31,22,13,9,23,23,25,30
100189295,1,3,0,0,0,0,0,0
100189313,0,0,0,0,0,0,0,0
121643,4,7,3,4,6,7,5,9
84206,7,10,10,9,11,11,8,11
387911,0,0,0,0,0,0,0,0
3178,2421,2553,2615,2401,3222,2695,2564,3034
441420,0,0,0,0,0,0,0,0
254013,8,6,0,3,1,1,8,6
7298,243,230,177,172,195,172,213,209
84936,16,23,8,9,20,17,17,12
55610,25,25,17,13,23,24,21,17
401767,1,0,0,0,0,0,0,0
642987,2,2,0,2,0,4,2,0
8694,13,11,11,7,16,14,18,13
100132159,0,0,0,0,0,0,0,0
124906003,2,0,0,2,0,0,0,1
258,4,6,2,5,4,5,4,1
124906278,0,0,0,0,0,0,0,0
6733,213,234,172,173,241,224,222,239
646884,2,0,0,1,1,0,0,1
102723686,4,0,0,3,1,1,1,0
107987011,1,0,0,1,0,0,0,1
147111,1,0,2,3,0,1,1,0
2523,3,10,12,9,8,11,8,17
5194,10,11,8,9,19,12,12,11
107984435,0,0,0,0,2,0,0,0
5601,47,30,45,33,50,53,54,51
59335,3,0,2,4,0,2,4,1
124904644,0,0,0,0,0,0,1,0
203069,174,182,48,53,64,104,66,88
9429,2,8,2,4,7,7,5,5
105378998,0,0,0,1,0,0,0,0
149501,20,17,15,15,15,14,14,20
729652,3,0,0,0,0,1,0,0
51761,3,4,5,1,3,3,2,3
124902469,0,0,0,0,0,0,0,0
642546,66,60,85,117,69,30,67,48
388552,44,41,24,14,26,23,13,24
7504,11,13,8,8,12,8,20,19
105377586,0,0,0,0,0,0,0,0
8729,70,69,47,29,37,49,34,39
2921,6,2,3,2,3,7,4,1
105372493,6,3,2,6,1,6,3,8
8846,29,30,13,19,18,21,24,25
285375,0,0,0,1,0,0,0,0
813,703,780,523,543,579,537,580,619
5583,18,18,17,23,29,25,30,29
347687,27,40,34,25,37,43,24,33
124901979,0,0,0,0,0,0,0,0
79068,96,90,84,66,65,53,82,58
100422627,0,1,1,0,0,0,0,0
728638,67,79,43,50,54,67,67,84
441307,0,2,0,1,0,0,2,2
4628,544,554,502,398,577,565,506,646
10687,42,41,80,47,90,90,90,101
84277,28,31,15,14,19,17,14,20
3030,333,345,304,272,382,346,301,384
9482,189,269,177,188,188,231,193,211
101928953,3,8,1,1,3,5,0,1
55754,139,167,138,117,159,115,130,131
100310857,1,1,0,0,0,0,0,1
644524,1,2,1,1,5,2,5,1
343338,4,1,3,3,0,4,3,2
112268148,1,0,1,2,1,0,1,2
100132467,1,0,0,0,0,0,0,1
107986088,1,2,1,0,1,0,0,1
171472,2,1,1,0,1,2,1,2
26005,6,9,9,8,8,11,8,8
4277,13,20,12,9,13,16,20,27
100996247,2,1,1,1,0,1,0,1
148103,2,4,8,7,5,6,4,8
10131,627,664,582,541,702,535,511,552
728613,44,59,31,15,20,45,44,34
114818,5,10,10,6,8,6,6,1
7037,167,194,119,99,113,70,71,67
105373583,1,0,0,0,0,0,0,0
100507347,6,3,3,2,9,8,4,8
166929,22,24,23,17,28,20,29,21
89780,2,6,4,5,4,4,4,8
100147761,1,1,1,0,0,1,0,1
317780,8,6,7,5,7,8,7,7
168507,9,11,8,4,1,2,9,5
768096,1,0,0,0,0,0,0,0
105370188,0,0,0,0,0,0,0,1
100189433,2,1,1,2,1,2,0,3
79844,2,7,11,1,6,12,7,12
100131206,6,4,5,3,4,6,2,3
401264,6,12,7,8,5,5,9,9
124904691,2,3,4,1,4,3,2,3
147463,13,10,19,8,12,14,29,15
124907999,0,1,0,1,0,0,0,0
359736,1,0,0,0,0,0,1,0
2178,18,17,27,26,36,21,32,36
105371720,0,0,0,0,0,0,0,0
10617,119,141,102,119,144,113,107,118
124900175,1,0,0,0,0,0,0,0
100506207,1,0,1,0,3,2,1,1
23229,3,5,9,4,4,5,10,12
6999,0,1,0,0,0,0,1,1
7903,5,4,11,9,8,7,12,11
101929507,0,0,0,0,0,0,0,0
100131027,0,1,1,0,0,1,0,0
2674,7,12,20,19,18,13,25,15
159013,26,28,40,37,55,39,43,41
9681,16,15,14,15,14,12,14,18
107985257,2,1,0,0,1,0,0,0
5697,0,0,0,0,0,0,1,0
266625,5,9,7,7,9,11,8,3
124902629,0,0,0,0,0,1,0,0
7490,5,7,7,4,3,7,10,5
23034,9,7,9,9,8,8,13,7
100421638,1,2,1,0,0,1,1,2
124903824,1,1,0,0,0,0,0,0
100996702,1,3,3,2,2,3,0,5
100129556,10,12,12,12,14,21,15,16
154091,7,6,15,13,18,10,18,22
100631255,1,0,0,0,0,0,1,1
79639,19,35,30,28,32,16,24,19
23598,22,18,12,7,12,7,12,7
23255,10,10,14,7,9,5,12,9
1906,2,0,0,0,1,2,0,0
339241,0,0,0,0,0,0,0,0
90075,21,30,10,10,17,18,14,16
100129497,0,0,0,0,0,0,0,1
79875,11,9,28,21,17,21,16,23
2132,51,68,55,42,57,54,57,54
115196,9,12,5,5,12,4,9,7
619570,2,2,3,5,1,1,5,2
124905464,1,0,1,0,1,1,0,1
645299,0,0,1,0,1,0,0,0
54620,18,22,27,25,19,30,10,30
51367,221,245,174,154,186,241,212,260
124904607,0,0,0,0,1,0,1,0
177,3,3,3,2,2,0,4,2
124905489,4,2,1,1,2,3,0,2
8509,5,6,5,2,6,4,2,7
25890,2,1,0,1,0,0,0,0
102724238,5,5,7,7,10,8,9,13
124900364,0,0,0,0,1,0,0,0
6655,14,9,6,12,12,10,9,11
124903563,0,1,2,1,0,0,0,0
199777,2,1,0,1,0,1,0,0
101929814,0,0,0,0,0,0,1,0
7453,293,317,240,176,229,202,209,235
80004,23,19,20,27,30,32,46,45
124902912,1,0,4,3,5,6,5,5
101928238,1,2,0,1,0,2,4,2
79690,1,0,0,1,1,3,1,0
642799,7,2,5,3,4,8,6,5
124903909,1,0,1,0,2,2,2,1
339666,0,0,0,1,0,1,0,0
63923,0,1,0,0,0,0,0,0
4509,1048,844,795,386,393,1070,930,1057
9141,2337,2654,1352,1305,1718,1781,1657,1703
144453,1,0,0,0,0,0,0,0
200895,19,29,20,14,11,17,18,19
100189122,8,11,2,3,4,8,5,6
283991,38,31,21,17,18,21,25,19
50487,1,0,2,0,2,2,0,1
5139,1,0,0,0,0,0,0,0
124904217,0,0,0,0,3,1,0,2
862,27,32,14,20,39,36,29,37
105373096,0,0,0,0,0,0,0,0
124903176,0,2,2,0,1,0,1,1
106479306,3,0,2,0,0,0,0,0
3109,10,4,4,6,11,10,10,8
92822,56,42,37,27,42,34,36,37
25862,11,10,10,13,10,8,18,13
100996654,1,0,2,0,1,0,0,0
84197,4,4,2,3,1,0,2,4
124904035,0,0,1,0,0,0,0,0
101927247,0,0,0,0,0,0,0,0
2964,5,10,1,4,6,7,12,3
55969,0,0,0,1,0,0,0,0
100316867,1,2,0,0,0,0,0,0
7464,6,8,10,9,17,14,15,10
285943,1,7,0,1,2,2,0,3
100505687,18,13,7,9,9,16,15,16
124901425,0,0,0,0,0,0,0,1
64926,0,0,0,1,0,0,0,0
5896,0,0,0,0,0,0,0,0
83448,166,166,96,89,152,133,111,146
150737,9,12,9,4,5,9,5,9
220202,1,2,1,0,4,1,4,1
7228,1,0,0,0,1,0,0,0
5672,0,0,1,0,0,0,1,1
151011,47,45,63,86,103,72,62,79
7018,1,0,2,0,1,0,1,0
105377668,0,0,0,0,0,0,0,0
641371,11,7,14,17,15,12,14,18
101060171,1,0,1,0,1,0,0,0
148738,0,0,0,0,0,1,0,0
100616394,1,0,0,0,0,0,0,0
105371423,2,0,0,0,0,1,1,0
105369313,0,0,0,0,0,0,0,0
257062,1,1,0,0,0,1,1,0
124904687,0,0,0,0,0,0,0,1
22981,9,10,20,16,16,20,26,15
4223,0,0,1,0,0,0,0,0
107986587,4,7,1,2,3,1,5,1
134492,285,324,295,286,356,329,266,329
4213,1,0,1,1,0,1,0,0
143686,120,145,98,110,70,83,91,88
105372906,3,2,2,4,5,3,2,4
2583,4,6,9,7,10,12,6,7
100130190,115,110,64,90,80,119,76,97
5143,1,1,0,0,0,0,0,0
653441,23,32,17,21,28,25,25,25
283489,52,68,33,39,52,38,32,58
253430,8,7,6,12,14,8,13,16
124903949,0,0,0,0,0,0,0,3
140467,34,41,25,27,38,31,33,41
124903680,0,0,1,0,0,0,0,0
103695363,0,1,0,0,0,0,0,0
105372345,1,0,5,0,2,6,2,9
8986,2,1,1,4,3,5,2,7
122525,1,3,3,3,1,5,1,3
8187,58,57,24,18,15,25,24,24
285150,0,0,0,0,0,0,0,0
375513,3,4,6,5,3,3,7,4
105379825,0,0,0,1,0,0,0,0
401817,24,38,20,14,16,32,20,24
100129254,1,0,0,0,0,0,0,0
342,6,8,7,10,10,10,5,11
107984455,1,1,0,0,2,1,0,1
124901403,2,1,0,2,4,0,4,1
107985228,2,1,0,0,0,0,0,0
92960,6,6,4,7,10,5,7,6
5723,91,119,92,74,56,77,71,65
115,9,4,16,11,11,14,10,8
81488,6,4,8,5,8,7,5,6
653381,139,136,155,120,178,164,147,175
101340250,4,4,3,2,3,3,3,6
8743,1,0,0,0,0,0,0,0
201292,26,26,34,21,36,34,42,41
107985736,0,0,0,1,0,1,0,0
23642,94,136,173,141,180,142,133,148
100288250,3,2,1,0,1,1,0,0
2049,4,7,9,1,5,9,4,4
100302692,1,1,0,0,1,0,1,0
56061,84,80,43,76,78,65,71,79
340527,3,0,2,3,0,0,0,0
124900466,1,1,1,2,2,2,0,1
57649,18,28,10,7,13,12,24,22
60385,0,0,0,0,1,0,0,0
54682,21,23,10,13,9,16,19,14
4714,856,1067,711,690,898,886,872,989
51652,19,20,24,23,33,30,27,37
80723,31,26,20,23,26,38,28,26
100506688,3,0,5,1,3,1,1,3
124901698,1,0,0,2,0,0,0,0
54708,103,132,92,75,80,98,94,96
124905259,2,1,0,4,1,3,2,4
100129566,54,57,28,25,38,49,46,47
105379283,1,0,0,0,0,0,1,1
10924,20,38,11,8,11,7,19,15
124903936,0,0,0,0,0,0,0,0
9759,7,9,6,5,7,4,3,7
23500,6,14,19,14,30,15,19,15
8214,67,78,49,57,76,75,66,67
125242785,4,2,0,2,1,0,2,3
8754,42,53,31,26,29,41,51,56
387787,8,12,5,7,5,6,6,6
56132,1,0,0,0,0,0,0,0
51014,161,208,100,101,120,99,87,109
23047,144,151,119,125,102,117,110,135
1400,7,8,25,32,35,9,18,16
64780,2,3,9,3,9,8,3,7
117608,17,16,11,16,20,5,19,18
440104,7,5,3,4,3,3,5,8
1308,0,1,1,0,0,0,0,3
5621,94,112,59,46,69,72,68,82
100421432,14,22,16,19,15,19,19,14
729816,0,3,4,0,1,0,1,1
105371743,53,70,69,62,86,95,82,91
124903172,5,7,8,3,6,8,8,7
3781,1,0,0,0,0,0,0,1
124904535,0,0,0,0,0,0,0,0
22920,130,148,84,94,147,108,93,121
654254,0,1,0,1,0,1,0,0
124904005,5,4,7,2,2,0,0,2
171019,14,9,9,13,15,16,14,21
100874366,6,5,0,4,4,4,4,2
124905366,1,1,1,0,2,0,1,2
105369705,0,0,0,0,0,0,0,0
152579,27,41,16,5,17,20,28,22
8618,5,3,15,7,10,7,8,12
100132356,2,1,1,0,0,1,0,1
29057,28,31,40,37,53,43,40,43
79932,46,79,62,82,64,57,63,69
440918,1,1,0,3,1,5,1,4
79921,332,324,249,229,350,303,294,328
135228,9,19,25,17,22,22,18,26
5357,31,34,35,35,33,41,44,49
106480681,1,1,1,0,0,2,1,1
85456,11,11,13,5,12,8,21,17
102723331,1,2,1,2,0,3,4,3
105369334,0,1,1,0,0,0,1,0
55138,1,1,1,1,1,0,2,1
101927262,0,0,2,0,0,1,0,1
100270977,1,5,1,3,1,5,2,4
124904010,2,4,2,1,0,3,3,1
100506564,0,0,0,0,0,1,0,0
6392,184,184,106,110,153,117,155,122
102723555,3,2,3,0,0,0,1,1
84068,13,14,7,13,19,10,11,11
100129942,4,2,4,5,1,1,5,2
107986529,0,0,0,0,0,0,0,1
127281,28,42,29,26,32,24,33,41
728433,7,11,4,3,7,16,9,8
103504729,0,0,0,0,0,0,0,0
285266,1,2,0,1,2,2,0,2
6880,321,361,182,152,187,249,248,244
7078,304,290,222,225,256,249,228,285
51479,37,40,38,22,16,27,35,33
55314,12,7,19,21,16,20,17,17
124904086,1,0,7,6,3,10,0,10
114795,2,1,3,1,3,0,0,0
100169953,44061,37923,21112,23594,26860,36970,30459,33655
55629,169,192,111,106,126,116,148,131
84937,15,16,11,10,21,17,18,12
96764,130,158,85,72,85,99,85,96
29909,4,1,1,1,0,2,0,0
729877,1,3,3,3,1,3,2,3
23414,8,8,4,10,8,6,9,13
9972,112,91,70,75,78,75,76,57
9139,16,26,18,19,21,14,17,17
150864,18,33,17,18,15,14,19,11
1871,167,194,162,162,161,185,200,167
122552,1,3,1,0,1,3,0,2
80142,55,50,45,54,64,64,64,73
401288,1,1,0,1,0,0,0,2
57159,2,0,0,1,0,0,0,0
283130,8,5,4,6,3,7,5,4
6943,1,0,1,0,0,0,0,0
7119,2,4,4,1,3,1,2,4
100129819,12,29,26,25,22,30,21,27
56953,7,7,13,10,21,8,11,13
105375475,0,0,0,0,0,1,0,0
124909481,0,1,0,0,0,0,0,0
643447,1,1,2,2,2,8,1,1
170589,3,0,0,1,2,2,1,0
100506462,0,1,0,0,0,0,0,0
81557,14,18,11,13,23,19,18,25
391171,0,1,0,0,0,0,0,1
8448,12,11,16,8,19,12,15,19
22,88,89,119,94,98,114,98,118
64427,11,10,7,6,13,14,16,13
100271360,7,3,6,4,1,6,7,5
102723373,0,0,0,1,0,0,1,0
338758,4,4,4,2,5,6,4,9
105376065,1,0,2,0,0,0,1,0
51095,94,82,56,46,52,42,41,44
23345,11,10,20,12,15,17,12,19
57634,85,99,55,40,83,78,89,86
85360,13,9,8,13,9,10,17,10
105374898,2,0,1,2,1,1,2,1
7726,61,60,34,31,40,51,42,30
643783,0,0,0,0,0,0,0,0
151613,65,50,37,45,25,34,52,48
64064,1,1,0,1,2,0,3,3
23359,7,4,8,8,13,5,13,7
5298,61,72,42,41,49,41,47,50
220429,2,0,0,1,2,0,1,0
54531,10,10,9,9,12,11,14,9
124905527,1,0,1,2,0,0,1,1
92344,18,21,8,9,12,13,13,10
619445,731,825,650,676,815,809,647,792
107986085,2,1,2,0,2,2,1,2
4947,147,202,142,133,148,182,151,174
346990,54,43,32,29,25,51,29,34
114907,22,25,17,29,21,23,13,26
124901915,0,1,0,0,1,0,0,0
388499,2,0,0,0,1,1,0,0
5297,63,57,65,53,70,58,72,80
222696,16,13,6,15,8,14,14,9
107985314,1,1,1,1,0,0,0,0
376412,2,0,1,1,2,0,0,1
100421293,0,0,1,0,1,0,1,1
100422271,1,0,0,0,1,0,1,0
100113421,3,3,0,0,0,1,2,1
349152,4,2,2,2,0,1,4,5
84698,3,4,8,4,5,6,3,7
83719,2,6,8,9,7,10,17,6
100303728,5,8,1,3,0,3,3,3
25758,7,6,10,16,10,5,12,9
10265,13,6,8,9,9,10,8,13
100189201,0,0,0,0,0,0,0,0
160762,0,0,0,0,0,0,0,0
101928296,2,6,5,6,1,6,4,2
102724923,11,9,5,6,9,10,3,5
113839522,0,0,0,0,0,0,0,0
124905305,1,0,0,0,0,0,0,0
100132311,36,50,36,25,29,53,35,35
9536,0,0,3,3,4,0,1,0
92270,8,15,15,12,14,13,6,8
652,13,4,6,11,6,4,15,8
124901011,2,2,1,2,2,0,1,1
9989,52,51,21,15,27,29,40,35
203523,9,6,32,16,21,17,21,30
677825,1,0,0,0,0,0,0,0
246731,5,13,4,3,4,9,10,6
23097,24,15,16,15,31,15,24,15
57001,193,205,171,155,176,194,162,244
124902934,0,1,0,0,0,0,1,0
100169765,2,0,0,0,0,0,1,0
124904111,0,0,2,3,0,1,2,1
105369194,1,0,0,0,0,0,1,0
79898,7,6,2,1,1,10,5,2
57528,1,0,2,1,5,0,0,1
79602,141,152,89,86,77,102,110,98
9627,1,4,9,3,9,5,4,8
101929947,1,0,1,0,0,0,1,0
440563,8,3,5,1,4,5,6,8
388335,13,13,8,3,4,6,13,1
100422076,0,0,0,1,0,0,0,0
105370697,0,1,0,0,2,0,1,0
116969,5,13,8,7,8,10,10,10
164395,3,1,2,0,0,0,0,0
92591,1,0,1,0,0,0,0,1
6901,16,17,18,14,15,22,20,24
105372991,0,0,0,0,0,0,0,0
320,0,0,0,0,1,0,0,1
374,4,1,3,2,0,1,2,2
100130802,53,68,41,31,27,44,48,46
170539,8,4,7,2,7,5,5,10
22937,56,62,48,42,48,67,51,51
134265,1,3,17,16,17,9,18,16
134548,6,5,9,4,4,5,9,4
148479,37,41,42,46,53,48,47,60
692073,3,7,3,6,5,5,4,5
377007,0,0,0,0,0,0,0,0
128667229,5,5,2,2,2,2,3,2
57716,0,2,7,4,7,4,1,2
51239,77,76,53,50,67,50,47,57
10811,3,5,5,3,3,8,2,6
199731,11,14,16,14,14,11,15,17
23281,6,5,1,1,1,3,3,0
3770,9,12,11,4,7,15,6,11
100996492,0,0,0,0,0,0,0,1
100288774,2,1,0,0,0,0,0,0
6897,797,843,557,528,736,717,778,719
2295,17,20,23,25,29,13,20,25
124900420,5,7,3,5,2,1,0,1
113178,3,5,3,3,4,6,6,8
29119,1,0,2,0,0,0,0,0
124903738,0,0,0,0,0,0,0,0
728170,2,1,4,0,2,3,3,1
27330,8,14,10,11,9,15,13,13
105378642,1,1,0,0,0,1,1,0
100652739,0,0,0,0,0,0,1,1
11112,30,41,53,35,52,44,43,50
124904245,0,0,0,0,0,0,0,0
9742,15,19,17,19,24,19,17,10
9542,2,5,3,1,2,3,3,1
400579,4,2,1,0,0,5,5,2
613,27,36,31,32,46,32,40,37
266723,80,87,49,50,81,54,60,73
223,198,210,164,166,186,155,160,202
3096,15,21,22,20,17,18,20,17
6620,2,3,3,2,1,1,0,5
84688,2,2,1,1,0,0,0,1
102724142,0,0,0,0,0,0,0,0
11249,2,3,3,3,3,2,3,3
107984000,5,0,4,4,4,3,1,4
55914,148,139,101,69,98,109,116,122
100271618,4,5,5,5,4,3,9,10
100189214,0,0,1,0,0,0,0,0
6905,126,155,49,60,83,92,86,98
84929,3,5,8,5,7,8,2,4
124900975,0,0,0,0,0,0,0,0
100130750,585,715,590,574,618,608,521,662
79863,72,98,68,52,87,87,95,75
1415,0,0,0,0,0,1,0,1
100422978,0,0,0,0,0,0,1,0
84553,13,13,17,11,17,12,22,25
107986838,0,0,0,0,0,0,0,0
4897,63,89,107,81,105,109,96,107
140719,3,2,2,2,1,2,2,3
93594,50,53,35,20,51,58,52,59
100506325,8,10,2,5,8,4,2,5
100422536,35,43,20,18,18,26,28,21
124904018,0,0,0,0,0,0,2,1
124904397,6,7,9,17,17,11,15,22
654340,9,9,8,3,6,5,15,9
55274,60,49,35,37,62,39,60,34
51380,6,15,7,11,6,9,8,9
124904902,0,0,0,0,0,0,0,0
100132249,2,2,1,3,3,4,2,2
100421579,0,0,2,0,0,0,0,1
729442,1,2,0,0,0,0,0,0
11063,0,1,0,1,0,0,2,0
106635682,62,58,15,25,16,30,38,28
2011,31,26,23,23,20,22,18,18
55635,273,309,160,168,217,218,219,250
343477,62,45,32,39,29,33,38,37
124905585,1,0,0,0,0,1,0,0
9310,6,4,1,1,2,1,4,2
100506696,2,1,0,4,2,1,0,1
124900608,0,0,0,0,0,0,0,0
644388,8,5,6,5,4,5,11,2
101929718,1,0,1,0,1,0,2,1
124904742,0,0,0,1,0,0,0,0
107984396,0,1,1,0,0,4,1,1
105371130,2,0,0,0,0,0,0,0
8464,15,19,38,31,29,31,35,35
9342,34,36,35,30,48,38,32,29
101927237,0,0,0,0,0,0,0,0
2257,9,12,16,10,9,10,17,10
54361,0,0,1,3,2,5,1,2
54497,25,11,21,15,17,25,17,20
100422877,0,0,0,0,0,0,0,0
100131810,1,0,0,1,2,2,1,3
80217,1,0,0,1,0,2,4,6
9959,3,1,0,0,0,0,1,0
79899,2,4,10,5,14,5,2,4
148898,4,6,6,9,8,6,9,7
149647,0,0,0,0,0,0,0,0
9753,26,31,24,21,22,21,17,26
4209,5,9,9,5,12,10,6,15
56946,16,30,23,21,14,22,21,26
201617,0,0,1,0,0,0,0,0
8506,3,4,20,11,17,7,11,10
100270930,14,20,11,11,14,8,10,14
85025,58,62,40,29,53,53,45,61
9670,22,17,13,15,16,16,18,25
101927489,1,0,0,0,0,1,0,0
3975,7,5,10,9,8,6,15,13
105370455,0,2,0,0,0,0,0,0
101928725,1,1,1,0,0,0,0,0
6821,9,14,4,9,9,12,4,9
29118,1,0,0,1,0,0,1,0
100189422,0,0,0,0,0,0,0,0
160410,0,2,0,1,0,1,1,0
388550,0,1,0,0,1,0,0,1
100130196,1,2,0,0,0,0,1,0
100288211,4,6,2,1,17,7,6,8
124902456,13,14,2,5,3,3,5,3
643168,12,6,6,8,3,4,6,1
100189245,1,1,0,0,1,0,0,0
56286,0,2,1,0,0,0,0,0
221424,3,3,0,5,3,3,3,1
124906065,0,0,0,0,0,0,0,0
389644,72,110,49,70,57,117,92,73
100418902,0,1,3,1,1,4,5,3
100189303,1,0,0,0,0,0,0,0
275,1,2,1,0,1,2,1,2
200959,0,0,0,0,0,0,0,0
64377,3,3,23,18,16,12,17,10
81704,3,6,2,3,7,3,9,8
200205,118,82,38,32,32,23,23,39
166379,4,7,6,4,3,2,6,9
114884,3,7,11,11,8,10,7,11
107986775,0,0,0,0,0,0,1,0
644768,0,1,0,0,0,0,0,0
101930275,1,1,0,0,1,2,1,5
728562,10,18,11,2,14,13,15,14
8336,18,15,6,7,5,10,21,18
5874,6,5,5,6,3,7,7,6
57620,55,58,38,25,31,34,23,41
9080,1,0,0,0,0,0,0,0
107986392,0,0,0,0,0,0,0,0
285141,6,7,8,11,20,15,10,15
221692,4,7,6,5,7,4,6,7
124901740,0,0,2,2,2,0,1,1
91433,39,45,39,41,44,43,47,45
124901813,0,0,0,0,0,0,0,0
56834,18,22,16,9,18,3,19,10
84461,37,28,28,23,33,30,26,24
1850,6,5,8,6,7,4,6,10
107984909,0,0,0,0,0,0,0,0
3788,0,0,0,0,0,0,0,1
401265,2,4,1,1,3,5,0,0
401491,1,0,1,1,2,2,3,0
6875,19,26,29,24,19,37,27,29
23654,46,48,99,88,102,70,89,75
84826,17,15,8,10,16,13,21,8
441228,3,7,5,1,6,8,8,6
5554,4,9,3,5,3,4,4,5
101928058,2,0,0,2,1,2,2,3
125144,2186,2375,1880,2084,1717,1670,1685,1791
25937,78,72,64,62,77,69,65,68
84317,21,44,27,18,30,23,25,23
124902372,4,3,3,4,4,3,2,2
112268255,5,14,7,8,1,4,9,6
116238,13,18,7,9,10,12,18,22
79825,0,0,0,0,0,0,0,0
6546,0,0,1,0,1,0,0,0
84105,34,30,24,19,21,29,18,30
651628,76,69,57,55,55,57,42,69
55676,25,21,14,19,16,26,19,24
124907743,1,0,1,0,1,2,0,1
79906,9,8,2,6,6,3,1,4
1294,1,1,0,2,1,0,1,0
100874048,11,12,16,11,17,22,15,23
92370,15,13,8,8,14,10,16,17
106480300,1,1,1,2,1,1,2,1
387055,0,0,0,0,0,0,0,0
1745,30,36,55,42,59,42,27,36
171220,9,11,8,14,11,9,16,14
84964,68,84,78,76,95,87,66,79
2170,1,0,0,0,0,0,0,0
978,6,4,1,3,2,2,8,1
85001,10,10,6,4,2,2,3,2
645312,9,8,3,6,2,6,1,2
100131832,5,2,2,1,1,4,1,2
219445,1,0,0,0,0,0,0,0
5225,0,0,1,0,0,0,0,0
125893,5,8,0,4,5,8,4,3
107984701,1,0,0,0,1,0,0,0
284439,3,4,3,4,8,13,4,8
245806,1,3,3,2,1,2,3,6
644253,0,0,0,0,0,0,0,0
100288513,1,2,3,1,2,2,4,4
646012,1,0,0,0,1,0,1,0
100996717,9,9,15,10,6,8,10,5
124903809,0,0,0,0,0,0,0,0
285074,13,12,26,20,40,25,20,25
415,1,0,0,0,0,0,0,0
84176,0,0,0,0,0,0,0,0
124903719,0,0,0,0,0,0,0,0
54928,57,63,43,35,58,44,51,56
100421577,4,9,3,5,5,8,3,7
57763,48,42,50,73,72,71,77,79
124903130,1,0,2,0,0,0,0,0
10163,275,305,315,303,344,294,263,339
65993,740,877,696,772,975,673,676,736
6817,194,235,198,190,230,266,246,349
7179,0,0,1,0,2,0,0,0
203414,6,5,12,8,10,10,9,11
100270836,0,0,1,0,0,0,0,0
84222,11,29,21,10,20,29,15,27
3872,4,3,3,2,5,4,1,4
100861532,4,4,7,4,8,7,6,5
105374334,0,0,0,1,0,0,0,2
374443,22,9,5,13,12,11,13,7
348958,3,3,4,9,1,4,3,2
646171,1,0,1,2,0,2,0,0
100500909,0,1,2,0,3,0,1,0
105373000,1,0,0,0,0,0,0,0
109286553,523,560,208,186,258,345,290,341
101927979,3,3,0,3,2,5,4,2
440952,1,0,0,0,1,0,0,0
494197,1,1,0,0,1,0,1,0
392206,70,62,59,54,49,74,67,53
5947,34,43,36,24,39,37,45,39
2311,0,0,0,0,2,1,0,0
8370,5,7,3,1,1,6,1,2
124903528,0,0,0,0,0,0,0,0
6814,58,73,62,45,68,54,47,81
333932,7,10,4,4,2,0,3,4
1519,3,3,7,0,3,3,1,1
124901995,4,2,4,5,7,6,3,9
100505921,1,0,0,1,0,0,1,0
374659,161,182,147,111,176,141,155,161
101927420,7,9,14,10,18,11,13,17
57476,4,3,5,5,10,7,11,9
100379661,1,1,1,0,4,0,1,1
5833,15,7,10,15,17,19,16,21
9400,18,16,20,20,13,20,23,22
114819,1,1,0,0,0,1,0,0
441054,3,2,3,2,2,3,2,1
55152,42,36,43,53,49,34,52,44
388324,3,1,1,1,0,3,2,0
730094,13,26,17,16,8,11,12,20
403340,0,1,0,0,0,0,0,0
100129517,15,10,7,4,8,5,13,9
124904952,0,0,0,0,0,0,0,0
170506,350,402,247,212,337,343,296,355
124904307,0,0,0,0,0,0,0,1
5427,28,31,22,21,22,23,28,33
283455,5,6,10,5,1,9,3,4
124901575,0,0,0,0,0,0,0,0
101929053,8,2,3,1,3,2,5,3
132228,1,0,1,1,0,1,1,0
113026,10,29,17,27,25,25,25,29
29988,15,18,8,8,11,14,14,9
100379299,8,8,5,3,5,14,4,7
102465452,0,0,0,0,0,0,0,0
2113,7,2,2,3,5,5,4,4
100874205,1,0,0,0,0,0,0,1
57731,2,2,2,1,2,4,1,4
79946,30,40,44,51,34,64,56,58
256646,0,0,0,0,0,0,0,0
57010,0,0,0,0,0,0,0,0
2487,0,1,0,1,2,1,0,0
101927167,3,5,5,10,10,7,4,14
124901332,0,1,0,0,0,0,0,0
23479,137,151,109,115,172,111,108,124
84725,23,34,22,25,23,20,31,24
9127,1,0,0,0,0,0,0,0
645807,5,2,3,0,1,6,2,2
100132781,1,0,0,0,0,0,0,0
455,1,1,1,1,1,0,0,2
10038,103,121,109,91,128,129,121,116
106480960,0,0,0,0,0,0,0,0
653214,603,691,438,521,629,574,562,603
645257,2,3,1,0,1,1,4,2
6722,63,60,41,42,33,36,50,55
124901022,2,0,1,2,0,1,2,1
100507533,1,2,4,1,5,2,1,3
57507,107,91,54,55,51,41,59,55
112268170,7,10,11,15,11,15,15,11
79730,2,7,1,3,1,4,8,6
53,36,37,11,6,6,18,16,18
147699,18,17,21,13,23,16,10,12
100289319,1,0,0,0,0,0,0,0
6253,4,10,6,13,15,17,15,13
100129591,25,24,12,19,20,20,14,24
124902516,0,0,0,0,0,0,0,1
100652748,6,7,5,5,2,4,3,2
107987245,8,6,1,4,3,8,0,3
22999,1,0,0,0,2,2,2,2
256355,12,11,9,13,6,17,8,12
123706513,5,7,8,6,9,9,10,5
1952,20,19,34,31,48,30,29,24
342865,3,6,13,14,9,7,9,7
102724450,2,0,2,1,0,0,1,1
105374187,1,0,2,0,0,1,2,0
84081,893,826,551,538,743,700,629,806
105378622,1,1,0,0,1,0,1,0
730202,13,11,11,13,10,8,10,15
710,1,1,3,11,4,4,2,3
124903593,1,0,0,0,0,0,0,0
3186,7,4,3,9,7,7,8,7
105221694,1,2,19,8,18,1,0,1
10877,0,0,0,1,0,0,0,0
105376860,0,0,1,0,0,0,0,0
9048,0,0,1,0,0,2,4,3
124909487,4,5,0,2,4,8,5,11
359803,8,14,7,3,11,8,7,3
124900732,4,5,0,1,1,1,0,0
402150,102,138,104,81,85,126,107,104
353116,29,27,41,26,29,31,49,32
202134,0,0,0,0,0,0,0,0
101928243,1,0,2,0,0,1,0,2
474337,1,2,2,0,2,3,2,2
124904154,1,2,2,0,1,0,0,2
376693,13,20,17,16,20,18,10,17
112268307,0,0,0,0,1,1,0,0
201456,0,0,1,0,1,1,0,1
55343,16,22,14,15,17,14,15,13
102725180,2,0,0,1,0,1,1,4
105377584,0,0,0,0,0,0,0,0
51491,292,293,134,107,145,175,146,172
285761,15,13,17,16,18,14,10,25
643180,35,49,18,35,36,47,37,45
100270993,7,8,6,5,3,6,5,6
124900812,2,2,5,2,0,0,0,1
375790,19,26,38,45,48,31,26,30
203228,17,14,14,9,21,22,16,15
54049,19,20,7,17,10,8,9,9
604,2,7,11,12,15,13,4,7
727747,23,30,22,18,22,23,30,31
730051,17,24,10,10,6,3,7,12
112267958,0,1,1,2,0,1,1,0
344787,1,3,0,1,1,1,0,1
124902487,0,1,0,0,0,0,0,0
56943,635,727,286,304,347,390,330,432
124901281,0,0,0,0,0,0,0,0
333,28,38,52,42,72,43,40,52
90338,23,17,14,19,23,9,13,18
221180,0,1,0,1,0,0,0,0
55890,20,19,21,25,25,14,8,23
124902419,0,0,0,0,0,0,0,0
100420046,10,20,8,4,7,11,11,6
102723603,2,1,1,0,0,0,1,0
3745,2,0,2,1,0,1,0,4
51058,46,65,46,40,48,56,36,58
91300,17,15,10,9,14,10,14,10
222161,18,16,19,13,22,17,18,16
107985749,3,9,2,3,6,3,4,3
7220,10,15,19,8,6,16,15,20
101927402,1,2,0,0,0,1,0,2
284996,58,56,47,44,38,36,41,45
100128292,9,11,10,9,11,12,15,11
54873,2,0,0,0,1,3,0,0
100288252,31,47,31,25,20,36,33,29
90678,11,17,15,13,21,24,19,17
2681,0,1,0,0,0,0,1,2
57110,12,14,17,19,22,12,13,14
253959,46,46,53,32,48,45,43,45
91252,19,9,15,10,12,13,20,25
100419161,0,0,0,0,0,0,0,0
132932482,1,3,4,1,1,0,4,1
387763,8,7,20,13,22,17,16,16
100271652,99,91,103,66,75,72,55,97
101929983,0,0,0,0,0,1,0,0
28999,2,5,5,5,5,9,8,7
100049716,3,6,0,1,1,2,5,2
339829,3,1,0,0,2,0,0,2
107984476,0,0,0,0,0,0,0,0
124903159,7,1,4,2,0,4,1,2
115650,5,5,4,6,5,3,3,1
728342,1,1,0,0,0,0,0,0
729673,5,12,6,7,6,11,9,8
23351,20,23,33,33,32,24,28,23
285704,18,21,28,24,21,21,20,21
55041,83,95,60,49,77,56,59,69
729023,1,0,0,0,0,0,0,0
124904647,0,0,0,0,0,0,0,0
100421258,9,11,7,4,7,2,7,8
84449,6,10,3,6,3,3,5,8
221035,207,212,90,80,83,113,129,147
1499,717,789,423,607,273,344,456,423
105376844,6,9,7,8,8,6,5,7
1311,0,0,0,0,1,1,0,2
10585,84,75,31,48,55,52,68,71
105374226,1,3,1,1,0,1,0,2
105379063,0,0,0,0,0,2,0,0
55224,10,20,21,19,26,23,24,23
387044,38,37,25,22,18,49,27,22
6629,578,685,344,351,424,385,393,471
148281,4,3,3,4,11,6,5,1
283008,1,0,0,0,1,0,0,0
155400,20,34,22,20,26,36,25,27
124900423,3,5,4,5,1,4,1,3
124044,11,4,6,7,7,5,8,9
729096,1,0,0,0,0,0,0,0
3764,9,9,11,9,21,10,15,19
344901,9,7,5,2,13,1,4,7
100190952,42,56,35,19,28,42,32,39
51072,27,30,13,12,17,22,33,27
100113373,32,58,22,25,12,41,24,33
1358,1,1,0,0,0,1,0,0
153918,0,0,0,0,0,0,0,0
645204,0,0,0,0,0,0,0,0
23649,63,50,33,47,56,48,50,41
55129,33,38,32,28,34,47,37,30
11155,1,0,0,0,1,0,1,0
105378856,1,0,0,0,1,0,0,0
340780,3,3,2,2,3,1,2,1
100272217,2,1,2,1,5,1,2,4
4540,1367,1307,1182,730,734,1184,1206,1466
27037,66,70,69,66,70,73,77,72
106479660,0,0,0,0,1,0,0,0
55765,0,1,2,0,1,3,2,3
10391,5,1,3,0,3,1,3,2
26056,10,13,15,11,13,14,11,9
107986813,1,0,2,1,0,1,2,2
100288778,34,42,49,40,48,40,55,37
51384,2,3,2,3,2,1,5,6
3908,0,0,0,0,0,0,0,0
8082,5,7,5,10,7,5,11,10
677781,2,1,1,3,10,5,2,3
105370906,0,0,0,0,0,0,0,0
340571,0,0,0,0,0,0,0,0
124900981,0,0,0,0,0,0,0,0
729079,3,1,8,2,2,4,1,1
112268317,2,0,0,1,1,2,1,1
728505,1,1,0,0,2,0,1,0
254700,1,1,0,1,1,1,0,3
100288798,2,2,0,1,3,2,2,3
4640,1,0,0,0,0,2,1,1
100141515,1,0,0,0,0,0,0,1
100131564,9,10,8,6,13,13,12,11
124904996,10,6,8,5,7,5,4,5
83595,5,10,4,7,8,4,9,9
124905124,1,0,0,0,0,0,0,0
90317,16,20,13,8,8,12,7,9
1368,17,23,10,4,14,15,11,13
493900,0,0,0,0,0,1,1,0
57060,9,10,8,4,16,11,11,8
353238,0,0,1,0,0,0,0,0
57101,0,1,0,0,0,0,0,1
144608,9,14,8,4,4,7,6,8
152559,32,34,30,14,25,18,31,25
284023,4,3,4,5,6,2,1,5
84996,42,67,78,70,87,92,83,74
111216284,1,0,2,1,2,1,0,3
100129454,2,2,1,0,2,5,2,1
130700,1,7,6,3,3,5,2,3
124904630,4,0,0,1,0,0,0,2
102723575,1,0,0,0,0,1,0,1
8510,2,0,0,2,0,0,0,0
528,66,76,33,28,29,49,40,52
106633801,1,0,0,0,1,0,0,0
3707,10,15,10,6,7,14,15,11
400823,1,3,4,3,3,6,0,1
80739,2,0,1,0,0,0,0,0
654433,0,0,0,0,1,0,0,0
102724117,9,13,13,8,9,10,13,12
105375401,1,0,3,3,2,0,3,3
196463,28,24,20,17,15,11,23,21
106481171,2,0,1,0,1,2,1,1
1718,401,419,142,118,171,172,181,204
124901038,0,0,0,0,0,0,1,0
9948,268,243,99,101,126,146,150,137
100506330,2,1,0,1,0,0,0,1
8653,5,5,0,0,1,1,4,0
145864,13,5,9,16,12,17,10,14
79570,6,1,4,9,5,2,3,8
280661,446,544,266,242,232,323,380,354
29948,1,1,1,0,2,0,0,1
5898,154,189,128,106,143,139,141,146
5033,124,112,249,265,244,140,129,143
51011,127,103,122,120,154,103,86,113
391130,15,21,18,15,6,15,12,8
401577,4,2,8,6,8,1,1,3
101928154,0,0,0,0,0,0,0,0
123706532,2,0,0,1,0,0,1,0
730087,22,22,11,14,12,21,15,10
58527,262,313,243,204,275,293,257,279
441775,89,67,72,68,47,80,74,72
404766,4,1,0,2,1,1,2,1
105377105,0,1,1,1,0,1,0,0
3142,3,11,13,5,14,7,7,8
105370861,1,1,0,0,0,0,0,0
124907744,3,2,3,5,1,0,2,3
57605,6,4,3,3,8,1,5,0
4008,28,18,22,33,38,44,42,49
23563,1,0,2,0,0,0,0,1
55859,378,371,240,242,306,344,296,349
9722,2,4,3,2,4,4,2,5
10090,11,7,23,17,18,15,24,24
249,2,2,4,4,0,3,5,1
6004,195,171,227,222,260,259,234,277
100189188,1,0,0,1,0,1,0,0
102723665,4,7,0,1,1,1,7,3
170958,8,7,4,2,5,2,8,3
101927017,0,0,0,0,0,0,0,0
100507642,0,1,0,0,0,0,0,0
10953,136,163,123,115,170,119,135,141
124906307,1,0,0,0,0,0,0,1
105374773,1,2,0,1,1,1,0,1
124904474,1,1,0,0,0,0,0,0
100189017,1,0,0,0,0,0,0,0
550644,14,10,14,7,18,13,22,15
67,18,17,5,2,3,5,5,8
222487,0,0,1,0,0,0,0,1
105374455,1,0,0,0,1,1,0,0
27120,5,2,2,1,3,3,2,3
105373242,0,0,0,0,0,0,0,0
22881,23,10,22,17,16,18,28,22
641614,2,0,0,2,0,3,0,2
160419,0,1,1,0,0,0,0,0
125113,6,6,3,5,6,12,9,26
100270972,0,1,1,1,0,0,4,0
100130733,1,1,0,0,0,0,1,0
102724601,2,2,0,0,1,0,5,1
407021,0,1,0,0,0,0,0,0
105376473,0,1,1,0,0,1,0,0
26778,2,0,0,2,1,1,2,1
997,55,64,45,41,47,47,59,45
342666,0,2,1,3,3,2,1,1
79822,18,10,13,8,13,12,16,17
100189259,2,0,0,0,1,1,0,1
55835,96,112,74,91,97,116,86,91
24146,10,12,8,5,6,10,6,12
100420734,1,1,0,0,0,0,0,0
387597,7,4,3,1,3,7,6,8
27090,8,12,23,28,21,19,20,22
124904692,0,1,0,0,0,0,0,0
10188,5,8,5,14,8,17,12,6
734,23,11,16,12,27,16,23,17
54972,14,14,9,9,16,17,12,19
2199,0,0,0,0,2,0,0,0
164592,1,0,0,0,1,0,0,0
5595,31,41,84,58,84,69,58,67
402778,1,2,1,1,0,2,1,2
6774,80,89,70,49,70,61,49,56
120766140,0,0,0,0,0,0,0,0
5241,6,2,3,2,1,3,3,6
100189144,1,2,0,1,1,0,0,0
54854,2,0,0,0,0,1,0,1
651746,9,10,17,21,27,15,20,21
2081,3,2,5,6,11,8,4,8
11343,5,4,15,6,6,6,4,8
646050,2,8,0,1,0,1,3,5
102723750,1,2,0,1,0,0,0,1
124902339,2,4,0,0,0,1,3,2
26772,2,7,5,7,7,2,2,6
107985181,0,0,0,0,0,0,0,0
285706,0,0,0,0,0,0,0,0
107986299,0,1,0,0,0,0,0,0
10248,515,579,287,279,368,309,309,325
124902026,1,0,2,1,1,1,0,1
11099,4,6,5,1,0,6,4,3
124901737,0,0,0,0,0,0,0,0
107985259,2,0,0,0,0,0,0,0
105372349,0,0,0,0,0,0,0,0
100534593,2,0,0,0,0,0,1,0
7867,24,29,37,33,40,33,25,25
727838,0,0,0,0,0,0,0,0
645832,1,0,0,0,0,0,0,0
347363,3,1,2,1,1,0,0,2
54879,21,48,23,13,32,26,29,26
100271569,2,1,0,0,0,0,0,1
283050,1,0,0,1,0,0,0,0
124903351,0,0,0,0,0,0,0,0
1470,0,0,0,0,0,1,0,0
107985840,1,1,0,0,0,0,0,0
105378604,1,0,1,0,0,0,0,1
118568811,5,9,2,2,3,8,6,6
644462,14,14,15,20,15,16,20,20
8705,1,2,4,3,2,1,2,4
55380,1,1,2,1,0,1,1,0
23176,71,90,55,57,76,83,63,74
729506,2,1,0,3,0,1,0,0
1580,0,0,0,0,0,0,0,1
595098,0,1,0,0,1,1,1,2
256536,0,0,0,0,0,0,1,0
100689229,6,14,11,7,10,17,15,11
132160,4,3,5,2,2,4,4,0
5310,8,12,17,13,11,12,15,7
8517,5,3,5,2,4,3,4,3
107984143,0,0,0,0,0,0,0,0
105370550,1,1,1,1,0,1,0,1
319115,108,151,95,92,133,101,93,105
2972,35,25,19,13,18,15,24,13
2922,0,0,0,1,0,0,1,0
109729180,2,9,1,0,1,6,6,1
4832,234,254,274,290,343,275,264,304
730043,3,2,0,3,0,1,1,1
453,1,1,0,0,0,0,0,0
100134259,0,0,0,0,0,1,0,0
101930105,0,0,0,1,0,0,0,0
92797,11,20,9,8,13,9,13,7
6143,8459,9154,7965,7372,9087,8321,7354,8519
6773,27,34,89,57,41,34,41,52
124905263,0,0,0,0,0,0,1,0
2150,39,31,25,28,40,29,29,32
100507403,3,9,1,0,2,1,1,0
389895,4,2,2,2,1,0,1,2
130916,79,78,31,40,49,39,35,43
105375700,1,2,1,0,3,4,5,2
644082,1,1,0,1,1,0,1,0
118568819,5,7,7,2,7,9,4,10
124904325,0,0,0,0,0,0,0,0
114034,68,104,51,37,46,50,44,49
26579,0,0,0,0,1,1,0,0
124906303,1,3,1,1,0,0,4,2
150962,3,2,3,4,4,3,4,2
9170,3,4,5,2,4,10,1,7
126272,16,20,25,26,24,38,31,35
124906092,3,1,0,1,0,0,1,1
100189151,0,1,3,0,3,1,0,2
124900417,3,4,2,4,1,1,3,2
105375497,1,0,0,0,0,0,0,0
105374897,3,2,2,0,2,0,4,0
124904382,1,0,0,0,0,0,0,0
102723626,1,0,0,0,1,0,0,1
54522,9,13,8,11,22,14,15,15
4909,0,0,0,1,0,1,0,0
118567325,12,4,12,12,19,21,26,25
81619,27,25,25,21,29,29,21,23
124901681,2,4,3,0,1,0,1,1
80162,3,7,11,7,6,7,8,7
124905421,0,2,1,3,7,3,5,4
441160,8,9,1,5,1,6,10,6
51016,64,89,51,60,76,65,83,100
124900814,5,2,1,2,2,2,3,1
107105280,1,1,0,0,0,0,0,1
124900802,0,0,0,0,0,0,0,0
112268371,0,0,1,0,0,0,0,0
105372766,0,1,0,0,0,0,0,0
10773,13,14,8,11,18,12,22,8
100271884,7,19,9,3,9,12,14,6
105371630,1,1,1,1,0,1,0,0
8572,1,0,0,0,0,0,0,0
26149,2,2,2,1,2,2,7,3
84310,354,390,192,190,273,251,278,288
729920,1,1,2,0,2,1,1,3
124904737,2,2,0,1,3,1,1,1
23220,3,4,1,4,8,4,5,5
388564,1,0,0,0,0,0,0,0
6442,0,0,0,0,0,0,0,0
101927687,2,1,3,1,0,0,0,2
729082,219,215,185,197,223,239,190,259
6405,1,0,3,3,4,2,1,4
101928363,0,0,0,0,0,0,0,1
101929145,3,7,0,0,0,2,1,2
388381,0,1,0,0,0,1,1,0
100130001,2,2,1,0,3,1,2,1
100289361,6,9,9,5,9,13,11,15
157680,12,18,9,14,18,23,21,23
283440,3,12,5,6,7,13,12,9
127239154,1,1,0,3,1,1,1,2
124903728,0,0,0,0,0,0,0,0
100189247,2,8,3,3,3,5,2,1
23030,30,47,56,50,46,36,43,49
4150,403,419,242,277,290,252,302,226
124905093,1,2,1,4,4,1,1,1
254896,3,3,0,0,1,0,3,1
286530,1,0,0,0,0,1,0,0
102724262,1,0,0,0,2,1,1,0
219743,76,75,53,63,47,63,67,73
101929224,8,4,3,3,7,3,1,3
10255,4,2,5,2,5,1,3,2
51282,205,215,154,163,180,167,160,181
93611,21,21,17,12,21,22,10,18
111822955,0,0,0,0,0,0,0,0
100310852,14,19,8,7,9,10,15,14
84000,1,0,0,0,0,1,0,0
161829,2,0,0,0,1,0,0,0
195827,48,78,43,40,38,36,50,44
124905599,0,0,0,0,0,0,0,0
3351,1,1,0,0,0,0,0,0
677846,11,4,3,3,4,3,4,5
100189399,5,7,3,2,3,0,3,4
4881,2,0,1,1,0,5,4,6
100861431,0,0,0,0,0,0,0,0
51433,468,566,254,257,336,394,372,404
105378460,0,1,0,0,0,0,0,0
100131092,2,2,0,0,0,0,0,0
101928256,1,0,0,1,0,2,1,2
5355,486,532,429,366,504,429,431,445
54797,23,29,16,14,12,23,16,20
100129871,4,3,3,2,0,3,1,2
105378523,4,3,7,4,2,6,4,8
100271141,3,1,0,2,1,2,1,0
105375819,0,0,0,0,0,0,0,0
94297,0,1,0,0,0,0,0,0
3,0,0,0,0,0,0,0,0
55472,0,0,0,0,0,0,1,0
105373249,2,3,7,1,3,13,4,2
1517,0,0,0,0,1,0,0,1
84984,15,14,9,5,10,5,13,21
26137,5,4,7,17,8,9,14,16
100049614,1,0,2,1,1,0,1,0
107985528,1,1,0,0,2,0,0,0
126506,17,12,13,12,10,10,12,15
9232,1027,1205,637,599,839,819,752,871
392226,0,0,0,0,0,0,1,0
404734,0,1,1,0,0,0,0,0
107397392,2,0,1,1,3,0,1,1
105372753,2,1,0,1,1,0,1,0
25960,2,5,4,5,7,3,8,9
100419579,1,0,0,0,0,0,0,0
2932,65,47,30,40,35,33,38,26
124903795,0,1,0,0,0,0,0,0
100422712,11,21,5,8,8,11,10,7
23550,1,0,3,2,3,1,3,0
55374,9,11,4,8,5,14,14,15
146227,0,0,0,1,2,0,0,0
124903558,5,1,2,4,4,2,4,5
285800,0,0,0,0,0,0,0,0
285193,24,30,15,19,21,17,22,25
9672,14,14,25,21,25,10,19,13
55273,10,6,19,12,17,11,23,13
1756,8,16,12,11,6,13,15,10
2825,3,1,0,0,0,0,0,0
6609,10,5,3,1,2,3,10,4
51200,0,2,0,0,0,0,0,0
100421353,0,1,1,4,2,6,1,1
9283,1,5,0,2,0,0,2,1
22934,62,67,50,51,49,31,44,36
54510,3,5,7,7,7,5,8,4
105377633,3,3,1,3,3,2,1,1
124909347,1,1,4,2,5,6,6,6
124900222,0,0,0,0,0,0,0,0
9028,1,4,2,2,0,1,3,0
124900442,2,0,0,0,0,1,1,1
6709,62,42,66,51,64,61,68,63
9953,31,31,31,35,35,52,27,34
105375591,2,6,14,8,3,8,7,9
9905,8,6,19,13,20,14,13,20
343263,1,0,0,0,0,0,0,1
5274,11,11,5,1,5,6,3,7
375033,0,0,0,0,0,0,0,0
100132606,1,1,0,0,0,0,0,2
120449,1,0,0,0,0,0,0,0
6096,1,1,0,0,1,0,0,0
51194,3,4,4,2,7,1,2,5
79080,361,447,123,137,172,162,167,170
4578,5,8,2,4,9,11,10,8
23481,225,230,99,100,108,115,114,112
124901705,0,0,0,0,0,0,0,0
79954,146,143,88,72,100,99,85,97
3240,0,0,0,0,1,0,0,0
339500,73,69,42,40,42,39,48,54
105373195,2,0,1,0,1,2,1,3
100132529,0,0,2,0,3,1,1,2
23274,27,29,19,16,22,20,17,15
219844,13,13,5,7,6,9,10,13
105375210,4,2,4,4,2,0,1,3
10769,31,29,22,11,9,22,13,13
284194,1,0,0,0,0,1,0,0
4854,2,3,10,10,4,9,4,11
100506385,0,1,0,0,3,1,3,2
124905581,0,0,0,0,0,1,1,1
728195,3,5,3,5,1,3,1,5
100129075,3,7,4,6,7,4,1,7
101929057,1,4,1,1,1,2,3,1
391504,11,11,11,7,5,12,12,12
5737,1,0,0,2,2,2,4,3
54414,21,15,8,13,19,20,21,15
79156,7,10,11,19,21,11,17,19
100422414,0,0,0,1,0,1,0,0
647076,54,74,38,29,45,48,46,40
124902853,1,1,1,0,0,0,0,3
101928045,0,2,3,3,1,1,2,2
54718,5,6,4,2,5,6,6,6
140735,74,76,45,30,40,54,44,55
201176,8,4,8,9,1,2,3,8
283267,13,11,22,22,23,22,20,21
342541,11,15,8,6,6,8,13,8
64411,4,3,7,7,12,6,8,3
9515,2,1,4,7,5,0,0,2
124902669,2,1,0,2,0,2,0,1
646044,5,10,11,17,14,13,8,11
9654,45,37,38,27,44,28,44,37
9962,60,60,16,15,25,17,21,23
83642,16,14,37,25,52,24,44,20
124905561,5,3,4,5,5,10,5,9
623,0,0,0,0,0,0,0,0
51427,23,32,20,15,32,21,23,32
2073,2,2,1,0,0,0,0,0
400818,32,26,32,30,19,28,27,27
3188,5,5,6,2,6,9,8,4
256158,0,1,0,0,0,0,0,0
100873969,1,0,0,0,0,0,0,0
105375261,3,3,1,3,1,5,2,6
654382,10,9,8,10,12,9,9,9
101927221,0,0,1,0,5,1,1,2
11049,14,9,5,3,11,7,10,3
26234,108,102,111,97,144,135,115,120
100288661,3,2,2,3,0,2,1,4
79796,38,46,29,25,16,28,29,32
1310,4,5,10,9,6,6,3,4
100134938,0,0,1,1,0,0,1,0
202051,10,14,1,11,12,9,9,15
5710,510,579,405,381,501,504,438,494
128710,29,49,20,22,27,24,17,31
359775,1,0,0,0,1,0,0,0
677820,4,0,1,2,2,0,2,1
84913,1,0,1,1,2,1,2,0
124903478,0,0,0,0,1,0,0,1
4558,76,108,194,203,263,171,138,191
107984156,9,11,16,7,14,13,12,8
10206,108,142,83,97,91,105,96,115
388121,0,2,0,0,0,2,0,1
8608,0,1,0,0,2,3,0,0
283523,15,17,12,7,21,13,14,9
124906212,1,0,0,0,1,1,0,1
10317,0,3,2,1,5,2,0,1
100499483,2,0,0,0,0,2,1,0
9846,5,3,12,8,11,9,4,8
1731,8,17,8,13,9,15,12,15
26095,2,3,0,1,1,2,0,2
124901767,1,1,0,0,1,0,0,1
100287653,78,66,47,22,62,45,75,86
219539,1,1,0,1,1,0,2,0
10267,98,122,113,98,115,72,68,82
100421351,29,9,14,17,22,21,23,22
9702,175,173,184,149,184,173,175,182
26220,7,8,10,13,15,11,17,11
100129460,2,2,6,3,5,5,5,8
80352,0,1,0,0,0,0,1,0
642958,29,14,17,14,25,27,25,15
107985615,3,1,1,1,1,2,0,0
57589,13,9,12,13,7,10,24,16
1815,4,3,3,2,3,2,5,1
8120,3,2,4,1,8,1,2,6
100996660,0,3,2,4,1,1,0,1
391696,1,9,3,6,8,7,7,8
152905,43,49,24,24,30,32,33,43
3988,62,67,67,70,83,63,50,77
124903627,0,0,0,0,0,0,0,1
360166,9,21,6,6,17,11,8,5
105374155,0,1,0,0,0,0,0,0
5871,3,7,4,3,10,6,5,3
195828,12,15,13,13,17,8,12,20
4199,126,130,113,119,146,125,130,157
124902110,2,0,1,1,1,1,1,0
1747,2,2,0,0,0,2,0,2
107984192,0,0,0,0,0,0,0,0
554236,3,2,7,4,4,7,8,4
55171,42,44,16,26,18,21,24,25
1740,2,1,1,1,3,4,1,1
100421632,0,0,0,0,0,0,0,0
283417,17,23,9,11,9,9,10,18
598,9,8,8,6,11,10,5,7
33,5,5,6,5,4,5,1,4
5148,1,1,0,0,1,0,0,0
105376958,0,1,1,3,1,1,1,0
102724528,12,11,7,6,5,11,7,14
3448,0,0,0,0,0,0,0,0
100131535,62,83,51,55,33,77,57,65
7022,18,13,13,26,18,19,14,13
2888,8,11,6,11,15,12,8,17
158158,36,28,27,28,29,24,33,30
7042,3,3,12,6,5,5,7,7
11137,509,540,291,253,362,372,326,355
4440,84,80,120,98,58,79,78,78
83903,6,12,8,9,8,6,7,10
8455,17,21,23,20,21,24,25,18
109729173,6,10,5,2,5,2,6,8
105372281,1,1,0,0,0,1,0,0
51438,1,0,0,0,0,0,0,0
3785,27,32,38,32,39,28,24,23
284,2,2,2,1,3,2,2,4
59353,0,1,0,0,0,1,0,0
100129295,1,1,0,1,1,2,0,1
494115,202,223,100,115,152,145,137,149
204010,3,1,0,2,0,1,0,1
100271456,0,0,0,0,0,0,0,0
401010,24,24,12,16,19,19,13,15
100132358,12,12,6,8,8,13,11,12
124902970,0,0,0,0,0,0,0,0
728215,0,1,1,1,0,0,0,0
105374795,1,2,1,0,0,0,2,0
51171,2,5,1,2,4,4,4,3
106481111,1,0,2,0,2,3,8,4
10216,1,3,1,2,0,0,1,0
101926943,1,2,0,0,0,1,0,0
8335,3,3,1,0,4,1,1,2
105372407,0,0,0,4,1,1,0,1
606551,5,4,7,3,7,7,3,2
54981,15,15,36,24,51,51,26,44
353355,13,19,9,6,8,13,10,6
85449,0,0,0,0,0,0,0,0
112268077,0,0,0,0,0,0,1,0
2896,179,215,177,182,211,237,212,227
55814,350,363,320,261,335,342,298,373
692086,2,2,3,4,2,2,1,5
1798,37,62,32,29,40,50,57,33
9891,32,54,32,28,28,31,23,32
9971,0,0,1,0,1,1,1,0
360,5,6,3,0,2,4,6,7
401612,2,2,2,0,1,4,4,5
728664,3,1,0,0,1,1,0,0
631,10,10,4,3,5,9,4,6
283547,0,1,0,0,0,0,0,0
124900515,2,3,1,1,3,0,1,2
124901071,4,7,3,3,3,6,2,2
127003,1,0,0,0,0,0,0,0
5280,0,1,0,0,0,0,0,0
153684,0,2,1,1,0,3,0,0
64925,17,18,9,4,12,17,9,6
9751,4,2,3,2,5,3,6,9
55259,2,2,2,2,0,0,1,2
55620,0,1,2,1,1,0,0,0
342977,1,0,1,1,1,6,2,1
105375421,1,2,0,0,0,2,1,1
150596,1,0,0,0,0,0,0,0
105374584,1,0,0,0,1,0,0,1
347252,17,17,2,2,1,14,13,15
728732,6,18,12,10,7,17,9,11
11198,926,891,604,544,800,656,584,827
124900711,0,1,0,2,0,2,1,1
124900382,3,0,0,0,0,0,0,0
170514,3,4,1,2,1,6,1,4
105370687,9,9,1,8,6,8,4,6
124905171,1,1,0,0,0,0,0,0
286205,1,2,5,6,4,8,4,5
9856,5,2,1,1,2,4,4,2
128966704,0,0,1,1,0,0,3,2
100420878,11,7,8,6,5,12,8,6
5562,74,57,45,55,42,41,56,80
101929431,1,0,0,0,0,0,0,2
643276,13,15,7,5,7,12,10,13
100129552,6,9,4,3,5,7,8,5
105379377,1,0,0,0,0,0,0,0
257407,5,3,6,8,5,5,2,5
105375430,1,3,2,6,5,2,5,5
84978,8,6,8,8,12,8,4,8
100996579,7,4,2,2,2,5,1,2
105376176,5,2,5,0,1,0,1,4
728953,2135,2457,2446,2348,2635,2366,2038,2483
55297,156,169,119,112,155,130,122,151
1333,7,9,2,7,8,10,6,5
56139,2,4,3,0,1,2,0,0
124903626,2,2,2,1,2,1,0,2
114515520,0,0,0,0,0,0,0,0
102724560,39,57,45,66,48,56,52,60
105370363,4,1,2,1,2,1,1,1
152002,26,25,27,15,26,26,29,19
124900165,4,1,5,0,2,1,1,3
3310,5,1,0,0,0,0,0,1
100133255,9,11,5,3,10,4,5,14
79705,4,5,5,7,2,10,7,9
105374329,1,0,0,0,0,0,0,0
124902898,1,0,0,0,0,0,0,0
441518,57,57,38,32,53,52,52,52
140730,7,7,18,16,12,11,12,7
79809,34,18,29,25,54,18,23,20
100271289,19,21,18,32,36,24,29,29
170692,0,0,0,0,1,1,2,0
8499,2,5,7,8,7,5,8,4
375484,26,24,35,26,31,35,44,39
124903388,1,2,1,2,1,2,2,1
120766150,1,0,2,1,0,2,0,2
16,159,164,159,163,175,264,243,267
55080,2,1,1,0,0,0,0,1
100507135,2,3,1,0,1,2,0,0
100189228,1,1,0,0,0,0,0,0
5999,2,0,1,0,2,0,2,0
100270945,2,5,2,2,3,5,4,3
1933,1450,1780,1440,1321,1688,1494,1329,1498
155061,20,11,17,17,14,18,15,8
100506495,3,0,3,2,2,3,6,6
124905432,0,0,0,1,0,0,0,1
401565,9,18,1,3,1,4,5,4
112,9,10,30,16,19,11,15,20
2974,1,0,0,2,1,0,0,1
284825,1,0,0,0,0,0,0,0
106479717,0,0,0,0,0,0,0,0
124903083,2,1,1,0,1,0,1,1
112267937,1,0,0,0,0,0,0,0
124905433,0,3,1,2,2,1,0,1
102606463,3,4,2,3,4,3,7,8
103156999,20,31,18,16,22,18,26,19
57488,47,54,59,33,43,52,59,51
7317,233,223,243,222,298,277,297,310
4795,17,15,22,19,22,18,14,28
727856,1,0,0,1,0,0,2,0
4907,0,0,0,0,2,0,0,0
124902798,3,0,0,0,0,0,0,0
100131893,0,0,0,1,1,0,0,0
8460,11,6,5,4,5,5,10,5
4145,17,23,29,23,37,24,24,30
107161151,0,0,0,0,0,0,0,0
124901932,4,4,4,3,1,5,4,4
9568,5,7,11,15,11,5,11,9
171391,4,11,7,2,13,6,11,8
201973,9,14,15,15,16,21,19,21
84260,95,114,52,42,65,63,52,60
118491,8,12,4,5,8,11,6,10
10178,18,18,0,0,0,13,15,19
26134,10,6,4,4,7,3,6,9
594,59,40,50,37,50,36,55,56
105379222,0,0,0,0,0,0,0,0
55698,4,8,8,7,5,6,13,3
390158,84,127,82,72,91,109,89,135
80310,2,2,5,4,8,3,2,4
7148,1,0,0,0,0,0,2,1
83666,15,13,36,33,42,8,19,13
8538,47,65,27,31,20,16,32,21
285600,5,2,0,0,2,1,0,0
54465,29,41,31,27,32,30,22,37
22990,44,23,21,31,28,20,37,37
105372876,1,4,0,0,1,1,0,1
7428,136,157,110,97,95,95,112,155
494514,30,51,71,75,65,69,37,76
57474,18,16,9,8,6,15,16,15
55106,4,3,0,3,3,3,7,4
5252,9,7,4,5,10,14,8,9
100873952,0,1,0,0,0,0,1,0
112885,9,13,9,13,24,6,14,16
8828,41,40,57,64,69,43,28,52
8189,24,16,15,10,11,11,16,14
105371692,2,0,2,0,0,1,2,0
126208,29,26,19,20,13,31,25,24
83706,1,0,0,0,0,0,0,0
648359,6,7,2,4,3,5,6,9
107986644,0,0,0,1,0,1,1,1
643224,12,9,9,15,10,12,14,17
441549,2,0,3,1,2,2,0,1
124902379,0,0,0,0,0,0,0,0
105379618,0,0,0,0,0,0,0,0
5471,214,170,110,98,138,116,110,143
10114,19,23,14,10,16,9,27,10
57590,37,28,54,52,59,34,45,41
100189435,3,2,4,0,2,1,1,2
127495,1,0,0,0,0,1,0,0
124904483,2,4,0,2,1,0,2,3
55168,300,296,161,170,210,196,173,210
23307,19,42,29,17,29,25,38,36
171024,0,0,0,1,1,1,1,3
100533111,1,0,0,0,0,1,0,0
105371455,1,0,1,0,1,0,1,0
124901489,0,0,0,0,0,0,1,0
727768,1,1,1,0,3,1,3,0
105374535,2,2,3,2,8,1,3,1
388963,4,9,5,1,3,1,0,3
3159,797,748,833,758,899,818,887,935
124903315,0,1,0,0,1,0,1,0
124905101,0,1,0,1,0,0,0,0
6374,5,2,2,1,0,8,1,0
151,0,0,0,0,0,0,0,0
80019,12,11,11,8,6,13,12,12
863,1,1,1,1,1,2,1,1
84077,0,0,0,0,0,0,0,0
645313,13,11,11,7,7,10,12,10
100189239,1,0,0,0,0,0,0,0
3268,8,7,2,5,2,2,4,4
105374298,2,4,5,0,3,4,3,2
9860,27,29,34,25,20,19,21,26
103352539,1,0,1,1,0,1,1,0
7403,24,24,15,14,20,16,25,26
729941,1,1,1,3,2,0,0,2
124903876,0,0,0,0,0,0,0,0
100133093,0,0,0,0,0,0,0,0
124905546,1,0,0,0,0,0,0,0
283120,0,1,0,1,0,1,0,0
124903063,3,3,4,4,3,9,6,4
106479665,0,1,0,2,1,0,9,1
124902421,0,1,0,1,0,0,1,1
332,1505,1796,727,736,696,805,815,832
79654,11,16,13,12,16,21,21,21
642317,0,0,1,0,0,0,0,0
25943,5,6,8,12,14,12,16,22
124905480,1,0,0,0,0,0,0,0
6884,35,42,7,11,17,15,18,16
124908064,0,0,0,0,0,1,0,0
26262,29,17,25,16,26,17,30,14
653698,13,18,9,6,7,9,10,14
114036,1,0,1,0,0,0,0,0
105371981,3,1,0,0,0,0,1,1
132946,2,0,0,0,0,0,0,1
85440,36,39,39,44,29,48,41,44
102723430,2,1,0,1,1,1,0,1
389812,1,1,1,0,2,1,4,0
692075,1,1,0,0,0,1,1,0
107985307,0,0,0,0,0,0,0,0
5829,16,21,28,27,35,18,26,35
105371795,1,0,0,0,0,0,0,0
692202,1,0,0,0,0,0,1,0
100133161,5,2,1,4,9,3,7,6
653631,9,17,7,6,6,11,13,12
200035,13,11,13,12,10,12,13,19
644656,1,1,3,1,5,4,2,5
55262,8,6,2,1,2,2,3,4
105376704,11,4,17,10,13,9,18,12
4841,1457,1701,1088,1003,1112,1060,1079,1165
399664,65,72,24,42,15,15,35,9
100996251,4,3,2,3,0,1,2,0
105377628,1,0,0,0,0,0,0,0
100189202,4,2,4,0,3,1,0,1
54776,13,17,12,11,10,16,21,12
23754,8,0,1,5,2,1,2,5
399511,230,252,141,184,205,165,173,216
101927267,1,1,0,0,1,2,1,1
400604,5,5,9,11,12,12,8,9
8434,8,7,10,11,17,13,17,15
326326,3,1,0,3,3,1,4,5
124901474,3,0,1,0,4,2,0,0
192668,0,1,3,3,2,1,1,2
112267993,2,0,0,1,0,0,1,0
27005,20,20,26,16,20,25,17,21
10491,204,246,231,209,303,297,284,334
105372353,1,0,0,0,0,0,0,0
100421239,1,1,0,0,1,0,1,0
7879,212,276,168,190,245,203,199,203
8501,24,23,21,21,15,22,29,28
54872,33,28,18,21,29,21,21,17
166614,2,3,3,2,5,6,10,1
51332,1,1,1,0,0,2,1,0
145216,0,0,0,0,0,0,0,0
126235,7,9,1,0,5,9,4,3
134121,2,1,0,3,1,0,2,1
8518,74,77,46,49,53,56,62,73
6665,1,0,0,0,0,0,0,1
105371225,4,3,2,3,1,3,3,2
492311,4,0,2,6,1,3,3,4
114294,26,20,11,12,31,27,25,23
100996662,0,0,0,0,0,0,1,0
25820,69,85,88,66,87,97,120,74
107075212,62,69,81,68,71,65,55,60
105372839,1,0,0,0,0,0,0,0
124446,139,151,133,123,139,154,116,133
157489,18,22,18,26,20,30,21,17
79635,4,7,6,4,6,7,6,8
8642,1,0,0,1,0,1,0,0
105369222,0,0,0,1,0,1,0,0
124903564,0,0,0,0,0,0,0,0
10279,21,14,10,12,17,24,15,17
57226,407,466,217,196,235,206,189,212
22889,27,35,41,27,41,41,47,56
107987081,7,2,1,1,0,1,0,3
3340,24,31,16,21,16,26,23,17
100421541,10,5,7,3,5,8,2,9
1880,0,0,0,0,0,0,1,0
100506036,0,0,1,0,0,0,0,0
23210,117,91,87,100,104,84,83,97
6710,2,4,3,3,3,7,7,5
4486,0,0,0,0,2,0,0,0
487,2,2,0,4,0,1,5,1
196792,18,28,24,40,36,22,23,17
22888,22,26,18,24,23,18,23,20
729234,4,3,6,6,3,8,4,4
100421378,1,2,1,1,0,2,4,1
128481,8,9,6,6,7,11,7,10
81928,10,9,11,11,9,6,15,6
256329,0,1,3,0,0,0,0,0
29916,38,35,15,13,24,27,17,23
100462844,0,0,0,0,0,0,0,0
1774,24,23,24,26,21,28,45,39
84947,14,11,17,16,15,21,21,22
100132601,3,5,4,1,2,5,2,3
101927327,1,2,0,1,0,0,0,0
649925,7,5,6,2,1,10,3,4
105370751,0,1,2,0,0,2,1,0
9261,29,37,26,22,32,33,32,39
150368,0,0,1,0,0,0,0,0
112268081,3,0,0,0,0,0,0,0
1737,98,94,62,60,88,75,69,72
105374748,2,2,0,1,1,3,2,6
105371722,1,4,0,1,2,4,4,5
644623,0,2,2,0,0,1,0,0
58494,12,15,24,21,20,18,17,26
267002,5,4,1,1,2,4,1,2
54029,1,0,0,0,1,1,0,3
257106,0,0,0,0,0,1,0,0
115804232,3,3,4,3,4,3,1,1
1665,236,220,157,127,194,150,166,190
105375259,2,1,4,5,2,3,0,2
644578,6,13,3,9,5,11,9,7
441581,1,3,0,0,1,0,1,0
100289097,3,3,5,5,1,4,6,4
23541,2,2,7,8,7,10,5,11
7979,1888,2179,1558,1476,1938,1854,1776,1905
107126282,2,2,0,0,1,3,1,1
4814,32,39,33,41,33,36,37,31
474383,7,5,4,4,5,6,7,7
8991,58,63,83,64,78,56,57,70
170691,11,5,4,4,6,2,9,6
79883,1,0,2,0,0,0,0,0
388228,4,1,26,32,24,12,12,14
124997,3,6,5,6,5,4,9,6
400769,3,1,3,5,0,3,1,2
100423062,0,0,0,0,0,0,0,1
56980,5,10,7,7,6,5,6,4
101927609,4,2,3,1,4,2,0,0
4184,0,0,0,0,1,0,0,0
105379162,0,0,0,0,1,0,0,0
81543,3,5,4,6,5,3,4,6
105378269,0,0,0,0,0,1,0,0
3376,389,381,234,229,292,293,300,348
389792,4,0,3,1,3,4,3,0
401744,4,7,4,2,2,3,5,3
100009667,0,1,1,0,0,1,0,0
7227,36,50,31,33,34,44,60,41
105376214,1,0,0,0,0,0,0,0
378818,3,1,2,1,0,3,1,0
2130,984,1030,362,355,447,451,439,449
107985760,1,1,1,1,1,0,0,0
5732,5,2,2,0,0,1,0,0
107985162,0,0,0,0,0,0,0,0
56604,2,1,0,0,2,1,1,2
283038,1,0,0,0,0,0,0,0
124901708,1,0,0,0,0,0,1,0
4074,205,246,73,85,101,130,105,104
285362,15,22,7,8,10,13,14,11
105378532,1,1,1,0,0,0,0,0
105378828,0,0,1,0,0,0,1,0
5146,1,0,0,0,0,0,0,0
100873914,4,2,4,1,0,2,2,2
105371807,0,0,0,0,1,0,0,0
107986118,1,0,0,0,1,0,0,0
80036,0,0,0,1,0,0,0,1
105378443,1,1,0,0,1,0,0,1
206412,1,1,0,1,0,1,1,1
100189346,0,0,0,1,0,1,1,0
79738,23,26,11,14,19,17,22,15
100505783,2,4,1,3,2,4,2,4
100128086,20,19,9,11,11,8,11,16
56475,39,49,103,93,105,51,51,57
10616,50,66,86,84,94,94,107,95
162417,1,6,2,1,3,2,2,2
343172,0,0,0,0,0,0,0,0
653895,0,1,0,1,0,0,0,0
105374127,1,0,0,1,1,0,0,0
100130854,0,0,0,0,0,0,0,0
646853,6,4,1,3,3,3,3,4
9097,283,249,167,151,163,169,223,213
112268030,7,5,4,4,7,4,2,9
100271927,1,9,13,4,6,4,2,7
132660,19,21,18,20,16,16,15,20
124903832,4,4,6,2,2,3,4,2
84445,24,22,39,22,29,29,30,33
100379298,1,0,0,0,0,0,0,1
5745,1,1,0,0,1,0,0,1
100287215,24,16,9,15,14,29,24,20
84727,6,3,5,8,12,9,11,10
124904139,4,2,0,4,2,4,5,4
102724219,0,0,1,2,1,1,0,2
5330,3,4,2,1,2,7,3,4
7248,112,117,87,72,68,76,92,77
441273,2,3,2,0,1,4,0,2
2632,25,24,28,27,11,12,28,15
27185,2,0,2,1,2,1,2,0
107986193,0,0,0,0,0,0,0,0
729480,27,31,26,13,30,24,32,20
677883,6,2,2,3,4,2,4,3
728378,6,2,0,2,1,2,3,1
129293,1,1,3,0,1,1,4,0
392501,846,966,734,586,739,657,627,695
724038,3,0,0,1,0,0,2,0
119437,1,2,0,0,1,1,2,1
55287,0,1,1,0,0,1,0,0
317,36,39,36,33,33,50,47,49
727956,6,9,9,8,7,7,8,9
100271552,22,18,18,15,20,27,16,12
124904041,2,1,1,1,1,1,1,0
100131378,1,4,0,0,1,0,1,0
101928338,0,0,0,0,0,0,0,0
100270979,22,22,17,5,13,19,11,14
100289026,1,0,0,0,0,0,0,0
57460,26,31,39,41,40,39,45,40
6652,49,41,35,33,50,38,38,34
80176,3,6,4,5,0,0,6,5
643072,0,4,8,1,6,1,3,3
4900,9,15,12,14,9,12,16,11
124900799,2,0,0,0,1,1,0,2
81029,17,15,26,18,33,12,16,26
107985533,1,1,2,2,2,4,3,4
154214,20,26,25,19,21,31,23,24
124900686,3,0,1,0,0,0,0,0
145438,1,2,0,1,1,4,1,1
284069,4,6,5,4,5,8,9,10
473,73,55,64,64,63,56,74,90
26812,1,0,0,0,2,0,0,2
283352,3,0,0,0,0,0,0,2
3595,8,17,5,1,9,5,8,6
51056,130,127,91,87,116,74,77,95
105372228,1,0,0,0,0,0,0,0
105373281,0,0,0,0,0,0,0,0
102724826,10,10,11,8,9,9,9,6
100506851,0,1,2,0,0,0,0,0
53820,2,1,2,2,0,0,0,3
100533789,4,1,2,1,3,2,4,3
100170229,0,1,1,1,0,2,1,0
445815,177,177,185,155,236,179,168,197
1787,24,37,12,21,31,22,26,18
361,1,1,1,0,6,3,3,5
144423,0,1,0,0,0,0,0,1
152302,20,13,14,17,11,21,12,14
283234,2,1,0,0,0,2,2,4
339883,3,1,1,1,1,0,3,1
151242,1,2,0,1,1,4,1,5
9473,3,2,2,2,2,2,2,1
105377891,0,0,0,0,0,0,0,0
339929,1,3,0,0,1,1,3,2
3706,3,8,5,7,12,6,7,4
8511,1,0,0,0,0,2,0,0
284013,2,3,1,0,2,1,1,2
391075,0,0,2,0,0,1,0,0
10129,2,0,1,2,2,0,3,3
11162,22,34,8,13,9,16,25,22
57732,3,1,3,1,4,2,4,8
150248,0,0,2,1,0,0,0,1
158830,0,1,0,0,0,0,0,0
100271493,1,4,2,1,1,0,1,3
105378448,2,1,2,0,1,1,4,1
4052,34,33,39,27,33,31,41,48
441052,0,0,0,0,0,1,1,1
144132,2,2,3,1,0,1,8,4
436,2,2,3,2,5,5,2,8
100271510,1,0,0,0,1,0,0,0
100421379,20,24,13,17,12,25,23,20
10780,102,111,53,51,53,59,64,84
9940,1,0,1,0,1,2,0,1
401895,1,1,2,2,1,0,1,2
255101,10,33,7,11,11,25,16,16
728815,0,0,0,0,0,0,0,1
100420043,9,8,8,3,4,6,4,5
102724431,0,0,0,0,0,0,1,0
101928078,0,0,0,2,1,0,0,0
10600,374,463,266,271,332,279,287,304
11030,13,14,23,15,28,29,30,29
124902000,0,0,0,0,0,0,0,0
485,7,5,0,1,1,3,2,5
60673,109,99,42,47,56,52,42,52
653453,1,1,0,1,2,0,1,1
23218,4,7,5,5,5,11,8,7
23324,21,19,14,12,19,21,20,18
80304,56,79,52,46,47,43,38,65
6786,14,8,15,16,10,22,23,12
54813,21,31,32,25,30,24,18,26
100422376,0,1,0,0,0,0,0,0
5685,1475,1684,955,983,1121,1325,1212,1331
346007,1,0,1,0,0,0,0,0
5090,38,34,27,35,30,22,36,28
124902141,0,0,1,0,0,0,0,0
100271192,3,1,1,0,0,1,4,1
100422711,3,9,0,4,3,4,2,2
728642,336,365,307,252,335,324,334,333
100271066,1177,1305,1041,1004,1102,1025,994,1054
124902739,0,0,0,0,0,0,0,0
4642,51,28,34,33,37,38,40,35
254100,1,0,1,0,0,2,3,0
729732,1,0,1,0,1,0,1,0
55258,1,5,1,0,0,0,0,2
10457,1,1,1,0,0,7,5,3
132430,1,1,0,0,0,6,2,3
442262,11,12,10,7,9,12,9,11
100170221,10,10,2,3,3,2,7,4
100132580,4,4,4,3,4,7,8,7
10893,3,1,1,3,2,0,1,2
780529,1,1,0,0,0,0,0,0
112268244,4,2,0,2,0,0,1,1
129049,1,2,2,0,4,1,2,2
145501,1,3,3,0,1,2,2,1
124906089,1,0,1,1,1,1,0,2
390980,37,38,31,21,28,20,21,28
101929817,2,1,0,1,1,0,0,1
63934,5,13,7,10,19,11,9,18
646396,1,0,0,0,1,0,0,1
4815,0,1,0,0,0,0,0,0
124907755,0,0,0,0,0,0,0,0
140469,1,0,0,0,0,0,0,0
647085,1,3,4,0,1,4,3,2
124903629,5,2,0,1,1,2,2,2
106481826,3,3,0,3,0,1,1,1
100151661,3,1,2,1,1,2,1,5
26750,28,16,16,7,19,21,19,13
105371998,2,0,0,0,0,0,0,2
107986890,1,0,0,0,0,0,0,0
283856,0,0,0,0,0,0,0,0
102723791,1,0,1,0,0,0,1,0
100506715,4,9,8,10,8,8,6,9
105374010,1,0,0,0,0,0,0,0
4756,42,51,38,41,45,49,51,46
8833,172,169,139,114,180,156,119,170
392209,3,0,0,0,0,0,0,0
100874484,2,0,0,1,1,2,0,4
5992,0,0,0,0,0,0,1,0
860,5,6,8,9,4,12,6,7
653689,20,27,4,2,6,13,13,23
105379303,1,1,0,0,2,1,0,1
342419,6,11,1,3,1,3,3,6
107075111,0,0,0,0,0,1,1,0
257068,4,1,2,0,1,3,2,1
51559,60,55,61,38,54,37,26,55
103689912,6,7,18,12,22,29,31,24
5431,139,166,98,100,111,131,125,151
25915,385,489,397,387,552,495,422,498
102724015,4,6,5,3,2,12,7,4
158584,6,9,7,9,10,6,4,12
107984243,1,0,4,1,3,1,0,2
100506022,1,2,1,0,3,0,0,0
142686,1,1,0,1,0,0,1,1
105378577,1,0,0,0,0,0,0,1
28966,20,23,39,28,35,27,39,41
4254,24,20,18,10,25,18,18,18
317761,1,1,1,1,0,0,0,3
105369339,3,1,0,0,0,1,1,1
102723340,0,0,0,1,0,0,0,0
112268450,1,0,0,0,1,1,0,0
3322,138,144,81,66,72,129,108,111
57473,19,21,14,8,15,10,23,20
26980,1,0,0,0,0,0,0,1
107984865,1,1,2,3,1,1,1,3
4322,0,0,0,0,0,0,1,2
105371750,2,3,4,2,6,0,6,4
124901725,9,12,3,11,8,8,9,7
3710,41,32,64,46,56,59,46,45
64762,9,7,6,11,21,5,20,8
105373953,0,2,0,2,2,1,2,0
124904978,1,0,0,0,0,0,0,0
5581,8,11,11,13,9,4,20,10
106480625,1,0,0,0,0,1,0,0
149986,25,25,25,25,41,25,27,26
317648,6,12,2,5,7,9,10,4
10452,248,222,110,85,112,114,162,131
63876,4,2,9,9,14,6,8,5
80763,4,4,5,4,5,6,5,7
105379623,0,0,1,0,0,0,0,0
124903251,2,4,3,2,1,2,4,1
6689,0,1,0,0,0,0,0,0
105370124,1,0,0,1,0,0,1,0
8767,64,72,111,82,113,66,77,93
163081,109,99,87,67,89,82,80,98
105373265,1,0,0,0,0,0,0,0
1797,57,84,62,45,52,60,60,56
26789,0,0,0,0,2,0,0,0
60386,148,168,65,65,79,79,75,101
124901385,0,1,1,0,0,0,1,0
105371123,0,0,0,0,0,0,0,0
124904705,1,1,0,0,0,0,1,0
107986256,1,0,0,0,0,0,0,0
7343,235,217,159,125,192,163,173,168
389249,7,11,2,6,4,2,3,6
124903566,13,12,7,3,5,3,6,5
101929680,0,0,0,0,0,0,0,0
321,13,15,11,10,14,16,15,16
100271467,15,9,12,1,10,6,11,10
9968,16,23,27,20,19,22,27,23
59277,1,0,4,4,4,4,8,1
100131080,13,30,24,4,6,25,12,16
326325,44,36,25,30,45,37,51,32
101928487,1,6,6,8,9,3,7,6
80215,0,0,0,0,0,0,0,1
1317,69,78,60,48,51,39,42,47
91409,19,24,19,20,36,23,23,26
65243,2,1,1,4,4,6,3,6
23338,4,8,3,7,13,8,12,8
7841,34,35,43,40,45,39,47,31
646652,0,0,1,1,0,0,0,0
124905552,5,0,2,4,2,2,2,1
54050,1,2,0,0,0,1,0,0
105378930,0,0,0,0,0,1,0,0
6604,21,19,12,17,13,20,19,28
56109,4,1,0,1,0,0,0,0
51454,37,43,32,30,49,19,34,32
5936,10,22,28,28,20,16,32,24
392193,39,40,35,18,25,49,35,34
100419023,2,2,0,0,1,1,1,0
112577464,1,0,1,3,0,5,1,5
149281,1,3,2,0,0,2,3,3
124904017,1,3,2,0,4,1,3,0
5887,306,245,169,164,167,183,196,165
100132722,2,6,2,0,1,1,4,4
105373828,0,0,0,0,0,0,0,0
84811,23,18,19,13,17,18,19,16
652489,40,46,24,35,21,28,22,29
347744,11,8,7,3,10,13,11,14
124903996,5,7,3,4,0,5,2,5
106480298,2,1,2,0,0,2,3,1
345079,1,2,0,0,1,3,2,3
728131,196,209,163,166,147,198,153,185
64093,19,22,11,19,18,13,26,22
103625681,1,0,0,0,0,0,0,0
107985565,0,2,2,2,3,2,1,5
8491,15,19,8,13,17,14,10,13
124905376,1,0,1,0,0,0,0,0
133383,28,36,17,16,19,21,23,22
6296,7,9,10,5,6,6,9,7
81566,11,15,11,5,6,10,10,9
26469,16,17,25,28,21,15,22,19
344595,5,4,8,2,3,3,5,10
29904,21,24,49,60,49,41,37,40
100132101,4,3,5,1,1,2,4,5
155060,7,5,5,0,3,6,5,2
79858,3,1,3,2,1,5,1,4
112267983,2,3,0,0,0,2,1,2
79157,35,26,14,18,19,16,29,16
10776,177,236,146,106,119,140,143,140
124904274,0,0,0,0,0,0,0,0
112268261,3,4,4,2,5,1,3,1
388531,2,0,0,0,1,2,0,1
6013,3,4,0,4,3,3,0,4
55609,22,27,10,16,10,22,18,9
729454,3,1,0,1,0,1,0,0
105376064,1,1,0,2,5,2,3,2
729435,4,10,3,2,3,2,5,4
100379251,0,0,0,0,0,0,0,0
818,23,16,22,24,37,29,34,31
100507475,11,8,7,6,13,11,9,6
100132658,14,16,18,11,18,10,14,14
152578,0,0,0,0,0,0,0,0
56108,1,2,0,0,0,0,0,0
107984215,0,0,0,0,0,0,0,0
105370809,0,1,0,0,0,1,1,0
645668,6,9,3,9,5,14,16,8
107986656,1,1,1,0,1,1,1,3
124902775,15,26,5,9,6,19,10,15
64800,1,0,2,5,2,2,1,1
81607,4,1,1,3,1,0,1,1
124901978,1,0,0,0,0,0,0,0
100420109,6,13,5,8,8,6,5,11
100271460,1,4,2,2,3,5,0,3
124909378,0,0,0,0,1,0,1,0
55345,32,19,16,13,20,21,26,29
147645,1,1,3,0,4,2,4,3
124902849,1,0,0,0,0,0,0,0
100132543,2,0,1,0,1,0,2,0
90060,4,3,4,3,7,2,5,4
112268133,4,2,4,3,2,2,2,6
7439,3,8,6,4,2,4,6,8
80117,0,2,2,0,1,0,0,0
4915,6,7,8,14,5,12,6,5
653364,1,5,7,1,0,3,1,3
646851,9,5,5,0,9,4,8,7
23125,28,15,25,33,34,26,33,24
101927380,1,0,0,0,0,0,0,0
100271016,83,91,70,49,66,85,64,60
285203,9,13,2,2,4,6,8,6
4846,0,1,3,0,1,0,0,0
5916,3,4,18,20,13,15,15,12
105375457,0,1,0,0,0,0,2,0
51198,1,0,1,0,0,0,0,0
101927969,0,0,0,0,0,0,0,0
338611,30,44,36,20,27,40,39,42
100189208,1,2,0,4,1,0,1,0
4929,7,4,13,18,14,7,7,8
4810,7,11,9,8,19,11,9,14
124905458,0,0,1,0,1,0,0,0
5865,71,71,77,79,49,45,59,64
100151677,1,1,0,0,2,0,0,0
23309,21,24,18,11,14,9,25,27
282997,1,4,3,2,3,2,4,7
9688,158,167,138,114,144,129,115,159
472,56,48,48,26,46,33,42,44
8924,191,151,162,130,122,148,162,166
50650,14,12,15,16,22,13,11,9
64784,18,14,18,8,20,15,31,12
64,31,35,10,11,5,21,20,19
284459,84,99,67,55,76,71,72,73
55607,110,126,91,82,96,79,90,102
107984958,6,7,2,3,5,5,1,3
314,6,3,5,4,3,4,6,5
105372730,0,1,0,0,0,1,0,0
105372180,1,2,1,6,1,2,0,0
112597,37,51,48,50,51,53,63,70
2060,74,93,66,79,68,72,103,88
360184,0,1,0,0,0,0,0,0
100874486,2,2,0,1,3,0,2,2
158787,5,11,7,5,4,8,5,3
56971,7,5,3,3,2,3,1,3
4882,1,0,1,2,1,3,2,2
65009,4,22,20,22,28,17,22,25
102724428,2,2,0,0,2,1,1,1
121340,1,0,0,0,0,0,0,0
83639,0,0,0,0,0,0,0,0
119504,417,603,304,242,305,323,330,380
29778,3,0,3,4,0,0,0,1
2834,0,0,0,0,0,0,0,0
124901305,2,0,0,0,1,0,1,0
8863,0,1,5,4,1,0,2,2
54869,2,0,0,2,2,0,1,1
728611,6,7,2,5,10,7,5,5
101927496,1,0,1,0,0,0,0,1
6426,1005,1049,305,245,286,383,396,366
105370910,1,2,0,0,0,1,1,1
440700,0,1,0,0,0,0,0,1
54756,1,1,4,3,5,4,6,7
100420615,1,0,3,0,0,3,3,0
8309,1,1,1,0,1,1,0,0
91624,105,125,88,96,138,148,100,147
109,35,36,29,29,32,30,32,45
107985026,0,0,0,0,0,0,0,0
5864,4,6,8,4,9,8,2,7
84640,28,36,15,10,19,15,27,25
360181,4,0,1,0,0,0,0,0
101927755,3,6,1,0,0,1,0,1
105376959,1,2,1,0,0,1,0,4
101928941,3,1,1,1,0,0,0,1
4599,2,2,2,1,7,5,1,1
55096,4,3,2,5,0,2,1,0
112268080,18,30,18,21,26,19,25,9
109616990,0,0,0,0,0,0,0,0
1107,90,93,117,110,144,102,120,118
91978,3,3,2,3,1,0,4,4
124904020,0,1,0,2,1,1,1,2
7185,0,0,0,0,0,0,0,0
79803,12,21,14,15,14,14,13,20
5915,11,5,13,8,11,14,10,11
259282,136,139,103,109,143,101,137,148
100506084,13,12,5,10,17,12,7,11
220963,38,32,14,6,9,18,7,23
101928692,1,0,1,1,2,0,0,0
400620,0,0,0,0,0,0,0,0
7239,4,4,1,0,1,0,2,3
29109,26,20,28,26,34,35,28,37
203054,4,0,5,0,8,8,8,3
105371557,0,0,0,0,0,0,0,0
283226,4,6,5,3,1,2,1,1
105377380,0,0,0,0,0,0,0,0
9180,6,9,3,5,2,8,9,6
3208,1,0,0,0,0,1,0,0
105370935,0,0,0,0,0,0,0,0
103021295,2,7,3,4,3,6,5,6
102724307,0,0,0,0,0,0,1,0
391322,0,0,3,1,1,1,2,1
9469,24,28,20,12,15,18,16,26
3094,2812,3148,2134,1997,2589,2673,2309,2703
124900760,1,1,5,1,4,4,5,3
9299,0,0,0,0,1,0,0,0
3000,1,5,1,1,1,2,2,4
9051,0,2,1,3,1,1,0,0
105378550,4,1,2,3,3,4,2,2
91156,1,0,0,0,0,0,0,1
124902020,1,0,0,0,1,0,0,0
115482703,3,2,0,0,0,0,0,1
107985714,0,0,0,0,0,0,0,0
127138859,1,2,0,1,2,0,0,0
2669,3,5,3,2,3,0,7,5
151516,8,0,2,1,2,4,1,3
124903650,1,0,0,0,0,0,0,0
3603,0,0,0,0,0,0,0,0
101927835,0,0,0,0,0,0,0,0
146429,0,0,1,0,0,0,1,3
100189342,41,50,5,13,6,9,15,11
100131286,234,263,216,208,192,263,252,224
55172,34,36,17,13,14,19,19,17
100130660,1,0,0,0,0,1,0,0
105376661,1,1,0,0,1,0,0,0
53833,1,1,0,0,0,0,2,1
338098,13,15,9,10,10,12,8,10
54993,14,13,9,7,12,9,12,13
152048,1,2,2,0,1,2,0,3
100379224,80,72,11,8,24,34,41,40
729799,7,3,4,2,1,4,2,4
100129939,1,6,1,6,1,4,3,1
9918,153,181,147,138,186,145,149,174
105369850,2,2,3,2,2,5,2,2
10148,0,0,0,0,0,0,0,0
4817,23,29,26,25,21,35,35,33
124906347,1,0,0,0,1,0,0,0
124901748,1,2,1,1,0,1,0,0
2678,2,0,3,1,2,3,1,1
124905457,0,0,0,0,0,0,0,0
151963,20,13,11,13,15,9,6,12
105372089,0,0,0,0,0,0,0,0
128853,1,0,0,0,1,2,0,3
114987,3,6,2,0,4,5,2,7
101929704,3,5,1,6,6,2,2,6
284561,3,4,0,1,1,3,3,5
51278,27,34,48,50,56,46,67,37
9425,68,77,73,71,82,74,68,65
5028,25,27,25,23,39,25,25,35
441155,9,11,3,2,13,7,3,6
619518,0,1,2,0,0,0,0,0
6523,0,0,0,0,0,0,0,0
124904882,1,0,0,0,0,0,0,0
8277,2,2,1,0,0,1,0,0
102723817,23,40,32,28,51,42,28,47
57636,1,2,1,2,2,7,3,1
10320,1,0,2,0,1,0,0,2
102724904,1,0,0,0,0,0,0,0
100289279,0,2,2,2,2,3,0,0
494470,8,3,20,16,14,12,12,8
4485,1,0,3,0,1,1,1,1
105378733,0,0,0,0,0,0,0,0
105372511,2,1,4,5,4,3,0,4
124901968,0,0,0,0,0,0,0,0
150786,4,4,3,2,3,2,4,6
154881,16,14,8,15,14,13,15,19
400682,1,0,0,2,0,0,0,0
343184,18,17,16,15,12,17,2,8
105379035,0,0,0,0,0,0,0,0
79132,2,3,3,4,3,0,1,2
107986426,0,1,2,3,0,0,3,1
124901689,0,0,0,0,1,0,0,0
124904113,1,1,0,0,0,0,0,2
654790,1,0,3,0,0,3,1,3
124904911,1,0,1,0,1,1,0,0
201243,0,0,0,0,0,0,0,0
100130211,105,100,100,72,97,126,105,83
27350,231,242,234,295,178,186,157,209
151790,0,0,0,0,0,1,0,1
646260,6,2,2,1,2,2,5,3
100129618,0,0,0,0,0,0,0,0
1537,375,401,340,323,392,389,341,369
124901494,1,0,0,0,1,0,1,0
100129793,4,6,2,3,4,3,4,4
10723,19,11,21,18,17,17,13,28
100271611,2,6,2,4,3,6,4,3
124903222,1,2,1,0,1,2,0,0
60485,33,39,38,38,48,38,51,49
10311,35,33,41,47,43,28,35,31
105370504,2,1,2,1,0,0,5,2
26831,1,2,1,4,0,2,7,2
644890,6,1,5,0,3,5,3,3
101927863,2,0,1,1,0,0,1,1
100132127,4,6,2,1,2,0,1,5
642361,1,3,1,2,1,3,2,5
441034,637,770,560,546,641,553,596,621
129530,0,3,0,1,1,2,2,2
4953,327,293,183,165,174,206,265,208
126017,6,5,8,3,2,7,7,8
284467,1,0,0,0,0,1,1,1
124904734,0,0,0,0,0,0,1,0
7480,13,19,24,11,20,24,12,20
64386,3,0,0,0,0,1,0,1
171424,5,7,2,0,3,4,1,4
10936,0,0,0,0,0,0,0,0
112398,2,0,0,0,0,0,0,1
118945,0,0,0,0,0,0,0,0
107075219,1,1,1,0,1,1,1,1
100189134,1,0,0,0,0,0,0,0
115482712,1,0,0,0,0,1,0,0
100130922,1,4,3,5,3,9,2,3
56650,93,106,76,75,108,80,75,95
79827,10,5,0,3,6,11,9,12
54830,22,30,16,13,29,20,20,17
343,0,0,0,0,0,0,1,0
347544,27,31,31,15,20,23,22,25
127099,411,432,319,285,350,393,331,375
4669,14,20,22,23,29,25,27,25
6466,0,0,0,0,0,0,1,4
124905033,10,6,4,2,1,3,3,1
597,3,2,1,2,1,3,5,3
105372253,0,0,0,0,0,0,0,1
100526656,0,2,0,0,1,0,0,2
391051,1,0,0,0,0,0,0,0
2014,17,18,14,15,11,23,21,28
105376577,0,1,1,1,1,0,0,0
23625,38,37,28,22,37,22,24,36
26548,4,1,2,1,1,1,0,5
84365,377,432,229,228,301,225,178,217
23127,15,9,16,17,17,14,16,21
8492,19,16,10,10,34,21,39,40
168417,0,0,0,0,0,0,0,0
27074,2,4,9,6,3,1,5,2
360178,0,0,0,0,0,1,1,1
94302,3,0,0,2,1,1,1,4
2012,3,3,3,5,7,5,2,5
124903465,5,9,3,2,6,3,9,4
124903160,1,0,0,0,1,0,0,1
124904278,2,3,2,4,0,0,4,0
219541,85,115,47,36,59,58,59,44
107986997,1,6,1,5,3,3,3,2
627,4,5,11,6,4,4,5,9
100303491,0,1,0,0,1,2,0,1
9572,3,3,6,7,6,6,4,6
647288,2,1,0,0,0,0,0,0
124906126,2,3,3,5,4,8,9,7
94122,8,10,10,4,15,8,14,10
105369322,1,0,1,0,0,2,0,0
107987360,1,0,0,0,0,0,0,0
100132402,2,1,0,1,2,0,2,1
124904470,0,2,0,0,1,0,0,2
644632,2,5,0,1,2,1,4,1
105374588,1,0,1,1,2,1,0,0
107984548,0,0,0,0,0,0,0,0
55449,34,33,19,23,36,21,19,25
92255,26,27,32,26,20,41,38,35
140688,3,4,20,13,21,5,10,17
30008,0,0,0,0,0,0,0,1
105370838,1,0,0,0,0,1,0,0
101929440,0,1,0,0,0,1,0,0
124907885,1,0,0,0,0,2,2,0
1143,1,2,2,0,0,0,0,1
105369816,1,1,3,0,2,0,1,0
400451,16,13,13,5,5,7,6,6
7626,6,5,4,5,2,7,8,8
5098,1,1,0,1,0,0,1,0
105369147,0,0,1,0,1,0,1,0
29771,1,3,0,2,1,3,2,1
4534,13,17,5,8,13,13,15,7
644961,15,20,10,8,19,20,13,16
81563,127,151,162,155,195,151,135,187
100287082,1,1,8,8,7,6,5,5
3552,1,0,0,0,0,0,0,0
9122,1,4,3,0,0,1,4,5
101928508,2,1,3,1,3,2,3,1
1132,0,0,2,0,0,0,1,0
4843,1,4,0,2,6,4,2,6
60677,1,0,0,1,0,1,0,0
6597,303,306,340,310,374,380,411,330
6496,1,2,1,1,0,2,1,0
729944,0,0,0,0,0,0,0,0
25949,460,504,401,374,473,397,355,409
100286925,3,0,1,3,3,0,1,1
645326,1,3,2,3,2,8,3,1
645967,1,1,0,1,0,1,0,1
105370841,7,4,5,4,9,5,6,10
729101,1,1,0,1,1,3,1,0
900,473,478,439,436,562,492,499,474
124901502,0,0,0,0,0,0,0,0
8224,0,1,6,1,2,2,2,0
6928,0,0,0,0,0,0,0,1
105374641,0,0,1,0,0,0,0,0
23138,5,3,4,0,4,6,7,8
5029,0,0,0,0,0,0,0,1
389655,2,1,0,0,2,1,0,0
51050,1,0,0,1,0,0,0,0
10413,20,24,34,34,40,33,27,39
5152,5,10,42,35,39,32,24,16
494555,11,5,1,3,3,7,1,8
57406,6,10,8,10,6,8,5,7
100499563,1,0,0,0,0,0,1,1
353322,7,7,65,63,54,27,18,37
51138,172,192,124,132,175,147,167,187
22980,380,401,214,183,219,331,295,310
105379444,1,2,0,3,0,1,2,2
11093,3,6,4,4,7,4,3,3
124903972,1,0,0,0,0,1,0,0
23286,36,35,32,29,38,34,45,33
29015,1,0,0,0,1,0,0,1
58509,11,9,8,5,3,4,8,6
100316904,1,1,2,1,1,1,1,0
124909421,0,0,0,0,0,0,0,0
124905188,0,0,0,0,0,0,0,1
54858,33,22,32,26,30,40,35,42
101060445,2,2,0,0,0,0,0,0
105378179,1,1,1,0,1,0,1,2
124907896,1,0,0,0,0,0,0,1
619499,3,3,5,2,1,10,7,3
124906330,1,4,0,0,0,0,0,0
617,141,140,105,113,121,114,100,112
5612,55,50,27,21,28,41,34,31
105377205,2,1,3,0,5,0,1,1
732265,1,1,1,0,0,0,0,0
8925,53,24,56,53,43,52,58,62
91975,20,16,15,14,15,18,20,11
105378673,0,0,0,0,0,0,0,0
353497,3,4,1,4,1,4,4,4
124904142,2,0,1,3,7,1,2,1
100130549,42,53,31,32,31,38,32,29
10237,188,217,100,103,129,123,130,141
124902191,0,0,0,0,0,0,0,1
57501,1,2,3,2,2,3,1,0
100189317,3,1,1,1,3,0,1,1
105373618,0,0,0,1,0,0,0,0
30836,372,383,169,155,224,196,209,220
101954264,2,1,0,0,2,3,0,0
105373656,3,3,2,0,6,3,3,4
26275,80,84,77,83,86,93,86,92
5899,46,47,51,59,74,55,49,62
100506714,1,6,5,4,6,6,4,7
18,13,14,16,23,17,9,9,11
5088,2,1,1,1,1,1,1,0
7739,3,2,7,6,5,6,8,9
80139,164,173,77,84,81,117,141,119
199692,11,13,7,8,14,13,19,6
105369924,0,0,0,0,0,0,0,0
6596,261,283,248,229,325,277,285,311
124900183,1,0,0,1,0,0,0,0
116931,23,21,31,25,22,23,20,30
2934,14,24,11,13,20,12,14,17
767851,0,0,0,1,0,0,0,0
29959,70,79,32,29,36,44,54,59
100462862,5,1,3,2,3,5,1,0
130574,18,13,24,25,21,14,13,13
100271292,0,0,0,0,0,0,0,0
100174949,1,0,0,0,0,0,0,0
124903450,3,5,4,2,3,6,4,5
442460,7,6,3,1,4,4,3,3
85319,1,2,3,2,5,0,1,3
105379016,1,1,0,1,0,0,0,0
78990,18,14,19,28,29,15,20,16
55076,14,16,24,21,26,17,14,16
390029,1,2,0,0,0,1,0,0
100128408,2,2,5,0,8,3,4,2
3762,1,0,0,0,1,1,0,1
644186,4,3,1,1,1,3,1,1
221264,13,11,16,16,14,7,14,7
100507266,1,3,0,0,0,1,0,1
23074,66,57,32,44,62,55,54,80
112441426,3,4,7,4,4,5,11,7
3660,14,15,19,25,23,21,13,20
102723981,4,2,0,2,0,0,0,1
1356,0,0,1,0,0,0,1,1
124903860,1,4,2,5,2,4,5,3
124904656,0,0,0,0,0,1,0,1
124865,2,6,2,0,1,3,2,6
106481687,1,0,1,0,0,0,0,1
79148,1,3,1,2,2,2,3,3
57524,3,7,8,3,6,5,4,5
151278,1,0,0,0,0,1,2,1
367,0,1,0,0,0,1,1,0
10841,0,0,0,1,0,0,0,0
50846,0,0,0,0,0,0,0,0
124901735,1,5,0,2,3,6,5,1
28514,5,8,2,8,6,5,6,6
347732,1,2,2,0,4,0,0,2
100131234,1,0,0,0,0,0,1,0
6063,2,0,2,0,1,0,0,0
79956,9,16,17,18,19,17,15,16
1639,86,91,110,92,123,101,105,84
23519,6,8,8,8,11,7,12,6
124901420,1,0,0,0,0,0,0,0
55005,34,46,27,31,37,32,24,39
729431,1,0,0,0,0,0,0,0
9965,0,0,0,0,0,0,0,0
22932,53,61,45,44,51,30,43,34
100132547,20,8,5,4,3,17,7,16
57728,12,17,14,14,11,11,16,19
124900923,1,0,0,0,0,0,0,0
100500854,0,1,1,2,0,0,4,1
11143,78,102,87,76,105,105,82,87
1760,4,1,0,2,0,1,2,2
107986246,0,0,0,0,1,0,0,0
124902851,1,0,0,0,0,0,0,0
124903726,0,0,0,0,0,0,0,0
10046,1,3,4,3,7,5,6,3
375298,1,0,2,0,0,0,6,3
374946,0,2,1,2,0,2,3,2
687,26,26,50,37,54,23,35,41
105375563,2,2,1,1,0,1,0,0
5230,1095,1069,1677,1745,1942,1170,1190,1296
101928669,6,6,3,4,4,9,4,3
84444,25,31,20,22,31,17,26,16
619505,2,2,2,3,1,0,0,1
728118,0,0,0,0,0,0,0,0
257,1,1,1,1,2,1,1,3
106479464,1,0,0,0,0,0,0,0
124909415,1,3,2,3,1,0,0,0
100101467,7,12,9,5,7,14,9,15
124903799,0,1,0,0,0,0,0,0
100287042,4,4,1,5,2,3,0,3
105369912,1,0,0,0,0,0,0,0
30968,572,628,381,388,474,399,385,416
352852,4,8,2,2,5,3,3,2
54920,41,57,33,33,36,37,44,56
79949,0,0,0,0,0,0,0,0
8038,3,3,2,1,0,1,2,2
140750,14,15,7,9,8,16,12,16
107986086,3,1,1,0,0,1,1,0
124901701,2,0,2,1,2,1,0,0
84570,47,31,43,37,68,38,41,54
6755,1,0,0,0,0,0,0,0
107985152,0,0,2,0,1,0,0,1
100506076,1,2,0,2,2,1,1,1
389333,2,4,10,3,4,12,7,6
55149,244,299,185,164,171,154,141,200
100189255,1,1,1,0,0,0,4,1
8317,71,77,67,56,71,65,67,85
647001,32,31,39,28,34,29,30,38
4092,9,10,19,11,10,9,14,10
7102,30,30,39,35,62,42,34,34
84220,8,11,11,5,9,9,8,12
107984357,0,0,0,0,1,0,0,0
100130801,7,15,3,5,10,3,6,9
11054,20,27,21,22,30,17,16,21
5338,6,6,3,14,5,10,6,4
285440,2,4,2,2,2,1,1,0
105370447,6,11,14,14,13,3,16,8
161742,16,8,9,10,11,14,11,10
100294316,3,4,6,2,2,0,1,0
221154,36,51,45,27,57,45,46,44
728706,10,11,6,7,6,14,8,11
83659,0,0,0,0,0,0,0,0
55293,17,14,15,5,11,14,11,13
23148,0,1,0,0,1,2,4,1
90594,0,1,1,1,0,0,0,1
124901088,1,1,0,0,0,1,1,1
391367,1,0,0,0,2,0,0,0
441072,1,3,0,2,1,2,1,0
100131623,0,0,0,0,0,1,1,0
654,23,24,62,38,51,48,41,34
161779,15,14,5,10,5,6,4,7
90993,0,0,0,0,0,2,0,0
102723529,1,0,0,1,0,0,0,1
729978,1,4,6,0,4,4,4,6
220965,13,12,11,18,16,13,14,19
124902938,5,1,1,2,7,3,4,4
286,3,2,8,4,3,2,5,7
55722,26,24,53,27,57,48,39,39
130814,12,8,11,10,12,12,16,14
100271404,3,4,5,6,5,6,5,4
1024,12,24,27,22,25,24,30,36
5087,113,118,97,87,91,120,116,104
3077,2,0,0,1,0,1,1,3
100271491,5,1,1,1,0,1,0,0
91749,42,31,22,12,22,5,12,10
57523,7,5,21,19,18,7,7,12
105371224,1,0,1,2,2,0,2,1
100132570,1,2,2,3,4,3,5,3
100130435,2,0,0,0,0,0,0,0
100419392,2,3,0,3,0,3,2,2
26872,24,36,16,15,19,16,16,22
647155,4,2,4,0,7,1,4,5
55450,10,19,16,12,25,25,24,23
146310,1,1,0,0,0,0,0,1
133629,42,51,48,26,31,40,35,44
105376223,0,1,0,0,0,0,1,0
124905058,0,0,0,1,1,0,0,0
106479468,0,1,3,3,2,4,2,2
124903692,0,0,0,0,0,0,0,0
100132009,3,1,2,2,1,2,2,4
221416,0,0,0,0,0,0,0,0
4191,1210,1347,1055,1009,1324,1088,947,1168
399815,12,12,7,12,3,11,10,9
10486,26,33,28,35,49,37,54,42
5326,48,28,31,26,34,25,32,32
200810,6,8,6,6,5,5,3,5
54832,59,49,74,42,73,75,90,80
692085,3,0,2,0,0,1,1,1
84223,8,17,22,21,28,18,18,20
124909430,1,0,1,0,0,1,0,0
6425,6,2,1,3,4,0,3,3
728568,131,157,139,137,161,170,166,169
57547,8,3,8,3,5,1,5,4
10516,21,15,21,11,13,21,25,20
10844,145,149,112,100,122,143,156,139
124905134,2,3,9,3,4,8,6,5
105372092,0,0,0,0,0,0,0,0
102723312,2,0,3,1,1,2,0,1
730070,26,39,19,23,17,24,18,13
124904603,1,1,0,0,1,0,0,0
84520,74,101,33,30,48,50,44,53
55652,35,38,37,36,35,27,30,41
55184,28,29,9,7,11,8,17,13
100128542,1,2,1,1,0,0,2,0
26524,12,9,9,13,18,12,8,13
100189345,8,7,10,6,13,13,9,10
391467,1,0,0,0,0,0,0,0
25780,2,1,0,1,2,0,4,3
154664,0,0,0,0,0,1,0,0
651258,2,1,3,4,1,0,3,3
55150,6,11,9,9,18,16,18,17
124904248,1,0,0,0,0,0,0,1
26470,24,29,41,35,42,35,47,17
111216277,0,0,0,0,1,0,0,0
124904147,1,1,0,0,0,0,0,0
79029,15,25,16,14,11,9,16,13
100422055,5,2,4,1,5,7,4,6
348761,3,2,0,0,2,0,0,0
105378075,1,0,1,1,1,1,1,0
646359,3,10,4,3,4,2,5,4
7092,1,0,1,0,1,0,0,0
57146,22,12,25,28,30,20,22,24
84900,30,37,43,45,28,41,46,41
23172,145,141,64,71,91,89,76,96
284424,1,9,0,1,4,3,2,2
693196,0,0,0,0,0,0,0,0
26054,325,337,216,179,191,202,195,248
9227,1,1,0,0,0,1,0,1
100316868,2,1,5,2,1,4,6,4
124900180,1,0,1,0,0,0,0,0
373863,3,5,1,1,1,1,2,1
2103,2,1,7,3,5,4,7,4
102723849,0,0,1,0,1,0,0,0
284371,10,14,7,3,3,10,2,9
124904979,2,0,0,0,0,0,0,0
284004,14,16,9,5,8,5,8,5
114971,183,186,97,104,158,150,138,150
9493,322,329,175,158,248,240,246,261
794,2,4,2,0,2,0,1,0
124901724,1,1,0,0,0,0,1,0
105377814,0,0,0,0,1,0,0,0
55349,25,19,13,15,14,16,24,13
140680,11,13,12,14,18,12,33,16
9815,32,21,25,24,33,27,30,29
3084,0,0,0,0,0,0,0,0
105370203,8,6,5,7,9,7,6,5
387492,2,8,4,5,0,3,2,3
107985002,2,1,0,0,0,0,1,0
124903022,1,0,0,0,1,0,0,0
51601,18,12,9,12,13,10,5,7
643853,1,0,0,0,0,1,0,0
100652781,3,2,0,0,1,2,1,0
442709,1,0,1,1,0,0,1,0
728841,34,25,20,15,14,28,30,32
105370103,0,0,0,0,0,0,0,0
105371843,0,0,0,0,0,0,1,0
286189,0,1,1,0,2,0,0,0
113523640,1,0,4,2,4,2,6,6
124901707,1,0,0,2,0,0,0,0
4603,10,8,8,9,10,8,10,13
285971,1,1,11,10,13,4,7,9
124903964,1,0,0,0,0,0,0,0
100874203,0,0,0,0,0,0,0,0
124905343,1,1,3,0,1,0,0,4
728190,12,16,3,11,7,6,8,6
5948,1,0,0,0,0,0,0,0
101927365,1,1,2,2,2,2,3,1
645638,2,2,6,1,4,16,8,5
101930100,1,1,0,0,0,1,1,0
100270935,3,5,5,4,4,10,2,5
105369140,1,0,0,0,1,2,1,1
391081,0,0,0,0,0,0,0,0
221717,2,5,3,4,3,2,1,0
124905505,0,0,0,0,0,1,0,0
124901302,2,0,3,0,0,0,1,1
124902051,1,1,0,0,0,1,1,0
64121,32,33,22,9,13,17,27,20
441744,88,127,88,84,67,101,99,112
124900681,1,0,0,0,0,0,1,0
124904012,1,5,1,3,1,1,5,2
30849,25,32,19,15,21,28,24,21
105369326,0,0,0,1,0,0,0,0
6889,15,28,12,13,25,25,14,15
677798,2,5,0,0,1,6,2,1
225689,1,0,0,0,0,0,0,0
2176,17,16,10,17,15,17,22,15
100128664,1,0,5,2,1,0,1,2
7526,1,3,1,2,2,0,1,4
7425,2,1,1,2,0,3,3,3
2775,3,4,7,10,8,1,6,8
22987,1,2,0,0,0,0,0,0
100188997,2,1,0,0,0,0,0,0
359760,3,2,2,1,1,0,2,3
25981,1,1,1,0,2,4,4,3
124901386,0,0,0,0,0,0,0,0
100270755,1,1,1,2,1,1,3,1
124900956,0,0,0,0,0,0,0,0
653390,0,1,0,0,0,0,0,1
4588,1,0,0,0,0,0,0,0
26278,104,117,50,34,50,74,60,61
124909389,1,0,0,0,0,3,1,0
51646,27,20,81,66,67,40,39,27
105377623,2,2,1,2,2,1,2,2
4688,1,0,0,0,0,0,0,0
57016,1,0,0,1,0,0,1,0
124905017,2,1,0,3,5,1,2,0
102724862,1,2,0,0,0,1,0,2
5136,0,1,3,3,7,3,3,3
124902164,1,1,0,0,0,1,0,0
100419930,2,7,0,1,3,4,1,5
100506504,2,2,0,0,0,1,0,1
149934,7,2,1,1,3,5,3,4
100133139,26,24,18,26,26,17,17,26
1397,3,7,8,1,3,7,6,6
100271346,6,7,8,6,6,6,3,5
101060076,3,3,0,1,2,2,5,2
728441,1,1,1,0,0,1,0,1
106480309,1,0,0,0,0,0,1,0
100270746,3,0,9,15,8,9,6,6
111089941,1,0,2,1,0,1,1,2
2852,0,0,0,1,0,0,0,0
8761,526,577,524,472,576,587,617,618
105373459,1,0,0,0,0,0,0,0
124901445,1,1,0,0,0,3,2,2
57828,1,0,0,0,1,1,1,0
91775,19,19,25,13,21,26,30,21
55690,1,5,1,2,4,1,4,10
110091768,0,0,1,0,0,0,0,0
692091,1,0,2,1,0,0,0,1
79891,0,0,0,0,0,0,1,0
22933,225,214,158,158,160,148,176,191
124901577,6,4,6,6,3,3,6,3
100127960,1,0,0,0,0,0,0,0
105379499,1,0,1,0,0,0,1,0
4048,424,376,350,316,422,338,368,431
100874458,4,1,0,2,4,6,0,1
729630,19,34,8,2,2,12,3,16
105378580,1,0,3,0,1,1,1,1
124904794,0,2,2,1,3,1,0,1
85302,11,17,6,9,13,16,14,15
392181,1,0,0,1,0,1,1,0
79666,8,13,10,10,15,8,10,7
1477,121,132,109,118,107,100,87,107
1572,0,0,1,0,0,0,0,0
10490,140,153,90,95,123,132,137,127
84905,3,15,7,7,15,6,5,3
105370569,2,1,0,1,1,2,1,1
79970,4,2,4,3,2,5,5,4
105379487,3,5,2,3,2,6,4,0
339416,0,0,0,0,0,0,0,0
9435,1,3,2,3,1,1,2,1
100189161,23,22,20,14,20,14,14,14
10048,37,28,26,30,41,41,36,36
100506083,7,2,6,6,6,11,4,7
140756,45,40,33,31,34,49,41,40
107075107,2,1,0,1,0,2,2,0
140685,2,2,2,1,5,1,2,1
124901119,0,0,0,0,0,0,0,0
347688,2,0,0,0,1,0,0,0
105371809,1,1,1,2,1,1,3,2
100505633,0,0,0,0,0,0,0,0
90203,7,6,10,5,8,5,3,5
56935,40,42,21,34,43,35,29,55
101929225,0,1,0,0,0,1,0,0
140894,2,0,1,1,0,0,0,0
401262,10,14,11,8,13,19,13,29
153768,57,51,39,42,55,36,37,37
124900173,3,0,2,0,1,0,0,1
7802,4,3,1,0,1,1,0,1
102723904,1,0,0,1,0,0,0,0
255239,0,0,0,0,0,0,0,0
112937,4,5,7,8,6,3,5,9
642909,1,1,0,0,1,2,1,0
51280,160,130,115,103,150,149,176,158
26011,2,3,3,4,4,5,4,3
160428,11,11,4,2,6,10,11,12
645314,2,0,0,1,0,1,1,0
1396,0,0,0,0,0,0,2,1
56242,7,5,4,0,2,3,4,2
100189232,0,0,0,0,0,0,1,0
124901287,2,0,1,0,0,5,5,3
129787,148,181,64,60,61,81,87,92
84804,21,16,22,22,11,13,21,23
9745,27,27,68,46,52,31,46,57
124904013,1,0,0,0,0,1,0,1
105377073,1,0,0,0,2,0,1,1
124905004,1,0,0,2,0,1,1,0
100270870,0,0,1,0,0,1,0,0
2733,51,51,27,39,57,52,45,44
55160,1,2,7,3,9,7,6,4
101929054,1,1,1,2,2,1,0,2
105377953,0,0,0,0,0,0,0,0
489,1,2,1,1,3,1,2,1
22818,360,376,254,297,338,320,289,348
388685,4,12,10,7,13,13,8,14
100189119,1,0,1,0,1,0,2,2
153020,35,44,27,25,11,25,24,26
24139,21,26,56,54,72,39,45,43
167227,213,238,172,152,181,137,141,180
149473,2,6,5,3,5,6,9,7
105376647,1,1,0,2,1,0,0,0
101929977,13,8,12,15,14,13,21,16
55850,142,156,94,65,96,88,75,88
100189014,1,1,0,0,0,0,1,0
134526,1,1,0,1,1,2,0,2
124905995,0,0,0,0,0,0,0,0
83856,9,9,3,5,7,12,6,11
105370821,0,0,0,1,0,0,0,0
440518,1,0,0,2,1,0,2,1
89874,40,38,22,16,24,22,15,35
9744,2,7,2,1,5,0,3,3
65998,18,20,6,8,10,5,8,11
100126446,11,17,12,9,12,9,13,9
92129,0,0,0,0,0,0,0,1
100131528,2,4,2,1,2,2,5,3
105376671,0,1,0,0,0,0,0,0
121832803,1,0,0,0,0,0,0,0
57407,2,1,2,1,0,0,1,1
619212,2,3,2,1,2,1,0,3
100189045,1,1,0,1,0,0,1,0
26136,443,406,253,281,315,269,317,352
124905000,0,0,0,1,0,0,1,0
105371836,0,1,0,0,0,0,0,0
50507,1,0,2,0,0,0,1,1
23237,4,4,8,5,6,8,10,10
105369304,3,7,3,3,2,1,4,2
101928373,1,0,0,0,0,0,0,0
107985265,1,0,0,0,0,0,0,0
645950,2,1,1,0,2,1,0,1
100379378,0,2,0,0,1,1,0,1
26520,129,140,98,103,100,118,108,134
349136,1,1,2,0,1,1,1,0
100130038,1,3,0,0,0,0,0,2
57002,36,51,23,17,29,22,16,32
102723758,1,0,0,0,0,1,0,0
100505832,1,0,0,2,0,1,1,1
5334,1,0,3,1,1,2,1,3
9546,6,7,4,4,12,12,10,9
441242,1,5,3,0,3,0,3,5
29946,16,25,19,17,18,20,17,27
23161,37,39,16,22,30,41,24,36
55520,19,22,0,2,7,6,6,5
64106,0,0,0,0,0,0,0,0
84457,3,1,2,2,0,1,0,0
106481873,0,0,0,0,0,0,0,0
8347,16,26,39,28,37,19,19,27
345630,1,0,1,2,1,0,1,0
1307,1,0,0,0,0,0,0,0
55212,67,68,33,21,35,38,45,46
123706512,1,0,0,0,0,0,0,0
100874403,0,0,0,0,0,0,0,0
1594,5,0,1,3,5,2,4,5
112268055,0,0,0,0,0,0,0,0
122152323,2,1,1,0,1,2,1,2
124989,0,2,2,2,0,2,2,1
124904726,8,5,1,7,2,4,3,1
84080,18,16,6,4,8,24,8,23
101927497,4,7,5,11,4,8,4,3
23336,6,4,5,4,8,12,15,14
157869,1,0,1,4,1,0,0,0
56648,47,44,35,19,27,31,21,26
4130,9,11,16,13,15,16,21,24
390282,9,11,3,3,4,10,6,8
63916,24,33,19,16,14,24,21,17
3891,0,1,0,0,0,0,0,0
390595,2,1,0,1,0,0,0,2
55066,45,40,34,24,32,26,30,27
81031,0,1,0,0,0,1,0,0
122616,8,19,6,7,7,9,13,15
101929408,0,1,0,0,0,0,1,1
124903823,1,0,0,0,0,0,0,0
100189153,0,0,0,1,0,1,0,0
101059973,8,17,8,8,3,5,3,12
112268300,0,0,0,0,0,0,0,0
1902,3,6,3,6,3,5,7,9
22871,11,14,20,25,17,18,16,20
677775,2,2,1,2,4,5,0,4
6734,160,170,81,84,143,137,142,143
106635544,15,60,11,41,10,10,21,23
414328,5,4,5,6,2,6,10,7
121214,0,0,0,0,0,0,0,0
100418728,2,0,2,0,0,0,3,0
645687,0,0,0,0,0,0,0,1
140468,0,1,3,1,4,1,0,1
390791,1,0,1,2,0,2,1,1
53405,3,0,3,0,3,2,4,3
105375384,1,2,1,0,1,1,1,0
8468,1,0,0,0,0,0,0,0
124905008,2,1,1,1,0,1,0,1
100034743,0,0,0,0,0,0,0,0
9649,5,0,3,5,6,2,4,2
6711,345,358,309,382,265,270,330,280
64285,3,4,8,6,5,4,9,6
7644,24,39,24,20,34,19,21,30
29882,3,4,1,2,4,2,3,2
8273,15,18,9,5,10,6,13,19
349075,3,0,1,0,3,2,1,3
84925,5,4,8,7,6,5,6,3
114904,7,11,3,6,2,12,2,6
10079,25,27,34,29,28,28,20,29
105378872,7,5,4,1,2,2,5,3
116448,1,4,5,9,5,4,2,5
301,68,60,15,12,22,38,38,35
107985790,1,0,0,0,0,0,4,0
9926,151,126,72,64,62,92,119,103
105378616,3,4,1,1,2,0,0,3
105376652,0,1,0,1,1,0,0,0
56655,66,54,49,46,66,49,69,66
91,19,38,33,30,39,30,38,43
409,75,67,100,103,105,93,98,101
3669,3,8,6,6,3,2,5,2
8340,0,3,2,1,1,3,1,2
100499489,1,2,0,0,0,2,1,3
105369331,0,0,0,0,0,0,0,0
122481,1,1,2,1,4,2,1,1
2676,0,0,0,0,0,0,0,0
100507381,1,1,1,1,1,2,1,0
25861,5,5,7,5,8,12,11,10
105370563,0,0,1,0,0,0,0,0
220108,3,7,6,0,6,7,5,5
105378789,1,0,2,1,2,1,0,0
7532,266,324,224,193,209,273,224,314
56941,99,107,82,73,92,107,73,95
112268272,5,4,3,2,5,5,4,4
3667,8,7,6,10,11,6,7,5
154442,1,0,0,1,0,0,1,0
100379295,0,2,1,1,0,0,1,0
1114,8,7,6,6,9,12,1,8
92283,16,32,20,14,16,18,14,24
84844,183,188,102,84,94,113,114,114
392479,0,1,0,1,2,0,1,1
105370616,0,0,1,0,1,1,0,3
79987,1,1,2,0,1,0,3,4
6302,106,109,72,63,61,87,79,72
106144535,1,0,0,0,0,1,1,2
390298,6,6,3,6,5,5,4,9
100874253,0,1,5,8,6,1,4,7
118597835,5,13,7,8,6,10,18,20
100967224,1,0,0,0,0,1,0,0
10598,267,302,175,155,229,201,228,234
105378645,3,3,1,3,3,6,2,2
102724064,1,3,3,0,4,0,3,2
474341,4,2,6,6,2,1,2,1
114880,53,55,60,55,52,44,52,42
79957,4,2,2,1,1,7,1,3
23081,5,11,15,13,14,6,8,8
1960,2,1,2,8,1,1,1,1
1482,44,49,29,33,34,23,26,30
7005,10,4,9,9,10,12,18,14
101929732,1,0,1,0,0,0,1,0
100418811,1,2,0,1,1,1,0,2
399474,1,0,4,0,2,1,2,3
124902746,1,1,1,2,2,0,4,1
124904493,1,0,0,0,0,0,0,0
388165,21,12,17,14,18,10,16,22
79137,9,18,13,13,11,5,9,9
286151,0,0,0,1,0,0,0,1
348,19,31,20,13,32,21,24,30
124904572,0,0,0,0,0,0,0,0
51006,76,74,28,32,47,36,29,40
152573,2,4,2,2,4,2,3,4
286186,0,0,0,0,0,0,0,0
84552,4,8,4,4,10,7,13,6
8562,590,605,314,290,375,384,422,396
100271469,1,3,5,0,3,1,1,1
124905467,1,0,0,1,0,1,0,1
124901373,1,0,0,0,1,1,1,1
23676,1,0,0,0,1,1,0,1
643309,0,1,0,0,1,0,0,0
610,2,3,2,1,2,2,0,0
2241,42,49,25,24,33,27,42,39
100189131,2,1,3,0,0,1,1,0
5328,2,0,5,4,3,4,5,3
124900660,0,0,0,0,0,0,0,2
6543,1,0,0,0,0,0,2,0
100189251,1,0,1,0,1,1,0,0
105375257,0,0,0,0,0,0,0,0
283651,7,9,2,3,2,3,9,7
7328,60,56,93,90,75,62,78,80
107985400,1,1,2,1,3,0,1,1
105371038,2,1,3,2,1,4,2,5
124902496,3,2,0,0,0,1,0,2
404216,0,0,0,1,0,0,1,0
100130967,0,2,1,3,1,2,1,3
115253422,1,0,0,0,0,0,0,0
100216479,0,1,2,2,2,1,0,0
107984972,43,52,9,13,15,28,19,19
105371716,0,0,0,0,0,0,0,1
64081,4,10,4,3,6,2,2,3
65057,85,93,65,52,66,74,77,82
100874218,0,0,0,0,1,0,0,0
100630920,3,0,4,1,0,2,5,2
107986800,1,0,0,0,0,0,0,0
283551,1,1,1,6,4,2,5,2
57630,46,43,27,22,28,27,37,20
100271125,2,2,1,3,1,3,2,2
124905588,1,0,0,0,0,0,0,0
222256,1,1,1,0,1,0,2,3
6294,394,402,182,162,217,187,178,241
644246,4,1,2,1,2,2,3,1
266785,2,7,3,4,10,3,7,5
140733,4,4,1,1,3,2,0,1
105379566,1,1,0,1,2,0,0,0
729873,1,1,0,2,0,0,0,0
102724146,1,3,1,4,4,2,1,0
5580,6,16,14,13,21,19,17,15
101928079,0,0,1,4,2,3,0,1
124903516,0,1,0,0,0,0,0,0
51466,36,47,54,54,65,41,44,64
128966708,1,0,1,0,1,1,0,0
79595,28,34,14,11,18,22,15,25
645846,2,1,3,0,5,2,1,4
106480521,0,2,0,0,0,0,1,1
389765,3,6,5,5,4,1,9,5
23352,123,118,122,119,111,138,147,110
101928550,0,0,0,0,0,1,0,0
503645,2,1,0,0,0,0,0,0
100142659,2,0,1,2,1,0,0,1
645224,5,9,4,7,6,4,7,3
7429,2,4,1,0,0,1,1,3
3425,7,3,1,0,1,0,3,0
333926,4,5,7,3,8,7,9,11
105371277,1,0,0,0,0,0,0,0
123775,7,9,11,8,6,10,8,6
100418955,0,1,0,0,0,0,0,0
22849,4,7,2,6,3,6,5,4
128239,100,104,68,99,42,42,67,71
124903560,2,0,0,0,1,0,0,0
3927,61,73,50,46,65,60,55,86
124902868,4,3,1,6,2,5,3,1
27134,1,0,1,0,1,0,0,0
79778,2,3,2,1,1,1,1,2
3822,1,0,2,1,0,0,2,4
124900236,1,0,0,0,0,0,0,1
90634,3,3,4,5,13,9,10,6
51317,17,21,28,28,30,20,29,29
84897,82,95,60,74,81,80,77,93
124904183,0,1,1,1,1,1,0,0
344423,35,41,31,29,31,37,28,38
124907952,0,0,0,0,0,0,1,0
105376482,0,0,0,0,0,0,0,0
55032,25,26,13,11,17,23,13,24
100127908,2,8,5,2,4,6,1,9
114805,3,4,2,3,3,5,4,4
83732,290,300,146,122,186,171,188,198
5806,8,9,6,6,8,7,12,11
103752584,2,5,4,1,1,3,2,3
112694756,0,3,3,2,3,1,1,0
157657,2,4,4,3,3,4,2,4
23373,4,6,6,6,7,4,4,6
124901741,7,2,3,6,13,9,6,7
138428,25,26,24,19,32,24,19,32
5834,75,89,50,38,43,50,73,59
6123,4,4,3,2,0,1,4,2
495,0,0,1,1,0,0,0,1
1281,1,2,0,0,1,1,0,3
100129385,0,0,0,0,1,0,0,0
124902390,0,0,0,0,1,0,0,0
10537,0,0,0,1,0,0,0,0
107984589,0,0,2,3,0,0,0,0
64969,301,292,254,278,326,229,280,246
105379252,3,4,0,1,1,1,1,1
10120,26,13,33,32,29,21,21,26
342184,1,1,7,0,1,0,0,2
728791,14,24,13,13,18,23,17,12
55628,16,16,7,9,8,7,15,7
3823,0,0,1,1,0,1,1,1
25847,195,178,94,113,145,123,127,153
105378499,0,0,0,0,0,0,0,0
9388,2,2,2,0,1,1,0,1
105378120,1,0,2,4,0,2,2,1
6155,10135,10511,8949,8101,9089,9834,8429,9882
285314,1,0,1,0,0,1,0,1
132817,0,0,0,0,0,0,0,0
339845,2,1,0,0,0,2,0,2
10210,167,195,114,137,150,145,128,175
1768,1,5,3,6,3,6,4,4
729582,1,1,0,0,0,2,1,2
105370000,2,0,0,0,0,0,0,0
100189318,5,9,6,11,12,7,15,6
100129937,16,17,9,6,3,6,2,7
7461,1,0,2,0,1,2,3,1
106479116,2,7,7,4,5,6,8,3
5077,9,18,32,20,21,21,17,17
339539,0,0,0,0,0,0,0,0
5172,1,3,0,0,1,1,1,2
107986704,1,1,0,0,0,0,0,0
106478956,0,0,0,0,0,1,0,0
107987007,2,2,2,2,9,4,3,0
83999,13,13,28,32,38,23,37,30
102724330,8,9,9,6,8,10,4,11
23424,7,10,3,9,10,15,8,7
124901747,1,2,1,0,0,0,0,1
100506578,0,0,0,0,1,0,0,0
374987,1,2,0,0,0,3,2,3
124904757,0,2,2,1,0,1,0,2
100270957,15,14,12,9,14,16,12,12
2329,1,0,0,0,3,0,2,0
442308,1,2,1,0,1,2,1,1
23101,4,4,2,8,3,2,5,2
348926,11,9,5,10,11,7,7,12
4182,2,3,1,3,1,1,1,0
9276,195,211,146,145,156,158,162,198
2900,1,0,0,0,3,2,2,0
107985549,5,4,2,7,7,5,4,6
84267,79,87,27,34,25,30,38,42
9990,6,9,10,7,15,15,19,19
677811,0,2,1,0,0,0,0,0
55707,88,90,42,32,31,47,48,35
9096,24,28,28,28,36,19,31,24
7164,105,105,53,59,54,124,105,139
391722,12,16,6,4,4,12,11,9
100271077,2,2,0,0,1,2,1,0
105374571,1,1,0,1,2,1,1,2
150946,10,14,10,7,10,4,6,10
80194,47,68,67,47,56,61,57,57
100271331,16,10,16,15,25,22,12,20
100507567,4,13,9,9,6,9,6,3
9726,14,20,29,11,17,21,15,17
55194,6,7,6,6,8,6,6,8
107986989,0,0,0,0,0,0,0,0
29855,77,74,76,44,65,48,68,63
5993,40,51,46,59,55,47,46,47
100507156,0,0,0,0,0,0,0,0
105369952,3,1,1,1,0,0,1,0
64714,2,1,3,0,1,3,2,2
100287033,1,1,1,4,2,1,2,1
100271305,1,1,0,0,0,3,2,0
28991,72,79,31,34,36,36,52,42
644761,1,1,0,0,3,0,0,1
10016,336,336,229,224,328,232,251,262
148753,1,0,0,1,1,1,1,1
105377849,1,0,0,1,0,5,5,1
79685,31,37,37,33,34,41,57,40
11043,11,7,13,17,20,10,10,10
100129009,8,8,3,4,4,5,4,4
3778,8,13,21,17,14,9,14,13
112268114,4,3,4,1,9,6,0,6
2819,1,1,2,1,2,0,0,0
124900440,2,0,0,1,0,1,0,0
8809,3,2,0,5,2,6,1,3
101927045,1,0,0,1,0,0,0,0
100271025,1,2,0,0,1,4,1,1
118568828,3,8,7,10,13,12,3,15
103191607,1,0,0,0,0,0,0,0
101929278,0,0,0,0,0,0,0,0
339287,86,98,96,115,91,105,114,118
124906309,2,1,1,1,2,2,1,1
5514,208,181,49,45,45,96,89,105
728715,9,14,7,10,9,4,10,8
124901558,1,1,0,0,0,0,0,0
440335,0,0,0,0,0,0,1,0
5976,63,69,50,51,53,53,57,62
50855,6,9,9,3,2,1,7,10
124902006,4,2,2,1,1,1,1,2
124904733,1,0,0,1,1,0,2,1
6693,1,0,0,0,0,0,1,0
101927481,1,0,0,0,0,0,0,0
390998,2,2,1,0,0,0,1,0
84866,34,19,20,18,18,31,27,27
100419284,19,26,11,16,19,18,15,17
145508,70,50,34,30,40,27,37,47
5205,3,2,2,3,5,7,2,3
169834,80,88,56,46,37,58,50,60
100421689,1,2,2,3,1,1,0,2
114780,0,0,0,0,1,0,1,1
9564,22,16,11,19,6,14,25,21
160287,1,0,0,0,0,0,0,0
124903320,0,0,0,0,0,0,0,0
152098,1,1,1,1,3,2,0,1
105373527,0,0,0,0,0,0,0,0
124904638,1,4,1,0,2,2,2,1
100913182,2,5,2,4,2,2,4,2
121233926,4,8,0,0,1,5,0,3
124902488,1,0,0,0,0,0,0,0
51122,82,97,55,30,57,45,43,52
124900728,1,3,0,0,0,1,1,0
2990,95,112,101,96,118,89,109,104
2713,15,19,14,15,13,18,13,23
646966,27,31,26,12,21,33,26,29
100130370,1,0,0,1,0,2,0,0
4478,90,76,84,85,108,89,101,112
644716,1,0,0,0,0,0,0,0
7482,1,8,5,3,3,7,6,3
100996609,0,0,0,0,0,0,0,0
100419140,2,5,1,0,4,5,1,2
6284,150,195,118,141,133,172,118,194
339977,2,2,0,0,0,0,0,0
105370337,0,0,0,0,0,0,0,0
100128102,6,5,4,2,3,2,5,0
100233156,9,6,7,5,4,6,1,7
100130972,2,0,0,0,2,0,2,1
124901409,1,1,0,1,0,1,0,1
348938,1,0,0,0,0,0,0,0
105377548,1,0,1,0,0,0,0,2
57688,57,62,51,50,34,35,31,55
11309,0,0,0,0,0,0,0,0
9406,431,476,366,305,419,513,458,499
105372708,1,0,0,0,0,0,0,2
149951,60,52,26,28,35,32,41,33
57692,2,0,2,1,3,0,1,0
29785,1,4,6,4,5,7,4,7
79641,14,13,14,12,14,13,18,10
57404,123,132,33,36,29,32,34,40
23506,21,17,11,5,8,9,7,9
58485,304,325,254,270,310,359,273,310
100507422,3,3,1,4,4,1,1,0
105369669,1,0,0,3,0,0,0,0
124904763,1,0,0,0,0,0,0,0
6899,22,23,29,27,49,23,37,25
222171,1,1,6,4,4,1,3,5
2626,21,13,12,11,19,12,31,24
105375132,7,2,7,8,2,3,2,3
80778,2,4,8,2,6,6,3,5
25807,52,73,52,39,54,74,63,62
84749,18,19,20,23,25,20,33,21
100302283,0,0,0,0,0,0,0,0
6705,0,0,0,0,0,0,0,0
138151,43,39,21,31,30,25,29,23
100505912,1,1,0,0,2,1,1,2
124904409,5,3,8,4,7,2,6,7
124904376,0,0,0,0,0,0,0,0
391358,180,199,116,143,132,165,180,152
124904219,0,0,0,0,0,0,0,0
55486,105,115,59,66,79,88,72,89
91687,29,31,10,16,18,18,17,20
101927145,1,0,0,0,0,0,0,0
7498,1,0,0,0,0,0,0,0
51495,1264,1396,930,868,1054,965,931,1076
124901666,1,3,0,0,1,0,0,2
100500773,18,17,7,3,9,13,5,8
105377585,0,0,0,0,0,0,0,0
116412,2,0,1,3,1,1,2,3
100431175,1,1,0,1,0,0,0,0
105375532,0,0,0,0,0,0,0,0
11056,336,368,198,178,222,289,266,289
79754,37,41,45,35,37,51,42,61
57480,13,11,11,9,13,8,10,13
730246,1,2,2,0,2,1,2,1
6619,68,55,94,94,99,89,84,76
10742,27,22,20,26,30,21,31,23
79800,1,1,3,1,3,4,2,1
594839,5,4,0,0,1,3,6,2
107984764,2,5,0,0,1,3,7,6
4741,3,4,7,23,23,11,11,17
102191832,1,0,1,0,0,0,0,0
124902979,0,0,0,0,0,2,0,0
105372717,1,0,0,0,1,2,0,1
107986723,0,0,0,0,0,0,0,0
619190,2,6,3,4,3,2,2,2
168374,30,25,28,24,28,19,22,41
80820,7,6,7,4,8,7,8,7
346296,1,3,0,3,2,5,4,4
106481619,1,0,0,1,0,0,0,0
100131176,0,0,0,0,1,0,0,0
105375921,1,0,0,0,0,0,0,0
677806,1,1,1,1,1,3,0,1
27023,31,35,25,31,24,18,27,29
25966,3,1,2,0,2,1,1,3
360175,1,3,0,0,0,1,0,1
50488,11,9,13,12,16,15,12,18
442260,17,16,11,9,9,11,12,5
54539,958,1110,821,838,1044,971,909,986
124901381,0,0,0,0,0,0,0,0
55746,160,174,141,117,121,130,137,175
111064646,0,1,0,0,0,0,0,0
124903911,0,0,0,0,1,0,0,0
100271471,20,14,12,5,10,13,10,15
128387,72,64,72,46,77,73,77,79
124905074,1,3,1,2,1,2,3,2
5897,1,0,0,0,0,0,0,0
221749,9,9,11,16,14,6,10,17
2308,43,32,26,37,25,29,45,33
105378671,0,1,0,0,2,0,1,0
344887,1,0,0,0,0,0,0,0
105369360,1,0,1,1,0,0,0,0
11236,14,28,18,9,13,18,22,22
375057,0,1,6,3,3,2,3,1
54961,1,2,2,1,0,7,2,5
80169,10,5,7,7,8,9,7,8
113451,0,0,1,4,2,3,0,2
100270894,6,6,6,5,2,4,3,9
5494,87,95,71,69,45,47,83,51
401974,4,3,2,2,2,2,2,3
101929231,2,0,2,0,2,0,1,2
8027,59,59,56,40,49,56,41,57
304,8,7,9,12,6,17,10,15
26806,2,3,3,1,2,3,0,3
81553,5,1,2,3,2,0,1,0
387036,1,0,0,0,0,0,0,0
101927919,2,1,4,0,1,2,0,0
340156,0,0,0,0,0,0,0,0
100419622,14,17,11,3,9,14,9,10
340198,1,1,0,0,1,0,0,0
124900441,1,0,0,0,0,0,1,0
7424,1,1,4,2,6,3,2,4
4783,3,8,18,10,17,3,9,8
2863,1,1,0,3,3,0,1,1
152831,1,0,0,0,0,0,0,1
105369806,0,0,0,0,0,0,1,0
158674,29,54,58,43,55,55,42,46
602,1,1,3,6,7,1,3,0
124909367,0,1,0,0,0,0,0,0
124900950,1,1,1,0,0,0,0,0
124900934,0,0,0,0,0,1,0,0
402375,890,1032,745,669,926,881,679,823
112268321,1,1,0,1,0,0,0,1
8664,440,479,430,407,561,439,401,490
646612,3,4,3,3,3,2,6,7
6242,39,34,28,38,32,30,35,36
124907879,0,0,1,0,1,0,2,2
10144,23,41,27,20,37,45,30,27
11228,21,24,21,26,29,17,32,29
7547,0,0,1,1,0,1,0,3
105371848,1,0,0,0,0,0,0,0
105370148,1,0,0,0,1,0,0,1
7767,33,40,34,25,18,37,33,32
100132346,13,13,9,3,5,7,7,8
107984161,2,1,0,0,0,0,0,2
107984971,3,0,3,0,2,0,2,3
105373786,1,0,0,0,0,0,0,0
222546,3,3,11,6,8,6,7,10
342705,5,1,0,1,1,4,1,3
107986298,2,1,0,0,4,6,6,4
100302742,4,9,6,6,2,9,7,11
105371638,2,1,0,0,0,1,0,0
105379525,1,0,2,2,2,2,0,0
283887,0,0,1,0,0,0,0,0
731631,1,0,1,0,1,0,0,0
84962,10,2,6,2,12,11,4,8
6383,63,56,55,68,78,86,86,91
9789,155,172,96,89,114,109,99,120
55095,117,122,82,75,77,88,96,84
79729,1,0,2,1,2,1,5,2
100419963,0,2,0,1,0,1,1,2
728432,1,1,4,1,0,5,1,2
9711,32,33,25,27,18,19,14,32
404281,14,12,3,2,11,4,2,4
4577,103,111,456,547,508,426,296,447
100131801,310,334,268,202,259,337,280,334
2222,469,553,414,477,606,502,506,584
114134,17,18,11,17,19,12,30,19
22858,42,41,26,19,25,31,36,38
56052,44,55,11,17,15,25,13,28
2835,3,2,1,1,1,3,2,4
124909490,1,0,0,0,0,0,0,0
64735,0,0,0,0,0,0,0,0
80765,7,4,6,1,8,6,4,4
22898,2,5,6,6,5,7,10,4
105375666,18,19,19,20,34,36,36,38
124900961,18,20,3,3,3,4,2,2
79939,57,79,55,38,46,44,39,50
124903223,0,0,0,0,0,0,2,1
130872,5,4,12,7,8,7,12,14
85358,5,11,8,6,10,5,6,11
100293534,0,0,0,0,1,1,0,0
100422636,0,1,1,0,0,0,0,0
401541,44,51,31,33,51,37,37,59
3166,11,13,11,10,13,6,13,7
6087,1,2,0,0,0,3,1,0
51091,8,11,7,3,8,6,7,8
58493,120,122,45,41,44,42,61,56
100190986,3,6,6,4,1,8,4,9
124901987,0,0,0,0,0,0,1,0
100240734,0,0,1,2,2,6,3,3
145957,7,4,0,5,3,6,2,6
100270709,0,0,0,0,1,0,0,0
102725021,2,2,2,1,0,0,3,1
100133315,9,2,9,7,4,3,3,1
26785,51,44,31,33,65,90,59,118
79865,1,0,0,0,0,0,0,0
27010,5,13,8,13,10,5,9,3
64757,54,73,26,26,33,46,49,38
79608,2,5,2,4,1,4,3,5
51527,62,64,35,36,38,54,34,43
9933,330,402,222,197,303,273,207,277
3040,2,2,4,3,2,1,8,2
388931,1,1,0,0,0,0,1,0
100233146,2,2,0,2,0,0,0,1
107986909,1,2,2,0,0,2,1,0
503542,1,1,0,0,0,0,0,0
100507547,2,4,12,9,14,12,15,7
677813,2,1,1,1,0,3,1,2
105371731,0,0,0,0,0,0,0,0
112268377,1,0,0,0,0,0,0,1
360180,8,11,4,4,5,6,5,2
79849,0,0,0,0,0,0,0,0
90204,8,17,12,7,5,10,7,5
727991,2,7,0,1,1,1,0,1
102724691,0,0,0,0,0,0,1,0
887,1,0,1,1,1,0,1,0
105379021,1,0,0,1,0,0,0,0
107984789,1,0,0,0,0,0,0,0
391136,1,4,0,2,2,2,1,4
106479367,1,0,0,1,0,0,1,1
729999,0,0,0,0,0,0,1,0
100288948,4,2,1,0,2,2,2,2
102724473,1,0,0,1,0,2,0,0
105369961,2,1,0,0,0,0,1,0
100996696,7,3,2,5,3,3,1,5
677809,2,1,0,1,1,1,1,1
3222,2,9,13,5,9,14,12,11
81858,28,33,24,22,23,25,30,36
130888,1,3,11,5,10,8,5,7
685,1,0,1,1,1,1,0,4
7479,1,1,0,0,0,0,1,1
124901916,0,0,0,0,0,0,1,1
94115,2,0,0,1,0,1,0,1
101929622,0,0,0,0,0,0,0,0
105369798,0,0,0,0,0,0,0,0
147407,1,1,1,1,0,2,2,1
56952,3,1,0,0,0,6,2,1
2316,188,187,252,212,250,205,188,218
102724078,7,9,15,13,16,14,15,22
100874350,3,6,3,3,0,0,4,0
23071,172,176,95,101,121,121,105,132
653080,5,3,5,3,3,2,3,4
100874235,1,0,0,0,1,0,0,0
10215,5,4,6,5,5,4,7,2
106480647,1,0,0,1,0,1,0,0
79269,26,35,31,26,37,35,33,36
643827,1,1,0,1,0,0,1,0
10044,1,4,3,1,4,3,5,2
105379271,15,8,5,11,8,17,11,6
4698,370,431,308,286,359,334,363,344
55526,81,69,135,119,137,162,138,145
124905013,3,7,8,8,4,10,8,12
124903061,1,0,0,1,0,0,2,0
112390310,0,1,0,1,0,0,0,0
100653423,9,12,7,8,7,10,7,12
150684,91,97,81,92,93,93,64,85
105372942,2,4,3,1,4,4,1,0
253738,48,38,27,26,18,24,29,25
100506472,1,0,1,2,1,0,2,0
10526,66,73,58,83,85,80,85,85
124903723,1,0,0,0,0,0,0,2
10260,29,34,29,26,27,31,39,36
107984714,1,0,1,1,0,0,0,0
124904049,0,0,0,0,0,0,0,0
101927027,10,9,5,6,10,7,9,7
654392,35,54,38,34,40,37,28,34
124902995,1,0,0,0,0,1,0,0
101927830,1,0,0,0,0,0,0,0
399668,2,1,6,2,4,1,6,6
730130,4,4,11,12,2,12,13,9
11253,27,35,43,35,46,47,45,48
124904362,1,3,1,0,0,2,0,0
9014,192,192,120,108,147,130,121,144
100129654,2,2,5,0,2,5,3,5
55239,203,199,109,87,144,128,118,143
105377406,1,0,0,0,0,0,0,0
81794,1,1,0,1,1,0,0,3
286380,2,2,0,0,0,0,0,0
137107,22,15,28,10,21,36,25,17
9166,155,165,88,76,108,67,57,109
107985282,1,0,0,0,0,0,0,0
441051,24,18,8,7,8,10,18,15
105372430,0,1,0,0,0,0,0,0
1033,316,304,134,129,183,176,194,222
29970,0,0,1,0,0,1,1,0
124902953,0,1,0,0,1,0,1,2
1058,29,35,9,16,23,18,29,25
55329,37,51,41,45,69,51,54,46
7574,25,37,13,15,17,11,6,20
5883,12,23,7,11,8,18,10,10
100129284,1,0,0,0,0,0,0,0
23187,12,7,8,10,5,13,21,18
653234,1,0,0,0,0,0,0,1
124904875,1,3,4,3,3,0,1,3
600,5,9,1,4,1,1,5,6
112577592,0,0,0,0,0,0,0,1
645918,18,27,16,12,17,25,15,25
5475,1,1,2,1,1,1,0,0
51023,470,502,245,205,287,266,235,305
345275,0,1,0,0,0,1,0,1
100270968,4,2,2,2,1,4,2,1
55267,1,1,0,1,0,1,0,2
162993,3,8,8,6,5,5,3,4
55578,108,111,71,79,88,72,81,120
402193,94,102,62,77,57,85,62,93
29982,61,63,50,43,59,36,48,61
3306,19,14,0,4,2,6,7,3
100873947,1,0,0,0,0,0,1,0
107984791,1,0,0,1,1,0,1,0
79958,0,1,0,0,0,0,0,0
5348,2,2,2,1,1,3,2,1
104310353,10,17,7,5,12,11,8,13
1513,3,1,0,0,0,0,2,2
102725191,1,0,0,0,0,0,1,0
11166,3,3,5,1,5,5,6,6
126119,11,16,9,7,8,11,5,8
100270965,2,3,4,0,0,2,1,1
162333,1,0,1,0,0,0,1,0
1893,2,0,0,0,1,0,0,0
120114,41,28,23,21,22,14,27,33
26817,2,0,0,0,1,1,2,1
9514,1,0,0,1,1,0,3,2
124903806,2,0,0,0,0,0,1,0
9389,0,0,0,0,0,0,3,1
1636,2,3,3,4,3,4,3,1
257177,1,0,0,0,0,0,0,0
317719,2,0,0,0,0,0,1,0
119032,56,55,29,21,30,25,27,27
440589,36,39,55,34,35,39,33,27
105371711,3,2,1,4,3,1,2,4
23403,55,80,31,42,28,35,35,27
101927263,1,5,3,0,2,2,3,0
399717,5,2,0,3,0,3,6,2
124902325,0,0,0,0,0,0,0,0
100271326,3,4,8,5,4,6,5,2
100132132,5,8,1,4,4,3,3,5
10991,1,2,4,0,1,3,1,1
79734,3,9,2,9,8,6,7,10
124900274,1,4,2,3,2,0,2,1
677805,1,0,0,0,0,1,0,0
100189273,1,0,0,0,1,0,0,0
55063,28,18,26,32,33,35,23,26
23335,17,22,9,6,13,9,13,11
6257,26,22,20,29,26,33,35,22
359821,1,0,0,0,1,1,0,0
124905032,0,0,0,0,0,0,0,0
6372,2,2,5,1,5,7,7,1
339843,3,1,0,0,3,2,3,1
196993,1,0,0,0,0,0,0,0
6044,1,1,0,0,0,1,2,0
170082,2,4,6,4,7,2,5,6
10175,334,412,197,194,239,255,209,255
9311,2,3,2,0,3,0,2,1
201299,60,56,88,71,105,85,61,85
7549,15,18,12,12,16,7,4,10
6664,1,2,0,0,0,0,0,0
100996732,15,17,13,10,3,12,18,12
124903234,1,0,0,0,0,0,0,0
266783,21,12,12,18,14,25,21,18
100128927,4,7,4,5,2,2,6,4
440300,2,0,0,0,0,0,0,0
101928429,0,0,0,0,0,0,0,0
729033,2,0,0,1,0,0,0,0
55081,209,222,118,119,162,132,154,149
1103,0,1,0,0,0,0,0,0
10954,17,17,15,11,14,14,19,16
730016,1,0,0,0,0,3,0,0
100421400,6,11,9,4,3,6,4,8
102546294,0,0,0,1,1,0,0,0
65008,281,359,112,108,121,195,119,197
284900,45,40,56,49,70,60,44,61
1357,1,0,0,0,0,0,0,0
124905353,0,0,0,0,0,0,0,0
102724149,2,2,1,0,3,2,1,1
105372969,3,4,4,8,5,6,8,7
339123,118,147,58,34,59,70,81,77
50619,1,2,3,1,2,2,1,5
9464,2,3,4,9,10,8,3,7
124903200,0,1,0,2,1,1,0,3
100130923,6,2,2,1,2,2,2,3
284451,0,0,0,1,1,0,1,0
100128393,40,32,27,27,32,38,41,31
8360,5,2,1,2,0,2,0,4
101060324,1,2,1,0,2,1,0,0
85407,5,8,7,3,12,9,1,5
80218,317,284,154,116,210,194,171,216
100129731,1,1,0,0,0,0,0,1
105379384,0,0,0,0,0,0,0,0
107985656,0,0,1,0,0,0,0,1
84904,47,48,18,17,26,28,41,35
100189221,1,1,0,0,0,0,0,0
150160,0,0,0,0,0,0,1,0
124902876,4,4,1,5,4,3,2,4
142684,1,2,0,0,0,2,1,5
105378320,1,2,0,0,0,1,1,0
392872,10,1,5,7,8,8,5,5
100271472,1,0,0,0,0,2,0,0
26830,3,4,3,3,8,7,6,7
56947,202,249,213,224,244,215,184,205
81857,74,69,100,66,110,87,76,100
51362,164,185,155,147,181,166,114,156
57633,3,1,4,3,0,2,0,3
10943,112,95,86,81,104,78,86,114
112267948,1,2,0,2,1,3,0,2
124901756,4,2,1,1,1,0,4,0
105372902,0,2,1,3,1,5,0,3
100422981,1,0,0,0,0,0,0,0
646626,4,3,1,1,2,1,1,1
10106,22,23,36,39,31,31,43,33
4902,2,0,9,6,14,8,5,4
123720,72,65,42,53,49,45,50,60
60401,6,19,18,12,12,7,8,4
283953,0,0,0,0,0,0,0,0
105378339,0,0,1,0,0,0,0,0
51258,1019,1145,558,523,704,727,684,781
9125,282,295,224,230,197,180,173,171
220004,2,3,4,5,4,4,3,1
80342,0,0,0,0,0,0,0,0
137392,372,344,243,222,264,280,254,291
124904102,1,0,0,0,0,0,1,0
23152,9,19,16,11,11,14,20,7
319093,1,5,1,1,0,1,3,1
124902275,2,1,1,2,1,0,1,0
102723591,4,0,7,4,5,7,4,5
534,5,0,2,3,2,1,3,0
106479609,2,0,1,0,0,0,3,1
145773,6,6,11,10,16,14,12,13
6518,0,0,0,0,0,0,0,0
10959,1687,1882,586,730,453,583,722,742
124903034,1,2,0,0,1,0,1,1
79070,38,41,26,22,30,23,16,24
124901958,1,0,1,0,0,0,0,0
55785,14,10,6,4,14,12,8,20
2664,110,161,145,146,187,130,136,128
102723952,1,2,0,1,0,0,0,2
100289580,0,1,0,0,0,0,0,0
728729,10,7,4,2,4,2,2,5
124902887,1,2,0,0,1,2,0,1
100129381,1,1,0,0,0,1,2,0
54932,27,21,25,24,28,12,16,13
9098,1,1,1,0,0,0,0,0
337867,92,119,93,93,124,109,99,89
340526,1,3,2,3,2,5,7,4
8331,12,14,3,4,6,6,7,13
124902908,1,0,1,1,0,0,0,1
105371763,9,8,16,5,5,14,13,17
124903896,1,0,0,0,0,0,1,0
100189094,0,1,0,0,0,1,1,0
273,6,5,9,13,18,18,21,8
163183,1,0,1,0,1,2,1,1
729119,6,7,7,6,3,7,11,5
124904970,0,0,0,0,0,0,0,0
349391,1,0,0,1,0,2,0,0
105376267,1,3,0,2,1,5,2,5
1910,1,1,1,0,0,1,1,3
644743,0,4,1,0,0,2,2,1
1053,3,3,12,25,25,4,3,4
63898,88,89,44,39,34,50,68,61
55512,2,4,0,0,0,0,0,1
752,1,2,1,1,3,2,3,2
2696,1,0,0,2,0,0,0,4
101929174,1,1,3,1,3,10,3,5
105375001,3,2,3,0,0,0,2,0
101929240,13,9,10,13,15,10,6,13
105370353,0,0,0,0,0,0,0,0
107986463,1,0,0,1,0,3,0,0
267020,67,83,48,46,60,78,72,78
168667,1,0,1,0,0,0,0,0
105371296,1,0,0,0,0,0,0,0
105374333,5,5,4,4,2,5,2,1
101927886,19,20,28,17,24,16,27,19
107987043,0,1,0,1,0,0,1,2
5534,86,88,22,33,30,25,27,24
9694,76,93,103,79,126,121,106,114
102465668,1,0,1,0,0,0,0,1
5458,0,1,0,0,0,0,0,0
100505854,29,28,18,25,27,39,22,29
135250,0,0,0,0,0,0,0,0
791126,0,0,0,0,0,0,0,0
7621,6,7,5,2,4,3,4,1
100421597,2,4,2,7,4,3,4,3
107282092,8,16,14,10,11,5,3,5
105379053,1,6,0,3,2,2,4,5
84874,2,16,15,6,18,14,13,11
286527,8,9,6,7,9,8,11,7
89932,9,8,15,8,13,17,20,12
286002,2,1,1,0,1,2,2,3
5913,1,0,0,0,0,0,0,0
105376277,1,1,1,3,0,1,2,1
124903008,1,1,1,1,2,3,2,1
100129794,15,7,3,3,14,7,6,8
8811,5,5,1,0,0,0,1,2
101927233,0,0,0,0,0,0,0,0
1939,114,101,94,135,112,127,125,139
5602,1,0,1,2,3,3,1,1
100287482,4,4,3,2,3,4,5,3
64976,324,331,214,207,267,206,198,248
6236,0,1,0,0,0,1,0,0
51271,53,53,42,33,46,41,52,38
130589,26,32,34,23,43,40,45,46
9935,5,16,9,12,14,12,12,12
119545630,0,1,2,0,3,2,0,1
100419185,1,0,1,0,0,0,1,1
2263,17,23,13,14,12,17,30,21
100189004,1,1,0,0,0,0,0,0
23252,31,28,14,16,14,23,15,23
100526773,1,1,2,0,2,1,0,0
124906348,0,0,0,0,0,1,0,1
100129921,1,0,0,0,0,0,1,0
100131995,1,0,1,5,1,5,4,2
717,3,2,1,2,4,2,2,4
64858,24,39,20,14,26,26,28,28
340371,2,3,3,3,6,5,8,4
7100,1,1,5,2,1,2,3,1
7288,0,0,0,0,0,0,0,0
644202,4,5,3,4,4,6,6,1
60494,1,1,0,0,0,0,0,0
105376600,1,0,0,0,0,0,0,0
105375792,0,0,0,0,0,0,0,0
2572,1,1,0,1,1,0,1,0
126006,1,0,0,1,0,0,0,0
105377329,0,0,0,0,0,0,0,0
80741,5,4,2,3,1,0,1,3
54777,0,1,0,0,0,0,0,0
11156,5,4,12,10,10,12,9,9
3223,37,23,22,29,32,29,39,42
729496,73,87,42,39,63,49,57,54
90861,414,455,232,238,295,227,249,238
146771,0,0,0,0,0,0,0,0
6671,81,65,30,23,23,24,40,28
93,93,81,107,74,101,71,65,63
100271623,30,21,18,21,20,20,28,22
124903536,1,0,1,0,1,2,0,0
11031,182,177,74,78,72,102,99,98
790966,5,8,3,9,8,2,3,9
124902471,5,3,1,1,2,2,3,1
644988,4,6,2,6,1,4,5,3
57134,1,0,2,2,5,5,3,6
6948,7,3,1,4,2,1,6,1
100289019,8,11,1,2,1,1,1,0
100506119,2,0,0,1,2,0,1,2
100862682,6,4,4,1,4,3,7,0
7138,97,105,98,100,102,114,83,102
100421493,0,0,0,0,0,0,0,0
100129347,1,0,0,0,0,0,0,0
5903,152,147,93,83,127,106,116,97
29105,114,124,91,76,112,103,93,112
9185,2,0,2,2,2,1,2,5
100506844,93,115,101,82,103,80,84,89
105373384,6,3,4,1,2,2,3,6
4821,6,10,2,11,3,8,9,6
1535,154,178,97,94,111,125,156,140
106478917,0,0,0,1,0,0,1,0
23762,1,1,0,2,0,2,0,1
124903019,2,2,0,1,0,0,0,0
4701,982,1123,862,869,1048,1042,857,1008
285412,8,1,1,1,2,2,4,2
1842,0,0,0,0,0,0,0,0
10162,74,81,75,75,87,93,92,89
90,5,4,15,7,4,12,9,5
54814,5,2,7,12,5,10,10,12
102723505,1,1,1,1,2,1,1,0
144448,2,5,0,2,2,5,4,3
4621,1,5,2,2,0,3,3,3
100270910,2,1,1,0,3,2,2,2
57335,45,46,32,19,26,32,22,36
105377276,0,0,1,0,0,0,0,0
100847018,0,1,0,1,0,2,0,1
100240708,0,1,0,0,0,0,0,0
88,4,9,7,8,8,6,5,13
1176,157,179,141,107,150,135,133,133
221002,3,0,1,3,2,2,4,3
340120,5,4,6,4,4,10,9,6
107985453,0,0,0,0,0,0,0,0
55279,15,18,23,14,18,25,16,16
94240,2,8,18,14,17,2,1,3
286411,14,13,13,11,19,5,9,6
3233,5,4,0,1,0,4,1,1
109623469,1,0,0,0,0,0,0,0
4050,0,0,0,0,0,0,0,0
152877,0,1,1,0,2,2,0,0
114799,62,55,49,51,51,44,55,73
391356,284,291,222,246,284,291,228,269
100132122,77,95,61,46,48,68,63,78
79868,128,132,47,47,49,62,55,63
553115,234,244,147,162,222,186,202,196
6533,10,9,9,14,16,14,23,20
124900751,0,0,0,0,0,0,0,0
100271013,32,18,11,16,15,29,19,15
11276,51,39,26,31,31,39,47,50
2871,4,5,1,4,3,3,4,6
3315,178,197,164,138,190,191,159,198
124901070,1,0,2,0,1,2,1,1
6547,0,0,0,0,1,0,1,0
4987,0,1,2,0,0,1,2,1
7134,1,0,1,0,1,1,0,0
102724479,2,5,1,1,5,0,1,0
57717,0,0,0,0,0,0,1,0
4168,1,0,1,0,1,0,0,1
11197,2,5,0,0,0,2,0,2
163071,0,0,0,0,0,1,0,0
677810,2,4,0,0,0,3,4,7
100189047,2,0,0,0,0,0,1,0
105376328,2,2,2,0,2,5,5,0
348801,9,12,7,7,15,7,15,13
55701,1,1,6,0,6,7,6,11
100144602,3,3,5,1,3,3,3,1
5597,105,114,73,56,92,88,67,96
124905316,1,0,0,0,0,0,0,1
8321,9,4,7,9,7,4,14,8
124900547,13,7,4,4,8,7,7,18
11044,64,52,59,58,60,51,71,63
130557,10,3,10,6,3,4,6,8
79870,1,0,1,2,3,2,4,1
729274,1,3,1,3,3,3,2,1
5125,35,32,14,24,29,25,17,30
124902676,1,0,0,1,0,0,0,1
100189263,0,0,0,0,1,0,1,0
124902153,1,0,1,0,0,1,1,0
326320,1462,1673,1415,1502,1723,1508,1279,1592
3566,1,3,4,7,7,2,5,5
100128893,2,4,10,7,9,8,3,8
442659,192,219,99,103,78,136,132,106
284288,2,0,0,1,1,0,0,0
106480118,1,0,0,0,0,0,0,0
117751732,22,38,45,38,47,40,36,37
57645,87,68,42,44,43,53,57,49
6687,115,97,110,87,100,144,147,156
104266957,2,4,3,1,6,2,5,5
148756,0,0,0,0,0,0,0,0
751071,55,61,28,33,46,60,64,76
6193,6489,7475,5825,5922,6875,6633,5799,6618
124909468,1,1,0,0,0,0,0,0
112543491,0,1,1,1,0,0,1,1
102723996,1,0,0,2,0,2,2,2
440350,1,7,4,4,4,3,2,3
6836,305,339,164,168,194,198,213,208
399687,17,20,27,18,35,30,25,38
652276,9,16,9,15,5,3,7,8
7292,6,3,5,4,7,3,7,3
107984263,0,0,0,0,0,0,0,0
7043,2,4,2,1,3,1,2,0
100189219,1,1,0,0,0,0,1,0
389168,554,582,306,335,321,334,324,347
729359,1,0,0,0,0,0,0,0
119358,64,70,36,43,40,58,34,69
440416,5,2,1,1,2,2,3,2
124902367,3,4,1,4,1,3,4,3
124900868,44,60,57,51,71,57,52,67
7161,25,33,31,27,30,20,26,21
107985360,10,9,11,10,7,5,8,11
102724350,1,1,0,0,0,0,0,1
100189292,0,0,0,0,0,0,0,0
146713,12,9,18,14,16,4,8,10
201931,64,64,45,43,33,41,61,37
727764,17,15,12,12,17,17,17,24
100129083,0,0,2,2,1,0,1,1
104457406,3,7,2,5,6,5,4,5
7592,5,4,6,2,7,8,4,3
101929095,1,0,0,0,0,0,2,1
1783,405,404,279,220,343,368,357,388
105378586,0,1,0,0,1,0,0,0
106479173,1,0,0,1,2,1,1,0
10094,970,1190,792,742,1035,1111,937,1197
125875,2,7,7,4,6,9,8,10
89886,0,0,0,0,0,0,0,0
4566,1,1,0,0,0,2,0,0
22885,0,2,1,0,1,1,1,1
100288130,1,0,0,0,0,0,0,0
105376453,0,0,0,1,0,0,1,1
107986910,0,0,1,0,0,0,1,0
728361,0,0,0,0,0,0,1,0
105377063,3,1,1,6,3,4,3,2
124904752,1,1,0,0,0,1,2,0
51335,379,364,181,194,280,216,259,234
400242,7,12,20,26,29,27,23,21
100169767,1,0,0,0,0,0,0,0
9228,1,0,0,1,2,1,0,0
729490,2,2,4,1,0,5,0,1
64759,2,2,1,3,2,4,2,3
344167,1,0,0,1,1,2,4,1
100128252,19,27,15,13,17,19,22,26
693209,0,0,0,0,0,0,0,0
105371480,0,1,3,0,0,1,3,1
4808,0,0,0,0,0,1,0,0
6275,2,1,5,3,5,3,2,2
2982,35,58,30,27,18,24,33,24
10235,1,0,1,0,1,1,1,2
84515,91,83,65,44,60,63,66,55
117154,0,0,0,0,1,0,0,0
116442,10,7,10,8,8,12,9,8
100270828,9,9,2,8,2,10,4,5
112543478,0,0,0,1,0,0,0,0
55909,70,92,34,41,52,46,37,47
23162,6,4,15,11,12,4,12,9
6319,836,846,892,940,660,624,661,705
130500,16,17,12,14,17,10,11,12
694,81,98,206,197,232,128,151,151
344332,5,1,1,2,2,0,3,1
400061,26,29,14,16,11,27,16,10
644022,1,0,0,3,2,1,3,0
1487,339,399,150,253,148,166,229,162
3181,2787,2841,2794,2596,3739,3467,3238,3637
1375,1,1,1,0,0,0,0,0
54567,2,1,2,2,1,4,2,2
9278,4,7,10,7,4,10,9,4
81871,0,0,0,0,0,0,0,0
100132086,1,0,1,0,0,0,1,0
124907850,4,5,2,2,0,0,1,2
106481710,1,0,0,0,0,1,1,0
9866,19,13,7,12,2,8,6,8
125170,14,13,14,17,20,18,19,15
730198,1,1,0,0,0,0,0,0
100419975,0,0,0,0,0,0,0,0
9754,1,1,1,0,1,1,3,3
105373424,1,1,1,0,0,0,0,0
115950,3,2,4,4,2,3,0,2
54476,126,128,64,65,107,98,115,108
100128145,1,0,0,0,0,0,0,0
130612,6,10,9,7,9,3,4,8
442244,3,3,5,4,2,2,3,2
124905227,1,1,0,0,0,0,0,0
101180901,1,0,0,1,1,0,2,0
124902779,0,0,1,0,0,0,0,0
5820,14,3,15,9,13,10,12,14
100131467,162,184,132,132,160,181,171,175
5376,55,49,57,52,87,68,60,67
91405,11,19,20,14,8,6,12,6
102723670,2,1,0,1,0,0,0,0
100271577,8,6,6,8,5,8,5,11
106144538,1,0,2,0,0,0,1,1
389,211,269,176,148,207,220,205,225
387496,34,46,16,9,14,20,22,29
7356,0,0,0,0,0,0,0,0
3050,1,0,1,0,2,1,5,1
407835,7,6,5,8,5,6,12,7
646,0,0,0,0,0,0,1,0
100506314,1,0,0,0,0,0,0,1
122769,151,186,98,86,110,111,101,131
1235,1,0,1,0,0,0,0,0
100874296,0,0,1,0,0,0,0,0
4782,156,128,180,132,161,136,144,181
124907967,4,7,3,4,1,6,1,1
2146,114,139,97,79,80,117,155,127
116935,301,328,323,256,294,327,281,327
441876,1687,2014,1761,1607,1832,1964,1721,1986
169270,2,4,8,2,3,6,9,7
391126,15,31,17,18,21,19,18,17
100419621,3,3,1,0,1,3,0,3
101929006,1,0,0,0,0,0,0,0
64374,99,108,93,101,113,70,87,100
105369725,1,1,1,0,1,1,1,0
4803,1,1,1,0,1,0,2,0
118980,44,48,30,40,43,47,37,41
80774,33,42,28,20,32,27,26,29
646090,2,0,0,0,2,0,0,0
124904388,1,0,0,0,0,0,0,0
124903001,0,0,0,1,0,0,1,0
100506776,1,2,0,1,1,1,0,1
105377725,1,0,0,0,0,0,0,0
124900955,55,68,53,31,42,55,51,45
100507524,0,1,2,1,1,0,0,0
124900542,1,0,3,1,1,0,0,0
1188,0,1,1,0,0,0,0,2
9188,1773,1935,1345,1186,1407,1339,1329,1499
89765,2,2,0,0,0,3,0,3
23031,8,5,20,15,11,12,8,15
105369755,1,0,0,0,0,0,0,0
143666,1,1,0,2,0,3,1,2
442712,19,19,10,6,9,18,16,11
728572,12,10,25,8,8,12,11,13
26059,14,9,21,15,16,23,9,27
102577426,0,0,0,0,0,0,0,0
29974,1,0,0,0,1,0,0,0
5420,26,38,62,56,68,50,49,57
3568,1,0,0,0,0,1,0,0
8842,4,2,1,1,3,9,4,6
5702,524,603,304,352,325,310,349,369
124902216,0,1,2,1,0,0,0,1
653316,0,0,0,0,0,0,0,0
100129337,2,1,5,5,0,3,0,5
440248,10,12,12,6,12,13,9,12
100500849,1,1,1,0,0,1,0,0
100506834,1,1,0,0,0,0,0,0
124902268,0,0,1,0,0,0,1,2
102465492,1,0,0,0,0,0,0,0
124904540,1,0,0,0,0,0,0,0
3693,15,16,24,21,39,34,34,21
100189086,0,0,0,0,0,0,0,1
100287951,6,8,5,6,5,4,8,6
387644,1,4,2,1,1,0,1,3
101926918,2,3,2,2,1,0,0,3
9831,7,7,4,6,9,4,4,8
100130234,1,0,0,0,0,0,0,1
124901338,0,2,0,1,1,1,0,0
85417,5,2,2,0,0,0,1,0
124404,1,0,1,0,0,1,1,0
57121,1,0,0,0,0,0,0,0
124901207,1,2,1,0,2,3,0,1
10220,75,62,73,53,71,92,78,78
80833,1,0,0,1,0,1,0,0
2628,1,2,1,1,0,0,0,0
390940,2,0,1,1,0,0,0,0
105376592,1,0,0,0,0,0,0,0
100506012,2,0,2,4,0,0,1,2
102724740,2,4,0,0,2,2,1,4
163859,106,122,122,86,112,86,99,117
3396,173,213,113,116,121,117,137,144
5021,14,10,3,15,15,8,15,13
101929432,0,0,2,0,0,0,0,0
155054,3,2,1,2,2,1,2,0
124904703,1,0,1,0,0,0,0,1
80185,77,101,38,39,52,63,43,59
101927824,2,1,1,0,1,1,2,1
100271298,12,10,17,10,8,7,6,8
102724416,0,0,1,0,0,0,0,0
100288235,5,4,0,4,2,2,3,1
51066,1,2,0,0,0,0,1,3
124902290,7,10,7,5,5,5,5,9
6780,499,541,400,382,443,353,368,425
101927712,1,2,2,0,3,2,1,2
107986414,0,0,0,0,0,0,0,0
124900974,0,0,0,0,0,0,0,0
95681,77,106,63,69,66,75,72,81
27107,46,46,34,37,55,34,40,35
7780,0,1,0,0,1,0,1,0
641977,42,43,36,25,36,42,53,33
124904464,1,0,2,2,7,3,6,3
215,3,0,0,1,1,1,1,2
128966564,3,1,1,0,1,0,1,2
100,35,32,56,70,86,37,56,44
105370117,0,1,0,0,0,0,1,0
124904641,1,0,1,0,0,1,0,0
100505678,0,0,0,1,0,1,1,2
11165,131,138,90,86,94,99,106,120
123803,29,32,27,31,42,35,36,21
112268070,2,2,1,0,0,1,0,2
5528,79,75,75,59,74,70,81,85
105374174,1,0,0,1,0,0,2,3
57216,4,6,13,8,9,4,5,4
9479,6,4,1,1,3,5,9,5
431707,0,1,1,0,3,1,0,0
163223,1,2,0,2,1,0,0,1
105369890,0,0,0,0,0,1,0,0
57611,0,0,0,0,0,0,0,0
222223,6,4,10,7,10,8,7,8
23589,221,244,246,222,264,228,187,258
107985788,1,1,0,0,0,0,0,0
441218,1,1,1,2,0,0,0,0
403315,2,5,2,3,3,6,4,3
100506394,1,0,0,0,0,0,0,0
105372273,0,0,1,0,1,1,0,0
255057,1,2,3,4,6,2,1,2
643949,297,354,329,280,348,390,305,365
107985329,0,0,1,0,0,1,0,0
101927279,8,4,5,7,5,8,6,9
5989,28,38,22,21,34,32,25,35
406951,1,2,2,0,1,3,2,5
392454,10,12,9,7,3,8,11,4
9575,46,38,25,18,24,26,40,22
150967,4,15,1,1,3,7,8,0
84163,3,8,3,2,3,5,4,3
161406,4,7,4,6,5,6,6,2
133022,0,3,1,1,1,4,4,3
340481,16,20,14,15,6,18,9,21
102723432,4,7,1,5,2,3,2,4
100507557,2,6,4,4,4,2,1,3
29063,13,12,7,15,14,14,11,11
79847,47,46,43,40,32,29,40,40
100873998,0,0,2,0,1,0,0,1
123706528,1,4,4,6,4,4,3,3
5142,6,1,5,4,5,0,1,3
7941,1,2,2,1,2,5,3,4
26045,3,1,0,1,2,1,1,1
7154,2,1,0,0,1,0,0,0
83759,31,40,34,25,23,32,28,37
80714,1,0,2,1,0,2,2,1
644861,0,0,0,0,0,0,0,0
8938,2,4,2,1,3,1,2,0
109729169,1,1,1,1,0,0,0,1
100129520,0,0,0,0,0,0,0,0
100189020,1,0,0,0,0,0,0,0
124903757,2,1,0,0,0,0,0,1
339804,36,48,38,35,39,24,32,33
84851,23,19,20,20,20,18,16,28
105373824,0,0,0,0,1,0,0,0
26974,4,4,6,7,1,6,4,5
106479496,1,0,0,0,0,0,0,0
80216,7,11,3,8,4,5,4,9
146802,0,0,0,0,0,0,1,1
55114,49,42,31,23,32,28,21,31
128266843,3,0,0,1,1,2,0,0
9410,338,386,158,185,208,173,193,194
124905095,1,1,4,0,3,2,4,5
90506,4,4,1,0,1,0,2,1
643535,2,8,5,4,5,6,5,3
646058,4,4,7,0,5,2,1,2
761,0,0,0,0,1,1,1,0
101928525,1,0,0,0,1,1,1,1
6141,6444,7141,5807,5898,6921,6636,6247,6760
124901014,10,5,5,3,4,2,2,3
286187,1,2,2,1,0,3,1,2
3009,7,8,1,6,7,5,2,9
101927949,0,0,0,0,0,1,0,0
28965,3,0,4,1,2,1,3,0
85376,1,2,0,0,0,0,0,0
25794,0,0,0,1,0,0,0,0
729602,1,0,0,0,0,0,1,2
100271605,2,7,1,1,2,1,4,1
105374711,3,0,2,1,0,5,3,2
107986512,1,0,0,0,1,0,0,0
160140,1,6,4,2,3,6,4,5
5638,26,18,30,26,39,20,20,42
102724312,1,0,1,0,2,1,2,1
5599,30,41,29,21,29,27,34,30
55964,12,3,15,12,17,8,17,15
100505475,0,0,0,0,0,0,0,0
9611,307,367,279,223,276,284,278,335
142689,1,2,1,0,0,0,4,1
677829,1,1,0,0,0,3,0,1
285232,2,3,1,0,0,2,2,2
9837,152,189,85,99,113,98,90,105
23305,5,3,6,5,8,7,7,5
388591,1,3,2,1,0,0,1,1
124907917,2,1,0,2,1,0,1,0
152845,1,0,0,0,0,0,0,0
100861402,2,6,1,6,1,2,3,2
1056,2,1,2,0,0,2,0,0
100507283,1,0,0,0,0,0,0,0
105377675,0,0,0,0,1,0,1,0
105378676,1,0,0,0,0,0,0,0
84837,10,7,3,7,7,5,8,5
1332,4,4,3,7,5,1,5,5
9858,24,23,31,20,29,25,30,29
4139,21,22,13,26,28,17,18,28
100271394,26,13,23,10,16,32,18,18
646709,2,1,1,0,0,1,0,1
4908,2,0,4,10,13,2,3,7
7545,1,1,0,0,0,1,0,2
29943,2,0,0,0,0,0,0,0
83394,1,1,1,1,1,0,2,2
51001,41,64,27,27,35,36,28,44
442164,4,3,3,0,4,1,2,0
286749,1,1,0,1,2,2,0,0
107986535,4,5,2,0,2,2,2,0
146456,1,0,0,0,0,2,0,0
347862,75,83,52,44,49,71,75,101
116842,8,3,9,3,2,6,2,5
7371,99,99,58,66,80,74,81,83
124909362,1,0,1,2,2,2,1,1
101060498,0,0,1,0,0,0,0,0
124901903,5,5,6,2,2,3,5,4
14,182,222,157,132,171,124,160,150
124909397,1,1,1,0,0,1,1,0
389705,6,5,3,3,8,8,9,7
693155,1,0,0,0,0,0,0,0
3624,6,4,2,0,3,2,2,4
105376718,0,1,5,3,1,1,4,3
647016,1,0,0,2,3,0,0,0
7764,50,65,46,64,48,31,36,39
441410,3,6,7,5,10,5,5,6
4241,6,6,7,1,5,9,5,6
124903971,7,5,2,4,2,6,7,3
100271353,2,0,0,1,0,3,0,0
25766,6,8,23,12,17,15,17,19
11097,85,90,38,40,51,46,66,52
692111,0,0,0,0,0,0,0,0
105379839,2,0,0,1,3,2,2,2
105370891,1,0,0,0,0,0,0,0
124903513,0,0,0,0,0,0,0,0
140686,2,1,0,3,2,1,1,1
112441434,11,12,1,7,4,13,3,8
170954,12,4,16,5,20,10,12,9
27101,859,882,524,483,657,641,560,693
79903,40,45,29,38,34,31,28,31
100240711,6,8,7,8,2,8,12,8
167681,2,1,3,0,3,4,3,3
278,2,0,2,0,1,0,1,0
100271288,2,1,0,0,0,1,0,0
24144,41,57,22,21,18,19,23,27
55762,15,25,4,4,8,8,11,10
107987432,0,0,0,0,0,0,0,0
3475,110,139,96,84,109,104,106,106
124900827,0,0,0,0,0,0,0,0
112268218,0,0,0,0,0,1,0,1
55304,1,0,1,1,3,0,2,2
120356739,7,4,12,4,9,7,6,7
647166,0,0,0,0,0,0,0,0
55504,10,10,10,6,11,13,9,16
55777,11,19,18,16,27,17,22,21
23379,130,118,103,93,122,115,109,96
672,214,208,154,111,149,191,167,189
3570,2,5,3,4,6,13,12,8
100288125,1,5,3,2,2,3,4,1
124905504,0,1,1,1,0,0,2,1
100271521,3,6,1,1,0,1,3,2
55295,9,10,4,11,9,14,10,10
124902615,0,0,0,0,0,0,0,0
25977,41,47,17,28,35,26,32,39
100500850,2,2,1,0,1,0,0,0
168391,0,0,0,0,0,0,0,1
5025,24,33,30,22,19,26,32,29
100506990,10,9,10,8,7,14,13,11
124583,50,44,28,29,40,38,42,45
100271294,3,2,2,2,0,5,3,2
339896,0,2,0,0,1,0,1,0
5529,123,153,83,101,80,85,94,107
9811,4,8,11,7,8,8,11,5
101929243,52,52,38,46,51,54,47,58
107985748,6,1,0,1,2,2,3,2
101928336,1,1,0,0,0,0,1,0
107986768,1,0,1,0,0,1,4,0
646096,1,1,2,3,2,5,1,0
100129332,0,0,0,0,0,0,0,0
196051,5,16,8,7,8,8,3,4
100420772,2,0,1,1,0,0,1,0
442181,2,0,0,0,0,0,2,0
26330,1,0,0,0,0,0,0,1
553,1,0,1,0,0,0,0,0
9938,0,0,0,0,0,0,0,0
494127,3,1,3,2,2,2,0,0
124904570,1,2,1,1,1,3,1,2
93974,1533,1673,1199,1231,1459,1677,1439,1649
23240,38,42,39,30,38,48,36,55
23415,1,0,0,0,0,0,0,0
100189216,0,0,0,0,0,0,0,0
51291,2,0,1,2,1,3,2,1
283554,4,2,2,3,2,3,2,3
124901144,2,1,1,0,2,0,0,0
124909344,0,0,0,0,0,0,0,0
9982,1,1,0,1,0,1,0,0
56252,214,219,89,90,125,121,118,123
729440,3,1,5,2,3,6,2,4
85457,27,27,16,21,17,16,16,18
643773,1,0,0,0,0,1,0,0
23117,11,7,4,4,4,7,1,7
105369632,2,0,1,0,0,1,0,1
85016,5,16,17,11,15,14,13,16
652985,5,7,4,1,1,4,7,7
9249,107,126,143,150,190,132,120,154
105369606,1,1,0,0,2,0,0,0
55757,54,56,38,36,52,41,39,67
7004,28,32,45,62,42,33,46,37
4321,0,0,0,0,0,0,0,0
57153,16,22,26,27,39,34,32,36
100270966,8,9,3,3,3,2,2,6
442239,1,3,2,1,2,1,0,4
105376520,1,0,0,1,0,0,0,0
93145,2,3,1,2,3,0,1,1
112577461,0,1,0,0,0,0,0,0
124902102,3,0,1,1,0,0,1,0
139728,4,0,0,1,0,1,1,1
51208,0,0,0,0,0,0,0,0
128308,737,880,345,339,454,430,461,528
122965328,1,1,0,1,0,0,1,0
124901450,0,0,0,0,0,0,1,0
107986785,1,3,2,0,3,0,2,1
26832,3,1,0,2,4,1,1,1
105369863,1,0,0,0,0,0,0,0
105369547,6,10,1,0,2,1,1,1
100289643,1,1,0,0,0,1,0,0
158801,7,8,2,5,2,7,9,3
729764,2,6,4,0,2,4,1,0
101927289,0,0,0,1,0,1,2,0
100288483,3,3,1,1,0,2,3,1
5224,1,0,0,0,0,1,0,0
388906,0,0,0,0,0,0,0,0
124904561,0,2,0,1,0,1,0,0
23086,35,25,36,29,21,23,32,35
100128072,70,67,89,62,80,112,73,77
105374527,1,0,0,0,0,3,0,0
729689,0,0,0,0,0,0,1,0
4772,5,7,4,12,8,14,7,8
124900943,1,0,0,1,0,1,0,0
90799,57,40,30,20,28,33,39,33
113540,1,0,0,0,0,0,0,0
89797,9,6,11,13,9,16,15,9
6160,5317,6096,6570,5905,7120,5452,4516,5276
4501,142,157,58,49,61,59,52,62
5861,185,217,162,148,206,142,125,166
390402,1,0,0,1,0,0,0,1
101928832,1,0,0,0,0,0,0,0
22837,21,21,16,17,24,21,19,18
137209,1,3,1,0,0,3,1,0
342096,1,0,0,0,0,0,1,0
131870,45,50,36,36,53,53,60,58
338811,1,1,2,0,0,2,0,0
3068,36,37,18,29,48,32,57,36
5800,1,1,3,1,1,3,1,0
645030,0,2,0,0,0,0,0,0
84271,119,107,97,75,107,92,81,95
729332,3,12,7,1,1,5,2,5
647201,4,5,3,3,2,4,8,3
140738,7,4,10,6,5,4,5,4
138474,4,4,2,2,2,2,2,6
64332,5,5,3,1,0,5,5,5
4647,5,3,0,0,2,1,2,2
105372390,2,2,4,4,1,2,2,3
93994,1,0,0,1,1,0,1,2
105374002,1,1,0,0,0,0,0,0
170559,5,3,0,1,9,5,2,2
107986629,1,0,0,0,0,0,0,0
51389,525,609,426,414,521,437,429,505
2492,0,0,0,0,0,0,0,0
100129824,4,4,2,2,1,1,2,1
196500,1,0,5,3,8,4,4,7
643866,1,0,0,1,1,0,0,1
124906113,0,1,2,0,1,2,1,0
101929181,1,1,0,0,1,0,0,0
124902204,0,1,0,0,2,0,1,2
79744,19,16,6,13,23,8,15,19
107985892,1,0,0,0,0,0,0,1
26119,23,14,8,18,20,25,16,19
105372440,2,3,1,0,0,3,2,2
57234,21,32,36,34,55,53,35,46
319132,222,272,141,130,161,170,199,197
107986437,1,0,0,0,0,2,0,1
9915,6,5,8,7,7,6,11,9
442447,3,2,0,2,0,1,1,4
10093,279,345,43,66,47,123,120,108
9985,3,1,2,0,1,0,1,2
10677,2,2,1,2,2,1,3,3
6340,1,0,0,0,2,0,0,0
124903004,9,3,2,4,2,3,4,5
84898,0,1,0,0,1,0,0,0
1742,1,4,5,3,2,3,4,3
22865,0,1,0,0,0,0,1,1
100505692,1,0,0,0,0,0,0,0
90187,5,5,9,7,8,1,11,12
646903,2,2,0,1,0,2,2,2
400999,4,1,3,3,6,2,3,2
1428,2,5,2,5,4,2,1,3
100652988,0,0,0,0,0,0,0,0
167465,0,1,0,0,0,0,0,0
90293,15,20,15,21,26,22,27,25
105376810,3,1,0,0,0,0,1,0
9730,43,25,26,22,27,45,30,32
619423,4,5,2,5,0,1,0,1
202781,13,22,33,28,30,45,46,53
105369588,0,0,0,0,0,0,1,0
8625,73,99,52,51,41,86,72,75
256227,1,1,0,0,0,0,3,0
728723,9,6,4,3,2,6,3,2
6043,1,5,0,0,1,4,0,1
256309,2,5,13,5,6,10,18,13
105372414,0,0,1,2,1,2,0,0
124900586,7,12,7,8,7,12,11,19
4685,1,0,0,0,0,0,0,0
646583,2,3,4,2,2,2,1,2
80755,1,1,0,0,0,0,0,0
101929008,0,0,2,0,1,0,2,1
26033,7,6,10,5,9,7,9,8
100128372,2,1,0,1,0,0,0,2
319117,21,20,24,23,23,31,22,38
5203,471,476,470,332,467,371,304,376
2904,1,0,1,0,2,0,0,1
340307,1,2,0,0,0,0,1,1
9181,24,40,38,25,43,35,40,31
124904584,1,0,0,0,2,0,1,1
84752,6,3,1,2,1,1,4,2
105378701,0,3,1,2,1,2,1,4
6737,8,10,12,14,24,3,6,4
124900217,1,0,1,3,1,0,0,0
101927988,1,0,0,0,0,0,0,0
123466211,1,0,0,2,2,0,2,1
107986659,1,1,1,1,2,0,2,1
729293,12,15,8,5,9,8,8,7
285033,4,4,3,0,2,2,0,2
124902691,1,3,2,2,0,1,1,0
283229,1,1,0,1,2,0,1,2
10411,6,0,4,0,5,2,4,6
220,1,2,4,2,1,2,4,3
9766,25,24,20,20,14,20,18,19
148003,0,0,0,0,0,0,0,0
100271282,28,41,23,15,17,35,22,30
10250,1568,1649,1381,1295,1447,1493,1331,1538
29844,24,32,18,14,16,21,15,18
100271311,6,4,7,5,5,4,4,12
107987545,1,0,0,1,0,0,0,0
114814,4,1,0,0,0,0,0,1
124903703,2,0,0,1,0,0,2,0
100189117,4,1,0,0,1,0,2,0
4246,1,2,0,0,0,0,0,0
6163,2,2,0,0,0,3,1,0
101928236,2,7,4,1,1,1,5,2
100873930,1,1,0,0,1,1,0,0
56984,137,173,126,153,144,157,147,159
102724668,1,0,0,0,1,3,0,0
1154,2,4,6,2,3,0,0,1
158373,1254,1357,1043,958,1200,1058,1188,1138
6767,604,679,615,585,717,693,659,750
55651,1542,1701,1199,1133,1462,1388,1277,1495
404665,0,0,0,0,0,1,0,0
26511,34,44,23,31,19,33,25,24
100422535,18,18,9,14,19,16,19,11
3489,3,6,4,5,8,5,3,7
107080638,3,2,0,0,1,4,1,3
134429,32,28,38,55,42,35,37,42
100996442,13,16,12,12,11,15,12,9
144245,44,54,28,16,25,26,28,20
254050,0,0,0,0,0,1,0,0
1074,13,10,8,12,7,5,10,7
148198,2,1,3,0,1,3,1,1
9890,0,0,0,0,0,0,1,0
56928,26,22,15,18,21,13,16,33
124904136,0,1,0,0,0,2,0,1
23514,37,45,23,32,51,62,38,52
283140,2,0,0,0,1,0,0,0
107986087,0,0,0,0,1,0,0,0
100130388,34,39,22,13,20,24,21,29
100131114,2,0,1,0,1,0,1,0
105373004,1,0,1,0,0,0,0,0
646278,30,42,26,10,26,27,27,23
359774,1,2,0,2,1,2,0,3
7049,31,32,42,36,44,33,28,32
144406,1,2,1,0,1,2,4,3
64216,26,37,16,12,20,17,25,26
5430,83,89,101,71,77,49,84,87
124739,9,8,12,10,20,12,12,15
6641,7,11,11,16,14,16,16,15
105374363,2,4,1,1,2,1,2,5
22995,63,69,63,41,52,58,59,65
6997,0,0,0,0,0,0,0,0
5769,65,75,24,31,21,25,21,35
124901296,2,2,8,3,4,8,5,10
23396,3,7,0,2,1,9,4,5
123464519,0,0,0,0,0,0,0,0
347454,0,0,1,0,1,1,0,1
1849,46,33,28,16,27,30,14,21
4091,5,4,13,9,9,2,8,3
124904925,0,0,0,0,0,0,0,0
728010,10,13,6,10,6,10,10,9
105372484,1,0,0,1,0,0,1,0
55521,14,21,17,14,6,17,22,21
1832,507,445,513,425,510,432,444,477
158293,64,64,36,40,47,58,45,60
441172,1,0,0,0,1,0,0,0
107984131,1,1,5,4,2,0,4,3
401640,25,28,16,17,16,15,25,19
132001,56,67,58,56,78,65,66,47
53340,151,158,101,82,118,122,120,129
124906157,1,0,0,0,0,1,0,0
115708,133,135,35,34,34,42,36,36
100130106,6,18,8,8,10,9,9,7
112268219,1,1,0,1,0,0,1,0
81853,151,190,96,79,101,121,141,129
114790,17,14,16,13,24,19,17,24
347735,13,17,22,21,20,14,11,17
124903547,1,2,7,2,2,2,4,2
5176,18,18,16,17,18,10,8,17
613038,1,0,0,0,0,0,1,1
1380,3,2,2,1,7,12,11,6
107985154,0,0,3,1,0,1,3,1
119139904,1,4,1,0,1,0,1,2
5739,16,38,9,6,4,7,9,8
26509,2,0,1,0,1,1,1,0
55090,34,28,19,15,28,22,24,16
107985031,1,0,0,0,0,1,0,0
100189041,0,1,1,0,0,1,0,0
51375,27,27,25,24,28,29,35,36
100507341,1,0,0,0,0,1,1,2
132386,6,17,6,3,4,6,14,11
7208,1,1,1,1,1,0,0,1
145376,0,0,0,0,0,0,0,0
161145,1,0,2,1,2,1,0,2
3129,0,1,0,0,0,1,1,0
100506469,45,44,25,19,17,34,16,35
100169762,1,1,0,0,0,1,2,0
124901151,4,6,20,19,24,24,17,29
414761,1,1,0,0,1,0,0,0
647696,2,6,1,2,2,1,1,3
83987,35,20,22,20,20,16,18,18
282808,0,0,0,0,0,0,0,1
5493,2,1,0,2,2,0,1,1
727879,2,2,0,1,3,1,0,0
107987024,0,0,0,0,0,0,0,0
7044,1,0,0,0,0,0,0,0
9739,26,25,22,27,31,19,29,24
10261,0,0,0,0,0,0,0,0
149345,3,2,0,1,1,1,2,0
284756,1,0,0,0,0,0,0,0
104355136,7,17,10,14,10,15,9,11
445,200,268,157,151,165,151,172,173
100131943,1,0,0,0,1,1,0,0
651144,1,2,1,5,2,2,4,3
10101,361,395,282,289,311,284,250,306
883,8,14,26,24,19,19,15,16
30832,5,4,5,3,1,4,4,6
100506164,0,0,0,0,0,0,0,0
105370871,0,0,1,1,0,1,0,0
345757,38,51,35,34,42,36,49,33
9686,92,83,71,52,78,62,62,83
2589,69,75,48,55,55,64,94,70
348093,4,8,12,9,9,17,8,10
107986293,1,2,2,2,0,0,1,0
2516,0,0,0,0,0,0,0,0
2877,1,0,0,0,0,1,0,0
100533106,3,1,8,6,5,11,9,9
53836,1,0,0,0,0,0,0,0
107984340,0,0,0,0,0,0,0,0
27019,1,1,0,0,0,0,0,1
8820,3,3,3,2,2,1,3,2
613210,1,0,1,0,2,0,0,0
644548,10,10,6,3,9,8,6,10
92714,41,31,39,41,45,46,51,56
7757,1,0,0,0,0,1,0,1
124902407,1,0,0,0,0,0,0,0
105372697,0,0,0,0,0,0,0,0
341511,3,3,4,0,2,3,1,0
7805,1,0,0,0,0,0,0,0
112609,0,1,5,6,8,1,9,6
100996246,0,0,0,4,1,4,3,1
105376057,1,1,0,1,0,0,1,0
124902827,0,0,0,0,0,0,0,0
124901934,0,2,1,1,1,0,1,0
105370623,1,1,1,0,1,1,0,2
11245,7,5,16,12,11,21,11,15
63950,8,10,3,2,2,5,13,8
100132923,0,0,0,0,0,0,0,0
643880,4,9,6,4,5,6,12,7
11186,36,41,31,29,34,25,29,38
389337,3,6,7,4,4,5,7,3
100507495,5,1,0,2,2,2,4,4
104169670,1,1,0,0,0,0,0,0
124903145,0,0,0,0,0,0,0,0
55505,701,779,499,464,567,579,551,575
100288420,4,1,2,2,1,1,2,5
3399,74,70,66,70,71,97,74,102
100873817,6,3,2,1,4,3,3,2
692099,8,7,7,3,5,5,2,9
55793,7,7,16,20,16,11,15,15
2629,20,18,5,5,9,13,15,11
246243,126,158,87,78,106,118,86,145
85014,160,150,172,177,229,182,175,229
80008,1,0,0,0,0,0,0,0
29924,44,53,32,45,42,35,52,33
100271058,2,1,2,1,0,0,2,0
100287227,1,0,2,1,1,1,1,1
124904439,1,0,0,0,0,1,0,0
102606465,34,26,13,17,30,23,26,24
101927460,0,1,0,0,0,0,0,0
2334,2,5,13,10,15,8,9,7
84083,27,25,20,29,39,28,22,39
2977,12,13,7,5,6,8,22,20
84536,13,10,3,4,7,9,4,2
100188993,1,0,0,2,0,0,1,0
340359,0,0,0,0,0,0,0,0
768,0,1,4,4,5,0,0,3
390993,4,5,3,3,5,4,4,5
101929270,1,4,3,1,2,1,2,0
8428,74,76,75,93,90,82,92,71
5155,1,0,1,0,2,1,2,1
3175,1,0,5,1,1,2,2,3
27076,1,1,7,6,3,3,2,0
105379025,2,6,0,0,1,0,2,1
1175,645,767,589,586,642,683,633,800
728130,2,1,1,0,2,2,1,3
101927811,6,10,8,5,14,7,7,14
100129461,4,6,2,3,3,1,0,4
442171,1,2,1,1,2,0,0,4
105372426,0,2,1,0,2,1,0,0
102724805,1,1,3,2,1,1,4,2
2998,0,0,0,0,0,0,0,0
100507564,1,2,0,1,3,3,0,0
23158,3,11,8,11,9,12,14,13
102724386,0,0,0,0,0,0,0,0
8817,1,2,1,1,2,0,0,2
730013,2,3,1,2,1,2,0,3
105374439,0,1,0,0,0,0,0,0
4804,2,0,1,4,2,2,4,2
100507428,0,0,0,0,0,0,0,0
11018,126,152,85,54,97,76,85,110
284047,96,70,85,78,85,107,102,103
124904738,1,1,4,0,2,2,1,0
6484,14,15,14,4,10,7,5,14
729338,0,2,2,0,0,0,2,3
148645,2,1,1,1,2,2,3,2
1285,1,2,3,4,2,10,6,5
359781,1,2,1,1,0,1,1,0
100874472,1,0,0,1,0,0,0,0
1589,0,0,0,0,0,0,0,0
105371055,1,0,0,2,1,0,2,0
55553,3,4,8,7,10,6,6,4
100421384,8,18,15,12,13,20,23,26
10084,408,506,220,224,292,296,257,291
124901691,2,0,0,0,1,0,0,0
2019,1,1,1,2,2,1,0,1
123041,2,3,9,4,4,3,7,2
107985555,0,0,0,0,0,0,1,0
105371403,1,1,3,1,1,3,0,1
23163,39,38,26,28,31,45,39,57
400892,2,7,3,2,1,1,2,1
79034,20,7,10,13,15,13,11,11
124905468,15,7,14,11,18,27,22,29
112268442,2,1,2,3,1,2,6,2
7241,1,3,0,0,0,2,1,1
257236,5,5,1,1,0,1,1,1
8634,104,107,62,66,77,86,69,71
9421,1,2,3,2,9,6,4,3
124901140,4,1,3,2,1,1,1,2
10011,272,347,169,182,212,230,196,208
646624,219,276,154,175,179,241,198,249
101929004,5,3,13,10,10,11,4,9
124906019,2,3,3,2,1,1,3,0
5900,14,22,16,12,22,11,20,19
57505,94,90,53,54,73,72,88,71
124907773,0,1,0,0,0,0,1,0
124902183,1,4,5,5,5,0,1,2
7629,38,49,21,14,18,20,27,26
10107,2,0,1,0,0,2,1,0
390535,2,2,3,2,1,2,3,0
124905007,0,0,0,0,0,0,0,0
729533,60,55,55,32,63,46,40,50
112267877,1,2,4,4,2,0,3,1
80119,8,12,1,1,6,5,9,1
112268458,0,2,0,0,1,2,1,0
124909345,0,0,0,0,0,0,0,0
122199,2,0,1,0,1,0,0,2
105374005,1,0,0,0,0,0,0,0
139334,0,0,0,1,0,0,0,0
25826,1,1,0,0,1,0,1,0
105379420,1,1,1,1,0,2,1,0
30845,7,6,2,2,7,7,11,8
105370411,0,0,0,1,0,0,0,0
284988,23,22,15,15,14,18,33,14
378938,6825,5962,10160,7786,7963,7002,5459,8742
120863,7,16,26,24,17,27,13,22
124904046,0,0,0,0,0,0,0,0
150365,2,1,0,1,4,6,0,2
100302743,7,1,2,3,3,2,5,3
402229,2,4,2,2,0,0,2,2
27344,44,25,40,32,45,30,28,38
124900303,1,0,1,0,1,1,1,1
2861,11,2,8,9,8,4,7,12
124901017,0,1,2,0,0,1,0,0
124906316,3,0,0,0,0,1,0,0
124907988,1,0,0,1,0,2,0,0
23140,16,25,23,12,17,14,18,10
124902147,0,0,0,0,0,0,0,0
116984,26,16,11,11,12,14,17,12
130865,6,3,1,3,0,1,1,2
5824,76,90,77,55,82,70,63,85
105371554,3,2,2,1,3,1,3,4
196996,0,1,0,1,0,2,1,4
84678,29,32,29,23,34,47,50,51
149992,1,0,1,0,2,3,1,1
104355217,1,0,1,0,0,1,1,0
6335,31,21,52,33,41,44,35,24
107986422,4,6,1,2,1,4,0,2
100271405,1,1,0,0,1,0,1,0
4720,380,423,307,294,361,313,273,379
161502,0,0,0,0,0,0,0,0
440434,23,19,37,26,31,31,35,48
1462,150,153,230,190,215,190,194,263
100240713,5,6,4,2,6,8,3,2
402694,2,8,5,2,3,5,7,3
101927862,8,9,12,9,12,8,5,6
3752,1,1,2,3,5,5,3,1
286444,1019,1120,1198,1093,1509,1045,1045,1193
1473,2,0,0,1,1,2,3,1
102724050,0,0,0,0,0,0,0,0
644013,3,4,2,2,0,0,1,2
645857,272,324,261,238,285,313,276,318
100422989,0,0,0,0,0,0,0,0
246182,1,2,0,0,4,0,1,1
5190,6,4,5,8,12,13,5,8
4969,0,0,0,0,0,0,0,0
100418888,0,0,0,0,0,0,0,0
58506,22,10,11,10,11,19,10,10
100158257,1,0,0,0,0,0,0,0
7755,16,18,17,15,16,12,13,14
5826,28,26,20,19,28,32,33,37
360203,0,0,0,0,0,0,0,0
105369593,0,0,1,1,3,1,3,2
10384,6,5,11,4,6,8,8,7
100133121,8,6,1,7,2,3,4,8
1347,2270,2581,1932,2034,2365,2124,1619,2243
119710,91,106,102,80,115,88,66,101
100303748,1,0,0,0,1,0,1,1
675,103,144,59,43,65,73,74,75
131405,4,3,5,1,0,0,0,2
107984275,3,1,1,0,1,2,1,0
26160,21,17,16,8,10,11,12,12
124900275,15,12,24,21,24,16,14,17
65123,54,51,20,31,26,30,27,32
100271271,1333,1566,1631,1383,1651,1646,1098,1512
155382,1,4,4,1,7,2,4,4
107985551,1,0,0,0,0,0,0,0
353133,0,0,0,1,0,0,0,1
105374888,1,4,3,1,1,1,0,4
22908,61,67,32,31,50,35,40,62
283955,1,0,0,0,0,0,0,0
105376748,3,2,2,0,5,3,2,3
754,236,231,145,123,130,119,122,127
29797,1,0,0,2,2,3,2,2
83716,1,3,0,0,0,1,1,1
51305,1,0,0,3,1,0,0,1
94274,9,17,12,15,13,23,26,25
8864,15,7,4,10,5,7,4,9
644873,36,50,21,30,41,27,20,39
122152328,4,4,4,2,2,3,3,7
105375018,0,0,0,0,0,0,0,0
79369,4,9,3,12,5,6,7,4
646024,0,2,2,3,3,2,3,0
5744,3,2,3,4,5,7,8,11
105377683,1,0,0,0,0,0,0,0
728019,2,0,0,0,1,0,0,0
100616403,0,0,0,0,1,0,0,1
389633,1,1,2,0,0,0,3,1
5681,45,35,14,8,9,17,25,16
644384,2,3,3,0,1,2,1,4
9021,1,1,1,2,0,2,0,2
11274,21,16,36,32,31,17,17,23
112267925,6,3,5,4,3,2,1,7
7059,4,6,4,2,8,7,2,5
56300,0,0,0,2,0,0,0,0
54812,34,28,45,31,47,32,41,30
100287072,11,7,9,8,5,8,7,15
124904575,2,2,2,1,4,5,1,1
5778,0,0,0,0,0,0,1,0
100861530,4,1,4,4,3,8,6,8
100189410,0,0,0,0,0,0,0,0
101927682,0,0,0,0,0,0,0,1
110006327,2,2,4,3,1,1,3,5
101927452,0,0,1,0,0,0,0,0
23428,9,4,22,10,16,9,14,5
1305,3,4,5,12,11,6,5,7
8398,3,6,10,2,3,8,4,8
100128696,0,0,0,0,0,1,0,1
5409,1,5,1,2,6,2,1,3
254428,26,25,18,26,22,25,29,31
317762,140,143,53,71,42,52,81,53
686,47,47,27,22,28,27,31,38
119746555,78,76,64,44,43,33,41,41
85476,110,133,69,43,59,71,59,71
26815,6,14,9,12,6,4,4,10
124902176,0,0,1,0,0,0,0,0
8793,68,54,20,14,16,25,15,25
93210,7,10,6,10,6,10,4,9
81622,2,3,6,3,5,6,5,4
644157,1,1,1,1,0,0,2,1
107984702,0,0,0,0,0,0,0,0
105375771,0,0,0,1,1,0,0,0
133748,10,18,6,13,16,25,9,8
124905149,0,0,0,0,0,0,0,0
744,7,0,9,7,6,11,5,5
5635,75,69,59,47,64,72,57,69
124905568,3,14,7,17,12,12,8,10
201163,51,53,24,19,15,10,19,17
124904549,2,0,4,0,3,0,3,1
124900546,5,5,3,5,4,1,4,7
152110,2,0,2,0,0,0,1,2
574040,1,1,0,1,0,0,1,0
57187,768,886,690,602,775,878,760,872
283876,0,0,0,0,0,3,0,4
51372,1258,1288,1019,895,1178,1196,1023,1175
284835,1,0,0,3,1,0,0,0
124906256,0,0,0,0,0,0,0,0
100270886,5,7,7,5,4,3,8,4
79774,10,16,22,16,24,17,25,20
23122,39,26,15,20,26,31,30,30
100129647,6,16,7,10,10,12,12,9
285231,0,0,0,1,0,1,2,0
135458,1,1,0,1,1,1,0,1
100189040,3,2,1,0,1,0,0,2
100129180,249,367,390,428,449,385,318,454
23189,18,21,18,18,14,17,16,19
124904253,2,0,0,0,0,0,0,0
107986650,2,1,0,1,0,0,2,0
574036,61,56,39,34,42,36,32,54
999,1,3,2,5,3,11,10,5
124905478,1,1,0,0,0,0,0,0
100506082,2,1,0,3,3,2,0,6
80336,2,4,5,9,6,14,13,3
109729123,1,0,0,0,0,0,0,0
91355,3,6,7,5,5,4,4,6
51535,294,323,172,193,197,197,185,226
65258,31,25,19,22,20,27,30,33
100303745,1,4,0,0,1,3,1,0
64743,97,108,74,77,83,91,81,97
5805,275,306,173,127,176,209,184,194
124900390,1,3,0,0,0,0,1,0
55301,2,0,0,0,0,0,1,0
225,2,0,0,0,1,1,1,2
105377621,3,2,2,4,6,3,3,5
100132354,0,0,0,0,1,0,0,0
129656,0,1,0,0,0,0,0,0
105374347,2,0,0,0,0,0,1,0
10541,838,895,630,544,783,609,649,668
100189109,3,1,0,0,1,0,0,0
124900780,1,1,2,0,0,2,0,0
101928032,1,2,2,0,1,2,1,0
105373098,1,1,1,0,0,0,0,0
102723713,1,0,3,1,2,1,2,1
653303,1,0,0,0,0,0,0,0
105369949,1,1,0,0,1,0,0,0
124904249,0,0,0,0,0,0,1,0
100189305,1,1,0,1,0,1,0,0
100506343,3,4,0,4,3,1,3,0
89781,83,114,86,86,97,96,85,109
55356,7,6,1,3,2,3,4,3
4166,1,0,0,0,0,0,0,0
124906116,0,3,1,3,2,0,0,1
729327,2,0,0,0,0,0,0,0
26777,2,1,1,0,1,0,1,1
440900,0,0,0,0,0,0,0,0
84629,17,24,22,25,17,17,22,19
100130417,2,3,3,1,4,4,1,4
401777,1,1,0,0,0,0,1,2
124905595,0,0,0,0,0,0,0,0
140623,835,1011,756,731,869,845,734,893
124901145,0,1,0,0,1,1,0,0
100131244,1,2,1,1,0,2,2,0
107105265,2,1,1,1,1,3,3,1
2906,0,0,0,0,0,0,0,0
4519,4816,3982,2654,1429,1535,3498,2870,3881
23576,77,89,88,68,88,76,83,56
90529,22,23,13,20,16,20,16,17
3737,1,0,1,0,0,2,1,2
729975,1,3,2,2,2,2,6,2
132158,5,11,9,7,11,5,7,8
124901676,1,5,1,0,2,2,0,2
80108,2,0,0,2,3,0,1,0
107984844,0,0,0,0,0,0,0,0
54922,1,3,1,0,1,6,3,4
102723619,0,0,0,0,0,0,0,0
388284,1,0,0,0,0,0,0,0
440695,2,1,1,0,2,1,2,2
624,2,0,2,0,0,0,0,0
7565,8,9,5,5,5,8,4,8
56985,24,20,21,17,14,27,20,22
101929141,1,1,2,2,0,1,0,1
85474,1,2,0,1,0,0,2,0
124903299,0,0,0,0,0,0,0,1
84059,20,24,13,19,16,14,28,26
80178,59,70,54,38,83,59,57,54
131540,2,2,0,0,0,0,0,0
642580,0,0,0,0,0,0,1,0
100507463,1,0,1,0,1,0,0,0
124904453,1,0,0,0,0,0,0,0
390199,0,0,0,0,0,0,0,0
928,151,176,145,175,151,198,207,172
2212,1,4,2,4,7,5,5,7
102724787,1,0,0,0,1,0,1,0
101927166,0,1,1,0,0,1,1,2
143941,0,2,0,0,0,0,0,2
25796,263,287,180,169,221,223,218,243
6891,59,40,38,31,63,53,24,34
101928016,1,1,0,0,0,0,0,1
23770,35,37,37,32,48,38,31,46
728192,9,9,7,6,3,6,7,5
56101,1,1,1,0,0,1,1,0
100132215,9,11,9,11,6,0,2,14
25799,25,31,25,11,19,16,19,25
83853,4,3,1,3,5,1,3,1
402779,0,0,0,0,0,0,0,0
107984522,0,0,0,0,0,0,1,0
124902941,8,12,8,9,9,9,12,10
151176,14,22,8,18,12,13,15,18
6122,2485,2871,2773,2867,3356,2887,2644,2949
124905607,2,0,3,2,3,8,6,3
25891,2,2,2,0,4,5,0,0
650368,1,4,3,1,0,1,2,0
165679,1,3,0,1,0,3,3,5
107985915,1,0,0,0,0,0,0,0
92755,27,30,26,35,48,31,27,36
23315,9,11,6,6,5,8,7,8
7857,1,1,1,2,0,0,1,1
124905088,1,1,3,3,0,1,1,1
3593,0,0,0,0,0,0,0,0
404550,3,3,19,20,28,22,26,16
218,2,1,0,0,1,2,3,0
56931,107,133,54,35,68,50,56,70
100130476,1,0,5,1,0,1,0,1
84203,1,0,0,0,0,0,1,0
100506660,1,3,1,2,4,3,5,2
352961,1,0,1,0,0,0,0,1
1410,1,0,0,0,0,0,0,0
128025,0,1,1,0,0,0,0,0
100270829,16,12,16,8,8,17,9,15
10864,0,0,0,0,0,0,0,0
79723,98,89,44,38,66,70,68,63
7124,1,0,1,1,0,0,1,1
331,157,151,142,112,124,114,111,122
124902130,22,14,9,17,11,14,13,10
126568844,3,3,9,4,8,8,10,4
124901216,3,2,6,2,3,4,2,6
56260,12,4,7,4,6,16,9,12
6339,5,3,6,5,4,3,8,5
7202,0,0,0,0,0,0,0,0
201780,4,6,3,1,0,2,1,3
441572,3,11,4,17,6,10,8,3
100271295,6,2,5,2,3,5,2,1
340602,0,1,0,0,0,0,0,0
3437,2,1,159,152,163,1,0,3
124904652,2,0,1,0,3,1,1,4
124903979,0,0,0,0,1,1,0,2
57565,7,1,2,4,5,4,12,6
1781,327,329,400,358,437,282,280,326
8215,1,2,1,0,2,1,2,1
107986669,0,0,0,0,0,0,0,0
79605,18,11,18,17,17,14,15,14
9633,1,4,6,6,8,8,14,6
124907759,2,0,2,0,2,0,0,2
9451,11,8,7,6,9,4,3,4
56658,8,12,11,6,10,10,9,12
374666,3,8,0,4,5,7,5,4
124904032,1,1,3,0,1,0,1,1
124900529,0,0,0,0,0,1,1,1
440356,5,7,6,2,10,5,6,2
54534,125,138,69,72,97,100,76,99
128338,86,94,100,92,128,78,85,110
29798,9,8,12,5,5,8,6,6
5083,15,12,14,9,11,15,13,13
8535,13,19,9,12,16,10,7,10
100507125,10,10,10,4,2,4,1,5
100288654,6,3,1,3,5,3,3,2
100271348,26,38,34,38,25,44,35,36
105377590,2,1,6,1,4,2,4,5
401232,1,0,2,8,8,3,6,3
23474,45,40,51,40,78,53,49,49
51752,17,16,15,11,9,18,10,20
100124334,0,0,2,1,0,0,0,0
112268106,3,0,0,1,0,0,4,0
100131130,5,1,2,1,1,4,2,5
105377684,1,0,0,0,0,0,0,0
103625684,2,5,1,1,4,1,3,2
100462824,3,3,1,3,0,3,3,2
643381,0,1,1,2,0,0,0,0
55885,1,0,1,1,0,0,0,0
337970,0,0,0,0,0,0,0,0
100271643,12,13,12,12,18,8,11,13
57167,2,1,2,2,1,4,1,3
391039,10,22,8,5,7,18,7,6
105379783,0,0,0,0,0,0,0,0
89944,40,44,24,18,20,31,29,22
644165,1,0,0,0,1,1,0,1
6714,13,4,6,5,10,11,19,14
124904654,0,0,1,0,1,1,1,1
124904643,2,1,1,1,0,0,1,3
105371501,1,0,0,0,0,0,0,0
105375504,0,0,0,0,2,0,0,0
100420621,1,0,1,0,1,0,0,1
124901743,0,0,0,0,0,0,0,0
100270893,14,8,3,8,2,5,7,8
56975,12,13,20,14,20,21,17,17
113130,132,119,90,78,142,101,74,121
6161,9277,9776,9115,8959,10399,9398,8233,9551
9762,7,13,14,5,15,10,19,17
124903829,0,1,0,0,0,0,0,0
101927509,1,2,2,1,2,0,2,4
105378153,4,2,1,2,4,0,1,2
970,0,2,5,1,7,5,0,3
440602,0,0,0,0,0,0,0,0
117151,9,4,6,6,3,2,2,2
105379169,1,1,0,0,0,0,0,0
124903318,1,0,0,0,0,0,0,0
51274,37,36,33,25,29,38,40,40
8708,5,6,10,7,13,4,6,4
283078,0,0,0,0,0,0,0,0
11066,99,137,48,60,68,58,59,72
9884,24,8,7,10,6,12,5,12
105370461,4,1,3,0,2,0,0,1
124906008,3,2,3,1,0,2,1,3
3087,14,18,13,21,19,15,18,28
7123,0,0,0,0,2,0,0,1
100131743,141,132,141,142,156,132,137,147
10678,16,19,16,14,13,14,12,14
101928295,0,0,0,0,0,0,0,0
112268419,0,0,0,0,0,0,1,1
124903749,1,0,0,0,0,0,0,1
221806,6,5,4,9,6,5,2,4
692093,1,1,0,1,2,0,0,0
84282,12,20,16,12,27,15,13,12
391825,9,15,10,3,6,5,8,6
7127,1,0,1,0,0,0,0,0
286343,4,2,3,0,2,0,2,3
100422532,3,1,0,1,0,0,0,1
124901337,1,1,1,0,0,1,1,0
100287765,6,1,0,0,5,0,5,1
644198,33,36,29,19,31,36,26,30
2953,1,5,1,0,1,2,4,1
286262,22,12,14,21,21,16,13,15
728262,1,2,5,7,2,5,4,5
728167,2,8,1,3,6,2,3,4
100101554,2,5,5,3,2,1,3,4
100873983,0,0,0,0,0,0,0,0
1157,0,0,0,1,0,0,0,0
134111,2,5,12,18,16,2,13,10
5383,3,0,0,0,0,2,0,3
105374800,1,4,7,2,4,5,5,5
1133,0,0,0,0,0,1,0,0
120425,0,1,0,0,0,0,0,0
102725228,1,1,0,1,0,0,0,0
106480496,1,0,1,0,0,0,0,0
57412,0,0,1,0,0,0,0,0
644037,151,172,143,141,171,161,149,163
26292,2,3,2,3,1,1,2,1
55715,5,6,5,10,12,5,9,9
105373372,0,0,0,0,0,0,0,0
124902510,3,3,0,1,7,3,4,3
387718,0,0,0,0,0,0,0,0
79019,276,324,170,211,274,244,231,274
256764,0,1,0,0,1,0,0,0
11092,26,20,28,15,21,27,24,28
84878,25,27,23,14,18,16,21,21
79719,208,206,98,115,104,97,133,128
54888,204,182,92,77,113,135,134,114
100507554,2,0,1,1,0,2,0,1
728743,2,0,3,2,3,3,4,0
124903881,0,1,0,1,2,2,0,0
124909375,1,0,0,2,0,0,0,0
285346,12,6,4,2,5,7,5,2
51286,3,3,1,1,0,0,1,0
611,1,1,0,1,4,0,1,0
92335,41,35,23,19,32,25,37,41
100270888,0,0,0,0,1,0,0,0
100874372,1,0,0,0,0,0,0,0
64711,0,0,0,0,0,0,1,0
100507480,1,0,0,0,0,0,0,0
285905,1,1,1,0,0,3,1,3
27156,1,0,0,1,3,2,0,0
101927171,0,0,0,0,0,0,0,0
11000,11,15,19,20,23,15,22,38
79839,2,4,1,2,2,1,1,2
124901537,0,0,0,0,0,0,0,0
1147,26,37,20,19,26,30,33,22
80071,7,10,9,6,12,9,12,7
6560,7,6,8,5,13,12,9,21
4327,0,0,0,0,2,0,0,0
100131183,14,20,4,1,7,8,7,15
442309,1,2,2,3,4,1,1,0
253714,55,45,48,33,53,45,58,48
57154,9,10,8,9,10,7,14,8
29058,364,487,294,285,391,324,344,375
11154,13,16,9,5,9,11,6,11
3138,1,0,2,0,1,0,2,0
646685,4,2,6,2,1,3,1,4
6890,34,30,46,44,57,39,43,37
11034,1084,1231,891,929,1067,1112,924,1116
347918,6,5,5,5,4,10,11,8
3913,11,25,19,36,34,22,22,20
653061,1,0,0,0,0,0,0,0
677778,2,2,0,0,1,1,0,0
105371233,0,0,0,0,0,0,0,0
106480257,3,5,3,1,1,1,2,3
8487,83,99,56,53,92,66,60,67
124901694,0,0,1,1,0,0,0,0
102724130,1,0,0,0,0,0,0,0
116444,1,0,2,1,2,1,1,1
30014,1,0,0,0,0,0,0,1
64768,13,19,6,4,6,12,10,13
10039,5,9,8,3,5,8,6,7
100286954,2,0,0,2,0,3,0,0
26291,2,0,0,1,1,1,1,0
105371505,0,1,0,0,1,0,1,0
124904601,4,2,0,1,0,3,3,2
124903883,2,1,1,3,2,1,4,1
102723512,1,0,0,0,0,0,0,0
400568,0,0,0,0,0,0,0,1
101060195,17,16,6,0,12,8,7,3
319118,1,1,1,2,1,0,0,0
107987069,0,0,1,0,2,0,0,0
10428,428,407,325,366,437,395,384,439
100271526,8,11,7,3,3,10,4,2
6564,0,7,1,1,0,0,3,1
402644,526,578,415,451,579,516,540,576
107984510,1,0,1,0,0,0,0,0
100507470,0,0,0,0,0,0,0,0
107987109,1,0,0,0,0,0,0,0
101241892,3,3,1,0,2,1,2,1
1106,141,140,123,127,135,123,129,153
100129738,1,4,1,1,0,0,0,1
727736,1,0,0,0,0,0,0,0
252969,76,62,65,58,48,55,47,44
3383,0,0,1,0,0,0,0,0
1720,0,3,1,0,0,0,0,0
105372055,3,1,1,1,3,0,0,1
100874498,4,1,1,1,0,0,0,0
286156,7,5,7,4,7,3,3,10
112268469,20,28,14,16,8,16,14,17
107986799,1,0,0,2,0,1,0,2
542767,10,6,6,2,7,1,4,4
9587,78,95,50,44,86,59,63,70
10312,5,4,2,1,1,2,4,2
6636,1834,2020,1510,1366,1759,1818,1639,1820
58986,20,24,18,16,20,26,28,24
100420513,0,0,0,0,0,0,0,1
124904082,0,0,1,0,0,0,0,0
124905182,3,8,3,4,5,1,2,4
283518,2,3,4,3,5,2,2,4
122152325,3,5,2,1,6,4,1,7
340749,4,14,2,11,10,10,17,12
100419545,1,1,0,0,0,0,1,0
374786,1,2,1,2,3,5,4,8
112939,38,34,13,13,23,25,24,19
10919,43,51,45,53,67,51,59,52
490,467,481,386,348,404,382,352,448
107985353,0,0,0,2,2,0,1,0
84709,5,12,10,10,14,16,18,15
283102,1,0,0,1,1,2,0,0
107985271,0,0,0,0,0,1,0,0
124904140,4,7,5,2,3,6,1,3
441204,2,3,7,2,3,5,4,3
100271490,1,1,0,0,0,1,0,0
100874424,10,9,3,2,3,5,6,4
100189075,3,1,1,1,0,1,1,1
124902987,0,0,0,0,0,0,0,1
10003,1,2,2,1,2,2,6,6
106481504,0,0,0,0,0,0,0,0
100129438,2,2,0,0,0,0,0,3
100506730,8,8,8,6,12,7,6,9
112267957,1,0,1,3,3,4,1,3
7576,28,38,17,17,18,15,15,19
23538,0,0,0,0,0,0,1,0
100130086,1,0,2,3,0,1,0,0
100128579,2,2,1,1,0,1,2,1
102723636,0,0,0,0,0,0,0,0
646189,441,486,376,379,511,419,358,475
100418781,3,3,3,1,1,3,1,3
120939,1,0,0,0,0,0,0,0
7771,8,9,2,8,3,4,9,7
26048,32,30,16,22,18,18,16,12
112268405,0,1,0,0,0,1,0,0
646174,1,0,0,0,0,0,0,0
100506127,8,7,15,5,12,5,9,14
101928376,0,2,0,0,0,1,0,0
100132795,13,11,5,13,9,7,9,15
100131482,1,3,0,2,0,2,2,1
105376463,1,0,0,0,1,1,0,0
55207,109,150,57,63,74,73,79,85
100271090,53,61,65,54,44,57,59,65
124903725,4,3,0,1,4,3,3,1
107984708,1,1,0,0,1,1,0,0
26523,88,83,62,63,83,88,80,95
3104,23,23,15,12,19,22,23,20
8476,98,112,106,76,120,129,114,134
729780,4,9,6,1,0,6,4,2
124904820,2,0,1,2,0,1,0,0
441584,0,0,0,0,0,0,0,0
376940,6,11,35,28,57,33,25,32
106481828,1,0,0,1,0,0,0,1
124902329,1,0,0,1,0,0,0,1
11190,88,70,120,82,150,100,80,105
255928,41,31,19,20,31,24,17,37
116328,3,6,5,7,9,8,5,5
105370868,1,3,0,0,0,2,3,2
832,205,206,164,165,199,189,153,178
124904495,0,0,1,0,0,0,0,0
107986727,0,0,1,0,0,0,0,0
7232,2,0,3,1,2,1,1,0
344387,0,0,0,0,0,0,0,0
8515,1,1,0,0,0,0,0,0
55435,57,49,36,30,33,27,39,51
93129,8,1,9,8,5,7,9,6
94137,0,0,1,1,0,1,0,0
388962,446,453,371,372,460,381,343,394
374907,1,0,0,2,2,1,0,0
105369634,0,0,0,0,0,0,1,0
124903928,1,3,0,0,0,0,5,3
79600,54,61,42,41,59,61,48,71
107985934,0,0,0,0,0,0,0,0
3098,135,154,180,147,214,182,154,203
105376299,0,0,0,0,0,0,0,0
5454,83,72,100,112,108,60,74,73
100271028,2,1,1,0,2,0,0,1
109864279,3,6,10,23,15,16,18,11
64708,77,79,64,49,77,57,47,71
124902483,0,0,0,0,0,0,0,0
644754,21,9,14,12,11,14,16,8
29967,15,5,12,8,14,15,9,18
124900182,1,0,0,0,0,0,0,0
124902832,0,0,0,0,0,0,0,0
105379152,7,5,2,2,4,5,1,1
65078,10,3,11,5,8,7,10,14
442078,1,1,0,0,0,0,0,0
1026,99,101,73,60,86,78,91,86
2675,1,0,1,2,1,0,1,1
255411,0,0,0,0,0,0,0,1
401537,14,7,9,20,3,8,15,25
2923,438,468,255,245,348,307,295,389
6578,2,1,4,3,2,1,2,1
106480315,1,0,0,0,0,0,0,0
6917,27,19,21,30,24,19,18,32
122539214,2,1,0,0,0,1,0,2
29952,1,5,4,2,5,9,6,10
124904497,1,0,0,0,0,0,0,1
107133522,2,0,1,0,0,0,0,0
115992,19,16,11,9,8,16,17,20
5518,364,368,264,271,312,331,286,343
2321,36,23,32,33,33,32,28,34
256933,1,0,2,1,0,1,0,0
50631,1202,1298,873,875,1113,962,964,1058
84981,3,0,0,0,0,1,0,1
283316,0,1,1,0,0,0,0,0
26507,27,24,24,26,30,27,19,26
23221,10,11,9,8,12,11,8,10
54674,1,1,3,5,4,1,0,1
105372278,2,3,2,2,0,3,1,0
25924,1,2,1,7,2,1,6,3
406896,0,1,0,1,0,1,0,0
57479,7,9,9,10,5,10,9,8
54462,45,47,20,26,37,39,37,41
107985532,4,4,5,9,5,5,8,4
100288637,5,11,7,5,4,7,7,4
23765,11,10,10,8,8,12,9,8
100335030,3,1,3,4,0,6,1,1
102723897,17,17,9,7,14,10,10,11
106478915,8,18,9,5,6,12,8,10
283629,0,0,0,0,0,0,0,1
100996693,1,0,0,0,0,0,0,0
29110,58,54,28,38,55,48,45,46
124903016,3,2,0,1,1,0,1,1
55627,90,86,64,78,106,76,59,68
100421409,1,0,0,0,0,0,0,0
151234,0,0,0,0,0,0,0,0
445328,9,4,4,4,3,6,5,2
23475,102,97,141,138,177,126,116,143
7975,8,8,10,12,16,16,7,8
58504,15,28,9,14,16,19,16,20
2935,616,602,354,324,400,381,373,416
100420092,2,3,0,0,1,2,2,1
342358,16,14,11,12,11,7,6,9
26277,20,34,32,31,28,22,30,28
1801,3,3,5,1,3,6,5,6
256815,1,4,2,4,1,1,0,0
343165,1,1,0,0,0,1,0,2
57661,24,30,11,3,9,16,12,22
100313896,1,0,1,0,0,0,0,1
84174,1,0,0,0,2,0,1,0
131177,0,0,0,0,0,0,0,0
124902735,3,0,1,0,0,0,0,0
124902117,0,3,2,0,2,4,0,3
644834,82,70,71,63,73,106,80,90
105379243,14,13,6,8,3,5,8,9
100874259,2,2,0,1,0,0,0,1
643136,40,35,38,30,48,40,40,38
26013,2,5,5,5,3,7,7,7
130497,4,1,4,5,3,1,1,1
728739,1,0,0,0,1,0,0,0
10211,191,203,237,242,294,226,291,272
483,461,503,293,248,297,295,322,367
283,3,4,17,15,5,17,13,14
400555,1,0,2,0,0,0,0,1
102723696,1,1,3,2,4,0,1,0
124902184,1,0,0,0,0,0,0,0
22996,16,28,21,24,20,24,27,31
4430,56,69,62,65,77,40,65,59
54205,1316,1485,789,614,866,944,842,899
7319,320,341,173,151,222,181,211,221
101927974,27,7,11,13,11,11,8,11
78986,1,2,2,1,0,3,1,3
105370705,1,1,3,3,2,2,5,5
124903365,1,0,0,0,0,0,2,1
105375674,1,1,1,0,0,2,0,2
920,1,0,0,0,0,0,0,0
2919,2,3,1,0,1,1,3,1
5716,208,287,218,230,231,178,223,256
23129,9,10,11,13,15,6,12,13
115584,0,1,0,0,0,0,0,0
677815,2,2,1,1,0,0,1,0
124903214,0,0,0,0,0,0,0,0
9806,1,1,2,0,1,2,0,0
105377331,0,1,0,0,0,0,1,0
400055,1606,1927,1589,1357,1590,1483,1241,1683
100009607,3,6,3,2,5,3,0,2
51012,553,595,465,465,486,414,372,440
124905564,49,61,37,20,30,37,49,53
26207,3,8,10,18,16,12,22,11
107984585,1,1,0,0,2,0,0,0
124901417,0,0,0,0,0,1,1,0
6273,3,8,3,4,3,3,6,1
5325,0,1,0,1,0,1,0,0
283416,0,0,0,1,0,0,0,0
645763,1,0,0,0,0,1,0,0
90321,30,33,22,28,35,36,26,29
105379199,1,0,1,0,0,0,0,1
153770,2,2,0,1,2,3,1,3
196740,16,14,27,14,22,9,16,18
105375061,0,1,0,1,0,0,0,0
60529,10,7,5,4,6,5,7,5
100189093,2,1,1,0,1,0,0,1
1500,2,3,2,0,5,3,3,0
105374249,1,1,2,2,2,1,0,1
642692,1,0,0,0,0,0,0,0
112268089,1,2,3,0,0,0,1,0
105379749,5,2,2,2,0,1,3,1
390948,4,3,1,0,1,1,1,1
101928595,6,12,16,7,11,16,23,15
102723824,0,0,0,0,0,1,0,0
147495,2,2,0,2,4,1,2,5
7294,1,0,0,0,0,0,0,0
135932,0,0,0,0,0,0,0,0
646378,2,8,3,3,6,7,5,2
114991,30,28,15,20,27,25,15,25
23239,21,24,27,24,41,28,30,24
347475,2,2,4,4,0,2,2,3
105371760,0,0,0,1,0,0,0,0
55471,28,22,27,27,28,24,27,19
79363,3,4,3,3,4,0,2,4
100288615,31,29,23,18,16,15,31,31
664709,626,580,561,569,780,638,643,676
117583,17,17,18,21,20,23,15,13
201283,74,82,74,53,78,77,105,74
57552,9,9,4,2,3,4,4,7
283638,13,12,18,15,25,22,20,27
414133,1,0,0,0,0,1,1,0
112268239,3,1,2,6,5,0,3,6
57038,237,268,209,164,216,189,197,232
126242,9,14,6,5,7,7,4,10
124901124,2,0,1,0,0,2,1,0
105373719,0,0,0,0,0,0,0,0
200728,15,9,8,9,4,5,2,6
2668,2,2,9,11,13,3,7,4
642746,8,10,2,5,3,5,0,2
101929074,30,39,39,35,40,38,40,47
84735,3,0,0,0,0,0,0,0
8061,5,15,7,6,5,3,6,4
399900,0,1,2,2,2,1,2,1
1180,0,0,0,0,0,0,0,1
643220,61,48,65,57,58,64,59,73
10149,3,3,8,5,9,5,6,8
103689916,8,12,17,8,5,7,6,11
107984655,1,1,1,0,1,1,0,2
154810,132,129,102,94,113,110,102,90
2499,7,3,9,7,5,6,6,9
3833,58,67,60,53,55,55,49,48
1687,2,3,6,5,9,13,9,4
11067,7,14,14,16,14,22,16,24
100420892,15,25,16,20,22,13,12,14
7107,12,17,5,7,8,7,13,7
202227,4,8,5,2,3,6,8,4
285755,19,20,13,6,18,22,14,16
100093631,5,6,4,1,4,6,6,5
283237,36,36,37,39,60,29,36,48
400129,21,20,11,9,12,14,21,18
100287074,2,0,3,3,3,1,0,6
5164,23,30,25,35,47,39,30,39
727758,5,6,8,5,8,11,7,14
54453,0,0,1,0,0,2,0,1
4007,9,17,27,22,19,19,14,12
94234,2,1,4,3,4,1,4,6
8355,0,0,0,0,0,0,0,0
81788,2,0,0,2,1,3,1,2
8844,11,7,11,6,6,5,13,9
158219,17,16,14,16,17,17,10,16
374383,204,218,192,147,177,182,186,186
83985,31,26,36,14,26,24,31,24
10240,266,280,154,134,180,195,162,181
8315,55,64,32,36,42,40,29,55
6311,110,121,146,131,155,145,159,156
257044,2,3,0,2,1,2,4,0
654337,2,4,6,4,3,1,4,3
1293,0,0,0,0,0,0,0,0
56926,145,160,54,52,58,68,67,85
8500,97,82,82,67,85,57,80,85
100270854,238,270,149,171,197,189,191,192
10793,18,18,23,14,29,32,22,27
105370502,0,0,0,0,0,0,0,0
391162,4,8,4,5,5,1,9,11
5457,28,31,33,20,28,33,42,35
326294,1,0,1,0,2,2,2,1
2507,3,0,0,0,1,1,1,0
55061,10,9,18,13,18,11,11,13
595,291,302,161,146,193,171,178,184
389421,154,136,102,114,136,105,116,129
269,8,15,11,11,19,10,16,15
255119,3,1,3,2,2,2,4,4
2072,74,96,73,66,95,82,90,87
80303,19,14,17,18,26,24,17,19
100874500,1,0,0,0,0,0,0,0
25920,65,55,50,63,81,69,80,65
286075,5,6,1,2,1,2,1,1
4856,5,7,5,4,4,7,7,13
100506000,10,16,8,11,2,8,8,14
393,1,1,1,0,0,0,1,1
124906123,1,0,0,0,0,0,0,0
122152329,1,1,1,3,0,0,0,1
201625,1,1,1,1,0,1,0,0
124900565,1,2,1,0,0,0,0,0
26793,4,5,2,2,1,3,4,6
85378,24,16,21,24,27,23,33,26
102723872,3,0,0,1,0,0,1,0
7045,2,0,0,0,0,1,0,0
642306,10,8,11,2,2,5,1,2
51533,1,0,2,4,11,8,3,4
143384,207,221,149,124,144,158,153,174
124902988,0,0,0,0,0,0,0,0
678655,1,11,3,2,1,0,2,6
344697,5,4,2,1,0,2,1,2
387254,3,1,3,1,2,7,2,1
54766,1,0,0,0,0,2,0,0
105379013,0,0,0,0,0,1,0,0
23648,25,22,29,37,30,25,25,23
2033,132,93,70,59,61,61,90,59
124903231,1,1,2,0,0,4,2,1
127138862,2,6,4,1,1,6,3,7
100506451,8,4,7,1,9,2,5,5
390572,30,26,16,13,25,25,17,22
101927505,3,0,4,1,1,3,3,2
102724430,1,1,1,0,2,0,1,0
105379052,2,1,0,0,0,0,1,0
105373950,2,0,0,0,0,0,0,0
101055625,0,0,0,0,1,0,0,0
26863,8,4,3,3,3,2,0,0
124901787,0,0,0,0,0,0,0,0
124900558,1,0,0,0,0,0,0,0
3685,20,10,13,17,18,20,25,15
1894,114,124,59,60,78,95,74,78
101929298,1,0,0,0,0,0,0,1
107984262,5,7,12,8,6,15,7,13
100750325,1,0,1,3,3,0,1,1
105376872,0,0,0,0,0,0,0,0
651250,2,2,2,4,1,3,1,6
100189089,1,0,0,0,0,0,0,1
284129,5,10,13,7,20,9,9,13
1532,2,2,1,0,2,0,0,0
94027,1,0,0,0,0,1,0,0
10152,72,104,124,112,149,108,101,116
9783,4,4,4,5,5,8,15,12
101928276,0,0,0,0,0,0,0,0
58516,445,501,418,428,491,375,382,425
342808,5,2,0,2,0,1,0,0
10572,796,989,588,553,670,711,617,633
100271206,2,2,2,0,0,1,0,0
100144435,3,6,0,2,2,1,2,3
646358,6,3,3,3,4,5,5,3
390610,0,3,1,0,0,1,2,1
124901009,1,3,3,0,1,1,0,0
375791,5,1,0,1,1,2,4,3
124904990,1,4,0,0,0,1,0,1
285386,0,0,0,0,0,0,0,0
94235,1,0,0,1,0,1,0,2
5333,0,0,4,2,7,1,2,1
647503,18,18,10,7,11,12,9,12
102723714,0,0,0,0,0,0,0,0
113174,79,99,75,60,67,90,68,65
349386,0,0,0,0,0,0,0,0
100130006,21,32,18,15,21,11,14,27
140801,9,10,6,8,7,13,12,12
92579,137,158,118,90,130,143,124,154
283927,15,15,30,23,27,25,35,43
1759,17,15,4,8,5,18,15,17
56950,36,37,25,35,26,39,31,24
57462,6,5,7,4,4,7,5,5
124905477,1,1,0,0,2,0,2,0
106479335,1,0,1,1,0,1,2,1
11344,59,64,59,48,44,39,54,61
391370,11,21,21,17,18,32,20,19
5652,1,0,0,0,0,0,0,1
105376195,1,0,0,0,0,0,0,0
106480423,0,0,0,0,0,0,0,0
101927393,1,1,0,1,0,0,2,1
692058,7,5,0,3,5,3,4,1
100422593,0,0,0,0,0,0,0,0
124901136,1,1,1,1,0,1,0,0
124904355,1,0,0,0,1,0,0,0
344838,2,2,4,5,2,2,2,4
9855,8,8,11,7,6,14,7,9
64084,4,9,4,4,6,1,4,3
5555,0,0,0,0,0,0,0,0
107987073,0,0,0,0,0,0,0,0
100422374,1,0,0,0,0,0,1,2
25841,17,11,15,5,13,11,7,17
130399,1,2,9,8,7,5,5,10
347273,4,8,8,7,6,3,5,3
23155,107,104,66,75,89,80,95,86
105378035,3,1,3,1,0,1,2,3
100271656,1,2,2,2,1,0,0,0
56981,3,1,5,0,4,4,2,1
100303749,1,1,0,0,1,1,0,0
7050,29,34,20,26,29,27,28,33
92799,185,206,174,162,191,192,162,181
100130265,0,0,0,0,1,0,0,0
11173,0,4,1,0,0,2,1,2
116068,48,39,20,24,34,35,32,29
54328,1,0,0,0,1,0,0,0
54795,2,5,9,5,8,3,2,6
1662,203,187,158,113,166,147,146,160
124904730,11,6,3,3,2,4,3,5
105378839,1,0,0,0,0,0,0,0
124902905,1,0,0,0,0,0,0,0
124902998,5,3,4,0,0,2,3,4
10236,966,1075,575,559,750,675,787,754
143888,40,38,51,47,44,38,38,49
124902884,2,2,0,1,0,1,2,2
8522,1,3,3,2,5,1,2,6
107984871,0,1,0,1,1,0,0,0
255758,117,163,81,86,101,132,127,158
8208,94,115,98,93,142,101,91,98
6691,16,15,13,8,18,6,15,15
91120,9,0,2,0,3,2,4,3
124905187,1,0,0,0,0,0,0,0
5682,700,730,509,471,620,618,572,640
7617,9,8,4,4,6,4,7,7
3238,1,0,0,1,0,0,0,0
105379194,1,0,0,1,0,1,1,1
112268415,0,2,0,0,0,0,0,0
8330,5,4,0,2,0,0,2,3
101928530,1,0,1,0,0,1,0,3
84076,0,0,0,0,0,0,0,0
286480,42,57,34,48,40,46,45,55
114899,1,0,3,4,0,1,0,1
100874202,1,1,3,0,1,1,3,4
7032,1,0,0,0,0,0,0,0
100130158,1,3,3,1,2,5,6,2
101928269,0,0,0,0,0,0,0,0
115273,5,4,4,2,3,3,8,4
105379241,0,1,1,0,1,0,0,1
56159,1,0,0,0,0,0,0,0
117178,84,91,82,96,121,90,73,115
102724859,1,0,0,0,0,1,0,0
3984,11,20,15,16,17,31,16,24
4574,18,14,21,17,16,19,16,12
7442,5,4,3,4,4,7,4,3
100130209,0,0,0,0,0,0,0,1
8543,208,238,126,159,193,156,148,143
124904146,1,1,3,3,1,0,3,2
29998,6,6,6,6,4,5,6,3
85366,2,0,1,0,0,1,0,1
389634,1,3,2,2,1,1,2,2
283665,2,0,0,0,1,0,0,0
100420477,1,0,0,0,0,0,0,0
124901340,0,0,0,0,0,0,1,0
114823,10,9,18,13,12,14,10,10
56990,84,95,63,48,59,61,71,69
642280,1,1,1,0,1,1,1,1
64067,2,1,0,3,7,2,5,6
100506866,2,10,7,4,4,8,3,4
105372420,0,0,0,0,0,0,0,0
6271,2,0,0,1,0,0,0,0
3897,3,1,1,3,4,7,1,1
54329,2,5,3,3,3,4,8,1
124900452,0,1,0,0,0,0,0,0
5911,58,61,41,48,47,32,40,47
22997,1,1,5,10,16,7,10,8
100189396,0,0,0,1,0,1,0,0
102723347,2,2,4,1,4,5,2,2
9936,1,2,2,1,0,3,0,0
146845,0,0,0,0,0,0,0,0
10981,10,6,1,1,1,5,14,16
50626,1,0,0,0,0,0,0,0
51657,44,57,51,40,51,53,62,46
100271314,10,10,9,3,8,11,6,9
100874249,0,0,0,0,0,0,0,0
442660,7,4,3,5,3,6,8,1
129841,3,2,0,0,0,0,1,0
51665,20,12,10,16,18,16,25,20
107985909,1,0,0,1,0,0,0,0
54492,1,3,6,10,4,2,4,4
121832802,0,0,0,0,0,0,0,0
816,19,36,25,15,25,24,36,34
105371849,1,0,2,0,0,0,0,1
107984979,0,0,0,0,0,0,0,0
106144598,0,0,0,0,0,0,0,1
105372821,2,0,0,0,0,0,1,0
5075,3,0,4,5,4,2,2,1
5074,128,138,141,106,120,128,183,151
5741,0,0,0,0,0,0,0,0
388969,88,86,104,104,76,57,88,78
54943,14,2,12,3,8,6,11,7
6157,4093,4701,4323,4086,4918,4998,4248,4616
1654,1057,1025,376,413,337,376,490,427
105376845,1,0,1,0,1,0,0,1
51224,0,0,0,0,0,0,0,0
7781,3,7,7,3,8,13,11,8
731220,0,0,0,0,0,0,0,0
145788,7,10,9,6,6,12,7,10
84171,1,0,1,1,4,0,1,2
55529,20,20,19,30,26,25,11,32
84820,36,43,11,25,11,19,18,25
25790,2,2,4,3,5,3,2,2
9119,1,0,1,0,1,2,1,0
30819,1,0,0,0,0,0,1,2
5166,7,4,8,10,14,13,11,13
1534,4,8,12,6,5,13,12,8
100132849,24,28,18,21,27,31,24,30
102724679,0,0,0,0,0,0,0,0
105370208,3,0,0,1,1,3,1,2
107986699,2,3,0,1,2,1,0,2
60558,59,54,29,48,54,43,42,45
84938,51,44,40,39,50,60,55,64
100271531,4,2,2,3,3,6,2,2
202181,3,1,3,3,2,1,1,2
57156,0,4,5,2,5,7,1,7
57333,2,1,1,3,2,0,5,3
121832815,0,0,0,0,0,0,1,0
644990,1,1,1,0,1,4,0,1
719,0,0,0,0,0,0,0,0
2971,259,322,238,202,291,228,222,251
106481850,2,0,2,1,1,1,3,2
124900163,3,4,1,2,0,0,1,1
124903366,1,1,0,0,0,0,0,0
118827818,18,20,17,16,20,14,13,13
124905975,2,2,1,0,0,0,0,1
4784,18,18,14,19,18,8,19,16
124906302,0,0,0,0,0,0,0,1
100874097,1,0,0,0,0,0,0,0
221393,0,0,0,0,1,0,0,1
107984504,3,5,5,6,9,8,6,4
101930112,3,4,2,0,1,1,4,4
326308,7,15,7,3,6,7,9,8
100126781,4,5,3,2,0,3,3,3
140597,4,5,3,6,5,6,2,3
102723757,0,0,0,0,0,1,0,0
646476,6,2,1,2,3,1,1,2
57393,5,3,6,6,7,3,1,5
2822,5,4,6,1,2,5,9,5
493753,78,93,107,100,132,105,90,118
8877,1,1,5,1,6,6,11,12
55064,3,0,2,0,0,1,3,2
10471,204,230,140,157,201,214,133,195
167838,6,7,22,24,23,23,15,22
3784,5,3,0,3,5,4,2,3
100874362,3,6,2,5,4,3,2,4
100505679,0,2,3,0,0,2,1,1
57679,10,15,17,16,26,19,21,15
124905191,1,2,1,3,1,2,2,3
5371,30,38,79,67,61,49,38,37
1390,80,100,56,56,78,85,91,75
85315,3,0,12,8,11,16,12,13
101927364,1,0,0,0,0,0,0,1
2099,1,0,0,0,1,0,0,1
90333,24,34,18,20,9,8,14,16
8332,8,9,0,2,1,4,3,5
10866,4,4,10,4,10,4,3,8
106481206,1,0,0,0,0,0,1,0
105377842,0,0,0,0,0,0,0,0
23769,2,0,2,1,1,1,0,1
4129,1,0,1,0,0,0,0,0
65985,40,44,25,21,18,27,28,25
107987169,0,0,0,0,0,0,0,0
124907840,0,1,0,2,1,1,1,1
27439,1,0,2,1,3,3,1,1
57568,66,69,57,52,59,49,53,49
79777,1,6,6,2,7,2,6,3
26780,1,2,0,1,0,0,0,0
4038,5,6,5,9,4,9,8,8
124903942,0,0,0,0,0,0,1,1
100287171,23,26,26,29,19,17,21,13
27153,13,14,5,5,16,9,10,4
107986415,1,2,1,0,0,0,1,0
54749,14,17,17,9,20,13,17,18
3696,5,4,1,3,1,9,3,8
79758,14,19,14,15,15,19,6,16
601,2,4,0,1,0,1,1,1
124905202,2,2,6,3,9,3,2,1
5105,2,5,11,8,5,4,3,0
23431,22,30,13,16,11,13,14,18
10363,46,51,65,47,62,57,48,73
100128888,2,3,1,1,0,2,2,0
105377507,0,1,1,0,0,1,0,0
64425,43,50,46,33,49,46,41,54
124903520,2,0,5,1,1,2,1,2
9808,0,0,0,0,0,0,0,0
100128889,1,0,1,1,1,0,1,1
5624,1,0,0,0,0,0,0,0
55033,47,43,51,49,54,39,47,37
4357,88,109,103,137,166,129,141,141
9128,143,139,70,59,75,74,76,97
107986655,2,2,3,3,0,2,0,3
100189373,3,3,2,1,2,5,6,1
81621,7,11,18,21,38,20,19,17
100271064,740,887,658,645,618,741,562,703
107985834,1,0,0,0,0,0,0,0
64598,11,9,8,8,17,8,11,8
105373929,0,0,0,0,0,0,0,0
85021,51,39,32,24,40,32,29,38
548596,61,71,87,75,94,69,68,70
91661,32,25,6,8,8,10,9,5
646794,3,5,4,2,0,3,3,3
220988,586,635,969,808,1063,781,709,803
124907972,1,0,0,0,0,0,0,0
221409,1,1,0,0,1,2,1,0
664722,51,63,50,43,70,61,59,60
107984432,1,0,0,0,0,0,0,0
101928492,3,8,0,1,0,2,3,6
57827,24,35,16,9,9,13,23,17
147949,16,22,16,5,12,7,5,14
107986061,1,0,1,1,0,0,1,0
767853,2,3,1,2,1,3,3,2
10224,5,5,4,5,9,4,0,3
105379549,1,2,3,0,0,0,0,0
730262,5,7,4,2,4,3,4,6
124906162,0,0,0,0,0,0,0,0
100271076,7,20,12,14,12,13,18,9
8427,44,41,37,25,34,26,36,23
100132724,6,1,1,0,1,0,1,3
124904505,3,1,2,0,2,1,1,1
100505869,1,0,3,2,3,2,1,3
4248,2,2,10,9,4,8,6,10
439965,3,8,7,4,6,4,6,2
664618,30,40,28,23,19,47,33,24
4284,0,3,0,0,0,0,0,0
201191,2,0,0,2,4,1,4,3
124901395,1,1,0,1,1,0,0,0
26091,26,27,22,24,23,30,32,27
166824,1,1,3,4,3,3,3,4
25903,5,6,5,10,6,5,3,3
9196,2,7,0,0,0,1,0,3
124905248,1,1,0,0,0,1,1,0
105374220,0,0,0,0,0,0,0,0
100422268,4,2,2,2,2,2,5,6
284443,8,6,4,4,3,6,6,4
101928424,2,0,4,6,5,1,5,1
996,252,297,113,134,150,171,160,167
100422299,32,38,20,15,25,29,26,25
50839,1,0,0,0,0,1,0,0
100874459,0,0,0,0,0,0,0,0
341378,3,1,4,3,0,1,0,2
55244,23,27,25,31,19,29,27,21
54553,3,0,3,2,1,7,1,2
440072,0,0,0,0,0,0,0,1
343851,12,16,7,4,8,17,11,8
79035,122,115,80,74,99,88,103,110
55616,3,1,11,5,5,3,4,6
8870,55,49,71,61,74,65,64,67
100533970,2,3,0,2,1,1,2,3
6556,0,4,3,0,3,4,4,4
100507420,12,21,19,13,15,11,15,10
79930,4,4,1,1,1,3,3,2
124900854,0,2,0,0,0,0,1,0
51111,46,46,34,18,33,53,35,35
124904039,7,4,3,6,3,5,10,8
100189022,0,1,0,1,2,0,1,0
124904695,0,0,0,0,0,0,0,0
728823,12,23,7,12,16,19,14,22
5654,3,11,3,7,4,5,2,7
221476,0,0,0,0,0,0,0,0
113277,0,0,0,0,1,1,0,0
124904713,7,5,1,1,1,5,3,0
285429,4,5,1,0,2,3,3,3
100216487,4,4,1,4,3,3,2,2
124902013,0,0,1,0,0,0,0,0
51594,46,44,58,39,62,54,39,51
1545,8,8,4,4,6,2,8,1
317686,2,1,0,0,0,1,0,5
376267,7,5,7,7,9,5,5,2
124902860,10,5,1,5,3,5,5,1
124905136,2,0,0,0,1,0,1,0
107985361,3,1,1,0,2,0,1,1
2027,4,10,7,2,5,4,5,4
115290,185,211,256,277,317,238,253,293
3623,1,1,0,0,1,0,2,1
106481342,0,1,0,0,0,0,1,1
113,1,4,8,2,7,8,8,6
8303,2,8,5,6,11,4,10,13
6462,1,1,1,0,1,1,0,1
124904444,0,0,0,0,0,0,0,1
23758,1,0,0,0,0,0,2,1
124903963,2,2,3,2,0,0,0,0
3732,6,3,0,1,1,2,1,0
8651,0,0,0,0,0,0,0,2
101928885,1,0,0,1,0,0,0,0
8690,27,24,24,25,29,26,31,40
100421765,15,16,9,15,18,13,13,13
100270921,2,3,1,0,1,3,2,2
105372998,0,1,0,0,1,0,0,0
8973,1,0,0,0,0,0,0,0
100421436,1,2,0,0,1,0,2,0
642938,2,2,2,2,0,0,6,1
100288596,1,1,0,0,0,1,1,1
100130119,0,0,0,0,0,0,0,0
101243555,5,3,2,3,2,4,2,1
100170228,3,2,2,2,0,2,2,2
91526,8,13,10,8,9,6,10,11
81624,127,157,124,131,157,136,135,148
25902,102,105,72,53,73,66,76,72
100271143,1,4,1,1,1,2,1,6
105376279,1,0,1,2,0,0,0,0
53637,3,3,7,9,6,16,8,8
100190939,13,11,11,10,12,13,14,16
642778,6,9,4,7,10,10,7,13
646942,10,13,10,6,7,8,4,1
2938,0,0,0,0,0,0,0,0
100505538,7,9,3,1,3,3,4,9
100422289,1,0,0,0,0,1,1,2
23308,8,10,2,3,6,4,8,6
400126,2,3,1,2,1,2,0,2
106480338,17,19,7,7,6,19,23,10
51321,197,192,148,110,175,184,166,158
56948,164,194,141,124,160,142,132,132
105375180,0,0,1,0,0,0,0,0
6904,53,71,45,40,43,49,74,65
391012,2,7,0,0,1,0,1,1
387895,0,0,0,0,0,0,0,0
10870,2,2,0,3,4,1,2,3
2256,5,6,3,8,5,3,9,3
64978,241,261,148,143,206,193,214,208
4848,188,189,136,126,156,155,138,168
105373737,2,4,2,1,0,0,0,2
114757,1,0,0,0,2,1,1,2
100133612,0,0,0,0,0,0,0,0
51754,10,15,12,18,14,16,13,7
5007,67,64,31,38,35,35,51,52
124904619,1,5,1,3,2,3,1,3
9063,51,64,40,39,44,39,38,51
27087,3,2,8,1,6,6,6,2
55786,1,0,0,1,1,2,0,1
10272,4,7,1,4,0,5,3,2
25901,83,99,113,98,107,93,85,83
9581,127,149,72,82,78,72,116,107
89849,5,8,7,12,13,11,10,7
441490,1,0,0,0,1,0,0,0
394255,6,6,10,3,5,5,4,8
7529,2369,2593,1975,1761,2286,2161,2012,2215
105374988,1,2,0,0,0,0,0,0
84419,6,7,9,7,8,4,8,4
22977,5,6,5,13,8,7,7,14
23584,0,0,0,0,1,0,0,0
100462838,3,1,0,0,0,0,0,1
56663,3,2,3,8,1,2,1,0
645754,0,0,0,0,0,0,0,0
100129329,7,11,3,3,6,7,5,14
107984668,1,0,0,0,0,0,0,0
728343,0,0,0,0,0,0,0,0
55316,20,21,22,28,10,22,17,20
1409,0,0,0,0,0,0,0,0
10636,10,9,5,7,15,9,6,12
1596,0,0,0,1,0,0,0,0
107984507,0,0,0,1,0,0,0,0
284167,9,16,9,12,11,13,15,13
100996437,2,0,1,0,1,0,1,2
399670,1,0,0,0,0,0,0,0
923,0,0,0,0,0,0,0,0
112267970,0,0,0,0,0,0,0,0
79805,3,6,10,9,11,4,4,8
100271108,0,0,0,0,0,0,0,0
100188992,1,0,0,2,1,1,1,1
100129013,1,0,0,3,0,0,0,0
649330,12,9,13,10,12,17,15,10
8263,4,4,0,1,0,3,1,1
283899,81,90,65,59,92,81,78,68
9645,6,3,11,4,4,6,9,13
8514,4,5,13,7,8,12,14,10
103106903,0,0,0,0,0,0,0,0
105378512,5,10,2,3,1,0,3,3
105370995,1,0,0,1,0,1,0,0
5316,92,99,33,25,41,36,35,56
10815,3,9,11,11,8,4,9,5
105370119,1,7,2,2,3,5,3,7
105376139,1,0,0,0,0,0,0,0
84148,24,22,28,43,41,28,37,27
128,122,162,87,101,128,114,125,125
3323,191,241,112,110,134,172,188,177
55223,5,7,3,4,0,2,1,2
5727,16,15,20,19,25,13,22,24
10126,23,44,32,34,26,39,31,27
100128459,0,1,2,0,1,0,0,0
105377626,0,0,0,0,0,0,0,0
79837,31,29,22,12,13,17,17,13
2069,1,0,0,0,0,0,1,0
1109,0,0,0,0,0,0,0,0
100421398,11,7,7,4,7,8,7,7
124903013,0,0,0,0,0,0,0,0
10023,1,2,3,0,5,3,4,1
107986934,1,1,0,0,0,0,0,0
105369565,0,0,0,0,0,0,0,0
1198,92,100,99,117,137,100,83,113
106479454,0,0,0,0,0,0,0,0
81552,17,28,18,13,27,19,15,23
112267960,1,0,0,1,1,0,0,0
5051,10,11,2,7,7,4,4,6
398,7,10,9,8,9,5,7,21
100420800,0,1,1,0,0,0,0,0
10581,48,40,105,99,128,55,47,69
5971,3,3,3,4,1,1,3,3
79854,3,4,3,5,5,5,8,7
105372240,4,1,0,0,0,0,1,0
5092,298,278,259,266,324,318,286,329
11039,3,1,6,3,4,3,4,2
10465,183,269,119,135,179,188,175,173
729020,10,10,11,7,9,8,10,10
646065,3,3,0,0,0,0,0,0
3236,61,95,75,41,72,80,74,81
10904,140,164,101,103,111,108,89,98
84989,1,0,1,1,2,0,0,3
148979,1,1,0,2,1,3,2,2
100128253,1,0,1,1,2,0,0,0
57222,86,66,68,49,56,55,77,65
129810495,1,1,1,0,0,1,1,0
124903383,1,0,0,0,0,0,2,0
124901768,0,0,0,0,0,0,1,0
153478,3,3,8,6,6,8,7,5
1002,20,18,35,27,24,17,16,23
79751,9,7,8,10,8,7,5,6
27063,4,1,1,0,3,0,0,2
100419815,0,0,1,0,1,0,0,0
84622,14,23,6,4,7,10,12,10
127943,2,4,2,2,2,2,4,4
56605,16,31,40,40,59,48,41,61
6331,5,1,4,3,9,2,11,5
144568,1,0,0,0,0,0,0,1
3120,0,0,0,0,0,0,0,0
100128015,6,10,5,6,7,2,7,8
100270869,2,1,1,2,2,7,6,5
56099,0,1,0,0,1,0,0,0
89832,16,14,15,13,23,17,20,19
4210,0,0,0,0,0,0,0,0
124903607,0,0,0,0,0,1,0,0
7349,3,1,2,2,0,3,0,2
285908,2,3,1,0,0,0,2,3
100128091,10,11,6,8,6,20,17,12
101928397,1,1,1,1,2,1,2,5
106480336,2,6,7,6,8,9,6,8
107986920,0,0,0,0,0,0,0,0
106480332,1,4,0,1,1,1,2,2
124900768,0,0,0,0,0,0,0,0
57567,3,4,0,4,4,7,11,5
79873,4,1,6,4,6,8,10,3
27077,67,79,67,69,57,67,69,66
90427,4,7,7,12,19,1,8,10
112268098,11,7,1,4,5,5,7,6
647013,3,1,0,0,0,0,0,0
101928812,2,4,7,3,5,10,3,4
124902439,0,0,0,1,0,0,0,0
124902575,1,0,6,1,1,0,0,0
4296,3,9,6,8,7,5,10,11
105378268,3,3,4,6,4,2,0,4
124903985,0,0,0,0,0,0,0,0
540,5,12,13,13,16,9,18,10
5734,3,1,7,9,8,3,3,2
102288414,2,2,0,3,0,2,2,2
27230,178,213,160,123,169,139,148,146
54621,36,20,39,35,47,33,30,42
100505741,2,0,0,0,1,0,1,1
3292,5,4,10,7,8,7,7,10
414196,1,0,0,0,0,0,0,0
105371756,2,0,0,0,1,0,0,0
100271203,6,2,2,0,1,3,5,6
345016,0,0,1,0,0,0,0,0
284837,0,0,0,0,0,0,0,0
25776,77,88,65,52,83,70,62,86
286319,11,18,4,3,4,9,11,9
105370274,1,0,1,0,0,0,0,2
124902954,1,1,0,0,0,2,0,0
8556,6,16,10,12,7,7,4,10
90246,1,0,1,0,3,0,1,3
101929767,10,15,8,4,7,11,8,14
124906096,1,0,0,0,0,0,0,0
339761,2,1,1,4,4,5,1,4
5452,3,5,3,1,3,2,4,8
236,3,7,3,2,2,6,3,4
112268235,0,0,0,0,0,0,0,0
102725509,0,0,0,0,0,0,0,0
255812,3,6,7,7,6,6,9,8
7052,2,0,1,1,0,3,1,2
163049,58,59,50,42,42,37,47,56
101928512,0,0,0,0,0,0,1,0
6189,1731,2182,1573,1648,1807,1888,1517,1949
106631777,39,46,54,52,69,52,48,33
143543,6,4,1,1,1,3,4,2
105373095,4,1,2,1,1,1,2,1
339665,11,10,9,3,9,6,3,10
402221,1,8,2,2,1,4,3,3
100874001,0,1,0,1,1,0,1,0
79974,1,3,2,2,6,2,9,5
284260,1,0,0,1,1,0,0,0
7195,1,0,0,0,0,1,1,0
169981,3,5,2,5,4,7,3,3
107984313,1,0,1,1,0,0,0,0
57143,6,10,4,4,7,3,9,5
642648,2,0,0,1,0,1,1,3
100130962,22,24,13,13,9,14,12,24
124905572,11,11,11,12,16,14,14,12
387559,2,0,0,0,0,0,0,1
124902631,1,0,0,0,0,0,0,1
390183,654,893,666,655,780,691,602,685
391532,3,1,0,3,2,4,5,6
100271106,4,7,2,1,2,8,11,3
100270890,5,6,1,1,1,5,2,1
23072,0,1,0,0,1,2,0,0
7566,13,18,7,11,8,10,9,7
727982,1,0,0,0,0,0,0,0
124901241,1,1,1,0,0,0,0,0
124901733,1,1,0,0,0,2,2,1
145165,30,31,22,26,27,32,30,32
128966721,5,4,7,8,15,10,12,11
117166,1,3,1,1,0,0,0,0
100287177,2,3,5,3,4,6,8,10
124905276,0,0,0,0,0,0,0,0
124909350,0,0,0,0,0,0,0,0
285190,2,2,2,3,2,2,1,2
1605,69,63,50,48,44,53,58,58
1803,1,5,2,3,6,12,5,8
107984553,0,1,0,0,0,0,0,0
219970,3,2,4,2,1,1,1,3
145200,1,0,0,0,0,0,1,2
84696,4,7,7,8,2,8,3,5
84915,8,11,2,2,0,2,2,0
114792,3,5,3,7,3,1,3,1
107105266,1,2,1,0,0,0,0,1
56154,18,20,30,21,18,26,37,28
100189046,1,0,0,0,0,0,0,0
728621,6,4,5,5,7,2,6,4
973,2,0,0,0,1,1,1,2
54429,1,0,0,0,0,0,0,0
677797,1,0,0,1,0,1,1,1
124903446,2,2,1,1,0,1,0,0
101927057,2,1,0,1,1,1,0,2
4171,201,239,183,203,206,226,255,196
11215,78,55,38,44,31,58,42,59
100216517,0,0,0,0,0,0,0,1
105372093,1,0,0,0,0,0,0,0
101927385,0,0,1,0,0,0,0,0
319112,14,20,16,15,9,13,13,15
91353,2,0,0,0,1,0,1,2
105371705,1,0,3,1,4,3,1,1
105370401,0,0,0,0,0,0,0,0
117286,1,0,0,1,0,0,1,0
100873757,1,0,0,1,0,0,0,0
22973,1,1,1,2,2,0,3,2
730268,3,3,11,4,7,2,0,6
107987478,0,0,0,0,0,0,0,1
7564,1,12,13,10,4,16,10,5
391719,12,18,15,11,11,18,17,9
7120,10,6,3,3,4,8,6,12
124905434,2,0,0,0,0,0,0,0
4739,7,7,5,3,4,6,2,6
100873746,0,0,0,0,0,0,0,0
106479437,2,0,0,0,0,0,1,1
124903631,4,3,4,2,1,3,0,1
102724470,1,0,0,0,0,0,0,0
92815,3,8,6,11,8,5,7,4
29768,16,16,11,5,9,5,9,9
113835,1,2,0,0,0,2,0,0
102723869,1,0,0,0,0,1,0,0
5596,2,6,15,5,6,5,7,9
9603,9,7,6,2,4,15,24,18
642538,0,0,1,0,1,0,0,1
100128627,7,7,4,6,2,8,9,4
127829,15,23,19,17,37,29,22,16
54508,1,2,1,0,0,0,0,0
105373716,0,0,0,0,0,0,0,0
6819,3,1,1,0,1,3,1,2
107986009,1,1,0,0,0,0,0,0
79935,0,1,0,0,1,1,0,0
100189118,2,0,1,0,0,0,0,0
107985405,1,2,0,1,0,1,1,1
5938,6,16,13,11,7,7,8,3
100288914,3,5,2,3,1,3,1,3
105377547,0,0,0,0,0,0,1,0
9260,39,51,30,37,42,26,26,28
106660614,5,7,5,2,1,3,8,3
57182,25,20,15,14,10,21,22,15
10085,57,43,68,61,84,56,54,60
57408,0,2,1,0,0,0,1,2
105371655,0,1,0,0,0,1,0,0
2806,344,363,273,239,306,286,296,316
81691,26,19,31,40,26,27,19,34
9540,2,4,1,0,5,3,6,3
284058,67,61,36,46,36,30,42,40
285987,1,0,1,0,4,0,2,1
147947,38,40,13,9,14,13,10,18
143872,7,3,6,11,6,6,5,9
538,17,25,28,28,25,32,27,22
644456,289,260,138,156,159,179,160,201
106481624,1,1,0,0,0,0,0,0
729998,3194,3485,3076,3037,3825,3023,2791,3164
1047,59,77,52,52,63,87,73,86
5731,1,0,0,0,1,0,0,0
4579,53,71,60,61,103,71,72,77
6428,2172,2310,727,741,835,960,942,1030
9945,2,6,9,8,6,8,11,3
63922,15,22,21,14,21,15,24,19
81034,64,85,20,36,29,28,37,36
84196,159,95,91,93,123,93,108,112
106479362,1,0,0,0,0,0,0,0
653650,1,2,0,1,3,0,0,4
100422781,1,0,0,0,0,0,0,1
80208,34,28,46,31,56,66,44,59
10691,40,66,25,30,36,43,35,49
284071,5,2,2,3,1,6,7,2
387849,3,3,0,1,2,0,2,0
284454,1,3,0,4,1,1,0,5
390874,1,3,0,0,0,0,0,1
30812,2,1,2,3,2,2,1,2
255926,0,0,0,0,0,0,0,0
124903153,0,0,0,4,4,6,2,4
57534,51,52,75,71,74,86,82,76
113146,11,8,24,13,24,20,21,25
107984658,59,75,52,49,39,68,63,62
100271033,5,3,1,0,3,3,5,0
105377742,1,1,1,0,0,0,0,0
83648,6,2,7,6,4,3,6,8
10231,5,4,1,4,3,7,6,4
22916,246,260,192,166,230,166,172,169
200232,1,0,0,3,0,1,0,1
344741,5,2,5,2,5,3,4,5
729279,12,11,13,10,10,9,11,10
105373823,0,0,0,0,1,0,0,0
51458,1,0,0,1,0,0,0,0
25865,17,21,36,37,32,40,42,43
124900761,3,4,3,3,3,1,2,1
4295,0,0,1,0,0,0,0,0
22894,118,112,91,85,92,78,101,83
3606,2,1,1,1,1,0,3,3
246329,2,2,0,1,2,1,0,1
116435302,1,1,4,2,4,3,4,4
112488739,1,0,0,0,0,0,0,0
63941,5,15,15,13,19,8,15,13
100507521,0,0,0,0,0,0,0,1
7515,154,196,172,153,162,152,146,179
157378,38,33,33,32,45,30,29,23
1942,9,14,14,17,18,19,16,15
100499467,4,6,4,2,2,6,4,4
114224,6,0,2,3,1,2,1,4
112267988,1,0,0,1,0,0,0,0
339400,5,2,2,2,1,3,1,4
285500,0,3,2,0,0,5,2,0
84628,2,0,6,4,4,5,5,3
8631,3,0,1,2,1,5,6,4
9066,7,4,3,5,9,2,1,2
105370664,0,0,0,0,0,0,0,0
79815,5,3,0,0,0,1,0,3
105373456,2,0,0,0,1,0,0,0
2289,107,100,81,63,85,96,82,92
84662,4,3,7,13,17,7,5,7
101927720,3,5,4,7,5,5,1,7
25961,3,4,4,5,7,4,3,2
9986,11,6,4,4,5,6,5,9
6354,1,0,0,0,0,0,0,2
51304,46,47,27,18,33,24,35,17
107985977,0,2,0,0,0,0,2,2
6314,23,43,17,25,13,17,26,12
729674,2,2,2,1,1,3,4,0
220042,35,24,21,23,22,21,27,29
2661,2,1,0,1,3,3,3,0
728655,0,2,0,1,0,0,2,1
100129374,9,14,5,11,11,11,10,13
3680,2,1,5,4,2,1,0,6
23043,56,48,63,46,56,48,59,55
9111,14,12,8,4,12,11,3,17
2992,113,135,98,88,105,113,106,103
100420911,6,8,4,5,8,5,5,15
57452,11,12,15,18,26,19,12,19
124903024,9,3,1,0,3,2,2,3
100996737,0,0,0,0,0,0,0,0
751580,1,5,3,0,0,0,0,3
100529855,1,4,2,2,0,2,4,4
4595,19,34,30,17,27,29,24,32
100130015,0,1,0,2,0,1,2,0
91584,1,6,7,8,7,1,5,4
118568813,3,3,1,7,2,4,4,6
4898,235,246,202,158,258,220,228,274
10424,128,155,109,99,121,137,125,147
124902947,1,0,0,5,0,1,3,3
100507012,0,1,2,1,1,0,3,0
197257,1,0,1,1,1,1,2,0
220002,27,45,18,24,22,21,17,24
733,1,0,0,0,0,0,0,0
5972,0,0,0,0,0,0,0,0
120071,1,7,4,5,7,5,5,7
1459,233,264,185,154,198,216,164,215
54477,70,44,42,51,56,52,66,67
2706,5,6,13,6,13,11,2,12
100130519,1,0,4,1,2,5,2,2
7372,98,107,34,39,47,49,56,48
101927423,2,1,2,0,1,0,0,1
284391,0,0,0,1,0,2,0,1
107984350,2,3,0,0,2,1,1,0
2826,2,1,3,6,6,8,7,4
100847044,0,0,0,0,0,0,0,0
440993,1,0,1,0,0,1,1,0
92691,3,0,3,2,0,2,1,0
55937,8,14,10,5,7,6,8,7
594842,4,3,2,3,1,2,3,0
64112,50,43,78,57,68,74,62,67
55840,10,17,12,9,17,19,8,11
124904573,0,1,0,0,4,1,2,3
641298,9,4,6,2,8,7,8,6
124900641,2,1,1,0,0,0,0,2
56123,0,1,0,0,0,0,0,0
119139905,4,1,2,3,7,4,0,3
284076,0,0,1,1,0,4,1,1
100507607,3,2,3,2,2,2,1,3
341346,2,1,0,0,1,0,0,2
342132,3,3,3,1,4,5,4,5
6470,126,147,97,109,113,105,117,103
106481526,2,1,2,0,2,4,0,1
64101,3,0,4,2,1,5,4,0
441032,31,54,50,41,52,57,40,40
100421545,1,0,0,0,0,1,0,0
55733,11,6,15,15,23,26,25,25
283028,0,1,0,0,0,0,0,1
80149,7,2,6,7,5,5,5,3
148022,4,3,4,6,7,2,4,7
81615,1,3,3,11,4,8,6,11
107985098,0,2,2,1,3,1,2,2
104,16,15,9,20,10,20,14,11
124904218,10,12,10,14,14,6,15,22
253018,1,1,0,0,0,1,0,1
285368,11,20,7,5,10,9,5,8
3205,25,24,4,7,16,16,21,23
9920,15,19,21,12,14,25,22,12
645001,8,4,0,2,6,3,8,2
57559,19,26,26,29,31,36,19,26
5909,2,6,12,9,10,2,9,9
728730,12,4,18,16,23,18,14,23
105369347,3,8,5,3,8,3,3,3
103689914,3,0,1,1,1,1,1,0
107985334,2,1,1,0,0,0,1,0
124903104,6,11,5,2,3,7,5,12
124900993,1,2,1,0,0,1,3,0
57520,3,5,0,5,5,3,3,6
2810,1,2,3,3,2,5,1,4
106481131,1,0,0,0,0,1,0,0
375341,6,8,1,5,5,2,2,2
100271213,2,1,2,1,1,3,2,2
105378093,1,0,0,0,0,0,0,0
124901949,0,0,0,0,0,0,0,0
23096,14,8,11,16,12,18,26,14
5791,1,0,3,3,4,5,3,4
10253,17,20,11,10,14,11,10,7
399972,4,2,5,6,9,4,2,8
201798,2,1,0,3,0,3,1,1
6299,19,26,15,17,15,13,14,15
10439,2,0,4,1,6,2,2,2
8814,37,52,20,15,11,19,20,25
285525,0,1,0,0,0,0,0,0
100169764,0,0,0,0,0,0,1,0
7322,194,219,160,142,209,208,167,180
286016,5,8,0,5,2,3,6,4
105370265,0,0,0,0,0,0,2,0
124902658,0,0,2,0,0,0,1,0
124902989,0,0,0,1,0,0,0,0
23384,33,38,27,28,26,23,31,23
124903965,0,0,0,0,0,0,0,0
9454,2,2,0,1,2,2,1,4
83640,94,109,33,40,36,35,37,36
6783,0,0,0,0,0,1,0,0
284593,0,0,0,0,0,0,0,1
105372840,1,4,8,9,9,3,4,3
124902269,0,1,3,1,1,2,0,0
100129690,3,1,5,0,2,1,0,1
3037,5,5,7,12,3,3,5,4
107985000,5,7,4,2,5,1,4,4
102724687,0,0,0,1,0,0,0,0
2845,0,1,0,0,0,0,0,0
56917,8,13,13,5,10,13,11,6
168455,10,13,12,9,11,14,12,20
100506046,1,1,4,3,4,6,7,5
266971,22,26,20,18,15,19,16,12
105378521,1,0,0,1,0,1,0,0
124903638,1,2,3,3,0,3,1,4
57730,83,93,84,55,69,55,85,78
7323,479,483,220,237,299,272,287,304
26090,37,40,38,24,25,46,32,24
106481678,7,5,4,2,6,9,6,4
283089,1,2,0,5,1,0,1,2
4982,1,0,0,0,1,0,0,0
107984537,0,0,0,0,0,0,0,0
3150,1021,1147,974,954,1294,1103,1016,1037
100505591,0,2,0,0,0,0,0,1
644236,15,12,14,9,6,13,10,12
5502,7,6,12,5,8,4,6,5
10693,22,15,11,8,5,9,6,10
101930531,4,4,1,2,2,4,3,1
124904354,0,0,0,0,0,0,0,0
4143,6,2,1,0,2,0,2,2
106480951,0,0,0,1,0,0,1,0
22905,71,61,60,50,62,45,67,68
402562,1,2,2,4,5,4,3,2
124900373,1,0,0,0,0,0,0,0
106478920,1,2,0,1,0,2,3,0
221184,5,20,11,7,8,12,8,12
7056,0,0,1,5,2,2,2,3
28992,20,30,16,18,17,17,19,19
55902,7,13,7,7,7,11,4,8
729298,11,10,10,5,5,7,4,6
653188,3,2,6,1,1,0,1,2
2444,1,1,1,1,1,2,2,2
84969,3,5,16,10,15,3,9,15
100131196,505,577,520,415,500,446,421,486
124906023,1,0,1,0,1,1,1,0
100287898,1,1,2,0,2,0,0,0
124909376,2,4,2,5,3,2,5,1
105375228,1,1,1,0,0,2,1,0
5069,0,0,1,3,2,0,0,0
5498,38,58,46,41,60,55,42,51
51236,25,22,10,13,11,12,27,11
162466,1,0,0,0,0,0,1,1
106480062,0,0,0,0,0,0,0,0
7404,1,0,0,0,0,1,1,0
100505501,0,3,0,1,0,1,0,0
100191039,2,9,12,15,5,6,5,17
106635549,1,0,0,0,0,0,0,0
79607,41,42,9,21,19,18,24,19
51330,101,114,64,44,68,63,85,79
100507240,0,1,0,0,0,0,0,0
29990,1,0,0,0,0,0,0,0
105379511,0,4,0,0,1,1,1,0
400511,0,0,0,0,0,0,0,0
54986,4,5,4,1,7,3,6,3
120766138,1,2,0,1,0,0,0,0
51121,405,403,216,168,239,245,232,254
100289211,0,1,0,0,0,1,0,0
4124,46,74,58,40,53,53,57,50
79411,2,4,13,6,7,1,4,6
203569,1,2,1,0,1,0,0,1
142891,48,59,96,69,90,78,77,92
79852,1,3,1,1,0,0,0,2
54848,0,0,0,0,0,0,0,0
57116,6,1,4,2,4,2,1,4
677769,10,3,6,6,9,8,5,12
105376220,3,2,2,0,0,0,0,1
124905653,5,8,2,4,1,5,0,2
101930589,3,1,0,0,2,3,3,2
55070,13,15,9,13,14,7,11,12
105370531,9,7,6,11,2,3,3,1
80221,13,25,11,17,21,31,27,22
4005,2,0,2,6,1,2,4,3
548637,1,0,0,0,0,0,1,1
26127,128,146,89,83,102,118,96,86
1889,41,41,36,29,40,36,34,29
153339,390,408,239,191,271,246,229,260
106480256,2,2,0,1,0,2,1,1
56603,2,1,1,4,4,4,6,6
100506783,3,3,0,2,1,4,3,3
10747,1,1,0,0,0,0,0,0
22891,1,4,0,1,0,0,0,3
124902517,2,0,0,0,1,3,2,0
100422375,0,0,1,0,0,0,0,1
1907,0,0,0,0,0,0,0,0
54206,17,25,12,15,23,22,22,9
5199,0,0,0,0,0,0,0,0
727866,4,3,7,8,5,6,6,3
114841040,1,0,1,1,0,0,0,0
124904149,1,1,0,1,0,1,1,3
26269,18,20,10,11,12,11,11,19
10817,4,3,5,5,3,1,0,4
60312,10,6,17,13,12,11,9,16
100874467,3,5,5,1,3,0,6,1
105370997,0,0,0,0,0,0,0,0
28955,27,23,28,26,40,15,33,20
124903654,1,1,0,0,0,0,0,0
118732299,4,3,7,6,4,8,11,6
283537,7,3,2,3,2,6,9,8
6778,2,0,1,1,0,1,3,0
5693,680,771,465,441,583,525,541,608
4713,866,1025,678,625,759,776,737,903
124903313,1,0,0,0,0,2,1,0
25791,3,4,12,7,3,6,5,10
9312,4,7,3,4,4,9,7,3
50485,20,22,27,16,30,22,21,15
2534,64,58,69,70,70,49,80,50
221302,49,63,58,45,65,62,47,61
107075114,1,1,0,1,2,4,5,1
89844,0,0,0,0,1,0,0,0
729059,1,1,4,1,1,0,0,0
101927417,1,0,1,1,0,0,0,1
1203,36,33,19,15,32,28,20,33
5676,1,0,0,0,0,0,0,0
105373017,7,8,4,3,4,2,4,4
255043,2,3,4,3,2,6,2,4
644145,0,0,1,2,2,2,5,1
4604,0,1,0,1,0,0,0,0
2194,149,161,180,177,186,174,200,206
54942,24,35,15,17,22,21,16,22
644604,290,367,267,302,273,334,269,316
54552,446,406,192,180,182,218,208,269
642996,4,2,0,0,1,1,1,0
284293,6,3,2,2,5,4,5,4
79447,255,271,138,135,150,144,161,147
124901739,1,0,1,0,0,0,0,0
124903715,0,0,0,0,1,1,0,0
2353,13,15,29,44,34,14,16,15
442898,0,0,1,0,0,0,0,0
105379448,0,1,0,0,0,0,0,0
124904746,7,6,3,2,2,3,8,4
9215,14,19,20,12,17,24,22,23
100310850,1,1,1,1,1,0,1,0
100271703,1,0,0,0,0,0,0,0
643037,0,0,0,0,0,0,0,0
101928646,0,0,0,0,0,0,1,0
25827,6,5,7,1,7,5,9,6
102724517,6,5,3,2,0,0,2,1
84836,17,18,28,41,50,27,33,34
127343,1,1,4,5,7,3,8,3
80279,92,91,84,85,111,101,72,93
10024,135,160,91,98,116,131,119,150
645834,4,7,3,1,8,5,10,8
100131495,1,3,0,0,0,0,1,0
101927457,0,0,0,0,0,0,0,0
7013,82,84,75,61,65,79,75,80
11019,22,18,23,21,26,21,28,35
3012,1,2,2,2,1,1,4,4
100873903,10,8,4,2,4,11,11,7
78994,44,39,35,39,39,32,46,53
340499,0,0,0,0,0,1,0,0
124903062,0,1,0,0,0,0,0,0
102724916,1,0,0,0,0,0,0,0
646995,0,0,0,0,0,0,0,0
7534,585,668,481,467,559,520,624,565
653505,3,7,1,4,3,2,2,5
105372436,850,787,443,365,350,300,275,401
646127,27,35,24,27,28,32,22,27
647070,4,5,6,4,5,2,8,4
102466225,0,0,0,0,0,0,0,0
100189395,0,1,0,0,0,0,1,0
146177,0,0,0,0,0,0,2,0
85439,45,29,16,18,19,19,19,19
5906,56,69,47,44,51,69,73,66
114827,1,6,5,9,3,4,4,3
285268,35,29,11,8,12,23,18,23
9441,8,8,9,7,7,6,10,4
729806,2,3,0,0,2,0,0,0
10858,1,0,0,0,0,0,0,0
105372004,0,0,0,0,0,0,0,0
23405,231,189,73,82,80,88,89,125
105371094,0,0,0,1,0,1,0,0
83744,7,7,3,7,3,4,6,5
84926,30,31,13,2,11,17,15,7
619189,3,0,0,0,1,0,0,0
80317,11,10,5,5,4,5,7,11
26256,18,22,11,8,10,20,17,26
124904724,2,1,1,2,5,2,3,1
121009645,1,3,1,3,4,0,0,0
100271256,1,0,1,1,0,1,1,1
64710,5878,5981,4263,4431,3911,3831,4029,4199
6752,11,14,9,8,9,9,7,13
107985793,2,4,5,1,2,4,2,3
645108,5,6,3,3,3,2,6,6
100128721,0,0,0,0,0,0,0,0
100506157,5,4,4,5,6,7,6,5
107986347,1,1,2,1,2,2,2,1
100133205,2,2,4,4,2,5,6,10
107985791,1,1,0,0,1,1,1,0
124904071,0,0,0,0,0,0,0,0
1303,3,3,0,0,4,4,0,1
29941,26,24,30,21,41,30,47,32
4650,15,16,18,10,13,17,21,24
64222,53,51,30,35,32,29,37,33
390203,3,4,3,3,5,2,2,5
8484,0,1,0,0,0,0,0,0
4356,13,17,11,17,15,21,14,17
5571,155,172,141,134,181,183,165,194
7039,4,3,4,2,5,2,3,4
100499227,1,1,1,2,2,1,1,0
84276,6,11,2,5,7,8,6,5
84318,35,32,32,23,42,36,42,40
246330,9,6,3,5,6,3,5,1
124908047,0,0,0,0,0,0,0,0
101929548,1,0,0,1,2,0,1,4
116540,303,347,270,265,363,288,251,313
124904437,1,0,1,0,1,1,1,0
105377372,10,4,6,6,7,11,4,8
619569,0,0,0,0,0,0,0,0
3218,5,3,6,2,4,3,6,7
79763,103,106,64,46,65,69,71,64
100506826,3,4,5,5,5,7,11,6
100421175,1,1,1,1,0,0,0,0
9909,23,25,39,30,27,28,22,32
64396,5,7,3,7,6,8,6,5
391538,8,10,6,4,12,7,5,5
642687,281,399,402,406,430,543,442,443
2622,18,24,18,11,26,25,25,20
360172,1,0,1,1,0,0,0,0
124904509,1,1,1,2,2,2,1,1
100189412,2,3,0,1,1,1,0,0
116228,135,150,79,62,77,94,90,89
26768,1,1,1,0,0,3,2,0
79726,34,35,29,28,33,43,31,33
80254,77,85,64,60,60,62,38,60
100288463,4,1,2,2,4,3,1,3
101927003,0,1,0,0,0,0,0,0
113115,39,39,28,25,33,28,32,37
124905167,1,0,1,1,0,0,0,0
124901304,4,5,1,3,5,4,5,5
80852,5,2,1,3,0,5,3,4
107986119,5,1,0,2,2,0,4,4
55208,9,18,29,32,25,24,24,26
100310848,0,3,0,0,2,0,3,1
124903737,7,4,1,1,2,0,0,0
6386,180,225,137,143,186,150,141,178
646730,1,0,0,0,1,0,1,0
105370163,0,1,0,0,0,0,1,0
757,107,113,64,66,83,76,77,76
2780,1,3,0,0,2,1,0,0
102723640,1,1,1,1,0,1,1,0
10929,40,36,24,17,9,20,28,30
100422179,3,1,1,1,0,0,0,0
3074,137,132,71,103,117,131,118,138
7942,2,4,5,4,6,6,6,5
124907858,0,0,0,0,0,0,0,1
124901526,2,6,1,4,3,2,6,0
54801,131,117,109,62,104,98,107,142
3303,31,23,18,15,14,6,21,22
79682,266,284,127,132,191,171,143,183
3171,0,1,1,2,0,2,0,0
283464,56,54,83,50,96,92,68,76
105379062,0,0,0,0,0,0,0,0
54509,2,2,7,8,4,8,2,7
124905321,7,8,7,8,6,7,3,3
7132,45,35,47,53,66,62,50,57
653406,3,5,0,1,0,6,2,4
729012,23,25,10,17,11,29,20,26
107984301,1,0,0,0,0,2,1,0
2312,0,0,0,0,0,0,0,0
100288802,3,1,1,0,2,1,0,2
105378250,0,0,0,0,0,0,0,0
100129138,1,0,0,1,0,0,0,0
124902640,3,1,3,1,4,1,4,2
55197,62,94,62,63,77,79,73,81
3654,389,370,232,224,254,294,344,314
105377102,2,4,0,2,2,1,3,1
64792,139,151,69,60,79,69,92,87
10208,38,33,26,28,31,24,22,45
100132265,5,13,8,2,5,4,9,6
124907983,0,1,0,0,0,0,0,0
124901068,0,0,1,0,0,0,1,0
5024,0,1,1,0,0,0,0,0
101929018,1,1,2,0,1,1,1,2
400629,4,9,3,2,2,2,2,5
653553,37,41,30,28,28,32,31,30
5396,17,14,10,11,24,19,19,17
271,33,27,46,28,41,27,39,26
124905080,1,0,1,0,0,2,1,2
7289,68,51,42,41,57,44,39,58
6008,21,30,18,18,18,17,23,24
56937,15,18,12,16,17,20,12,12
5210,1,0,16,23,12,8,5,7
1896,10,8,25,15,25,7,8,7
57515,132,133,142,118,173,119,115,128
54101,21,16,63,43,51,31,29,29
94161,4,4,2,1,3,6,3,1
6457,14,11,20,11,19,19,16,15
440686,1,1,0,0,0,0,0,1
105379133,0,1,0,0,0,0,0,0
57205,7,4,7,5,7,3,4,7
574432,1,0,0,0,1,0,1,0
65061,0,0,0,0,0,0,2,2
936,2,0,0,0,0,0,1,1
3329,3687,3607,2862,2816,3807,2773,2631,2970
65005,276,260,154,169,218,183,164,183
440600,2,1,0,0,1,2,4,4
391698,3,4,2,3,4,3,6,5
124903474,0,0,0,0,0,0,1,0
55102,29,26,20,13,14,37,25,12
105370833,1,0,4,2,1,2,5,3
5639,2,3,2,2,5,2,3,8
100288185,5,10,2,4,0,4,5,1
102724329,1,0,1,0,0,1,0,2
124901754,0,0,0,1,0,0,0,0
84707,232,269,171,149,230,291,226,299
6920,2,0,0,4,1,2,2,2
84269,32,35,36,32,59,46,56,48
641746,1,2,0,0,1,0,1,0
8819,57,82,44,38,46,51,51,41
100419829,8,1,0,0,0,0,3,3
145694,7,2,2,0,0,5,1,0
55245,114,104,77,67,86,67,103,81
100131387,33,55,26,27,22,35,32,31
8541,8,4,8,12,10,13,9,11
3039,6,15,10,10,17,11,9,14
27146,3,1,3,3,1,1,4,0
124903834,1,2,0,1,2,0,1,0
7862,28,31,21,15,16,16,18,27
56135,0,1,0,0,0,0,0,0
55735,139,158,71,57,84,85,81,79
124907725,1,1,0,1,1,1,1,3
132203,0,0,0,0,0,0,0,0
25763,0,0,0,0,0,0,0,0
9537,9,13,24,18,31,20,27,24
5439,539,601,358,367,470,422,400,431
124904173,1,1,0,0,0,0,0,0
170685,11,13,15,15,22,15,10,15
101928403,0,1,1,2,2,1,3,4
147339,31,24,25,17,20,28,19,17
9696,8,7,8,9,11,10,16,8
283870,6,11,3,3,3,2,4,4
148046,9,6,2,2,5,4,7,7
124900970,0,0,0,0,0,0,0,0
10772,558,550,369,288,378,356,411,421
100873945,0,2,0,0,0,0,0,0
9516,88,107,158,141,213,121,124,116
50717,169,192,137,88,141,145,151,157
101929638,1,2,2,4,4,1,0,1
6918,1,0,1,2,1,1,1,4
101447996,2,0,0,0,0,0,1,0
100505549,6,5,4,2,7,5,8,8
101926933,1,0,0,0,0,0,0,0
8520,127,143,124,123,168,137,122,139
122152326,3,2,1,5,2,3,5,4
27039,1,1,1,0,0,0,0,2
84366,1,1,1,1,0,0,0,0
5055,0,0,0,0,0,0,0,0
353019,0,0,0,0,0,0,0,0
23492,3,4,5,2,1,8,3,4
7772,13,9,4,1,10,4,11,7
124901431,1,1,0,0,1,0,0,0
728310,4,3,4,2,2,4,2,1
79594,76,80,31,28,47,33,41,38
2732,10,5,13,4,11,17,14,4
124905002,1,1,0,0,1,0,0,0
105378988,5,2,1,2,2,0,3,0
649,15,9,11,12,6,8,15,17
105377986,1,0,0,0,0,0,0,0
163115,2,3,1,1,0,3,1,1
727751,4,2,6,6,5,6,5,5
4606,1,0,0,1,1,0,1,1
6194,10559,11282,9714,9784,11066,10943,9480,11499
105375942,1,3,0,1,0,1,0,0
653598,14,25,21,17,26,20,19,18
8613,54,56,31,39,43,41,39,43
79740,1,0,0,2,3,1,2,1
102724190,0,0,0,0,0,0,0,0
427,75,82,55,52,59,91,65,73
80713,3,3,4,2,4,5,4,3
105372836,1,1,0,0,0,1,0,1
105379428,6,4,3,4,3,6,5,3
100874260,16,17,2,7,6,10,8,9
124902361,0,0,0,1,0,0,1,1
64100,1,2,3,1,3,2,1,2
63931,279,303,267,223,322,250,234,278
101929027,2,1,7,3,11,1,2,4
645513,2,0,1,4,3,2,2,0
5981,332,349,360,347,422,410,379,488
646609,2,2,5,5,2,2,8,5
644491,2,0,0,0,0,1,0,1
79963,5,10,5,4,9,7,8,4
100506946,51,65,41,47,41,45,40,58
100129518,1,0,1,0,1,1,0,1
255180,1,0,0,0,0,1,0,0
28970,38,40,46,34,54,51,49,58
58497,30,42,30,29,47,28,30,32
123096,8,7,17,19,17,17,18,26
653319,5,9,6,10,9,6,19,10
102724832,1,2,0,0,0,0,0,0
105375347,2,1,3,4,3,2,5,2
8287,1,2,1,0,0,2,0,1
84079,46,45,69,69,81,80,79,73
93185,12,14,21,22,22,21,26,23
106479511,2,0,0,1,0,0,0,0
445571,20,19,8,8,7,12,13,7
64798,5,9,13,17,20,15,7,12
219833,0,1,3,0,2,1,6,3
105371566,2,0,0,0,0,1,0,0
115811,4,5,8,7,4,8,11,5
57475,3,11,10,1,7,6,7,7
100129045,15,21,11,16,13,16,12,17
9377,2485,2641,2073,1950,2319,2444,2228,2407
114044,15,27,22,31,16,22,18,27
8536,53,71,67,64,72,56,77,68
114984,66,69,52,67,86,58,47,67
651053,0,0,0,0,0,0,0,1
90853,1,0,0,0,0,0,0,0
7335,6,9,6,6,9,13,4,12
100422666,12,10,1,7,13,7,6,7
5990,0,4,2,7,4,3,6,4
100134869,7,5,6,7,13,11,11,11
56978,6,2,2,3,3,4,4,2
105374493,1,1,0,1,0,2,1,0
1363,84,75,91,98,107,105,112,91
105377557,1,1,1,0,0,0,0,0
144195,1,0,3,1,4,0,0,1
613211,0,0,0,0,0,0,0,0
27253,3,3,0,1,1,1,2,1
107987059,0,0,0,1,0,0,0,0
124904420,3,2,0,2,0,1,1,2
23780,44,43,43,37,35,28,30,36
110091775,7,4,4,3,5,1,2,4
3993,14,8,12,19,5,10,18,18
153642,40,29,22,35,45,26,29,48
6666,109,113,83,120,77,63,89,72
124900844,2,1,0,1,2,1,2,1
100421057,2,1,1,2,0,1,2,0
64864,26,18,20,21,13,14,17,18
3659,17,16,15,11,19,14,17,18
100421341,2,1,3,0,0,1,1,3
440295,3,2,5,2,3,3,1,4
100887750,5,5,11,11,2,5,8,9
112267914,0,0,0,0,0,0,0,0
64781,57,40,25,14,44,30,38,45
100419096,2,0,1,3,0,5,0,2
158931,5,6,11,8,14,10,13,12
124901263,9,12,2,5,3,5,2,13
57535,2,1,0,1,1,0,0,0
84885,85,79,55,54,66,77,80,78
9026,6,9,6,6,11,8,8,10
728567,18,13,3,4,10,7,8,14
124904385,0,1,1,1,1,0,1,0
102557615,0,0,0,0,0,0,0,0
100287229,7,7,4,0,2,4,5,5
100420843,11,7,3,3,2,2,5,5
389217,37,32,20,21,17,23,31,29
442304,13,12,9,4,7,21,17,17
553103,0,2,1,0,2,1,0,1
90507,39,43,66,55,82,73,73,80
53347,0,0,0,0,0,0,0,0
100874365,8,5,1,1,1,0,2,1
6541,190,199,137,154,165,134,165,164
91133,6,5,5,9,9,10,8,7
79149,4,9,5,2,4,3,3,3
4324,18,9,36,17,32,38,28,37
6502,324,366,237,238,227,204,256,257
79913,7,8,3,4,4,11,8,3
105378198,1,7,1,0,3,1,2,0
3658,125,137,120,94,133,115,145,121
5983,501,529,423,435,432,398,415,452
83450,9,4,2,2,3,3,4,5
344657,0,0,0,0,0,0,0,0
107984948,1,2,2,4,3,4,2,7
100132341,14,19,14,10,17,6,15,14
6781,8,8,53,84,58,20,21,31
9495,6,4,8,8,6,3,8,2
6586,2,1,7,9,5,3,2,3
84070,1,1,0,0,1,0,0,0
339231,105,90,78,65,80,69,98,118
259197,1,0,0,0,0,0,0,0
440307,2,0,0,0,0,0,0,2
6252,2,5,1,5,7,5,5,1
54054,25,33,50,45,38,84,37,42
100874520,0,0,0,0,0,0,0,0
539,1910,2101,1789,1660,2047,1832,1672,1871
283404,0,0,0,0,0,0,0,0
80335,121,107,77,69,78,105,86,81
84340,59,67,68,51,76,77,76,80
454,7,3,1,7,3,6,2,3
102724378,3,1,2,2,1,2,3,1
1981,604,554,314,293,422,427,503,485
9314,9,1,6,6,6,10,5,4
9401,38,48,63,41,51,54,49,49
100270959,40,59,60,76,75,65,72,90
100101148,0,0,0,0,0,0,0,0
3219,48,61,61,46,53,39,52,65
222663,1,2,1,0,4,3,1,1
9788,2,3,5,13,9,5,13,5
8615,155,131,121,87,129,125,117,128
100652899,8,11,4,5,8,14,10,4
646243,2,3,1,1,0,1,2,1
124903182,1,0,0,0,0,0,0,0
343515,5,11,5,1,3,6,5,9
1325,0,0,0,1,0,0,0,0
6424,1,1,0,0,2,3,2,3
317772,5,13,6,8,7,1,5,8
667,239,183,196,140,225,216,228,214
2651,2,3,6,3,7,6,10,7
124904555,1,0,0,0,0,0,0,0
4948,5,2,2,5,1,1,2,4
26959,16,14,27,22,24,13,21,27
100129100,0,0,1,0,0,0,0,0
643837,11,23,19,18,14,15,18,17
1648,1,0,0,0,0,0,0,0
692210,1,0,2,0,0,0,0,0
728524,0,0,0,0,0,0,0,0
124901672,1,1,0,1,0,0,0,0
124900936,0,2,0,0,0,1,1,1
93556,3,1,3,2,1,0,1,0
55853,1,0,0,0,0,0,1,0
3601,11,12,17,9,16,10,19,12
240,2,3,2,1,1,2,0,3
9925,18,15,11,13,13,9,11,11
645978,1,0,0,0,0,0,0,0
100505676,1,1,0,0,0,0,0,0
100328982,27,22,12,8,9,14,14,7
100996485,4,1,1,2,1,1,5,1
124906221,0,0,0,1,0,1,0,0
55619,0,1,0,1,1,0,0,0
1472,1,0,0,0,0,3,0,1
93996,1,1,1,1,0,1,1,1
192146,11,12,18,9,5,10,9,10
100420875,11,13,4,4,6,7,6,10
388341,926,1169,594,894,239,403,524,474
85377,110,101,81,82,98,83,102,100
54936,128,141,64,102,96,80,70,97
124902686,12,15,7,9,9,12,10,14
5794,0,0,0,0,0,1,0,0
83539,4,5,7,4,4,5,5,6
55832,182,173,146,125,158,141,168,180
124903037,1,0,0,0,0,0,0,0
107984638,0,0,0,0,1,1,2,2
106480266,2,1,1,3,3,2,0,0
728450,0,0,0,0,0,0,0,0
81831,58,89,43,47,56,46,76,39
101926964,0,0,0,0,0,0,0,0
100421641,0,1,0,1,1,2,0,1
440028,4,1,3,0,1,2,1,4
107126290,1,1,1,0,0,0,0,1
23371,1,3,5,4,10,6,3,4
101927204,2,3,3,6,7,3,5,3
8452,87,83,61,58,87,75,75,70
5359,37,41,145,110,156,47,50,46
105371248,0,0,0,0,0,0,0,0
901,52,60,77,66,82,70,82,89
3692,570,640,397,438,518,409,426,436
206426,5,4,4,6,3,5,5,6
142679,2,11,16,7,12,10,6,7
100189285,0,1,0,0,0,0,0,0
100130691,2,2,0,2,2,4,3,3
101927599,9,14,7,9,15,9,15,14
100272228,1,0,2,1,0,0,0,0
150221,3,2,2,1,2,1,3,2
112488742,1,0,0,0,0,0,0,0
50832,2,1,0,0,0,3,1,4
203328,0,0,1,0,0,0,0,0
644534,0,0,1,2,0,0,1,0
7048,6,6,5,5,7,6,12,7
389289,2,2,10,6,6,5,11,8
101928279,0,0,0,0,0,0,0,0
54038,1,0,0,0,1,0,0,0
124903290,0,0,1,0,0,0,0,0
693207,0,3,0,4,4,0,2,0
29914,81,102,38,27,31,39,36,40
9024,4,10,12,6,13,4,10,14
400916,133,159,167,143,172,183,180,199
8912,1,1,2,1,6,2,2,3
107985014,3,1,4,2,3,2,2,3
493913,0,0,0,0,0,0,0,0
387338,54,71,57,32,55,35,48,50
146512,2,0,0,0,0,0,0,0
11184,20,25,25,19,23,17,22,26
107985204,2,0,0,0,0,0,0,0
677850,2,1,0,0,1,0,0,0
101926888,2,7,6,5,7,7,7,1
440400,0,1,0,0,0,0,2,1
27257,170,217,86,52,77,97,88,100
390576,20,23,18,14,9,14,12,12
285382,9,5,3,8,4,4,6,7
6458,0,0,1,0,0,0,0,0
389549,4,0,3,7,1,5,4,10
100271247,7,6,6,4,7,9,4,4
440730,1,0,1,0,0,0,2,0
116435298,1,0,0,1,3,1,0,2
124906312,1,0,0,0,1,0,2,1
400566,6,1,4,2,0,4,5,1
100506124,1,0,1,1,0,0,0,0
442255,42,41,33,31,37,56,48,39
730041,3,2,5,3,2,3,3,2
100132916,14,8,18,8,17,8,13,5
340544,6,2,0,1,0,0,3,1
411,14,26,10,14,12,11,22,11
8463,11,20,18,24,15,18,20,22
100271024,24,30,23,19,19,20,40,16
650794,2,1,3,1,4,2,3,1
124903137,1,0,0,0,0,0,0,0
83872,1,1,1,2,4,4,1,6
2196,0,0,0,0,0,0,0,0
116843,33,49,31,41,51,45,45,44
22929,154,166,123,111,140,112,153,152
124903280,1,0,0,0,0,0,0,0
375190,5,10,15,7,12,10,11,10
727681,3,1,4,3,5,6,3,6
145258,3,4,1,5,2,3,6,10
100996720,2,2,4,3,10,10,8,7
649238,1,0,0,0,0,0,0,0
105371059,3,2,2,2,2,1,3,1
107986076,5,8,0,2,0,2,2,3
101929239,0,0,0,0,0,0,0,0
100132832,0,0,0,0,0,0,0,0
64072,2,5,8,6,4,8,7,8
105372952,2,1,0,2,2,0,1,1
101930094,2,0,0,0,1,0,0,0
101927873,4,5,2,4,6,2,3,2
56675,22,20,6,9,6,21,16,19
100862704,0,1,0,0,0,1,0,0
79862,6,3,2,1,3,0,7,4
392352,15,33,7,19,24,25,23,18
105378585,0,0,0,0,0,0,0,0
106480791,4,1,0,2,2,2,0,1
100507073,0,0,0,0,0,0,0,0
101927547,1,1,0,0,0,0,0,0
5429,38,26,26,31,30,24,32,31
10912,3,4,6,4,6,4,5,3
118672,60,62,26,25,27,21,23,33
26774,2,9,4,5,6,4,3,5
100131358,9,11,4,15,6,7,5,8
124901016,1,0,0,0,0,0,0,0
10478,97,93,74,53,81,81,78,65
2735,1,1,3,4,3,2,2,7
724033,0,0,0,0,0,0,0,0
124903379,1,2,0,0,0,2,0,1
24145,2,4,3,4,3,6,3,3
2781,13,19,41,48,34,30,45,35
170504,4,8,2,2,3,8,8,5
10406,1,3,1,2,1,0,2,2
124904904,1,2,7,8,2,1,1,2
100420258,0,1,1,2,0,2,3,2
203562,1,3,2,5,3,1,4,2
199899,1,0,0,0,0,0,0,0
692207,1,0,2,2,0,0,1,2
101927608,0,0,0,0,0,1,0,0
548645,31,32,17,13,21,23,33,20
84634,3,0,5,3,2,4,4,4
79919,0,0,0,0,0,0,0,0
124904286,3,3,2,2,2,1,4,8
101927708,1,1,0,0,0,0,0,0
100128894,2,1,3,0,1,1,1,2
3428,0,0,0,5,4,0,0,0
100189053,0,2,0,0,0,0,0,0
57282,0,0,0,0,0,0,0,0
107985200,6,7,6,9,9,6,9,6
116461,144,164,107,104,125,118,119,107
100505696,5,4,0,0,0,1,3,2
23150,10,11,15,9,22,19,15,20
144535,2,0,2,3,0,1,4,0
105371855,0,0,0,0,0,0,0,0
124905117,1,0,1,3,0,0,1,0
57088,2,2,2,2,3,2,3,2
112268400,0,0,0,1,0,0,0,0
780776,0,1,0,0,1,0,0,0
643719,1,1,1,0,6,0,5,2
100129085,43,27,29,31,24,33,43,33
107985972,0,0,1,1,1,0,1,0
23467,10,7,7,5,6,6,7,8
118,68,64,39,40,50,66,68,49
6632,1085,1218,645,624,786,822,724,862
101928466,1,0,0,0,0,0,0,0
8359,6,6,2,1,1,5,2,3
100288730,0,1,4,4,0,1,2,1
5587,12,11,9,12,10,9,11,8
100131934,0,0,1,2,0,0,1,1
389416,2,4,4,4,7,6,0,5
402394,1,0,0,0,0,1,0,0
124901201,0,0,0,0,0,0,0,0
256126,4,3,1,1,0,4,0,1
106480705,4,5,1,2,1,4,9,7
102723649,0,1,1,0,0,0,1,0
27152,46,46,22,29,24,37,43,48
286076,2,0,3,0,1,1,4,0
8202,50,37,33,31,28,36,41,42
22874,5,6,7,7,5,13,10,9
3133,146,159,160,151,157,129,116,147
54107,305,354,199,194,230,285,265,241
100288038,6,14,7,13,6,10,9,9
729500,15,19,12,9,8,15,23,16
6076,3,3,1,4,1,3,3,1
100421374,14,11,7,11,15,11,18,6
375346,12,18,10,6,5,6,7,7
84342,12,12,2,3,6,2,5,10
1200,12,23,29,16,29,19,28,21
101928617,2,1,1,3,3,1,2,0
124905221,0,0,0,0,0,0,0,1
3838,840,888,339,305,429,488,439,504
284257,2,2,0,0,0,0,2,2
441208,1,0,1,0,0,1,1,0
171425,29,45,32,30,55,37,31,41
57192,3,4,0,3,1,3,2,2
79695,5,4,8,8,12,13,11,6
1524,1,1,0,0,0,0,0,1
100506023,0,1,1,2,6,1,2,1
731605,957,847,371,332,446,470,413,483
201799,1,0,1,1,2,1,1,3
105372126,0,0,0,0,0,0,0,0
100874478,2,0,2,1,0,0,1,1
107985897,1,3,4,1,3,0,4,0
93953,1,1,3,1,1,5,0,2
440461,1,0,0,0,1,0,1,0
4495,2,3,2,1,3,4,7,4
338657,13,18,11,11,9,9,11,12
151449,10,8,15,14,14,12,15,19
642554,1,1,0,0,0,0,1,0
105373570,1,1,0,0,0,0,0,0
1366,1,3,2,4,4,1,3,2
27031,7,10,9,2,4,13,7,8
84924,92,70,53,42,69,48,48,68
105378914,1,0,0,0,3,0,0,0
647285,6,8,6,11,4,8,7,8
102724880,11,5,6,6,6,8,10,8
50940,1,1,5,5,2,2,2,3
56476,1,0,0,0,0,0,0,0
5339,12,13,18,22,18,14,17,23
6775,1,1,3,0,3,0,1,4
9873,13,18,14,17,11,14,14,11
285267,5,7,3,1,4,4,3,5
55621,104,112,79,75,76,104,89,98
643677,3,5,3,1,0,4,3,1
101927858,1,1,1,0,0,3,1,0
56893,6,7,10,4,15,6,6,17
4017,8,5,9,6,2,7,7,5
100130172,1,0,0,0,1,0,0,1
3750,1,0,3,1,0,0,0,2
10915,563,599,501,495,579,527,577,629
3134,98,103,101,121,136,100,94,119
106479524,7,10,4,4,9,11,6,10
100506058,1,2,2,1,0,0,2,1
124903535,2,0,0,0,0,0,1,0
55165,55,52,45,38,56,66,53,61
2961,52,48,43,38,51,63,64,64
25894,7,7,7,4,6,7,6,5
100130034,4,5,6,8,5,10,5,12
107984643,3,1,0,1,0,2,1,0
107986642,1,0,1,0,0,1,1,0
340286,0,1,0,0,0,0,0,0
65062,107,112,65,69,97,67,65,65
23231,23,21,9,16,17,14,22,27
51157,44,46,44,38,54,52,45,48
124905574,5,2,0,2,2,2,1,3
400058,0,0,1,0,0,0,0,0
401717,2,7,9,5,4,7,2,6
219347,5,0,0,1,2,2,2,4
124903784,0,0,0,0,0,0,1,1
124907771,1,0,0,1,0,0,0,0
25900,17,23,22,8,14,23,29,28
100113381,7,8,4,10,10,16,11,10
4564,17,14,17,24,29,31,20,31
8467,525,487,260,282,355,370,308,373
57533,15,27,20,15,25,23,14,14
2245,11,18,20,11,19,11,25,19
105370946,0,0,0,0,0,0,0,0
100506898,10,5,2,5,5,3,4,4
9258,66,57,46,36,39,61,65,50
541468,7,3,3,6,6,2,2,7
55204,60,69,49,38,39,43,49,52
124905226,1,0,1,0,0,0,0,1
25778,47,37,47,31,32,37,37,44
100271530,1,2,1,0,0,0,0,3
105371814,0,0,0,1,0,0,0,0
728484,2,3,3,1,1,1,3,0
84501,4,6,10,8,10,8,9,12
124906231,2,5,0,2,1,1,2,1
6509,22,25,12,7,15,15,17,11
1122,1,0,0,0,0,0,2,0
83756,1,1,0,0,0,0,0,0
124900805,2,1,0,0,1,2,0,0
124905548,0,0,0,1,0,0,0,0
100287559,0,3,0,0,0,1,0,3
284632,0,0,0,0,0,0,0,0
105375675,1,0,0,0,0,0,1,0
124903380,1,0,0,0,0,0,0,0
64847,28,30,26,25,33,30,22,30
101927795,0,0,0,0,0,0,0,0
138916,7,3,2,4,4,4,2,2
1288,28,15,21,20,23,29,35,37
100129130,1,6,0,2,0,0,1,1
3416,78,63,58,47,64,77,83,79
100306975,1,1,1,0,0,0,1,4
100526836,0,0,0,0,0,0,0,0
343472,11,13,7,13,17,11,12,8
100288073,16,13,5,7,3,8,5,5
4632,0,0,0,0,0,0,0,0
81491,19,23,22,15,23,13,14,28
9600,2,2,8,5,10,8,15,17
158586,7,6,3,3,4,9,7,8
102724520,0,0,0,0,0,0,0,0
389674,485,576,557,496,651,577,507,602
114928,0,0,0,0,0,0,0,0
105369973,1,0,0,0,1,2,0,1
6548,15,22,14,4,9,10,9,9
84193,79,64,49,63,77,74,63,74
100124700,19,19,15,11,18,13,21,18
107984019,1,1,0,3,0,0,0,0
105369509,1,0,0,0,1,0,0,1
10466,48,56,48,38,62,56,37,64
107986383,32,28,16,14,25,33,15,47
619349,11,15,4,7,9,13,7,8
11151,11,25,3,8,12,8,5,11
9223,30,27,54,49,53,57,46,55
341676,6,8,3,5,3,5,7,3
148229,1,0,0,0,0,1,0,0
124900516,0,0,0,0,0,0,0,2
112268061,4,1,5,1,2,1,4,1
51000,35,41,27,15,18,19,13,23
150384,2,4,5,4,0,2,4,4
100129272,20,28,28,13,17,26,16,27
5076,1,5,2,5,3,4,5,5
55632,117,112,105,97,118,109,86,122
106479492,1,0,2,0,0,1,0,1
253012,0,0,0,0,0,0,0,2
728377,2,0,0,0,0,2,1,3
100289640,12,5,10,5,14,8,7,13
106481093,0,0,0,0,0,0,0,0
2023,6463,6747,5835,5861,6830,6049,5649,6473
124903670,2,2,7,10,10,3,6,14
124903527,0,0,1,2,0,0,0,0
2570,0,1,1,0,0,0,0,0
114990,1,3,2,0,1,1,5,1
201255,8,16,18,18,22,24,37,21
105378410,2,1,1,0,0,0,1,2
219738,42,43,25,20,39,36,34,29
51530,111,114,57,45,63,63,65,66
124902025,1,5,2,2,4,3,3,1
391257,11,13,12,3,10,6,8,11
23408,54,73,48,56,73,63,62,68
9230,19,27,21,23,33,22,14,27
93408,0,0,0,0,1,0,0,0
6616,3,9,8,4,9,6,5,6
57325,23,16,18,9,18,17,17,10
107987192,0,1,0,1,0,0,0,0
440584,1,0,7,2,5,3,0,2
105372817,33,29,33,29,30,37,27,44
105372097,2,0,0,0,0,0,0,0
54980,11,12,6,4,6,8,8,8
107987126,1,1,1,0,0,0,0,0
100130523,17,18,10,6,5,15,11,18
5817,68,84,35,47,59,71,64,58
100271893,1,0,0,0,0,2,0,1
54807,9,12,3,5,10,8,12,6
728938,55,50,37,19,20,47,37,47
9265,12,15,11,15,9,17,23,17
102723777,0,0,0,0,0,0,0,0
124903854,1,0,1,0,2,0,0,0
26771,1,1,2,0,1,4,0,3
126321,52,60,23,31,30,26,23,28
23612,28,26,10,14,16,23,22,26
105371942,3,2,2,2,2,2,1,0
6432,638,719,458,444,563,525,495,525
26249,3,8,5,4,5,5,9,15
107984977,0,0,0,0,0,0,0,0
112268231,3,2,3,1,1,1,1,1
4000,165,206,126,104,133,158,149,153
4779,162,157,152,128,186,171,166,142
4215,41,56,43,29,26,39,36,44
389898,13,8,8,3,3,9,5,6
6480,18,10,28,31,29,33,27,29
1503,274,312,163,150,202,175,200,189
79075,42,53,34,43,54,50,49,64
9423,12,18,10,12,8,5,11,15
124454,10,11,12,11,15,8,9,5
102724392,1,0,0,1,0,0,1,0
101060341,0,0,0,0,0,0,0,0
606495,28,49,38,28,34,34,28,32
107985304,7,9,3,1,0,1,1,2
6566,815,900,510,566,362,450,522,507
107985242,0,0,0,0,0,0,0,0
101927354,1,0,0,0,0,0,0,0
5465,11,9,17,17,27,33,28,32
124902213,0,0,0,0,0,0,0,0
107983974,0,1,0,0,0,0,0,0
440590,11,10,9,9,14,16,12,13
6720,18,18,20,12,11,16,15,15
100287596,1,0,1,1,0,0,0,0
442713,12,8,8,4,6,8,9,4
100506068,1,0,0,0,0,0,0,0
105377994,0,0,0,1,0,0,0,0
105379404,2,0,0,0,0,0,1,0
11001,23,18,27,17,22,32,33,43
5329,22,20,15,24,22,32,21,24
105369550,1,0,0,0,0,1,1,0
124904167,3,3,1,1,1,3,1,1
78999,16,13,24,8,12,11,12,12
105370449,25,28,13,27,23,16,11,19
105377840,0,0,0,0,0,0,0,0
124904141,0,0,0,1,1,1,0,0
1773,10,14,11,5,9,10,7,8
27316,1728,2055,1209,1182,1377,1296,1200,1413
223082,11,10,10,4,7,7,7,10
1581,0,0,0,0,0,0,0,0
317687,12,9,9,9,8,9,10,16
124904443,4,2,0,1,1,1,0,1
256364,0,6,7,6,7,7,16,8
134353,13,14,19,17,18,21,30,19
83938,9,7,4,4,5,5,2,3
100271263,1,2,2,3,1,2,1,2
285708,0,0,0,0,0,0,0,0
268,18,13,23,11,16,10,8,18
105373387,29,25,8,22,18,19,28,18
101928150,1,0,0,0,0,1,0,0
728202,109,135,70,114,108,130,120,111
5307,72,102,83,60,67,72,62,90
645652,53,65,24,30,23,32,30,26
2040,30,35,19,14,21,24,17,23
27106,12,4,7,10,10,6,10,5
333929,1,1,1,2,1,0,1,0
9693,25,20,16,22,26,14,25,24
9236,13,11,8,8,13,8,15,11
100130996,0,0,0,0,0,0,1,0
57584,61,59,42,47,53,49,66,60
84985,0,0,1,0,0,0,0,0
308,455,450,216,229,284,350,371,394
105371114,0,0,0,0,0,0,0,0
8227,32,30,27,23,36,30,22,20
56243,5,10,13,10,12,14,10,13
57553,52,62,48,33,57,60,38,42
5228,2,4,6,2,12,4,10,6
107986110,1,0,0,0,0,0,0,0
11333,706,739,499,467,658,611,712,672
124901778,2,4,4,3,4,5,3,7
7561,12,10,3,6,8,7,6,3
347292,145,157,125,109,105,152,99,121
25934,62,66,62,66,74,64,39,55
1536,1,4,2,0,0,2,0,0
51092,5,6,6,2,9,5,7,4
23048,54,51,55,49,67,58,56,70
54520,37,49,59,52,68,46,50,55
9129,59,80,38,33,53,36,39,46
105370115,1,0,0,0,0,0,0,0
644591,42,70,46,40,52,51,46,57
8030,65,57,41,34,42,44,66,52
11199,0,0,0,2,0,0,0,0
124902931,2,3,2,1,2,1,1,1
144233,29,33,9,11,14,16,19,19
100506054,37,34,24,16,19,28,29,22
377677,10,10,4,5,3,4,3,5
26020,22,17,12,20,27,29,33,13
100874433,1,0,0,1,0,2,0,3
5440,373,377,289,229,283,217,226,238
124904711,1,0,0,2,0,0,0,0
124902426,0,1,0,0,0,0,0,1
100421047,23,24,25,13,19,23,25,24
100271548,601,756,533,467,551,625,543,665
101928823,0,0,0,0,0,0,0,0
10227,41,51,63,32,51,53,48,74
100128012,1,1,0,1,0,0,0,0
121227,20,18,11,14,27,19,19,23
124901376,1,2,0,0,1,0,2,1
441377,229,237,181,169,230,197,224,253
60626,64,74,42,46,43,47,53,50
102723675,1,0,0,0,0,0,1,0
10307,6,4,4,3,4,4,3,4
169841,3,1,0,4,3,2,3,3
202020,2,2,2,2,2,0,1,1
1786,1116,1183,954,897,1165,1054,996,1198
127138863,3,7,3,4,0,1,1,7
122335,0,1,0,0,0,1,0,1
106481302,0,1,0,0,0,0,0,0
1643,30,50,78,61,67,68,58,47
23169,46,38,10,15,13,6,13,15
79647,113,110,73,66,61,75,77,89
55659,14,14,6,6,2,6,7,7
2631,151,204,145,169,168,160,174,193
1565,0,0,0,0,0,0,0,1
2859,2,1,0,0,1,0,0,0
642641,69,94,86,61,75,97,85,83
124901355,1,1,0,1,1,1,2,1
100996851,3,3,2,2,2,0,0,4
105371332,0,0,0,0,0,0,0,0
56256,38,53,58,52,55,29,45,37
26797,1,0,2,1,1,2,4,2
9439,26,31,24,30,18,23,22,28
5422,148,145,70,70,105,102,111,90
80273,256,291,183,155,250,216,207,217
84465,9,13,17,13,19,13,12,13
81027,0,0,0,0,0,0,0,0
8650,31,42,20,34,27,23,28,29
100130108,0,0,0,0,0,0,0,0
6935,145,177,280,291,354,243,191,234
84899,28,19,36,36,42,34,37,39
284942,9,11,8,8,10,11,9,8
124902855,1,2,1,0,0,0,0,1
403150,0,0,0,0,1,0,0,0
2873,406,460,398,379,511,447,423,474
440423,27,35,31,33,40,39,31,35
138311,66,69,59,52,69,64,87,78
1277,3,5,7,7,6,4,5,5
124905430,1,0,0,0,0,0,0,0
55592,6,7,5,6,7,11,9,5
387921,27,19,21,18,30,13,12,23
25837,2,2,5,5,11,9,8,4
653635,26,33,13,17,38,20,14,21
100505975,7,6,2,4,3,3,4,8
25893,5,5,2,1,0,2,3,2
9372,22,21,14,14,12,14,15,19
283209,30,62,25,24,23,32,34,37
5271,1,4,0,0,2,1,1,2
284613,10,8,0,3,6,4,10,6
282969,26,25,14,23,19,26,21,19
55361,27,29,20,25,22,18,30,21
106481681,1,2,1,3,2,3,1,0
201725,43,36,43,32,39,34,36,45
106480223,0,0,0,0,0,1,0,0
8728,2,4,7,2,4,5,12,5
100128277,89,86,62,65,69,93,65,85
107986531,0,0,0,0,0,0,0,0
140700,4,4,9,6,7,4,4,7
102723553,24,28,21,11,23,11,18,24
124904865,0,0,0,0,0,0,0,0
645161,94,106,93,109,80,101,93,95
391656,1109,1157,1237,965,1155,1135,849,1146
7112,510,584,409,358,440,445,502,508
105376177,2,2,4,2,5,0,3,3
220136,9,8,11,6,15,13,9,16
80760,3,0,2,8,2,1,5,6
105369915,0,0,1,1,3,0,0,0
22950,96,99,77,84,70,82,75,86
5523,21,15,24,15,25,18,22,20
55756,27,30,14,14,18,18,28,27
100861519,6,6,8,5,7,6,4,8
5918,0,0,0,0,0,0,0,1
100128788,9,5,8,7,13,4,8,4
124901714,0,0,0,0,0,0,0,0
682,198,194,179,164,214,217,201,241
11209,1,1,4,0,1,0,0,2
56915,307,373,216,233,271,276,221,284
80709,1,3,2,3,6,2,7,4
10098,15,12,17,18,25,21,26,27
102723566,0,1,0,0,0,0,0,0
1827,20,17,16,16,17,16,21,13
84085,20,18,6,13,21,10,18,10
29947,0,0,0,0,0,0,0,0
84775,29,25,15,20,18,19,22,29
8971,109,129,153,133,176,140,188,183
54948,296,342,140,135,162,190,211,184
728323,25,17,23,30,19,31,27,28
9091,22,16,32,23,21,29,30,32
26007,41,50,20,24,47,36,26,38
83932,76,65,35,25,58,48,57,52
400960,16,14,15,12,10,10,5,5
100996521,1,0,0,0,0,0,0,0
6610,28,33,26,27,32,36,27,24
51548,22,24,24,12,14,18,17,16
100131625,0,0,0,0,0,0,0,1
4082,1353,1328,1141,1134,920,954,1104,980
100130557,3,7,5,4,4,9,5,4
102723574,8,7,5,1,4,7,5,6
57484,15,13,26,27,29,13,22,37
101926994,1,0,0,0,0,0,0,0
105375536,3,0,1,0,1,1,0,0
8369,0,0,0,0,0,0,1,0
402116,0,1,0,0,0,0,1,0
91807,0,0,0,0,0,0,1,1
124904788,0,0,0,0,0,0,0,0
51626,39,50,49,42,45,42,50,54
2773,216,263,147,161,178,145,140,196
54475,109,148,105,115,123,113,115,120
100101268,0,1,0,1,0,0,1,0
55974,58,62,35,33,22,36,45,47
54962,182,218,118,121,114,142,128,160
399715,0,1,0,1,1,0,0,0
22859,31,31,47,42,57,49,47,60
161497,0,1,2,0,1,0,0,3
100288111,2,2,2,1,3,1,1,3
441151,1,0,1,0,0,0,0,1
400550,0,0,2,0,0,0,0,1
642489,38,46,33,28,31,31,36,35
107983976,0,1,0,0,0,0,0,0
1962,13,13,24,18,23,25,15,22
392285,4,3,1,1,3,3,4,2
374879,2,1,5,3,1,3,4,4
107985931,1,3,3,1,1,0,1,1
402360,1,0,0,1,0,0,0,1
8604,33,49,44,38,56,42,33,39
90625,0,0,0,1,0,0,1,0
9254,4,3,4,9,9,6,3,3
3656,1,7,1,3,0,4,2,3
105375805,2,0,0,0,0,1,2,0
7024,80,60,43,43,49,58,54,57
23213,6,4,11,7,13,11,3,4
4363,15,24,24,15,20,15,23,26
128872,17,7,4,1,1,5,3,7
729903,4130,4809,4124,3757,4399,4616,4077,4607
412,9,5,6,13,6,3,6,2
101928274,25,27,23,24,18,34,25,36
114824,0,0,0,0,0,0,0,0
112487,26,28,29,25,21,23,23,31
56288,118,133,148,140,176,178,146,158
8204,31,21,26,22,26,18,22,18
124902386,33,32,11,17,11,15,21,19
645676,6,6,7,8,26,10,16,7
10427,28,18,24,20,18,36,32,19
101927413,0,0,0,0,0,0,0,0
3953,30,46,49,29,48,32,51,48
11094,8,16,14,4,12,3,10,12
101930114,1,0,0,0,0,0,1,1
5908,123,144,78,56,93,113,98,90
7259,753,742,459,457,453,414,391,539
100130987,1,0,0,0,0,1,1,0
7347,240,281,231,213,294,204,209,235
107985683,1,0,1,1,0,0,1,0
9443,40,52,38,41,35,30,28,47
124904855,1,0,0,1,0,0,0,0
8165,77,89,55,66,71,65,88,72
199834,0,0,0,0,0,0,1,0
124900782,0,0,0,0,0,1,0,0
103344931,4,5,4,3,3,3,4,0
319085,6,1,2,0,0,2,0,2
353219,2,0,0,2,0,1,2,0
8775,94,109,61,84,70,85,95,98
130951,2,2,2,0,0,0,0,1
5565,43,37,48,55,63,40,48,44
342900,0,0,1,0,0,0,0,0
92359,0,0,0,0,2,0,0,0
105378819,1,0,0,0,0,0,0,1
56548,14,18,16,7,21,15,19,21
9092,20,11,12,15,18,9,12,18
51386,1312,1597,1579,1558,1860,1664,1313,1617
6422,38,46,60,74,71,49,41,45
55139,20,24,34,49,39,43,36,35
5563,110,99,73,64,72,71,82,88
51592,86,78,61,65,67,57,86,87
2247,14,17,12,4,10,11,14,17
5324,23,20,32,22,25,23,21,23
132241,39,40,43,42,35,32,43,46
9459,18,6,18,8,13,21,13,11
84528,0,0,0,0,0,0,0,0
285605,14,8,8,9,11,14,9,11
112268407,0,1,0,0,0,0,0,0
105376266,2,3,3,3,1,3,0,2
90627,6,11,8,10,11,5,8,15
100128653,0,0,0,0,0,0,0,0
7433,1,1,1,4,1,1,3,2
336,0,0,3,2,2,1,1,2
388722,36,33,32,24,32,28,24,25
105376156,7,9,3,0,3,1,7,2
140751,19,15,17,9,9,17,15,18
844,0,0,0,0,0,0,0,0
9040,231,209,163,135,167,202,200,188
7166,3,3,0,1,2,2,1,1
26769,44,41,63,59,71,55,45,69
55760,24,26,29,28,41,32,42,36
401911,85,79,61,65,74,59,59,77
283692,0,2,0,1,0,1,0,1
9768,585,681,551,480,634,752,635,757
54471,186,253,173,146,176,175,149,186
28986,1,1,0,0,0,0,1,2
63894,18,21,20,9,12,15,21,20
30012,7,14,11,12,8,6,10,11
729375,10,7,11,7,7,8,10,12
8836,250,257,148,123,155,222,193,243
644110,0,0,0,0,0,0,0,0
9772,17,16,31,20,30,23,32,38
55917,53,62,27,30,47,23,46,40
441013,17,17,17,19,15,19,14,16
105374927,0,0,0,0,0,0,0,0
100750246,1,0,0,0,0,0,0,0
50809,294,336,199,189,218,210,242,244
10752,0,0,0,0,0,0,0,0
100169761,1,1,0,0,4,3,4,1
9853,6,5,3,4,6,4,6,3
283463,0,0,0,0,0,0,0,0
123879,7,10,5,5,4,6,5,5
11331,659,757,674,669,758,787,688,820
6117,138,169,131,135,211,161,160,171
105369594,0,1,0,0,0,1,0,0
100507462,6,5,4,4,9,7,9,4
80727,20,19,28,16,27,21,29,27
57168,9,19,6,10,12,8,9,11
105379437,2,4,2,7,0,3,6,4
440456,2,1,1,1,0,0,1,1
11244,66,40,35,37,34,41,39,48
22801,1,1,1,1,0,0,1,0
100506368,2,1,1,0,1,1,0,2
2272,28,35,20,25,29,25,22,30
83464,13,13,9,19,12,17,17,21
124904048,0,0,0,2,0,3,0,4
101929340,5,6,12,12,12,13,11,12
56977,20,15,33,19,35,20,36,27
57673,23,29,10,10,9,6,12,13
102723567,0,0,0,0,0,0,0,0
7852,13,15,69,74,69,34,35,38
124900729,0,0,0,0,0,1,0,0
124904268,1,1,4,1,1,3,2,1
728015,33,46,19,32,31,35,46,36
285590,6,5,4,7,5,5,5,5
4825,6,5,12,8,11,9,7,11
107985885,8,10,11,6,5,8,12,5
738,54,57,48,46,59,67,53,56
57122,175,187,143,147,154,132,158,159
105374811,3,3,1,1,1,0,0,2
100144603,3,6,6,0,3,6,3,0
57126,0,0,0,0,0,0,0,0
100507588,24,11,11,16,13,20,20,23
106480269,0,1,3,0,0,0,0,1
219899,15,10,10,5,6,13,11,16
55750,93,67,40,38,63,61,73,60
646837,23,36,22,19,20,18,24,23
101929469,0,0,0,0,0,0,0,0
100616345,416,492,489,401,488,391,339,419
159195,8,20,11,9,13,5,19,13
9980,19,15,29,24,22,12,20,30
54753,13,10,7,9,3,13,12,11
3093,382,447,218,224,250,280,258,327
101928042,2,0,1,0,0,2,0,2
7743,26,24,15,15,25,11,16,19
2048,19,23,19,9,18,20,26,17
81631,288,330,158,163,191,238,188,224
390110,0,2,0,0,0,1,0,0
9863,3,2,5,1,6,2,7,4
6988,33,45,22,15,20,24,21,25
11118,24,18,26,23,46,24,34,34
2876,653,731,406,408,570,589,547,613
57369,0,0,0,0,0,0,0,0
402415,87,89,70,65,89,95,69,103
100288001,3,3,1,0,2,2,0,1
8493,52,53,31,42,47,36,39,32
84856,4,5,0,0,0,1,4,3
130932201,6,5,0,3,1,3,6,4
9778,59,51,47,34,42,63,44,68
100130958,9,12,7,5,8,17,14,12
388559,6,8,2,12,8,7,9,3
124903664,3,0,0,1,1,2,0,0
124900439,2,0,0,1,0,0,0,0
100310854,8,13,3,3,4,5,6,5
107986428,8,6,4,2,0,4,7,4
693186,0,1,0,0,0,0,0,0
8629,17,19,19,9,16,12,15,9
100288805,0,1,0,0,0,2,0,0
169436,3,0,0,0,0,0,0,1
10195,208,245,131,132,160,179,194,228
100287015,13,18,9,9,19,8,17,11
647569,1,0,0,0,0,0,0,0
146279,1,0,0,2,0,1,0,0
54816,14,21,28,23,32,33,22,25
7982,45,46,19,19,24,29,43,29
196047,5,6,14,13,10,12,13,10
2967,140,99,78,80,79,91,101,117
8516,28,35,20,27,18,51,58,38
255374,5,8,2,5,6,7,4,4
84334,185,212,146,142,203,183,146,188
9709,95,86,113,98,144,119,100,89
124903399,0,0,0,0,0,0,0,0
339184,0,0,0,1,0,0,0,0
1735,0,1,1,0,1,0,1,0
55365,0,0,0,0,1,0,0,0
85441,1,3,14,16,9,1,0,3
23462,45,41,52,40,59,31,44,30
128637,41,26,28,11,31,24,18,28
7412,0,0,1,0,0,0,0,0
5184,156,191,147,145,196,177,151,188
100288181,3,6,4,7,3,5,2,4
7625,17,24,12,17,23,22,22,17
101928545,0,0,0,0,0,0,1,2
100132077,0,0,1,0,0,0,1,0
6094,15,10,4,7,9,11,11,6
56895,29,21,15,31,29,30,23,25
256302,10,6,16,10,12,12,14,10
29843,39,73,34,31,43,27,43,32
441484,2,3,0,3,0,1,3,2
548593,56,64,72,86,108,49,80,64
10563,0,0,0,0,0,0,0,0
124907906,8,4,4,4,1,2,5,1
8498,96,81,68,56,88,60,57,107
11129,13,13,18,16,14,19,17,18
441818,52,78,37,37,41,46,58,52
4796,2,4,9,7,8,4,9,3
54836,4,4,11,14,12,19,15,13
105378575,0,1,0,0,0,0,0,0
6196,19,14,18,13,18,14,26,20
105377198,0,0,0,0,0,0,0,0
448831,3,0,1,1,4,1,1,0
102723314,0,0,0,1,0,1,0,0
5311,17,9,9,7,4,11,6,15
58524,4,2,11,5,11,2,10,7
91860,24,21,100,73,107,83,76,79
27339,239,262,133,148,166,205,153,173
389472,102,94,66,56,72,73,58,86
285527,31,46,30,24,18,22,30,23
22924,11,12,14,10,15,13,12,12
100288283,1,0,2,0,0,0,5,1
4925,479,467,393,366,533,420,355,465
54963,36,45,33,28,63,29,40,45
9545,17,21,38,36,34,31,33,27
132864,2,3,4,3,4,4,2,2
724085,4,2,0,1,3,2,1,3
9095,4,0,3,5,9,5,0,8
106480559,0,0,1,0,0,0,0,0
440176,63,64,65,52,53,62,65,58
391769,1,0,0,0,0,0,0,0
25974,107,130,34,45,38,44,55,50
100506516,3,1,1,1,1,0,3,2
8850,21,17,12,13,17,16,21,22
124903821,1,0,0,1,0,1,0,0
255488,8,5,5,4,3,3,9,7
100128991,0,0,0,0,0,1,0,0
8553,16,25,111,82,80,36,27,57
124902114,3,6,2,1,3,3,4,9
100507437,5,11,4,2,1,8,5,10
1911,15,10,14,11,16,13,16,20
392451,23,21,16,22,15,22,13,22
2356,67,66,52,56,57,51,51,57
105373974,0,1,0,0,0,0,0,0
3613,17,20,29,23,29,34,25,31
441884,0,0,0,0,0,0,0,0
2997,68,81,84,67,92,100,102,97
64219,59,86,76,72,68,69,81,68
7707,106,85,74,59,70,71,69,87
692212,7,8,3,3,12,15,6,14
8216,19,30,29,28,28,24,36,37
124909489,2,1,2,0,1,3,2,2
100128912,51,65,50,37,55,62,54,42
89887,3,1,1,4,4,2,2,3
84645,4,6,2,4,8,2,3,9
23035,17,15,9,4,6,8,12,16
8342,0,0,0,0,0,0,0,0
57522,27,25,34,27,31,40,32,55
100130171,2,5,0,4,2,2,7,3
23641,34,45,38,49,48,66,41,54
259232,1,6,4,3,4,7,4,4
284576,0,0,0,0,0,0,1,1
727910,46,45,62,39,56,55,53,64
148254,11,6,8,6,13,17,10,9
57541,15,32,19,22,22,17,23,37
25804,967,1074,774,726,998,926,805,986
10509,4,2,7,4,7,7,5,6
4547,2,0,0,0,0,1,0,0
100421865,12,19,14,11,10,16,15,9
317781,33,35,14,10,13,20,33,25
9262,71,82,55,64,53,49,47,50
79767,3,0,2,0,1,1,2,1
6804,5,6,9,2,3,2,3,6
283687,9,1,2,1,3,3,2,5
102724542,1,0,0,0,0,0,0,1
112268042,1,1,0,0,0,0,0,1
100189368,0,0,0,0,0,0,0,0
9743,19,22,25,29,16,20,17,32
25789,18,14,14,10,13,10,12,11
1890,5,2,4,3,3,6,8,7
101927718,0,0,0,0,0,1,0,0
100288842,10,12,1,2,2,6,4,3
7627,44,37,23,19,14,23,23,45
27175,21,24,33,28,25,20,27,22
5495,25,21,24,21,26,30,26,31
84614,14,13,7,8,8,10,16,8
105372266,5,3,4,1,6,9,10,5
5476,63,77,58,73,68,85,88,81
285331,93,121,46,59,61,62,62,74
107986468,4,6,3,1,9,4,3,5
6490,7,6,6,7,4,2,1,3
6430,229,285,165,154,212,268,222,265
2885,246,252,187,157,198,212,203,210
2118,29,24,33,21,26,21,31,25
3257,45,49,33,32,31,34,39,32
124901232,12,6,8,6,6,4,2,5
9720,11,9,10,4,9,8,14,7
6491,37,34,31,16,32,14,45,36
146547,1,1,4,4,5,0,3,1
10736,2,2,2,0,4,6,4,2
7597,24,32,36,29,36,38,25,45
200316,14,13,25,18,11,7,20,23
80013,75,94,41,46,61,71,50,56
101927467,0,0,0,0,0,0,0,0
79894,6,11,11,9,6,11,5,4
54055,0,0,0,0,1,0,0,0
144715,4,4,2,2,3,3,4,0
84919,94,102,71,78,76,70,72,83
105372457,2,0,1,2,1,3,1,1
646576,3,1,0,3,3,2,2,3
107984805,2,10,4,9,3,4,6,5
60484,1,0,2,1,5,6,2,1
91750,27,25,10,13,18,16,23,23
26765,1,0,0,1,0,1,0,1
2115,45,35,5,13,12,15,19,19
55288,30,31,47,38,42,36,49,44
105372449,0,0,0,0,0,0,0,0
4850,50,65,34,27,33,40,43,35
647144,0,0,0,0,0,0,0,0
245973,13,12,7,23,6,7,11,9
140823,1634,1758,1470,1491,1705,1807,1584,1781
391595,63,59,49,52,46,55,38,48
124906977,1,0,0,2,0,0,2,0
8882,79,81,47,59,62,57,67,67
124901622,0,0,0,0,0,0,0,0
389970,13,18,15,8,13,12,9,13
100130603,0,0,0,0,0,0,0,0
10744,9,25,6,3,7,10,6,7
4253,28,20,17,13,29,16,24,19
577,0,0,0,0,0,0,0,0
119139903,0,3,0,0,1,0,0,0
5890,11,16,11,9,21,8,14,9
124904153,0,0,0,0,0,0,0,0
100130111,0,0,0,0,1,0,0,0
54916,12,22,17,21,16,35,22,20
57713,14,16,15,7,9,9,14,11
50810,177,154,140,119,136,143,169,138
353189,12,7,4,4,13,4,16,7
25987,6,8,4,6,9,8,11,6
11062,18,14,14,12,28,19,23,12
80069,0,0,0,0,0,0,0,1
80183,2,1,1,1,1,0,2,1
124905533,1,0,0,0,1,1,0,1
11153,29,31,13,16,6,18,21,19
23741,735,782,397,398,456,486,536,569
100419085,1,0,0,0,0,0,0,0
100528062,4,3,2,1,2,1,1,0
1750,27,26,38,35,46,27,30,28
89782,22,27,15,6,12,19,16,26
29801,12,12,20,17,17,11,27,26
90673,5,6,17,8,7,10,1,9
100131390,9,10,4,8,2,1,4,4
26108,22,20,16,14,21,22,17,18
9020,4,2,7,2,3,4,7,3
101929579,0,0,0,0,0,0,0,0
442017,1,0,8,5,8,1,0,0
389136,10,13,9,11,20,14,21,10
124902229,0,2,0,0,0,0,0,1
105371632,1,0,1,0,0,0,0,0
10686,0,0,0,0,0,0,0,1
148709,5,2,3,2,1,2,3,0
107987001,1,0,0,0,1,1,0,1
105375103,0,0,0,0,0,0,0,0
100129570,52,61,31,29,57,50,54,55
79676,29,37,41,24,37,20,32,35
57129,294,319,131,119,161,152,186,208
5698,6,4,4,9,12,4,3,3
54700,70,61,39,58,48,45,37,43
58472,17,19,18,20,19,27,12,27
7444,42,50,34,41,37,29,22,35
100130855,1,0,0,0,0,1,0,1
100287639,0,1,2,1,1,1,2,0
100125409,3,2,4,3,5,0,2,5
5257,44,48,42,35,53,58,64,62
124900195,0,0,0,0,0,0,0,0
26031,18,32,20,21,26,19,25,24
100169760,0,0,0,0,0,0,0,0
283989,70,82,71,61,92,81,79,106
442234,0,0,0,0,0,0,0,0
107987328,2,0,1,1,0,3,1,1
3297,61,53,47,30,37,42,60,42
124901927,0,1,0,0,0,0,0,0
100131078,2,4,3,2,4,0,6,6
107985190,0,1,1,1,0,1,0,0
55624,45,48,44,39,51,46,45,46
105371288,1,0,1,0,0,0,0,1
57643,3,2,0,1,1,2,2,4
2591,23,33,56,47,69,45,48,48
80832,3,0,0,0,0,1,1,1
127700,13,33,9,13,22,15,17,24
81551,2,5,2,2,2,10,2,2
5863,14,9,17,22,22,19,29,22
283459,440,470,272,296,289,307,259,316
107986094,0,0,0,0,0,0,0,0
105374206,0,0,0,0,0,0,0,0
2498,15,11,8,4,7,12,17,12
115294,18,29,55,48,47,38,42,48
100499259,15,17,9,5,5,8,4,8
6095,23,20,21,28,25,26,26,33
7507,170,184,83,82,105,114,108,125
100507043,1,0,3,4,6,1,0,3
1839,19,14,9,11,14,15,8,11
55753,10,9,3,9,6,7,2,6
101928597,1,0,1,0,1,0,0,0
285671,2,1,4,0,0,0,1,0
55346,9,12,9,6,9,10,9,4
100419989,1,3,2,0,0,3,0,1
11123,65,60,68,56,80,73,81,52
54855,33,36,27,29,19,29,28,32
23596,0,1,1,3,4,3,1,2
440406,37,27,17,10,13,25,18,19
284434,0,0,0,0,0,0,0,0
1508,268,273,182,196,268,252,253,258
89884,8,13,12,18,30,21,17,22
7113,2,0,1,0,0,0,0,0
360159,15,11,6,9,8,7,3,3
54784,38,62,31,32,40,38,33,46
3241,16,14,18,12,28,20,23,26
100272146,1,0,0,1,0,1,0,0
57209,26,23,23,17,19,15,21,21
10653,367,397,247,255,322,372,368,413
106478975,2,0,0,1,0,0,0,0
79656,1,1,1,4,6,3,3,3
100271327,23,31,21,13,13,19,26,14
23232,28,18,23,23,42,42,28,26
101593348,0,1,2,0,1,1,0,0
283349,146,165,75,116,25,80,75,77
55268,10,3,1,1,1,4,3,5
10473,150,144,110,133,140,147,161,189
56776,10,11,8,17,20,17,17,18
100418750,1,5,1,5,4,3,4,4
153241,15,19,23,12,27,19,21,17
79874,15,18,8,12,9,7,6,9
124900997,1,1,0,1,0,0,0,0
7342,44,38,16,11,16,15,23,20
1739,26,24,23,13,16,29,37,34
646566,380,381,319,250,287,363,340,328
26802,28,30,79,55,42,21,43,70
106480176,0,0,0,1,0,0,0,1
541578,65,101,60,62,93,58,49,69
100009601,0,0,0,0,0,0,0,0
4250,0,0,0,0,0,0,0,0
390671,36,34,30,23,23,37,24,24
114879,1,6,7,6,6,6,9,7
645191,0,0,0,0,0,0,0,0
5552,0,0,0,0,0,0,0,0
100288379,0,0,3,1,1,2,3,2
84033,7,3,1,6,4,3,9,3
26512,39,34,18,17,26,22,32,25
2928,0,0,1,0,0,0,0,0
3911,18,13,23,20,26,22,26,26
57465,44,42,27,28,30,25,27,29
112268460,1,0,0,0,0,0,0,0
2931,73,62,47,52,65,32,62,49
645998,2,4,1,4,5,1,3,5
79643,51,59,18,24,23,20,22,28
26255,51,52,23,24,23,41,24,34
8034,16,9,8,5,10,12,13,13
284600,9,10,7,7,9,9,9,5
84945,29,29,9,17,14,15,19,18
113179,8,10,7,5,9,3,11,8
5582,1,1,3,0,3,2,2,1
642797,0,0,1,1,0,0,2,0
81569,4,4,3,4,5,4,4,1
91768,30,26,13,15,12,27,40,22
105377667,1,0,0,0,0,0,0,0
2298,6,10,1,0,0,1,1,1
93663,21,23,29,23,32,30,45,24
8367,43,44,11,21,16,33,25,40
4144,226,234,16,7,10,22,25,33
26164,46,50,37,23,33,30,36,37
124909452,0,0,0,1,0,0,0,0
122622,2,0,4,1,5,1,1,3
124907726,8,8,15,18,14,8,8,9
440737,1286,1381,986,919,1064,1292,1056,1281
81930,60,55,29,34,35,46,43,39
148304,16,13,6,4,20,11,12,13
124901366,0,0,0,0,0,0,0,0
124901956,0,0,0,0,0,0,0,0
100423020,1,0,1,0,1,0,0,0
5264,67,71,50,52,71,64,50,48
101927632,1,2,0,1,0,0,3,1
5608,12,10,14,15,10,17,15,17
29088,319,340,100,107,133,160,144,144
91754,44,70,41,34,28,39,45,38
79770,66,65,41,34,54,58,57,67
57536,12,14,4,9,13,10,5,7
219736,31,35,10,16,19,25,10,22
147965,23,21,30,37,28,39,32,39
100506498,0,0,0,0,1,1,0,0
63924,1,0,0,1,0,2,0,0
56160,31,42,12,11,24,19,14,21
100887067,0,2,0,0,0,0,0,0
106481691,252,270,149,132,118,161,160,179
51061,8,9,14,3,10,11,7,10
121853074,3,2,1,0,2,1,0,0
92400,66,66,62,63,63,37,46,50
160728,0,0,0,0,0,0,0,1
124903439,1,0,0,0,0,0,0,0
124902151,1,0,0,0,0,0,0,0
25854,4,4,1,1,2,2,10,3
101927245,0,0,3,2,2,0,1,0
100134362,37,40,53,32,27,51,51,37
58495,1,0,1,0,0,0,2,0
84301,126,102,80,64,63,78,71,94
284217,18,15,23,17,19,35,34,20
154743,26,32,29,30,28,29,23,31
23250,40,48,63,45,65,50,46,40
494513,3,2,1,4,3,1,3,6
728294,12,8,11,11,12,8,10,19
55805,1,2,7,8,7,6,1,3
60493,44,41,29,13,16,25,26,23
8490,9,6,4,6,5,6,9,11
113622,2,3,3,6,9,2,5,7
101927359,1,1,0,0,0,3,2,3
102725541,0,0,0,0,0,0,0,0
84278,13,16,10,5,8,6,9,6
51339,5,2,5,7,3,4,2,12
128966707,0,1,0,1,0,0,0,0
124906338,0,0,1,0,0,0,0,0
100127922,2,5,4,4,5,1,4,5
285550,141,155,135,97,155,171,108,142
124902957,1,1,0,1,1,1,0,2
100996316,1,0,0,0,1,0,0,1
101928979,2,1,0,0,2,2,0,1
28960,46,64,34,33,47,37,36,29
100189382,0,2,0,1,0,0,0,0
10669,27,28,42,25,25,28,27,27
107984561,4,4,1,3,2,2,1,3
114041,0,0,0,0,0,0,1,0
79002,181,200,123,105,132,175,192,151
101867536,28,33,16,30,13,16,22,18
100420981,120,150,154,133,162,152,157,145
246754,0,1,0,1,1,3,2,0
84247,53,46,36,37,29,29,28,29
1730,30,32,57,43,41,38,52,40
7016,12,13,5,9,9,15,10,5
152815,29,40,42,16,40,30,28,33
645752,0,0,1,0,0,0,1,1
6281,813,966,876,820,1058,869,871,1006
10223,0,0,0,0,0,0,0,0
729707,0,1,1,0,0,0,0,1
387082,2,4,5,0,2,1,1,1
9922,18,19,29,24,33,22,36,38
107986411,0,4,1,2,3,3,1,1
5814,60,86,36,34,48,46,47,58
51555,0,2,0,0,0,0,0,0
124903173,0,0,0,0,0,0,0,0
389473,2,1,0,0,1,3,1,0
57697,29,20,19,26,16,14,21,19
222584,17,15,9,1,11,9,13,17
253980,11,14,13,6,8,12,12,7
2200,11,4,12,7,11,12,16,9
124904977,0,0,0,0,0,0,0,0
100874008,0,0,1,0,0,0,0,0
8425,21,28,39,25,30,29,28,40
100189223,0,0,0,0,0,0,1,0
503639,5,1,1,0,1,1,3,0
144165,39,34,40,26,25,34,25,30
100861541,0,0,1,1,3,3,2,2
692089,1,0,0,0,0,1,0,0
124900268,0,0,0,0,0,1,0,0
166793,3,4,3,6,4,2,4,7
59307,84,82,63,49,66,64,64,50
113763,7,7,3,3,1,0,1,2
2950,190,207,182,185,210,243,232,218
112268019,4,3,0,1,2,0,3,4
1615,451,495,466,419,515,334,311,352
63035,28,8,25,25,25,16,24,20
101926967,5,2,2,5,1,5,1,6
116496,37,38,47,41,63,55,70,64
103752586,0,0,0,0,0,0,0,0
100505978,0,0,0,0,0,1,0,0
101928523,0,1,0,0,0,0,0,0
9684,39,42,36,27,36,24,29,42
9886,22,12,17,18,28,32,22,17
105373629,1,0,0,1,1,1,1,1
375287,5,8,13,10,7,8,10,4
360182,3,1,0,1,1,0,0,0
101928402,11,18,14,10,12,27,18,19
266786,8,3,4,2,3,1,5,6
253314,0,0,0,0,0,0,0,0
100128771,21,21,22,26,28,32,30,32
10365,3,2,0,3,0,1,2,1
4638,7,3,6,2,4,5,4,6
158866,0,0,0,0,0,0,0,0
100507171,27,30,79,60,60,53,57,53
223117,6,7,7,10,10,10,10,12
83692,84,110,117,102,129,142,98,151
153932,18,19,28,12,16,19,14,29
57600,39,54,26,34,41,31,37,42
91782,61,59,33,28,24,47,57,38
51195,3,2,1,1,3,5,1,4
9488,26,16,6,9,10,16,10,20
125775236,3,2,3,1,3,4,6,5
643802,2,4,0,0,1,0,0,0
124902693,0,1,0,0,0,0,0,1
56181,70,97,41,50,57,59,41,70
3779,0,0,0,0,1,0,0,0
414212,3,3,4,1,0,8,4,2
1743,29,36,18,19,32,25,26,32
283643,21,29,11,20,12,8,20,13
80167,18,15,10,10,16,13,20,14
148266,54,57,50,40,48,36,36,65
79087,35,44,35,27,31,26,25,40
54617,35,43,28,21,33,40,25,34
7639,8,15,11,14,11,18,15,18
84219,27,17,27,26,32,21,25,21
22890,25,25,17,10,26,21,25,20
5366,998,1011,1036,1025,1166,824,868,962
100420047,11,11,7,15,9,8,10,12
105371027,6,6,2,4,6,7,2,5
253725,22,32,21,22,19,18,18,37
646873,5,3,3,4,2,2,2,1
102725072,2,1,0,0,0,3,1,2
55159,116,138,75,51,70,74,72,89
642475,2,3,2,6,1,1,1,1
26097,303,365,192,175,240,174,205,237
64342,14,13,21,15,25,26,19,32
9498,5,1,3,3,6,2,6,2
100128781,2,0,0,2,1,2,3,3
83638,6,9,10,17,16,20,18,21
107985115,8,7,8,0,9,8,7,8
7762,21,23,17,18,10,21,7,18
23531,16,13,26,37,35,22,27,22
199953,48,53,17,13,16,9,24,15
391833,17,21,22,22,22,27,25,27
94056,878,912,412,412,530,497,534,528
642311,7,6,6,5,5,5,0,4
84680,2,2,1,0,3,1,0,1
7697,45,32,33,28,37,30,35,37
64755,29,32,25,23,34,21,33,26
124906229,0,0,0,0,0,0,0,0
105376035,0,0,2,0,1,0,0,0
23400,53,37,43,41,42,44,44,42
26984,35,24,23,17,27,32,25,21
378,238,253,127,139,150,171,152,146
64794,58,67,37,25,39,34,48,50
647012,3,2,1,0,0,3,2,5
4919,15,15,15,15,18,26,24,18
253832,48,40,31,21,28,41,32,47
2752,575,632,392,426,523,478,501,520
10517,0,0,1,0,0,0,1,0
100189130,1,1,0,0,0,1,0,0
50854,589,701,657,595,674,553,572,697
9723,20,9,13,8,22,28,19,25
579,1,4,2,2,4,1,1,3
124902282,0,0,0,1,0,0,1,0
154043,19,29,26,24,26,22,30,28
26996,15,14,13,9,17,15,12,14
7980,29,37,9,3,8,25,19,17
81611,1038,942,793,693,1051,868,919,994
3191,1190,1357,575,1033,423,519,682,533
51528,73,57,33,27,46,53,40,58
84734,1,1,0,0,1,0,0,0
54675,47,51,30,30,37,39,31,39
4301,127,111,126,84,128,92,110,128
55893,58,39,88,85,96,85,79,87
6129,974,1056,870,971,1072,916,800,886
493,47,45,42,34,46,55,48,50
80318,33,26,47,41,51,39,41,38
23639,1,0,0,1,0,0,0,0
124904810,1,1,0,2,0,1,1,1
55870,126,132,109,64,76,107,113,135
9618,36,44,34,36,49,15,45,39
728485,73,75,84,73,87,66,65,71
100270926,0,1,0,0,0,1,1,1
124901003,0,0,0,0,0,0,0,0
102723711,3,6,2,1,2,1,2,7
100189083,1,0,0,0,0,0,0,0
728207,25,19,15,13,18,22,12,27
124904261,1,1,1,2,0,3,2,2
10661,1,0,0,0,0,0,2,0
122953,1,5,1,5,3,0,4,2
118812,20,22,22,18,37,25,21,33
84224,8,8,12,10,16,16,13,8
5728,153,160,56,54,69,55,74,85
100507297,13,11,3,6,2,4,8,10
653075,1,1,1,0,1,2,1,0
23173,86,96,113,79,133,109,110,127
84918,3,7,9,16,18,3,8,9
284618,5,5,2,3,0,4,6,3
124637,39,32,21,13,19,19,25,16
727936,22,18,27,19,16,24,22,24
255967,60,53,62,45,62,34,43,44
677792,1,0,0,1,0,0,1,0
51114,96,87,53,62,68,55,60,77
7693,48,52,25,32,41,31,29,41
574042,5,8,7,7,11,10,7,15
124904736,0,0,0,0,0,0,0,0
101927369,0,0,0,0,0,0,0,1
653113,15,18,6,6,18,16,19,25
105371460,0,0,0,0,0,0,0,0
85364,35,47,55,49,53,42,49,39
124906245,8,6,7,3,1,4,4,3
101927248,1,0,0,0,0,0,0,0
79739,33,35,41,24,36,38,48,61
6090,4,2,3,1,3,0,5,2
100132288,4,4,2,2,3,6,4,5
91107,7,5,6,6,10,15,13,8
100189167,1,1,0,0,0,0,0,1
63977,15,21,7,12,13,8,6,11
57449,2,0,7,3,2,0,3,3
642812,27,37,13,18,27,33,33,34
6041,4,4,9,6,6,8,13,7
100113382,3,5,7,17,4,7,15,50
2887,28,42,53,29,45,47,60,53
105376412,0,0,0,0,0,0,0,0
124903970,0,0,0,0,0,0,2,1
124903014,2,2,0,0,0,1,0,1
107985900,1,0,1,0,0,0,1,0
6795,8,0,1,4,2,1,0,2
106903081,1,0,1,0,1,1,0,1
100288510,2,1,0,1,1,0,0,0
100507217,48,76,45,50,41,59,55,35
55784,2,3,5,1,0,2,3,6
100151640,1,1,2,0,2,0,0,1
80127,2,10,5,2,9,10,6,4
391845,143,166,110,98,113,153,123,126
653653,20,12,18,22,15,11,10,16
101928069,1,0,2,0,0,1,2,2
390598,1,1,2,1,2,0,4,4
105369250,12,8,4,4,1,1,7,4
27242,28,45,29,24,21,23,28,31
78991,43,52,50,31,57,49,47,60
646737,4,11,3,3,4,7,3,3
100288179,13,3,5,7,10,8,6,9
80223,54,63,42,34,47,41,64,69
158055,0,1,2,0,4,0,2,2
3201,9,11,10,13,20,10,10,10
105374794,2,0,2,0,1,1,1,0
644934,23,34,7,16,16,16,20,18
401533,18,9,10,11,10,8,17,13
100128836,1,3,6,0,0,3,3,0
133396,1,0,0,1,0,0,0,0
146712,22,19,12,15,23,17,12,13
677808,2,4,1,4,2,6,5,5
51228,107,110,58,62,54,48,65,69
374897,1,0,0,0,0,1,2,0
100507392,0,0,0,0,1,0,0,0
374677,29,31,26,25,33,35,25,30
9784,219,225,127,132,162,177,196,157
10777,0,0,0,0,0,0,0,0
729085,4,5,5,4,5,5,3,3
55803,24,14,21,18,17,15,15,25
55769,10,18,6,8,9,13,8,23
102724532,8,8,7,2,4,4,4,1
51435,14,21,5,14,12,13,11,11
9620,17,13,20,15,19,9,21,21
441027,7,19,11,15,15,15,16,20
55454,11,23,13,13,23,9,12,19
9049,108,90,91,117,137,107,97,110
3430,9,8,39,24,28,9,13,11
8291,0,0,0,1,0,0,1,0
79890,7,4,1,5,7,9,4,4
55612,10,14,12,8,7,6,10,7
84869,88,99,79,73,78,93,62,90
5611,226,216,102,104,139,104,95,108
53947,2,2,6,1,3,1,4,0
254228,2,0,1,1,0,0,4,3
102724699,0,3,0,0,1,0,0,1
825,1,0,1,0,0,0,0,0
84131,137,109,57,45,44,75,84,75
786,0,0,0,0,0,0,0,0
79187,44,64,41,43,58,51,57,49
79036,221,313,174,181,189,207,203,204
84876,32,29,19,16,13,10,25,22
79866,27,28,19,20,16,11,24,25
729313,10,12,6,8,9,10,13,11
114822,12,14,30,6,14,30,22,18
51534,200,192,160,124,169,144,111,144
124902651,0,0,0,0,0,0,0,0
100129227,20,10,11,12,20,37,13,15
26043,97,95,107,102,112,99,116,100
408050,24,11,12,6,9,19,18,11
124900532,0,0,0,0,0,0,0,0
391175,6,8,0,4,6,6,6,1
138716,180,168,77,83,117,129,132,128
7553,16,32,26,18,20,9,19,15
1847,9,8,8,8,12,10,12,11
5623,6,2,2,2,2,4,0,2
652411,0,0,0,0,0,0,0,0
258010,198,223,151,148,192,190,175,197
100873821,0,2,1,2,5,3,0,4
160760,52,40,43,42,50,55,69,72
728992,55,63,40,48,46,54,61,68
401242,0,2,1,1,0,0,1,0
51176,34,38,25,26,32,26,41,25
124901620,0,0,0,0,0,0,0,0
729948,109,110,56,60,78,74,59,87
55532,29,32,12,11,10,25,19,31
83707,47,55,67,43,71,59,49,61
81618,92,114,177,164,202,172,156,153
124900387,3,2,2,1,4,1,3,0
64960,314,387,239,287,308,303,323,324
124904000,0,0,0,1,1,0,1,1
124904895,1,0,0,0,0,1,1,0
107986310,0,0,0,0,0,0,0,0
9829,24,13,21,28,20,19,20,27
10794,21,6,8,4,3,3,2,3
79567,19,20,24,21,28,28,31,30
64981,220,256,152,140,198,189,166,224
107984302,0,0,1,0,0,0,0,0
161253,3,4,0,1,1,5,3,0
7710,0,2,0,0,1,0,0,0
256236,0,0,0,2,0,0,0,1
100288428,1,0,2,0,1,0,0,1
820,0,0,0,0,0,0,0,0
375519,1,0,0,0,0,0,0,0
10454,51,51,38,28,43,22,40,25
39,356,356,382,334,401,333,290,349
8701,7,8,13,15,14,8,8,6
6648,125,149,137,132,149,143,154,146
392862,0,0,0,0,1,0,0,0
966,208,288,151,142,201,181,171,199
124900712,1,0,1,0,0,0,0,0
112268079,2,0,1,2,0,0,1,0
105372482,10,14,8,9,13,8,11,17
11313,68,58,56,54,58,50,56,64
139886,16,10,12,14,13,9,20,23
3196,0,0,0,0,0,1,0,0
8192,359,440,282,293,363,322,309,388
101929162,0,1,0,0,0,0,0,0
124935,10,12,5,3,2,3,6,5
1479,185,233,157,168,202,245,209,256
10908,11,13,11,4,16,9,10,7
401247,1,1,0,0,0,1,0,1
100422595,0,0,1,0,0,0,1,0
23111,255,217,163,154,222,218,200,222
10849,335,380,141,119,185,144,151,188
9189,31,43,41,40,31,26,30,29
593,169,185,158,148,191,140,126,147
4076,197,219,202,175,212,227,186,222
100189436,0,0,0,0,0,0,0,0
54558,3,10,9,7,10,12,5,17
59272,1,0,1,1,0,0,0,0
442086,34,41,32,28,27,38,31,29
105377308,0,2,1,0,1,1,0,0
158431,4,4,2,4,6,7,6,8
27148,8,10,6,7,10,8,9,7
107987097,5,6,2,6,5,4,4,5
653513,3,6,1,2,2,0,2,6
79007,19,26,34,32,30,38,39,47
24137,238,264,122,158,192,182,168,205
150082,6,6,4,0,6,3,1,3
6030,9,8,2,4,7,4,4,9
253935,0,0,0,0,0,0,0,0
23303,29,29,45,22,31,46,48,43
2218,26,28,20,24,28,18,16,21
5892,43,35,18,25,25,31,26,22
6833,0,0,0,1,0,3,0,1
84309,83,110,79,65,67,90,77,72
107126283,0,0,1,0,3,1,0,0
644634,1,0,0,1,1,1,0,0
3664,2,0,1,1,3,1,2,2
201158,79,86,60,41,56,56,48,70
124909422,0,0,0,1,0,0,1,1
652904,85,97,51,62,82,91,66,92
374877,2,0,0,1,4,1,2,3
619564,1,0,2,0,0,2,2,1
10458,36,45,22,26,34,26,22,30
4541,938,602,735,387,459,748,595,858
107985544,2,3,3,0,1,2,0,2
100113378,0,1,0,2,1,0,1,0
80219,82,100,43,58,41,34,35,43
105371026,0,0,0,2,1,0,1,0
9019,140,125,80,74,83,89,91,101
59349,49,64,49,57,42,34,62,57
83752,240,218,138,127,140,143,137,164
10749,98,85,88,66,98,89,98,119
105378716,0,0,0,0,0,0,0,1
100505933,0,1,1,1,0,2,2,1
3216,57,62,47,47,70,47,44,61
9997,285,350,117,148,164,168,201,185
343637,0,0,0,0,0,0,0,0
388419,0,0,0,0,0,0,0,0
729974,4,5,3,0,5,6,2,9
124904484,0,0,0,0,0,2,0,2
619568,1,2,0,0,0,3,1,1
78996,123,115,47,56,45,61,55,60
153579,8,4,7,5,6,10,9,13
57544,98,103,104,100,115,109,140,131
319129,3,12,3,0,3,6,9,7
107985944,13,17,9,9,22,9,11,17
23349,2,0,3,2,1,3,2,3
105371240,2,1,1,2,1,3,0,4
54878,94,128,95,78,90,110,118,124
9158,122,145,102,97,122,117,143,138
25928,1,2,4,1,5,5,6,3
57085,102,103,86,77,97,116,111,104
5881,33,39,33,26,25,36,29,32
387521,92,109,42,44,43,43,53,44
124900653,3,0,0,2,1,2,2,0
645440,4,6,4,4,3,4,5,6
28978,104,113,65,62,83,92,92,93
112752,80,93,47,48,44,65,69,49
80014,66,64,71,57,75,78,83,81
8869,7,10,6,16,13,11,9,9
342371,9,16,18,13,16,13,13,15
3836,133,124,61,66,61,65,92,68
81608,116,142,102,79,120,110,97,111
5062,192,168,115,130,170,145,121,140
5351,77,90,74,72,100,87,73,95
124905043,0,0,0,0,0,0,0,0
8559,94,106,37,43,58,60,66,55
2844,2,1,2,3,0,3,3,1
5747,59,46,44,35,38,53,56,48
105375426,0,0,0,0,0,0,0,0
58533,228,217,205,208,248,185,235,191
440345,31,21,23,19,30,27,33,29
203102,0,0,0,0,0,0,0,0
124904504,0,0,0,0,0,0,0,0
6198,129,125,93,82,82,99,105,108
122942,0,0,1,0,0,0,0,0
284581,8,2,7,7,9,7,13,8
7782,19,9,10,15,15,15,11,20
10885,279,261,119,125,193,184,213,183
100189206,0,0,0,0,0,0,0,3
101060280,0,0,0,0,0,0,0,0
51230,115,118,200,157,222,168,139,176
112268267,0,0,0,0,0,0,1,0
100271050,92,125,86,77,87,121,96,108
55280,75,90,48,41,38,37,52,66
124902561,5,2,1,2,0,2,0,2
10287,43,30,28,24,41,27,30,36
8939,89,86,40,42,62,66,77,47
147808,5,3,4,1,1,2,3,2
10882,1,2,2,2,7,3,5,6
100189039,6,7,3,1,4,3,2,3
151903,119,126,61,103,118,84,106,94
107985404,0,1,3,2,5,3,0,4
10475,29,32,23,22,22,36,36,49
5218,26,27,21,19,9,12,24,14
9145,107,131,139,135,171,147,127,162
51763,26,33,19,16,23,21,29,29
84726,244,235,239,196,193,210,252,250
1789,9,10,8,7,21,12,12,12
6606,345,428,289,273,337,289,259,333
54768,2,3,1,2,1,4,0,0
2769,1,0,0,0,0,0,1,0
105372412,0,0,0,0,0,1,0,0
283104,12,11,17,12,13,24,19,19
102723342,2,2,2,0,1,1,1,3
79190,3,5,4,1,1,2,6,4
101928351,0,0,0,0,0,0,0,0
84034,4,5,3,0,1,3,8,3
196527,44,47,54,47,43,59,44,74
139285,2,6,5,3,2,5,5,4
92667,107,110,69,69,68,78,66,77
107075250,1,0,3,0,0,1,2,1
3636,23,21,32,36,46,33,45,56
221830,351,329,211,197,243,217,226,243
55216,163,149,75,88,94,97,112,115
7098,0,1,1,0,2,0,0,0
2686,10,10,6,11,11,12,8,12
440353,6,5,10,2,5,4,3,4
100533678,4,1,0,0,0,1,1,1
6723,302,302,155,162,219,223,219,202
9440,15,14,9,11,13,10,10,11
124904411,0,0,1,0,0,0,0,0
690,9,14,10,11,2,8,7,14
100303755,68,74,65,53,71,78,61,63
338707,8,15,14,15,14,22,6,15
80010,36,36,33,24,32,26,29,40
105374063,3,3,1,1,1,1,2,0
81887,311,279,205,177,279,214,204,226
100129455,4,1,5,1,4,0,1,4
56255,102,91,57,67,81,78,81,75
10761,38,30,36,30,45,37,39,49
8985,28,28,31,24,36,28,43,29
930,1,0,0,0,1,0,0,0
387723,2,3,2,0,0,1,3,1
79000,64,102,59,62,70,56,57,79
23185,227,218,142,109,109,130,134,145
716,0,0,1,0,0,0,0,1
346157,10,10,11,7,13,4,11,14
9360,481,523,549,504,642,458,475,491
100532746,0,0,1,1,0,0,0,0
124904247,0,1,0,0,0,0,0,0
387867,159,252,177,154,187,204,168,181
29985,67,83,45,46,51,41,40,59
6782,24,20,40,26,36,24,25,17
63933,68,77,54,58,55,64,64,81
5499,234,275,162,189,206,198,260,231
105372481,0,0,0,0,0,1,0,1
10244,115,122,53,62,82,74,70,65
10313,313,322,189,200,219,224,228,231
105375262,2,0,1,0,0,1,0,0
10400,185,206,133,132,173,164,158,165
8813,187,249,170,171,236,199,198,218
2260,26,25,18,13,13,21,11,15
85391,2,0,0,1,0,0,0,3
23410,10,18,17,20,14,10,19,21
23729,19,21,20,9,16,15,18,11
10352,56,82,60,66,93,60,75,87
7978,27,26,6,4,11,9,11,19
644499,3,4,0,1,0,1,1,1
1160,2,0,0,0,1,2,0,2
84957,11,3,7,8,3,9,11,7
124902382,3,3,5,3,4,6,3,3
57662,4,7,6,7,1,3,6,5
389127,28,31,21,23,5,38,17,22
402359,13,22,6,4,19,16,13,12
79888,26,27,18,12,19,18,25,28
101928736,26,19,22,15,19,21,13,28
100271283,102,119,91,84,83,118,73,116
105376093,0,0,0,0,0,0,1,0
5111,724,781,548,499,619,619,643,662
100271332,15,18,17,6,9,9,19,11
124902952,3,8,8,5,11,7,6,7
388507,0,0,0,0,0,0,0,0
100189336,3,2,1,2,0,1,0,0
22911,23,16,17,16,24,13,17,14
2271,136,154,97,74,122,118,130,139
105376037,0,1,3,0,1,0,0,1
105377876,1,2,1,1,1,2,0,2
136306,0,0,0,0,0,0,0,0
4807,0,1,0,0,0,0,0,2
201266,44,38,34,36,30,19,27,33
22883,100,99,67,64,83,86,91,96
203859,36,46,33,26,38,39,29,39
10682,722,741,542,585,577,597,537,647
51347,39,43,37,56,55,44,55,58
7555,1312,1480,1003,976,1129,1013,939,1154
105372397,2,3,9,9,11,6,6,5
55783,20,23,6,4,9,10,8,11
101927415,1,3,1,1,0,3,0,3
6888,329,337,290,328,402,359,356,374
51507,333,326,200,213,261,206,199,234
23705,375,391,260,246,298,294,296,290
8663,408,378,385,352,427,345,349,375
124902170,1,3,0,3,0,2,1,0
10989,448,439,397,381,550,370,423,434
467,56,60,186,163,217,126,104,118
105371976,0,0,0,0,0,0,0,0
105378770,0,0,0,0,0,0,0,0
8662,343,302,222,195,273,243,329,246
100287614,0,1,1,0,0,1,0,1
124901615,0,0,0,1,0,0,0,0
6585,3,2,5,3,2,3,8,7
3266,0,0,0,0,0,0,0,0
23363,40,34,67,75,79,44,62,41
60674,948,1072,1321,1017,1225,1245,1112,1327
55808,0,0,0,0,0,0,0,0
131961,2,5,3,3,5,3,3,3
5828,30,46,29,27,47,43,24,38
124905346,0,0,0,1,0,0,1,0
1211,258,260,170,157,203,232,234,252
646804,1,0,0,0,0,0,0,0
105369435,1,0,0,0,0,0,0,1
5414,1,2,4,3,4,4,5,6
6810,52,56,52,49,55,63,56,49
11345,737,833,622,579,695,825,709,856
124904434,0,0,0,0,1,0,0,0
123036,14,11,31,27,31,29,24,32
326297,6,9,3,4,1,3,3,3
79846,7,11,5,1,3,2,3,6
147660,2,1,1,1,0,1,3,0
55180,16,21,16,7,13,14,17,13
148203,3,7,3,4,2,4,6,6
10899,433,486,245,247,287,350,319,352
128497,0,1,0,0,0,1,0,0
2624,9,4,11,10,7,12,12,14
9415,52,75,126,115,151,169,140,123
374955,1,2,0,0,0,0,0,0
100188988,2,4,3,4,4,4,1,6
91937,1,0,0,0,0,0,0,0
8570,273,288,135,163,199,167,218,165
92249,10,17,18,15,20,14,15,15
3200,92,82,42,47,33,40,41,32
10290,1,0,9,4,5,5,4,6
130940,1,2,1,1,3,1,0,1
6954,0,1,2,0,1,0,1,3
79065,43,36,54,48,58,42,50,56
595099,2,0,1,0,1,3,1,0
153527,375,451,333,294,401,309,335,351
55929,93,113,55,57,69,68,65,84
51729,348,402,248,230,306,275,324,325
105373119,0,0,0,0,0,1,0,1
404217,15,14,24,19,19,22,27,40
85462,2,0,2,1,3,3,1,1
101928180,2,3,5,1,6,1,0,6
11259,6,10,6,5,1,12,6,9
3705,59,58,37,39,43,47,40,49
79884,141,144,76,74,89,101,92,107
100507231,22,34,14,12,21,21,13,19
552889,171,233,130,97,159,151,153,140
54480,44,36,12,7,5,14,11,10
135112,73,84,130,113,137,98,101,125
85460,62,54,23,30,28,37,40,37
84328,157,148,99,91,115,94,72,108
56034,33,36,29,30,23,28,31,41
55132,101,138,81,64,76,127,115,125
107987392,1,0,1,0,1,2,1,1
163882,11,17,9,7,2,11,12,13
84071,5,2,3,3,4,1,4,3
401089,2,0,1,0,0,0,0,0
392465,0,0,0,0,0,0,1,0
5393,158,181,87,73,108,115,127,132
84273,35,28,43,53,42,41,53,44
113218510,0,0,0,0,1,0,0,0
124905998,1,5,1,2,1,1,1,2
57594,16,25,18,17,20,20,25,22
29101,251,275,178,165,234,222,224,235
23543,118,133,148,149,189,123,177,172
105374247,0,0,0,0,0,0,0,0
100507395,0,0,0,0,1,0,1,1
9923,31,38,20,11,20,37,42,27
51725,0,0,0,0,0,0,0,0
79672,96,100,66,60,72,67,81,71
100287266,5,6,1,5,3,3,4,4
9814,10,8,29,19,15,21,25,11
102724200,15,20,17,7,13,13,16,13
101927623,0,0,0,0,0,0,0,0
643749,27,22,28,15,30,34,24,27
26082,2,2,1,1,1,1,1,3
9179,22,28,9,21,25,26,24,28
441533,104,104,86,65,72,113,90,97
101927375,0,0,0,0,0,0,0,0
124906218,1,1,1,1,0,0,0,0
60675,7,12,3,15,13,13,5,18
319131,6,7,10,9,6,11,9,10
124903238,0,1,0,0,0,0,0,0
23224,106,97,143,125,137,121,160,155
22928,192,157,130,123,161,158,188,245
105447646,0,0,0,1,1,0,0,1
30844,41,32,37,28,41,37,45,38
107984989,1,0,1,0,0,2,1,0
9,3,8,8,0,3,1,12,4
105376126,0,0,0,0,0,0,0,0
23291,102,91,84,86,93,66,82,97
1627,62,86,91,99,129,97,110,114
26022,56,84,49,57,60,56,80,64
7316,1571,1768,1497,1466,1816,1381,1304,1427
10157,232,265,239,180,192,268,272,308
124900743,0,0,0,0,0,0,1,0
10935,906,960,799,738,905,878,847,1066
124906071,3,4,7,3,4,3,2,2
3689,0,0,0,0,0,0,0,0
100302240,0,1,0,0,0,0,0,0
124908053,1,0,0,0,0,1,1,1
91289,78,75,72,60,82,67,93,84
440288,31,22,25,20,34,32,25,23
3255,0,0,0,0,0,0,0,0
124901242,0,0,0,0,0,0,0,0
79877,233,261,90,114,68,83,106,91
6414,18,17,24,20,26,15,20,16
389246,1,3,2,2,5,6,3,3
246135,1,0,1,0,0,0,2,1
1131,3,2,0,0,1,1,5,8
353376,0,0,0,0,0,0,0,0
100507670,23,20,10,17,25,25,23,21
197342,12,16,3,9,7,11,16,9
124905999,14,12,7,5,6,5,3,5
124900673,0,0,0,0,0,0,0,0
3625,3,2,5,8,15,15,4,4
124904879,0,0,0,0,0,0,0,0
54554,4,7,4,2,5,8,3,7
123904,4,1,3,1,3,2,0,0
100130983,26,29,18,15,18,25,19,19
90522,86,85,94,71,96,82,73,86
23251,5,8,9,4,7,6,7,6
102724577,0,0,0,0,0,1,0,0
124907753,0,1,1,0,0,0,0,0
152756,1,5,3,0,0,6,6,6
101928649,4,6,20,14,12,15,16,12
9118,41,45,21,21,28,28,25,23
124900797,0,0,0,0,0,0,0,0
23062,61,56,48,52,43,55,57,51
6615,2,4,2,0,4,5,1,2
116372,20,22,47,40,54,32,23,37
1491,31,32,24,39,34,36,37,38
1142,0,0,0,0,0,0,0,0
1414,0,0,0,0,2,0,0,0
105372480,73,78,40,42,66,66,48,70
105372031,0,0,0,0,0,0,0,0
347675,12,19,5,16,15,14,9,7
399512,8,8,14,8,11,10,8,11
253982,6,4,7,11,14,12,3,12
388830,2,0,2,1,1,0,2,3
101927631,1,0,1,2,0,2,1,2
9689,307,341,161,165,194,207,194,191
101927502,0,1,0,0,0,0,0,0
402143,3,4,1,1,2,0,0,2
105369199,1,2,0,1,0,0,1,1
27069,515,608,429,412,574,513,514,592
246175,58,68,74,72,65,80,76,74
113791,2,1,3,8,3,2,4,3
341056,41,31,28,25,34,37,49,33
26504,11,8,14,13,15,23,21,10
442673,6,2,2,1,0,6,1,3
79008,5,6,6,3,5,1,3,4
5278,0,0,1,0,0,0,0,0
51077,184,191,90,91,97,105,96,106
274,2,1,3,5,2,1,2,2
25817,4,7,7,7,9,13,9,7
10422,117,96,84,79,99,96,104,123
7760,9,7,10,7,12,12,7,10
442042,1,0,1,0,0,0,0,0
9061,64,64,64,51,71,51,77,60
100128756,0,0,0,0,1,0,0,0
6375,1,2,1,3,3,0,0,3
56942,330,366,219,201,226,210,201,273
7466,15,23,8,7,9,17,12,12
10269,246,295,82,81,97,130,155,141
319128,91,93,77,71,57,97,79,102
105371399,6,6,1,2,4,7,3,4
25801,40,55,39,36,38,44,41,42
6342,182,192,180,145,195,188,184,220
132320,44,46,25,24,30,27,36,29
100847069,0,0,0,0,0,0,0,0
9885,55,60,51,53,71,55,59,70
100288346,0,0,0,0,0,0,0,0
664617,0,0,0,0,0,0,0,0
3113,36,25,29,22,46,27,28,33
100421160,1,1,2,1,1,2,1,2
138864,2,3,2,4,1,1,3,2
121232371,1,1,0,0,0,1,1,1
650226,25,28,18,20,25,22,20,18
124902359,0,0,0,0,0,0,0,0
106480765,4,6,10,9,6,14,20,10
100128262,1,0,2,0,0,0,0,0
56912,47,58,21,15,22,27,29,27
64375,13,17,10,10,11,10,7,6
203245,13,13,8,5,8,5,11,5
6119,462,475,334,269,350,416,381,389
107984126,4,6,3,4,9,3,6,2
63926,8,13,9,6,13,6,5,7
2531,62,88,61,54,69,76,85,79
9755,14,11,7,10,10,19,12,11
56904,47,37,48,34,41,36,50,45
101059997,0,0,0,0,0,1,0,0
1460,195,269,202,184,222,192,201,219
105372421,1,1,1,0,0,1,1,0
83695,93,118,55,62,86,87,77,80
643342,1,4,0,2,1,1,4,0
124901079,1,2,1,2,0,0,2,0
9538,238,242,122,137,158,175,164,193
51643,217,226,96,100,127,138,103,112
92259,356,400,262,270,367,320,313,321
732253,0,0,0,0,0,0,0,0
102723513,1,1,0,0,0,1,0,2
221178,21,20,28,27,23,22,16,26
57493,10,9,18,17,11,11,19,17
25921,36,25,27,25,25,33,33,28
79802,1,0,0,0,0,0,0,0
84284,212,282,255,237,303,239,264,291
5859,192,237,216,210,279,189,188,243
55924,9,18,8,12,17,15,8,17
105375728,0,7,2,1,0,4,4,1
642935,0,1,1,0,1,0,0,1
390423,1,2,0,1,1,1,2,2
26064,214,192,162,147,197,200,203,195
55758,37,32,22,28,28,25,27,33
128414,0,0,1,0,0,0,0,0
57595,1,1,3,5,3,1,4,0
414230,64,59,61,45,49,56,58,63
114609,8,8,5,2,5,4,1,4
79632,36,38,68,86,94,68,65,71
55332,7,10,2,5,9,9,10,12
7345,1206,1466,1161,1181,1546,1539,1528,1587
51005,12,11,15,16,14,10,9,14
2802,130,120,52,47,61,67,73,81
79140,101,117,111,112,147,129,105,118
124905059,0,0,0,0,0,0,0,0
3431,28,40,79,66,75,18,22,32
10389,124,121,119,114,135,127,128,125
1000,184,204,163,185,154,138,175,161
4940,1,3,13,12,17,5,3,5
100127924,46,28,33,37,35,43,29,32
283987,7,10,14,9,14,8,13,14
90957,47,50,25,14,23,33,36,34
114049,206,251,144,141,146,179,172,182
152503,33,35,27,35,35,45,51,38
26102,0,1,1,0,1,0,0,2
129810502,35,38,66,71,99,84,74,92
79786,17,18,8,14,19,28,29,24
106481786,15,6,1,2,5,5,5,7
100419174,1,0,0,0,0,0,0,0
107986982,0,4,1,0,0,1,1,1
100129858,2,2,1,8,6,3,4,6
107984225,0,0,0,0,0,0,0,0
1061,9,3,8,7,3,5,4,5
51637,578,665,458,398,526,466,461,522
10284,700,751,577,575,674,600,537,649
8915,129,117,81,83,58,84,56,75
2035,123,142,131,140,179,121,111,174
25800,99,82,85,78,95,100,123,110
2939,0,0,0,0,0,0,0,0
100505938,4,4,10,8,7,16,13,19
9717,0,1,0,0,0,1,0,0
9955,64,46,46,54,46,37,55,47
105372791,6,4,2,4,2,2,1,4
728138,130,175,110,112,143,137,140,148
112268179,1,1,0,0,0,1,1,0
140707,278,268,187,178,161,200,197,223
8544,12,10,20,20,21,26,31,20
56954,127,112,78,77,83,75,70,116
105371067,0,0,0,0,0,0,0,1
22864,108,137,116,118,92,97,103,126
107985492,1,2,3,5,0,0,1,3
57821,126,147,96,100,148,98,85,117
7011,2,3,3,5,5,2,2,4
9130,241,263,189,216,229,221,220,248
84966,4,5,4,11,13,5,5,4
648,3,9,1,2,2,6,2,1
124902453,72,88,68,53,75,88,63,99
83998,0,0,0,0,1,0,0,0
5705,726,773,447,408,547,630,592,638
23594,200,199,93,81,101,133,133,189
51768,60,71,66,82,92,58,91,71
100874414,15,21,11,6,17,17,13,13
100129484,10,7,7,8,3,4,0,3
80764,116,122,83,69,90,77,79,108
266655,81,72,29,37,43,50,44,47
2609,6,5,7,9,6,10,12,8
100189409,0,0,0,0,0,0,0,0
124900722,1,3,0,0,0,0,2,0
27250,401,457,295,337,366,348,332,349
79616,1,2,2,1,4,1,4,0
200933,56,65,52,43,63,67,52,50
100147834,0,0,0,0,1,1,3,0
79693,57,80,40,38,43,57,69,51
51028,183,181,142,112,158,147,138,133
83880,9,10,15,10,9,12,11,15
200575,0,0,0,0,0,0,0,0
43,8,2,2,0,1,1,4,1
57467,0,0,1,0,0,0,0,0
92840,21,15,30,35,37,12,14,20
4800,68,69,43,26,26,33,49,44
646086,25,24,29,31,32,24,29,31
9149,15,17,22,13,17,25,31,18
102465255,0,0,0,0,0,0,0,0
105370333,21,33,32,23,31,21,21,21
51166,31,22,10,9,8,8,25,26
286257,232,230,158,162,213,178,167,189
128266838,1,0,0,1,0,0,1,0
55572,33,30,27,33,25,32,52,41
101927372,0,0,7,5,3,11,6,5
124905219,2,0,2,1,4,0,1,2
64115,0,2,0,0,0,0,0,0
11334,122,135,57,81,90,87,103,118
10540,261,313,307,278,347,320,291,348
2264,3,4,2,8,9,12,6,2
105371912,0,1,3,1,1,2,1,3
390206,4,8,7,2,6,6,2,4
643246,87,111,45,56,56,72,60,72
115939,118,131,101,92,139,132,93,136
124905435,0,0,1,0,2,1,3,1
283450,33,23,23,14,15,21,27,15
9525,117,117,42,46,61,81,59,76
644103,1,1,0,1,0,1,0,1
25836,340,338,250,190,273,294,306,353
26586,771,692,465,532,634,550,515,583
124903656,2,2,0,1,1,1,0,0
55684,198,212,180,163,184,200,214,175
6431,615,666,177,154,142,166,173,185
124901092,0,0,1,0,1,0,1,0
168620,4,4,3,3,3,4,2,1
54677,24,39,17,12,9,15,12,23
29929,99,118,39,31,38,54,47,61
101928404,0,0,0,0,0,0,0,0
286122,2,0,1,0,2,1,0,0
968,9,3,7,4,10,3,9,4
103689846,0,0,0,0,0,0,0,0
642443,15,9,10,11,17,15,13,18
292,2204,2512,1976,1992,2623,2841,2309,2668
128966565,1,1,5,2,4,2,3,3
6840,107,134,83,102,92,102,97,107
105371450,1,0,0,0,0,0,1,1
124905078,1,2,0,1,3,2,1,1
2805,160,183,82,78,107,78,87,124
57125,2,1,1,0,2,1,0,4
100129856,426,549,573,505,650,498,447,546
692146,3,2,3,4,3,4,4,5
124908000,3,6,1,3,3,2,2,4
359799,0,0,0,0,0,0,1,0
57684,18,10,8,6,7,12,17,15
81856,16,18,8,10,9,9,9,14
6009,317,401,267,236,302,287,261,299
649179,0,0,0,0,0,0,0,0
56996,13,13,11,12,7,6,13,15
441154,79,93,70,51,44,87,69,68
5524,94,82,68,60,67,63,64,68
5079,6,3,1,4,1,2,2,2
5634,528,560,399,427,326,486,464,510
102723862,1,0,0,0,0,0,0,0
105373061,0,0,0,0,0,0,0,0
117751740,54,37,25,11,23,34,29,31
10946,446,514,342,344,426,371,409,433
55294,101,103,67,78,75,61,68,73
100289092,62,63,67,79,87,86,96,105
60488,317,366,247,222,296,299,230,290
124900372,3,3,2,3,2,3,1,1
1592,5,4,7,5,8,7,5,6
57711,69,100,83,52,63,62,68,71
10009,96,118,78,82,88,72,81,86
1549,0,0,1,0,0,0,0,0
92002,53,54,16,23,24,29,27,31
10488,67,67,33,36,45,45,45,46
729366,236,307,284,270,326,306,286,368
5764,0,0,0,0,1,0,0,0
100132036,6,8,2,6,2,5,5,3
5042,94,104,103,104,109,117,103,116
124900788,0,0,0,0,0,0,0,0
4605,181,175,150,138,182,137,231,184
178,125,111,61,68,83,97,95,110
22821,4,7,6,11,7,10,6,9
102724919,0,0,0,0,0,0,0,0
25917,248,246,178,144,183,185,186,186
124904310,1,0,0,0,0,1,1,0
124900458,6,8,2,6,3,6,3,3
441548,1,0,0,0,0,1,0,1
1280,71,66,59,61,70,75,89,86
124901944,0,0,0,1,0,0,0,0
23196,155,139,108,122,106,117,131,135
102723828,6,4,8,4,2,6,8,13
51133,269,248,146,148,185,162,201,193
101929609,1,0,2,0,1,2,4,0
124904077,2,2,5,3,3,2,2,1
100996740,0,1,0,1,1,0,3,3
644397,1,1,1,1,2,0,2,3
7339,7,5,4,1,4,4,4,1
100271248,7,9,7,7,10,4,9,15
9777,76,94,90,81,115,78,68,88
642956,282,271,113,91,123,158,152,159
1043,3,0,2,0,1,1,1,4
124901333,2,3,4,6,6,2,3,1
8639,0,5,2,2,1,2,4,1
124905558,38,32,15,18,25,31,24,29
340591,18,13,7,11,8,15,3,8
8702,18,21,14,13,19,13,21,22
101928715,7,4,3,3,3,1,3,3
105373342,0,0,0,0,0,0,1,0
645900,0,1,1,0,1,0,1,1
112268156,0,0,0,0,0,0,0,0
1969,27,20,41,39,46,18,34,37
90649,6,6,0,2,2,6,6,10
53822,1,0,0,0,0,1,0,0
101954276,2,3,2,1,0,1,1,2
130367,23,20,25,24,24,29,34,18
102465533,0,0,0,0,0,0,0,0
25942,98,90,88,77,99,85,141,128
344988,11,11,7,3,6,4,2,10
29766,213,217,168,161,175,156,194,171
56957,48,49,34,41,48,45,46,47
107985359,0,1,0,0,0,0,0,0
9409,20,24,13,9,21,28,17,18
4635,0,0,0,0,0,0,0,0
29940,51,48,41,40,60,44,51,61
124900253,3,0,2,1,0,1,0,1
84376,110,84,94,85,95,108,89,113
109617012,0,1,0,1,0,0,0,0
1385,52,58,36,43,37,43,46,37
729679,212,234,228,221,212,221,245,227
439953,475,588,419,414,550,543,485,505
5780,31,33,29,33,33,30,33,38
80821,18,25,11,24,15,23,21,21
8671,4,12,7,12,5,5,12,7
55531,3,4,9,2,9,10,4,8
9967,774,817,446,410,496,546,488,633
10668,32,31,14,16,17,27,17,19
25850,15,18,14,10,13,11,13,14
161247,1,0,1,0,0,0,0,0
55811,0,0,0,0,0,0,0,0
3619,37,48,47,37,76,49,66,55
9674,16,30,18,16,31,36,42,28
6572,1,0,0,0,0,0,0,0
8872,557,653,377,349,497,457,411,533
5243,75,80,26,31,31,63,60,47
352909,13,12,27,22,41,18,24,29
84436,16,10,8,4,7,9,10,8
105370573,0,0,0,0,0,0,0,0
124905091,4,5,1,1,0,1,3,3
11278,21,22,20,22,28,26,20,18
100856878,84,88,57,57,52,69,47,50
7443,429,432,293,235,320,287,251,310
645979,10,4,5,4,0,7,6,2
102724077,0,0,1,0,0,1,0,0
60678,26,39,22,16,27,22,18,22
4155,19,10,28,29,36,40,35,29
126568846,2,3,2,0,0,1,2,0
101928059,2,1,2,3,0,3,4,2
27165,12,23,18,18,22,19,26,32
80854,72,57,29,53,41,52,66,58
9094,36,35,43,30,39,54,45,41
51222,5,7,9,8,14,11,14,12
647946,6,6,12,15,12,12,12,10
26574,350,358,186,193,244,210,201,215
22847,101,90,76,75,83,72,69,66
100129716,0,2,4,0,5,0,2,3
22902,100,85,71,58,64,88,80,101
54551,0,0,0,0,0,0,0,0
90410,67,76,65,58,61,83,79,80
6310,46,48,31,25,28,26,23,32
647302,31,57,25,23,21,32,32,28
100128762,2,0,0,1,1,0,0,1
8365,14,12,2,2,3,10,11,13
23279,53,72,42,43,45,49,73,54
51364,1,1,2,1,1,0,0,2
894,477,508,396,368,328,352,331,431
3611,40,43,27,40,45,35,57,57
286128,12,19,11,4,5,4,8,13
55515,0,0,0,0,0,0,0,1
1633,48,59,40,36,34,42,49,46
2231,5,5,5,3,12,3,6,3
23233,61,50,33,46,25,20,25,25
107986237,0,0,0,0,0,0,0,0
8645,9,5,7,8,8,9,8,4
128500,196,222,127,107,117,168,175,194
57509,79,78,71,66,86,107,108,111
140609,22,54,28,27,19,45,44,29
22878,16,20,6,9,9,14,20,16
105379417,4,0,0,1,0,1,0,1
100874223,0,0,1,0,0,1,0,2
105373715,2,0,0,1,0,0,0,1
100616387,0,0,0,0,0,0,0,0
5174,1,0,0,0,0,0,0,1
28956,281,319,198,156,240,239,216,218
100874195,1,1,0,0,0,0,0,0
79139,79,89,59,54,75,73,59,67
100500864,2,0,2,2,0,0,0,0
119,43,52,71,48,78,60,53,53
116362,52,57,8,15,16,41,34,36
23266,53,49,44,43,50,48,55,55
124909368,0,0,1,1,0,0,1,0
647042,5,9,12,5,14,9,10,11
124496,2,7,4,5,4,4,3,7
101927021,4,14,2,9,12,13,10,19
124900530,0,0,0,0,0,0,0,0
100132399,1,0,0,0,1,0,0,0
30837,31,34,41,30,40,50,36,29
9703,97,82,84,88,97,99,128,117
26115,16,11,22,14,26,15,21,22
100131913,1,1,0,1,1,3,1,0
6443,89,85,57,61,74,58,54,47
25813,239,272,151,170,207,214,191,176
81855,13,9,22,19,21,20,33,26
387755,1,0,0,0,2,1,1,1
399988,12,10,2,0,3,1,4,4
388588,6,6,11,12,8,5,7,7
55057,7,7,6,9,14,15,7,9
284184,309,389,170,187,212,217,218,265
56997,116,131,150,138,169,139,117,133
94163,1,1,0,2,1,2,0,1
23682,24,31,22,22,39,25,28,27
51076,92,104,107,81,120,123,126,117
162,148,147,154,146,190,171,153,162
79177,186,159,70,84,109,80,80,89
55190,30,30,30,30,29,27,29,19
112268119,0,0,0,0,0,0,0,0
643831,1,4,0,0,3,0,0,2
10659,235,167,101,104,93,101,118,112
642259,3,6,5,3,0,5,8,8
90362,35,43,24,28,24,20,34,27
102724273,0,0,1,0,1,0,1,1
55164,67,70,19,36,31,32,30,36
285830,2,3,2,6,1,3,1,3
4175,192,266,256,223,312,240,224,220
4883,1,1,1,1,0,0,0,1
100129543,0,2,0,0,1,2,2,3
4704,404,401,337,317,404,397,361,371
1442,0,0,0,0,0,0,0,0
107984992,18,12,7,6,0,5,3,7
64223,264,278,186,146,225,170,176,202
653160,0,0,2,0,2,0,0,1
728888,34,16,23,28,24,26,36,28
55837,148,180,127,130,135,108,110,117
5636,108,128,93,84,116,107,109,115
8564,0,0,0,0,0,0,0,0
100131395,0,0,0,0,0,0,0,0
100506563,1,0,3,0,1,0,0,0
84002,20,21,23,24,14,18,31,18
147150,71,60,70,57,102,111,78,93
64881,3,3,2,1,1,3,7,0
51164,97,101,69,80,69,66,87,82
124902902,0,0,0,0,0,0,0,0
102724081,1,3,2,1,0,2,1,1
440944,65,82,64,43,65,55,60,86
100189032,1,2,2,1,1,2,1,3
654466,17,16,8,13,12,14,14,8
102724983,1,0,1,1,0,3,2,0
23099,46,52,35,23,30,35,45,30
100009676,1,2,0,0,0,0,1,1
2801,58,78,80,80,88,70,72,86
51149,23,20,17,8,22,26,19,20
100289230,3,4,4,3,3,5,9,4
117981790,8,5,2,2,2,1,3,1
54887,39,32,27,36,28,37,46,32
126695,2,4,1,2,2,2,5,11
55764,29,16,17,17,20,10,16,21
58489,17,22,23,20,21,15,34,18
84809,26,16,33,36,42,24,25,30
871,145,144,83,112,129,122,126,122
100288151,81,93,78,60,75,87,78,88
100189121,3,4,2,0,2,1,1,3
100131997,1,4,0,1,2,0,2,4
146723,0,0,0,0,0,0,0,0
140883,75,58,36,53,33,43,36,46
105371792,0,0,1,0,0,0,0,0
59341,0,0,0,1,0,0,0,0
64420,7,2,1,2,3,3,3,2
8450,132,112,190,212,208,136,126,130
220134,98,96,56,58,53,60,67,63
153396,58,62,79,51,60,50,78,85
100499171,0,0,0,0,0,0,0,0
54463,23,38,30,22,38,46,43,39
100169958,57,45,10,10,21,30,22,29
10087,102,84,68,55,87,99,84,114
114548,0,0,0,0,0,0,0,1
100271556,97,95,91,67,99,90,86,80
653404,3,2,1,1,0,1,1,2
2166,11,14,9,17,13,8,17,13
1767,0,0,2,1,0,2,1,0
8893,36,37,36,25,26,47,50,33
51552,145,135,91,73,115,121,117,109
107984936,6,3,2,1,0,2,1,2
106478913,6,5,3,6,2,7,16,4
124902416,0,0,0,0,0,0,1,0
5193,16,12,5,4,9,9,17,12
64599,82,64,61,47,47,51,63,50
5935,889,931,403,364,421,558,509,527
9715,2,2,6,5,7,8,9,4
730098,8,9,4,5,7,7,10,8
121233925,7,2,4,7,3,8,6,5
51084,21,31,23,35,40,42,45,36
10556,274,336,151,157,209,149,142,176
100861517,0,0,0,0,0,0,0,0
100874363,1,11,6,6,6,10,10,7
57498,106,77,54,42,68,58,51,67
6916,9,5,2,2,5,3,7,5
55643,47,54,46,40,60,52,60,57
10587,18,27,20,16,19,10,23,21
10978,44,53,22,24,21,26,28,18
56271,112,125,82,67,95,87,69,86
5657,1,0,1,0,0,0,1,1
643401,6,4,16,15,38,11,10,11
729041,1,1,1,0,3,3,7,2
58515,420,479,309,244,301,361,305,359
105376500,0,0,0,1,1,0,1,0
56945,146,169,92,103,131,121,107,128
283507,0,2,0,1,0,0,0,2
27254,0,1,0,0,0,1,4,1
2905,1,0,1,0,0,0,0,1
54583,79,82,100,97,102,79,81,82
10656,51,31,69,53,62,30,37,46
100499466,113,135,89,79,88,108,94,119
340784,2,2,3,0,3,2,3,2
7422,24,39,48,40,49,36,33,51
102723846,2,4,4,5,5,9,9,4
84135,99,85,40,35,39,43,41,39
10166,50,48,28,29,36,31,41,45
30818,2,4,8,7,12,3,6,1
167127,6,5,2,2,2,7,5,8
112869,64,75,56,51,55,45,43,47
146880,1,0,0,1,1,0,0,1
573,48,45,26,16,30,46,46,39
5604,70,81,64,75,67,71,93,79
138429,2,2,2,3,4,1,4,5
126299,315,358,251,252,347,277,284,317
494143,94,110,54,45,57,56,55,55
54495,76,73,45,43,61,71,63,75
283659,25,30,29,22,16,16,25,21
203068,2884,3082,3058,3030,3917,3314,3193,3492
91050,2,2,1,0,0,1,3,3
23333,36,30,19,29,37,35,30,33
9380,127,136,115,113,161,173,136,149
27032,50,37,42,43,40,35,81,63
100129550,4,3,3,6,1,2,4,7
124905482,0,0,0,0,0,0,0,0
4255,128,132,129,133,157,131,117,114
51477,182,226,224,181,233,173,146,190
7088,77,83,94,57,81,72,46,91
126003,310,357,191,221,267,214,283,288
100996511,2,3,3,3,4,5,2,4
100189088,0,0,0,0,0,0,0,1
85002,12,10,1,4,6,11,7,13
391738,323,364,321,306,367,305,274,378
388076,256,296,220,205,217,273,244,243
22820,129,162,49,75,58,66,58,66
284422,1,1,0,1,2,0,0,1
6307,161,214,168,166,124,152,125,155
105372064,3,0,0,2,0,0,0,1
8655,3455,3682,610,572,691,1673,1592,1686
100270832,64,79,59,54,54,98,82,77
27443,33,39,51,47,44,42,40,40
554251,26,35,22,22,24,22,24,17
105377007,1,0,1,1,0,0,0,2
100271021,4,7,4,2,1,3,4,4
7709,9,16,24,17,25,12,25,17
105376070,6,9,7,7,10,7,8,7
100270946,110,130,94,74,77,119,89,86
105371083,1,1,1,2,0,1,2,1
7675,223,229,119,148,137,108,92,153
400618,4,2,3,2,4,2,1,2
9939,993,1107,510,473,670,637,634,710
664,273,293,480,509,592,403,359,404
5629,12,19,27,31,26,22,18,27
10395,81,74,72,65,76,70,70,67
647099,6343,6887,6006,5740,6935,6452,5671,6367
84264,15,26,60,58,67,48,53,53
93380,141,104,55,60,67,72,63,75
29927,202,204,61,68,90,109,100,75
2250,10,2,4,4,4,4,4,6
401207,18,25,13,14,14,9,12,11
9064,7,8,16,18,20,19,11,15
388115,4,6,2,6,3,6,3,2
124901884,0,0,0,0,0,0,0,0
124902525,0,0,0,0,1,0,0,0
23659,9,17,8,6,13,11,12,9
4717,795,900,626,582,806,830,702,824
11100,470,473,399,346,428,392,467,425
360009,0,0,0,0,0,0,0,0
107987366,1,0,1,0,1,0,1,0
8396,62,74,52,43,40,41,56,55
54974,80,98,73,77,71,67,60,71
80179,72,70,81,65,69,78,77,99
102723390,3,8,4,1,4,8,5,4
164837,0,1,0,0,0,0,0,0
25895,10,18,16,15,12,9,13,20
202243,59,65,25,29,42,62,52,50
100189177,0,0,0,3,0,0,3,0
107984950,4,5,2,4,6,7,6,7
1956,10,7,19,18,18,20,21,16
8668,637,695,543,499,618,604,567,588
54947,40,50,29,23,34,39,29,33
29969,27,18,27,15,17,36,23,21
246720,238,263,39,32,47,105,90,92
442162,223,234,197,157,189,215,188,198
10737,0,0,4,0,1,0,1,1
2165,1,0,0,0,0,0,0,0
100500808,0,0,0,0,0,0,0,0
553148,112,128,98,77,109,120,102,118
105377540,8,9,31,24,17,24,12,33
101928982,3,1,5,1,1,2,0,4
100996703,2,0,1,3,2,4,2,4
126393,0,1,1,2,3,1,1,2
26010,63,79,93,104,119,71,67,97
79885,8,9,11,13,15,16,8,11
124903811,0,0,0,0,0,0,0,0
102724159,90,92,75,57,88,56,68,67
2969,68,77,47,32,40,47,55,56
10256,3,3,3,0,1,2,2,6
100874054,4,1,2,7,4,1,4,5
80312,72,66,143,135,134,102,107,127
105371609,0,0,0,0,0,0,0,0
284757,8,7,3,4,1,2,1,2
170463,63,61,99,96,91,69,74,96
51444,92,102,72,99,105,98,91,108
8099,130,142,110,96,101,86,121,107
124904404,0,1,0,0,0,0,0,0
84315,22,26,2,11,10,11,3,15
66035,13,8,5,10,12,12,9,8
65084,21,25,25,24,17,26,30,22
51135,18,38,19,25,25,31,27,27
105370004,0,0,0,0,0,0,0,0
79159,173,202,67,90,112,94,85,105
10808,323,301,111,100,102,119,137,119
9704,67,61,34,22,22,33,40,38
506,606,704,448,463,579,510,563,612
55311,33,28,31,19,28,31,30,25
6455,64,63,62,53,59,40,61,52
119863866,3,8,4,9,1,6,13,17
78992,119,120,41,61,59,70,83,87
7297,32,20,33,30,38,48,33,36
100873749,1,0,1,0,0,0,0,0
55284,89,95,61,61,60,66,69,71
10421,128,142,79,69,74,84,80,82
49,0,0,0,0,0,0,0,0
100127976,1,0,0,0,0,0,0,0
107985567,53,62,22,20,26,25,31,25
106479343,1,0,1,0,0,1,2,0
64210,73,59,77,80,93,75,93,94
343301,21,25,23,10,13,18,21,21
127814294,0,1,0,0,0,0,1,1
23755,2,0,0,0,1,1,1,1
102724023,423,455,318,330,308,351,386,358
124904762,0,2,0,0,0,0,0,0
203111,17,15,19,33,24,27,25,33
23191,119,123,101,108,125,102,103,131
740,99,96,42,39,61,62,71,72
2957,59,57,37,35,31,41,51,37
10956,173,176,119,106,201,178,151,162
389816,16,14,37,39,33,25,27,31
729073,20,20,5,11,7,20,13,16
25970,28,24,21,14,14,16,34,19
112588022,0,1,0,0,0,0,0,0
389320,1,0,0,1,0,0,0,0
100271655,831,887,832,629,770,744,643,775
100506070,1,0,1,1,0,0,0,1
196513,29,24,32,22,35,27,21,24
4690,38,56,33,38,36,46,39,40
100133985,1,0,4,4,2,2,3,2
105378404,0,0,0,0,0,0,0,1
55004,163,181,92,72,113,114,120,125
106699570,0,1,1,0,0,0,0,0
29080,330,350,290,240,291,267,254,312
4438,1,0,0,0,0,0,0,0
107985092,0,0,0,0,0,0,0,0
124903859,2,4,1,4,5,4,5,7
390294,2,2,0,1,0,4,2,3
5775,10,4,21,13,14,10,9,17
101927156,0,0,0,0,0,0,0,0
124905197,2,1,0,0,0,0,0,0
5557,168,166,110,92,152,164,123,133
192670,18,19,20,19,22,18,22,27
55739,42,44,36,30,51,29,26,30
100996724,24,23,9,23,20,19,17,29
100507071,0,0,0,0,0,0,0,0
8741,0,0,0,1,0,2,0,0
284325,95,108,70,73,72,51,72,67
55321,4,6,6,4,5,2,4,4
100131526,466,539,424,310,415,440,357,411
124909346,1,0,0,0,0,0,0,0
24142,6,11,13,10,17,13,8,10
100418740,0,0,0,0,0,0,0,0
100271517,10,13,9,4,6,16,6,15
54014,168,162,151,131,180,137,129,162
391013,0,0,0,0,0,0,0,0
340554,0,0,3,2,1,3,6,1
101927597,9,3,4,3,1,9,5,5
100128347,5,11,4,6,4,7,8,4
145249,4,1,3,5,4,3,1,1
728927,10,8,5,3,2,8,6,4
1039,26,19,16,24,21,20,23,21
2475,58,52,57,47,52,71,68,58
64398,42,50,40,28,42,41,40,27
9896,22,33,30,27,38,35,27,45
10097,274,312,396,375,477,363,304,346
100996716,37,57,18,23,17,18,21,15
6599,479,466,302,272,334,360,385,483
23647,23,34,9,9,12,13,11,16
7745,22,22,9,20,16,16,30,16
22870,74,73,44,49,56,48,63,56
55367,14,13,26,30,23,19,21,34
113201,84,70,40,37,47,57,64,67
84547,48,36,9,23,15,21,19,30
115353,51,48,64,61,77,65,70,61
11108,70,76,34,33,42,72,66,61
391247,12,12,5,4,10,9,11,12
170537,33,28,27,11,12,37,20,29
401475,92,71,58,55,44,49,55,71
100129004,113,124,103,93,81,127,106,99
10445,178,195,103,115,130,108,131,142
163126,79,84,54,52,64,86,96,92
204,659,775,544,541,656,494,506,610
124905022,0,0,1,1,1,0,0,0
677828,0,1,0,0,0,0,0,0
29997,199,221,211,221,256,221,205,208
103021294,1,0,0,0,0,0,0,0
5479,742,802,469,457,529,517,483,598
145173,21,25,27,26,22,21,19,16
10481,9,19,9,17,16,11,12,15
106479934,0,0,0,0,0,0,0,0
10714,184,218,179,159,226,221,162,210
7570,27,34,19,17,12,24,11,13
92745,1,0,0,0,0,0,0,0
808,321,374,323,279,312,326,338,310
166815,15,15,8,10,11,12,8,13
124901353,1,0,1,0,1,3,1,6
100130799,1,0,0,0,0,0,0,0
5781,229,219,179,156,201,206,178,247
105375519,2,2,2,3,1,4,5,2
1809,38,54,67,48,63,48,68,58
2296,879,1055,754,679,799,717,759,853
7965,377,468,174,172,216,221,215,207
100506713,1,0,0,1,0,3,1,0
134505,16,21,15,10,8,13,21,11
64786,125,146,87,93,121,95,81,116
57414,114,127,55,55,83,75,65,90
100133920,1,0,0,0,0,0,0,0
55930,31,34,30,24,37,26,31,26
124907898,0,0,0,0,0,0,0,0
440905,0,0,0,0,0,0,0,0
4238,55,33,18,12,26,19,20,20
729973,170,180,115,115,146,177,122,141
51268,1,0,0,0,0,0,0,0
60684,19,22,14,17,15,19,19,23
440672,92,104,54,64,49,62,56,83
87,113,116,115,101,113,82,93,102
200373,0,1,1,2,1,4,1,0
729633,1,0,1,0,0,0,0,1
10289,162,188,156,138,179,141,165,171
3682,152,202,110,80,131,183,127,186
64778,34,44,16,22,23,24,22,25
51473,25,29,17,19,18,23,26,34
1834,0,0,0,0,0,0,0,0
645930,3,10,4,3,2,8,6,10
9655,10,11,12,5,16,7,9,9
22982,14,11,23,16,17,24,33,12
7324,566,570,504,454,652,733,547,666
6100,73,89,46,51,76,70,60,56
729909,208,295,278,248,305,315,213,254
23295,13,27,17,9,15,18,13,15
1525,55,73,113,67,111,50,47,42
102723672,6,9,3,1,1,5,2,3
64320,24,23,13,4,22,11,12,12
65056,255,275,230,186,265,208,239,254
85236,356,420,396,405,577,277,229,282
100189428,1,1,0,0,1,0,0,0
124907897,2,1,1,3,3,1,1,2
107984921,1,0,1,0,0,1,0,0
5954,125,112,69,83,90,98,72,98
126568848,0,0,1,0,0,0,0,0
57721,67,46,30,24,24,38,50,38
101928764,2,3,1,2,2,0,1,0
525,2,1,2,1,4,0,2,4
113219467,39,41,20,11,11,21,16,16
88455,36,37,22,22,31,19,39,28
105376710,2,2,3,5,4,3,5,8
124909476,0,0,0,0,0,0,0,0
105375422,1,0,0,0,0,1,2,0
8539,224,234,139,107,160,189,155,194
729723,2,0,1,1,0,1,1,4
64965,153,168,134,149,182,142,123,167
284889,87,81,61,62,68,46,70,54
9666,43,43,27,28,49,42,39,59
7083,311,343,234,232,320,321,265,328
5315,2016,2100,2113,2029,2414,2111,2215,2315
55742,65,54,42,39,45,46,51,49
6297,39,37,34,37,42,39,50,49
7033,0,0,0,1,0,0,0,0
1413,1,0,0,0,2,0,1,0
3485,29,43,42,54,65,39,47,38
124901728,0,0,0,0,0,1,0,0
79901,11,12,10,14,17,11,11,13
641922,0,0,0,0,0,0,0,0
340419,6,5,8,4,6,2,3,1
51503,551,623,289,261,367,308,271,353
100506098,0,0,0,0,0,0,0,0
91408,370,380,252,219,263,295,277,305
105375911,0,0,0,0,0,0,0,0
132299,391,489,288,265,369,420,352,428
11320,19,23,30,31,36,26,25,21
57556,78,105,61,67,72,64,69,54
106481063,1,0,0,0,0,0,0,0
285627,0,0,0,0,0,0,0,0
891,926,1023,343,319,398,542,501,572
107985485,0,0,0,0,0,0,0,0
554049,74,79,66,52,65,49,61,73
105370964,0,1,0,0,0,0,0,0
7286,49,49,21,33,30,30,32,25
105371050,3,1,0,0,0,0,0,1
79912,58,66,33,36,26,32,23,45
55819,65,63,51,53,74,55,81,61
9462,24,33,17,27,30,27,33,17
57604,0,1,3,1,2,1,1,3
338323,0,1,1,0,1,0,0,3
3663,14,9,12,10,16,15,16,20
833,111,135,74,72,105,97,118,121
641518,2,0,2,2,2,2,2,3
55860,68,99,55,56,72,70,66,73
5810,191,258,177,173,213,204,170,185
79828,69,80,51,47,65,60,52,62
84733,67,51,52,56,52,51,41,37
642659,206,192,238,215,260,240,214,257
124902657,1,0,1,0,0,0,0,0
124903493,1,0,1,0,0,0,0,0
284685,74,94,39,32,35,37,38,38
10827,69,81,26,33,29,37,33,27
105371703,0,0,0,0,0,0,0,0
148189,15,15,13,12,17,11,15,18
100506757,1,0,0,3,1,1,0,3
9550,488,500,358,315,422,394,412,388
100271396,2,1,0,0,0,0,0,2
102725068,0,0,0,0,0,1,0,0
3716,113,96,87,72,76,96,91,123
124904783,0,1,0,0,0,0,0,1
124905582,1,0,1,0,1,0,0,0
220992,16,23,5,9,15,7,19,10
10082,23,30,37,33,44,21,29,20
23626,0,0,0,0,0,0,0,0
80789,41,53,18,11,23,15,23,23
196394,25,29,39,30,33,44,25,33
107986556,2,0,0,2,0,0,0,0
8772,52,54,18,21,24,21,39,33
54939,241,309,206,220,272,284,249,292
124904235,0,0,0,0,0,0,1,0
5303,655,766,502,478,660,519,483,537
55256,194,256,107,104,146,114,119,131
100130783,10,12,9,12,9,9,9,13
55905,165,184,197,171,243,195,200,235
10561,0,0,15,17,14,0,1,0
107985232,1,1,1,0,0,0,0,0
80237,38,49,53,45,62,65,78,94
112268124,4,4,3,4,6,2,1,6
83661,0,0,0,1,0,0,0,0
10533,48,39,30,30,32,32,28,37
1389,24,26,13,16,18,13,27,16
2613,112,145,132,121,106,138,128,96
9658,6,10,17,18,22,17,20,14
124902672,1,1,1,0,0,0,1,0
124901671,1,1,0,0,2,0,0,0
145814,0,0,1,0,0,0,0,0
84939,51,60,60,74,69,78,61,85
7503,2138,1991,2182,1814,1724,1598,1920,1636
1490,1,4,2,1,1,2,2,3
375704,8,3,6,6,12,8,8,13
730029,1350,1631,1325,1298,1518,1601,1561,1652
4942,501,553,275,249,306,357,323,395
105378651,0,0,0,0,0,0,0,0
65108,299,255,167,179,188,202,257,239
64854,87,79,89,76,89,86,78,90
9507,1,0,1,1,3,1,1,2
1399,150,141,106,103,120,117,86,112
6478,21,15,27,26,30,24,21,25
81931,9,3,1,2,2,2,4,5
84153,261,250,191,177,187,229,242,205
9054,52,57,51,57,64,37,47,60
79090,76,84,66,62,77,61,70,68
100507034,0,0,0,0,0,0,0,0
100271506,104,126,84,87,93,105,106,101
203260,54,61,33,30,40,47,35,55
656,13,13,8,16,20,14,17,17
644815,17,15,21,8,18,26,21,12
221527,2,2,1,0,1,2,2,0
124902546,11,13,5,2,5,8,4,8
1292,7,5,6,10,9,6,9,7
727789,78,74,59,73,70,71,65,53
105379087,0,0,1,0,0,0,0,0
51524,57,55,20,19,25,33,39,38
26871,3,3,4,7,6,1,1,6
126133,58,36,30,39,25,17,25,17
55278,46,39,47,40,53,33,27,43
64859,31,29,17,16,29,18,14,14
102723458,2,3,0,2,2,1,0,3
79612,112,113,70,94,98,100,113,113
7932,0,0,0,0,0,0,0,0
84274,79,70,52,57,92,58,60,70
10559,46,57,35,38,46,49,30,36
7390,62,74,34,32,31,56,58,52
6643,228,254,198,131,244,202,177,227
23017,1,0,0,0,0,0,0,0
26223,5,3,6,2,3,9,8,7
100271572,0,0,0,0,0,0,0,0
91149,0,1,0,0,0,0,0,0
112268293,295,313,222,185,252,256,221,262
25911,322,344,273,272,350,331,262,358
64754,24,30,29,32,33,33,38,31
64324,141,115,87,52,87,76,84,118
101927572,10,12,12,13,12,9,6,12
493911,7,8,3,7,9,6,4,5
22993,72,77,49,41,60,60,65,65
9578,22,37,44,21,54,30,28,43
51143,158,125,81,70,128,114,97,111
124903583,0,0,0,0,0,0,0,0
114841035,0,1,0,0,0,0,0,0
3934,0,0,1,0,0,0,0,0
170850,5,2,1,0,6,5,4,2
339451,12,9,15,14,12,16,24,13
100129387,36,41,40,30,39,31,44,46
7579,9,6,1,9,4,4,3,6
22983,6,6,12,9,13,7,8,10
121232368,7,7,14,13,26,13,15,18
3234,16,8,17,15,11,14,12,8
319099,15,25,16,15,11,22,18,12
2672,6,9,5,6,5,15,7,10
54468,25,31,18,18,17,23,29,23
8411,327,311,246,213,258,274,297,327
125965,0,1,2,0,1,0,0,0
107984956,1,1,0,3,3,1,0,1
56986,47,60,53,37,60,41,49,47
105369844,0,0,0,0,0,0,0,0
101927523,0,0,0,0,0,0,0,0
144402,85,95,102,94,98,102,104,114
101928388,3,1,0,0,1,1,1,0
65267,39,34,30,26,52,26,27,32
124903105,0,0,0,0,0,0,0,0
51142,1612,1778,1354,1312,1665,1649,1667,1633
55062,4,6,7,3,13,7,12,7
107987053,0,1,0,0,0,1,0,0
55751,44,59,20,15,26,27,27,24
101929467,0,1,0,0,1,1,0,0
8195,46,49,39,42,53,26,38,43
79683,11,14,7,15,14,9,14,16
105372698,1,0,0,2,0,0,0,0
100996709,13,5,6,4,2,12,8,5
105372505,2,0,0,0,0,1,1,0
339105,1,2,1,0,2,2,2,0
10302,75,90,74,67,99,82,81,79
10748,0,0,0,0,1,0,0,1
26521,948,1056,542,467,518,704,653,746
9025,190,200,169,147,201,192,142,178
100189357,3,1,2,1,1,0,2,0
338099,29,30,26,22,34,31,25,36
25769,1,1,1,0,2,1,1,0
9317,76,65,57,56,84,51,61,81
105372432,1,2,1,0,0,0,0,0
124902741,0,0,0,0,0,0,0,0
105374942,0,0,1,0,0,0,0,0
57592,22,17,18,16,13,19,23,25
123706524,2,3,1,1,1,0,2,2
124903676,0,0,0,0,0,0,0,0
64343,64,71,70,76,59,73,62,73
54221,0,0,2,1,1,0,1,0
124907871,1,0,0,0,0,0,0,0
54796,29,26,8,19,22,9,21,16
5885,362,374,295,288,389,364,336,351
6130,3779,4397,3694,3616,4493,4067,3828,4282
26799,514,458,621,454,797,615,740,416
65988,27,37,14,19,24,17,15,15
323,22,19,23,31,30,33,19,24
100507501,0,6,4,2,5,4,5,5
100189142,6,7,2,4,1,5,3,0
55437,25,40,19,16,18,17,31,24
729156,1,0,1,0,0,0,1,0
3207,63,69,120,102,112,74,79,75
1647,51,81,85,73,108,84,74,91
100128004,10,12,8,9,7,12,7,7
283337,39,51,19,30,18,24,18,27
100422834,0,0,0,0,0,0,0,0
6717,463,530,326,348,446,440,401,468
100128011,1,0,1,0,0,0,0,0
124901342,0,0,0,0,0,0,1,0
114659,10,14,16,6,16,18,10,12
105379219,1,0,0,0,1,0,1,1
53342,1,1,0,1,4,0,2,1
51474,170,183,180,171,193,189,199,208
110231149,0,0,1,1,1,0,1,0
468,603,672,891,849,1019,1113,1054,1114
3127,10,14,11,12,18,17,6,12
100505970,0,0,1,0,0,0,0,0
285453,0,3,1,0,1,0,0,0
29089,328,379,295,297,375,329,311,377
7158,81,88,53,49,64,108,93,95
51455,43,33,24,30,26,34,46,33
201627,38,50,25,24,22,26,35,22
55892,41,41,33,29,33,34,28,36
8841,73,86,53,47,66,62,68,76
100302739,2,2,0,0,0,0,3,0
107985338,0,2,0,0,2,0,0,1
6229,7103,8179,7911,7139,8555,8916,6928,8638
445582,0,0,0,0,0,0,0,0
1836,52,59,39,32,35,39,38,51
100128010,20,15,13,9,15,8,8,12
4049,0,0,1,0,0,1,0,0
8880,698,686,159,169,161,157,170,189
10626,30,40,27,36,33,24,32,31
124905315,766,655,1006,554,1161,1692,1514,1197
100271518,0,2,0,0,2,1,1,0
730971,1,3,4,1,2,0,1,5
760,107,102,101,105,131,88,90,132
100507436,54,49,39,41,50,45,43,57
7569,24,25,30,11,23,25,27,40
2878,33,42,28,27,31,59,44,60
8630,9,8,12,12,12,15,11,9
124903333,0,0,0,1,0,0,0,0
440145,279,306,344,304,306,272,244,292
23783,2,3,1,1,2,5,4,1
56005,520,553,285,254,361,302,280,349
100505774,0,0,0,0,0,1,0,1
339302,0,0,0,0,0,0,0,0
283514,0,1,0,0,0,0,0,0
286097,15,11,11,13,16,11,20,12
79798,23,18,9,20,12,8,4,10
401106,0,1,0,0,0,0,0,1
57161,49,49,51,34,60,49,57,53
106478957,1,0,0,1,0,0,0,0
768216,0,0,0,0,0,0,0,0
8975,61,68,52,41,61,69,58,45
1802,139,143,51,33,63,62,52,45
6608,33,25,26,26,39,36,42,31
400955,0,0,0,0,0,0,0,0
84460,1,0,0,0,0,0,0,0
124900188,1,0,0,0,0,0,0,0
554313,120,159,378,502,405,203,168,202
129831,17,26,14,13,8,16,18,19
3720,113,100,140,119,93,90,94,97
2738,7,0,5,1,6,4,2,3
145741,2,3,1,1,0,3,4,4
23358,45,59,43,47,63,43,46,50
728774,5,5,5,4,2,2,3,1
775,1,0,3,2,2,2,0,3
10985,109,105,143,100,147,116,138,113
81554,49,49,28,30,19,28,32,39
51281,9,9,7,13,5,8,6,8
84674,8,5,1,5,4,7,9,3
2926,172,191,115,95,106,144,157,154
100133012,0,1,0,1,2,0,2,1
9810,192,191,142,92,131,105,135,119
100133206,1,0,2,0,0,2,4,1
169200,22,32,16,10,18,24,22,24
84901,65,86,48,42,47,46,62,66
23498,1,2,2,0,5,3,4,1
6715,28,45,30,24,21,26,26,35
414157,0,0,0,0,0,0,0,0
23144,17,11,11,5,7,12,3,10
26057,196,170,151,141,167,190,160,203
102465468,0,0,0,0,0,0,0,0
3357,1,0,0,0,0,0,0,0
2355,10,14,38,38,24,10,20,19
23141,110,78,81,68,80,73,87,66
442058,9,4,1,4,3,2,4,2
100289034,0,2,2,0,2,1,2,0
122553,48,73,30,38,34,25,32,37
116154,3,3,6,8,3,3,4,3
100873902,2,2,2,2,0,2,0,5
11237,38,33,31,37,23,30,27,47
23353,96,78,58,61,63,92,89,99
1163,313,370,268,271,300,277,233,286
90624,169,191,117,110,92,123,144,129
26122,9,11,10,5,3,3,5,8
7086,575,642,548,537,690,570,556,694
10058,13,17,33,26,38,27,24,23
643387,103,104,91,61,110,108,100,120
318,42,53,63,56,63,58,49,52
109910379,118,104,167,208,259,161,177,141
1259,1,1,2,1,0,1,2,0
441461,3,3,2,1,1,1,1,1
100506911,0,0,1,1,0,0,0,0
100131661,14,9,5,13,3,11,8,9
729102,3,1,2,3,2,3,5,4
100420752,20,25,14,15,19,18,18,30
2976,62,92,42,35,51,68,55,56
100509370,2,0,1,2,0,1,0,4
9060,40,33,36,45,45,45,39,37
83933,2,4,2,5,6,2,4,9
101928005,6,15,12,3,16,23,13,12
64651,5,6,14,7,4,3,4,2
10591,979,1040,878,888,1135,1036,894,1093
101928847,3,3,1,2,3,2,1,3
11079,203,249,122,124,144,157,209,179
105370190,0,0,0,0,0,0,0,0
51204,74,68,33,43,42,62,63,36
9093,150,166,141,111,125,132,132,112
57665,1,0,0,1,0,0,1,0
83939,119,111,94,123,112,84,93,117
54931,253,304,126,145,153,178,167,192
157,11,22,16,19,22,17,26,27
118426,42,55,21,24,36,40,31,36
84307,55,49,48,32,36,28,35,33
58505,460,509,238,224,242,270,252,327
90113,1,1,0,0,0,0,0,1
27303,11,9,19,29,20,20,18,25
130026,18,16,13,12,10,13,10,20
9374,77,85,43,36,39,38,32,47
122539212,59,56,45,35,34,52,50,46
338963,1,0,1,1,0,0,0,1
55218,23,19,20,21,25,17,21,28
51493,301,326,248,202,293,249,218,253
121232369,1,5,3,0,1,1,3,3
389727,0,1,3,1,4,5,4,3
124902042,1,1,0,0,0,0,1,0
70,0,1,0,0,0,0,0,0
57099,16,27,18,16,12,12,21,19
100506007,3,1,1,6,3,10,5,5
646161,174,200,195,129,182,171,137,178
105372114,0,0,0,1,0,0,0,0
285335,1,0,1,1,0,0,0,1
100128044,2,3,4,3,4,3,4,2
55692,239,269,82,75,84,85,101,79
199990,39,40,29,24,38,30,23,38
1717,164,165,106,105,116,118,102,113
105371933,3,6,12,6,13,11,11,7
51102,81,83,43,49,61,55,53,60
3998,439,422,397,396,531,446,424,455
29062,7,5,15,12,8,8,19,7
107397391,0,0,0,0,0,0,0,0
50649,4,4,7,2,1,1,7,2
150051,9,10,13,13,10,15,12,13
101927377,1,0,0,0,1,0,2,1
3017,33,32,37,27,30,17,20,49
8724,188,225,174,177,206,189,200,195
9889,55,34,43,29,35,34,35,49
9683,30,34,14,20,16,30,26,20
124901028,0,0,0,0,0,0,0,0
100129160,0,0,0,0,0,0,0,0
51134,97,89,69,67,90,79,70,77
345643,2,5,2,2,3,1,2,0
391539,6,7,4,2,3,5,4,6
256435,17,18,7,17,19,10,12,15
124904172,0,0,0,0,0,0,1,0
84292,63,73,43,44,54,47,51,64
90196,50,63,27,41,38,33,26,34
6612,85,92,58,53,94,75,90,75
402222,1,2,0,0,1,4,1,0
101928156,29,37,48,55,72,41,43,50
5660,397,483,387,416,465,447,462,475
100313770,1,0,0,0,0,0,0,0
3948,10,14,18,15,23,16,13,17
1111,129,153,89,93,101,92,73,87
7268,19,9,3,5,3,4,5,3
27297,91,139,54,64,86,85,74,82
348995,162,143,126,152,125,134,135,137
154141,15,17,19,22,19,14,22,25
26263,122,125,120,108,162,110,121,137
2962,363,417,250,277,330,256,236,310
6132,6514,7288,5640,6052,7290,5998,5846,6378
57700,15,15,11,9,11,16,16,21
54826,32,35,17,22,31,24,31,22
11247,4,7,14,15,15,8,7,12
4225,0,0,1,0,0,0,0,0
5796,52,49,51,43,56,57,51,59
29958,0,0,0,0,0,0,0,0
28988,173,150,89,95,90,120,104,121
4249,38,28,27,37,42,24,25,24
10151,137,162,170,146,251,188,155,216
5708,196,183,167,181,197,197,251,217
129810500,1,0,0,0,0,0,2,0
55681,75,79,42,40,50,61,52,58
29803,71,59,43,38,45,61,84,57
11273,72,82,78,61,72,61,75,81
1466,306,374,311,272,370,351,337,359
441263,0,1,0,1,0,1,2,1
4205,102,131,60,82,92,76,84,109
150759,9,18,6,4,8,6,11,7
105373334,0,0,0,0,0,0,0,0
124904782,3,1,1,0,2,1,1,1
133418,210,251,137,120,130,144,129,172
285696,0,0,0,0,0,0,0,0
89970,57,76,40,37,58,58,58,64
100874392,0,0,3,0,0,0,0,0
152137,70,65,55,44,48,69,71,83
2947,188,216,170,164,174,203,195,173
55970,333,340,212,194,242,248,244,244
217,233,256,189,177,209,218,234,188
100033816,0,0,0,0,0,0,0,0
10109,545,664,476,461,644,504,496,482
9371,53,60,25,22,23,27,40,33
84883,12,22,14,14,10,27,23,20
9509,5,9,6,6,5,5,8,3
55731,37,28,32,22,24,29,31,27
55556,59,58,27,48,37,62,53,52
23313,39,43,31,27,38,32,46,34
100652772,25,28,18,34,32,43,29,50
102466103,0,0,0,0,1,0,0,0
10482,87,68,36,26,32,51,46,43
57458,16,9,14,15,20,20,30,23
100129250,67,61,77,76,95,84,67,96
54896,26,22,13,11,14,13,11,14
11004,90,93,100,70,88,92,87,101
27289,5,5,2,1,0,5,6,4
163782,0,1,1,0,1,0,0,0
200734,15,14,11,6,16,13,6,12
4072,418,437,208,210,300,362,362,409
10644,144,130,130,129,155,119,129,161
646049,6,5,3,6,6,8,6,5
124903297,0,2,3,1,2,0,0,0
10590,1,0,0,0,0,0,0,0
54995,27,26,20,22,26,16,21,37
10552,436,457,288,319,418,385,349,410
6047,66,57,55,38,57,60,52,62
23555,14,12,8,8,18,26,15,18
5985,469,467,335,352,293,319,278,346
100507599,21,11,13,8,12,16,16,23
5830,97,72,57,75,105,97,93,90
10592,441,422,351,295,415,330,359,401
27327,183,184,92,58,87,107,89,96
84167,18,17,15,17,18,23,26,23
100873758,1,0,0,0,0,1,0,1
6309,97,105,52,45,68,55,43,71
11138,5,4,3,8,4,4,4,5
10243,49,28,25,32,31,37,30,28
222553,75,60,92,85,93,67,73,83
7447,1,4,4,1,5,1,0,1
4125,34,29,46,55,53,58,58,68
85397,0,0,1,0,0,0,0,0
729236,3133,3545,2815,2415,3051,2965,2603,3068
645423,1,0,0,0,0,0,0,0
100131230,107,109,95,64,77,113,84,98
124904182,0,0,0,0,0,0,0,0
10980,852,967,663,725,848,862,740,921
55615,16,5,15,6,13,17,19,13
60528,261,223,154,148,217,202,183,184
9267,36,31,18,21,20,20,32,34
339005,10,18,18,7,9,15,13,13
51463,78,85,34,36,43,47,48,59
118432,1,2,1,0,0,0,1,0
1855,65,58,77,69,94,68,80,80
124903980,3,0,0,1,0,0,0,0
5932,134,159,105,111,127,115,134,122
1453,95,85,60,56,62,68,93,76
107984836,15,23,13,8,15,12,16,19
84557,1,0,0,0,0,0,0,0
116986,1,1,0,3,3,2,5,1
6845,99,101,77,76,68,77,80,75
100302401,2,1,1,2,0,3,1,1
347705,39,46,32,36,36,35,29,37
80148,31,30,16,21,11,20,29,15
124903751,0,0,0,0,1,0,0,0
100505826,0,1,2,0,0,0,0,0
80161,0,0,1,0,0,0,1,2
9398,5,2,1,1,2,0,4,0
8405,146,197,110,97,124,126,113,121
3417,65,56,48,33,63,51,60,70
84191,239,278,189,158,210,221,198,215
402100,158,182,150,129,161,168,146,165
100189224,1,0,0,0,0,0,0,0
157638,4,2,7,2,1,3,7,2
644962,0,0,0,0,0,1,0,0
4790,26,16,14,14,15,12,17,12
23468,513,514,429,347,459,350,360,417
22834,99,100,93,84,79,87,101,94
646175,71,71,68,47,71,111,73,55
10479,14,19,16,13,15,16,14,27
4575,43,44,42,46,52,43,44,59
106480292,1,2,0,1,1,3,4,0
54825,0,1,0,0,0,0,0,0
10795,56,57,34,21,19,28,23,23
105373793,0,0,0,0,0,0,0,0
414235,0,0,0,0,0,0,1,0
151126,13,6,19,16,35,19,10,13
106479017,1,0,0,0,0,0,0,0
86781,715,853,903,826,1073,786,780,869
9871,5,8,7,2,2,10,18,8
124900605,4,5,1,4,2,1,3,3
105369885,2,3,7,5,1,2,1,3
728498,3,1,5,6,11,9,6,12
83943,67,80,83,80,91,80,56,74
10150,24,29,77,54,81,37,46,50
54586,0,0,1,1,1,0,0,0
54566,9,6,8,6,4,13,11,9
63951,2,3,4,3,0,2,4,5
100189268,0,0,0,0,0,0,0,0
1978,1097,1272,646,636,757,793,661,812
101929540,2,2,2,0,1,1,0,1
116092,72,93,51,58,57,49,54,70
102546298,1,0,0,0,1,0,0,1
728666,19,24,16,16,27,28,13,18
8633,11,10,13,12,9,11,8,13
9319,130,119,88,86,118,123,106,117
51071,83,69,53,58,86,62,83,99
57531,11,7,9,10,7,13,20,16
100189071,1,0,0,0,0,0,0,0
23272,60,45,45,47,50,53,50,60
8352,1,0,0,0,0,0,0,0
3508,55,44,36,26,51,34,43,42
100271529,60,75,58,43,46,52,59,45
93973,75,81,51,51,62,76,59,77
10951,347,331,283,278,394,286,304,374
100289495,7,5,2,4,2,4,4,2
124901033,0,0,0,0,1,0,0,0
388707,35,45,38,31,43,43,42,55
4967,44,45,38,27,40,41,42,36
4201,365,401,180,172,211,239,247,245
51026,88,109,57,46,58,57,58,57
51226,2,2,2,1,5,5,2,0
4869,3491,3622,2725,2552,3405,3202,3023,3408
150478,32,41,32,33,39,46,36,35
10657,364,339,285,247,387,314,381,331
349565,6,6,10,10,10,9,7,13
345778,137,134,114,65,103,102,97,106
128192,3,3,0,1,1,3,2,3
101929918,6,2,1,0,0,4,3,1
387032,15,14,12,8,11,9,12,18
23530,82,85,76,65,69,76,82,76
105369822,0,1,1,0,0,0,0,0
144811,24,18,12,15,17,18,6,11
51209,8,5,9,5,12,10,10,11
113230,0,0,1,0,1,0,1,3
29893,196,217,176,141,246,213,170,216
7915,46,55,27,35,42,46,49,47
105371291,0,0,0,0,1,0,1,0
387978,0,0,0,0,0,0,1,0
474338,88,113,111,85,101,84,87,109
100128908,1,1,0,1,0,0,0,0
54386,229,248,107,121,141,155,164,161
389223,5,3,11,2,6,6,4,4
100533182,0,0,1,2,5,3,3,1
78987,17,19,30,22,40,29,26,40
55661,481,490,270,260,344,298,247,294
10385,18,22,39,32,37,41,54,43
105374338,1,1,7,4,12,4,4,5
92427,36,53,41,35,46,42,47,41
105369760,3,2,6,4,8,5,5,11
102724246,1,2,1,3,0,1,3,1
728315,5,11,8,5,8,4,4,7
8904,167,212,301,270,345,255,250,267
346689,1,0,2,0,1,1,1,0
401863,34,41,36,33,37,35,38,44
9857,215,212,160,131,173,212,198,244
7846,742,859,604,553,743,838,746,809
10002,0,0,0,2,1,1,2,1
54521,34,35,26,16,23,41,30,36
390472,0,0,0,0,0,1,1,0
25941,167,207,134,136,195,172,143,174
101927220,1,1,0,0,0,0,0,1
57690,124,101,74,54,53,66,60,61
10112,82,92,40,51,53,64,64,73
100861513,1,1,0,1,0,0,0,1
388606,14,18,11,7,11,9,12,15
515,668,728,540,535,654,710,621,763
115286,78,91,53,55,68,75,57,69
79165,76,88,49,51,67,47,37,50
152007,30,26,25,22,33,23,30,29
100190954,1,0,0,0,0,1,0,0
153830,82,86,64,52,65,68,74,75
83667,64,67,67,50,80,78,71,74
105373144,0,0,2,0,0,0,0,0
8614,87,102,291,236,287,194,185,211
23566,14,6,9,9,19,23,19,18
100500905,1,0,0,0,0,0,0,0
400961,31,24,51,43,51,25,27,54
152273,0,0,0,0,0,0,0,1
51499,246,301,99,115,146,134,122,112
107080553,4,2,4,1,2,1,5,3
100652768,0,3,0,0,0,0,0,0
644215,1,1,0,0,1,0,1,1
23053,14,8,15,12,10,15,13,17
5260,98,108,32,69,13,25,42,25
284412,2,0,0,1,1,0,1,2
201232,4,4,0,2,3,3,1,3
874,50,63,59,55,86,78,53,67
646976,1,0,1,0,1,2,0,0
100302746,0,0,0,1,0,0,0,0
23242,9,6,10,11,15,14,18,17
124901410,2,1,2,2,0,2,0,2
22852,570,562,326,284,336,322,325,351
51449,97,103,96,81,99,84,84,104
2209,0,1,0,0,0,0,0,0
64785,49,38,30,30,25,24,25,34
83593,13,22,13,14,19,20,21,16
115704,8,2,6,1,2,3,1,1
118827810,13,21,17,16,17,17,22,18
26012,36,31,31,24,37,35,37,35
51377,275,299,209,188,252,262,225,241
85465,45,34,20,32,42,49,31,44
100132651,0,0,0,0,0,0,0,0
23284,10,10,18,12,9,16,11,15
80329,33,27,13,39,27,43,30,30
3925,1325,1509,1091,1123,1474,1226,1280,1352
3800,64,75,80,50,68,61,72,75
101928794,3,0,4,2,4,5,4,2
6515,5,3,12,13,19,10,10,20
10476,541,645,463,486,586,580,496,610
100288974,2,5,0,6,4,7,3,7
64168,50,76,67,64,21,45,47,63
105376429,0,0,0,0,0,0,0,0
105378157,1,0,0,0,0,0,0,0
5586,317,339,193,200,202,202,183,237
3486,0,0,0,0,0,0,0,1
83442,181,210,207,191,235,212,217,244
391211,0,0,0,0,0,0,0,0
59336,16,21,16,20,21,29,25,11
22899,0,1,0,0,1,1,3,0
23316,1,1,4,3,2,2,1,5
105378847,3,5,0,1,3,2,1,3
57761,38,46,40,29,39,42,42,37
100189200,1,0,0,0,0,0,0,0
124900190,3,4,4,3,2,4,2,0
148867,157,164,73,66,67,75,70,81
4137,21,31,53,51,62,54,44,52
6195,16,10,22,11,17,15,29,24
23457,5,3,0,6,6,6,8,7
7020,145,139,130,115,120,89,105,108
149233,0,0,0,0,0,0,0,0
8745,16,11,16,11,24,12,23,18
10380,54,77,37,49,71,63,58,69
100131083,22,27,15,12,15,19,10,17
51593,429,422,140,135,179,211,210,209
100169758,0,0,1,1,0,0,0,0
55812,15,12,10,11,27,16,23,15
124905157,1,0,0,0,0,0,0,0
4056,1,0,1,4,3,5,5,2
3844,1,3,1,2,1,3,3,6
128977,182,176,156,142,208,185,145,184
283149,1,3,6,11,2,6,11,5
105373159,6,8,1,6,4,3,6,9
105373058,2,3,1,0,1,0,1,1
202459,9,11,5,6,1,3,8,3
285829,1178,1223,792,733,866,875,842,880
55048,12,11,13,15,13,4,13,15
55540,11,16,7,5,7,7,4,9
105371901,1,0,0,0,0,0,0,0
84803,29,24,19,21,26,21,16,20
105370756,0,0,0,0,0,0,0,1
23347,125,133,109,75,104,111,96,117
100129982,8,15,12,5,7,7,10,12
26168,14,30,20,11,24,25,17,25
10630,72,74,64,42,75,78,58,62
646620,47,40,34,47,63,53,42,41
2746,219,248,106,135,113,129,144,136
79644,52,66,49,46,50,50,57,42
390,111,109,133,109,128,84,85,93
9308,14,15,13,6,11,12,10,14
107986949,0,0,1,0,1,1,0,0
91522,0,1,1,1,1,0,2,2
9138,8,13,18,15,14,7,11,12
81628,22,21,19,25,34,37,37,27
100381270,14,11,10,9,5,5,6,7
2592,28,29,26,21,34,33,49,39
150290,12,20,4,9,6,5,8,9
64207,48,40,40,63,24,21,22,19
112268176,1,0,0,0,1,0,0,1
6747,340,387,281,255,266,296,244,287
79589,14,13,8,8,12,10,9,6
84102,64,70,34,25,35,30,32,35
51042,312,439,172,172,193,175,198,182
100130347,0,0,0,0,0,1,0,0
140862,5,10,13,12,11,8,10,11
6929,118,105,110,119,145,108,135,125
100873949,0,1,1,1,1,1,0,0
221079,64,36,63,76,79,65,63,90
105377212,0,0,0,0,0,0,0,1
363,0,1,0,1,0,0,0,0
6607,442,516,387,390,428,349,294,395
25855,203,205,46,46,56,55,60,81
100128339,1,0,0,0,0,0,0,2
64750,70,69,37,27,34,41,43,37
100271624,13,17,18,12,6,17,10,28
139322,126,110,82,94,104,69,53,85
284029,6,6,2,0,2,7,1,5
78998,1,1,1,5,3,2,2,1
7046,58,48,26,25,18,30,31,30
727909,1,1,1,2,4,4,4,6
10123,32,21,30,22,23,28,24,28
2771,58,55,51,57,57,62,65,77
7554,39,22,14,25,27,30,21,25
105371688,1,1,0,0,0,0,0,0
6341,172,165,111,100,112,118,115,140
54865,1138,1317,321,303,400,441,428,426
124906357,0,0,0,0,0,0,0,0
100130148,0,0,1,0,0,0,0,0
5630,12,12,7,12,20,16,17,21
100422273,2,7,3,0,0,1,0,3
654319,0,0,0,0,0,0,0,0
432,4,2,5,3,5,10,8,7
6558,413,446,186,232,141,208,222,239
121512,12,15,8,14,6,10,12,17
100131740,3,1,4,6,4,3,3,2
23753,136,136,89,83,96,75,99,89
102724827,4,2,1,3,3,2,1,1
124901317,0,0,0,0,1,1,0,2
221496,22,22,17,13,21,21,33,28
124902272,0,0,0,0,0,0,0,0
51260,156,178,82,53,68,92,75,94
100507444,3,11,9,5,5,8,7,6
9321,122,115,81,67,96,93,104,102
123346,15,15,11,13,11,15,8,18
6835,221,237,52,61,79,88,93,97
441478,106,189,264,215,275,239,228,279
64097,6,5,15,13,16,12,7,7
101928177,2,2,2,0,1,4,3,6
387841,587,602,557,480,646,583,486,541
100506965,0,0,1,0,0,0,0,0
23398,148,171,99,87,147,122,123,175
54454,33,25,14,12,23,24,31,26
105378691,0,0,0,0,1,0,0,0
124904132,1,0,3,1,0,2,0,2
2235,66,81,49,64,62,72,88,75
130617,18,22,37,31,41,24,18,33
124906127,1,0,0,0,0,0,0,1
153733,69,75,85,81,112,80,92,74
102723728,46,38,39,34,34,41,47,37
11322,17,10,13,11,20,17,17,23
8327,3,4,5,4,3,2,2,5
100189133,8,5,2,1,0,4,2,5
4026,79,63,63,48,42,52,58,65
80308,149,168,74,81,101,106,102,117
10134,533,588,395,363,459,527,529,549
267004,0,0,0,0,0,0,0,0
124900344,0,0,0,0,0,0,0,0
105371479,0,0,1,0,0,0,0,0
100289060,35,43,17,17,21,27,19,37
124902101,0,0,0,0,0,0,0,0
55092,8,7,5,7,11,8,8,7
54882,34,38,45,40,48,45,56,45
81575,29,34,93,76,104,86,91,83
6240,303,338,273,273,343,354,328,342
119385,1,1,1,3,4,6,3,4
124901007,1,0,1,0,0,1,0,0
7405,16,22,30,20,17,28,27,23
124901485,6,6,2,4,7,4,0,2
100505532,1,0,2,0,2,0,0,0
6574,123,114,83,84,90,100,114,104
91647,44,55,19,23,46,32,35,41
1628,9,14,19,20,25,17,19,20
23195,134,160,145,100,158,118,133,157
326310,920,1236,968,900,1170,1045,1045,1072
79064,87,126,87,87,88,96,87,94
22875,20,33,18,19,28,21,24,23
256006,7,7,5,2,2,5,7,1
389435,1462,1755,1463,1410,1554,1690,1450,1611
653557,9,6,3,3,4,7,5,6
124904181,1,0,1,0,0,0,0,0
100506302,25,30,17,10,11,13,12,18
8900,7,1,2,4,1,5,4,7
100507412,5,2,1,1,0,0,2,2
729423,18,13,13,13,19,29,28,16
5223,128,153,119,111,172,125,138,149
3673,33,51,27,23,31,42,38,57
10988,937,1071,827,744,988,972,843,972
11224,7027,7719,6127,5791,6907,7555,6275,7340
54996,11,14,17,22,28,15,27,15
100033407,0,0,0,0,1,0,0,0
57005,1,0,1,1,0,2,0,0
9749,157,160,156,120,125,121,148,146
152992,14,21,16,9,23,15,18,16
54883,130,149,80,77,91,75,78,98
90933,34,31,16,11,11,21,23,21
100874499,0,0,1,0,0,0,0,0
9798,130,139,74,73,106,106,121,144
7062,6,3,2,5,8,2,0,8
124903541,0,0,0,0,0,0,0,0
102723811,0,0,0,2,0,0,1,0
440138,36,20,7,12,16,13,20,9
5525,34,40,31,28,37,34,35,43
56897,49,51,33,42,37,35,58,49
257397,12,23,13,23,28,20,26,27
1124,3,3,3,2,3,2,1,3
51188,120,143,63,48,75,81,86,99
4294,9,5,5,7,5,7,13,3
57396,40,39,53,55,48,40,29,40
121642,113,133,102,82,99,84,85,103
51003,140,171,72,75,110,99,79,102
107985911,21,32,9,17,19,13,17,16
200576,70,63,51,80,29,38,58,48
107985568,0,1,1,0,0,0,0,2
3631,14,11,22,21,31,15,17,20
9727,33,22,24,24,27,20,23,15
51585,85,86,31,27,44,53,64,48
106481702,10,6,6,4,11,3,11,8
6799,1,3,3,1,1,5,5,3
497661,5,3,5,2,2,4,3,2
100113393,0,0,0,0,0,0,1,0
3742,3,1,7,3,5,3,6,2
10213,539,573,440,438,564,527,439,457
56889,253,245,134,117,151,179,209,173
137964,107,84,39,30,42,56,57,58
100271330,22,16,20,18,22,19,25,25
2051,0,1,3,2,0,0,1,2
261726,312,326,214,254,268,252,236,242
64208,53,53,55,43,68,40,56,57
54859,137,142,99,80,115,96,94,97
10555,118,112,55,51,66,65,73,68
138199,111,124,39,34,43,51,66,54
339352,4,4,9,14,22,12,10,15
124904287,1,3,3,0,1,1,3,2
441386,250,309,206,198,218,244,217,228
103091866,7,5,9,5,12,13,9,10
255403,7,8,4,0,0,6,5,4
79071,94,139,46,45,59,67,64,81
29889,337,381,210,204,301,225,232,244
100996842,14,14,4,5,13,6,6,10
107984723,4,1,3,3,9,5,7,4
554202,1,1,1,2,2,3,0,3
124900287,1,0,0,3,0,1,1,2
155370,77,78,38,32,53,58,46,47
5803,2,2,1,6,1,4,5,3
93986,52,51,46,39,38,35,46,51
124901277,1,1,2,0,0,0,1,2
105370519,0,0,0,0,0,0,0,2
106479119,0,0,0,0,0,1,1,0
439990,1,0,0,0,1,0,0,0
4926,86,109,111,101,122,123,85,114
6399,79,100,67,64,60,67,70,75
100271571,0,1,4,1,1,1,1,2
54926,100,82,78,89,95,96,94,89
55571,55,41,36,32,46,28,51,34
553117,174,200,160,136,121,173,155,170
440498,15,22,29,19,28,45,28,45
26272,36,34,11,18,25,26,28,30
2894,4,2,5,4,6,2,8,8
51804,16,17,22,16,19,20,29,19
339263,112,80,51,47,64,63,70,67
669,59,60,27,33,41,34,36,43
28952,42,31,33,22,33,28,32,38
100132047,25,32,19,21,23,22,27,34
9013,13,11,9,7,9,9,13,14
158905,2,2,0,0,0,0,0,0
106481967,21,26,9,13,16,12,12,16
10778,93,88,65,69,80,70,81,81
26788,3,1,3,2,2,1,4,1
5313,0,0,0,1,1,0,0,2
25938,69,73,57,41,49,45,37,39
1822,56,59,78,66,96,62,58,74
100130109,598,628,346,343,441,442,369,449
8504,79,81,39,36,38,54,47,63
113419,40,39,18,17,27,26,32,23
340706,0,1,1,0,0,0,0,0
2005,62,40,35,39,31,36,51,36
152189,27,31,27,25,41,34,44,28
338651,0,0,0,0,0,1,0,0
107986355,0,0,2,0,0,1,0,2
101927552,1,0,0,0,0,0,0,0
79893,171,190,187,187,234,250,185,218
84864,82,85,48,48,43,61,68,72
106480708,1,0,0,0,0,0,1,0
403313,10,15,8,13,10,21,14,17
8910,85,120,70,65,86,90,71,95
254170,26,27,16,17,16,24,27,18
124901611,2,0,0,0,0,0,0,1
100506723,8,9,6,6,8,10,11,2
8905,293,257,300,283,268,227,219,286
11161,91,135,64,64,82,94,88,94
4435,23,19,19,12,23,18,19,14
100147744,3,1,0,0,2,2,0,0
84330,15,4,6,4,7,4,7,16
408186,4,7,4,2,5,4,10,3
2497,19,16,9,12,4,23,12,8
126859,1,0,1,0,0,0,0,0
4722,319,383,222,239,301,274,240,266
100286844,3,3,1,0,2,1,3,3
401022,9,7,4,6,17,6,8,10
7791,85,81,50,43,57,38,75,72
1958,256,317,91,163,65,94,161,92
57142,142,145,162,171,177,150,177,145
105379548,2,5,3,5,2,5,0,6
101929023,0,0,2,0,0,0,1,0
105378688,1,4,1,1,3,0,2,2
10128,236,249,220,240,263,257,226,233
7381,878,962,876,758,1050,1022,885,989
4957,48,44,57,33,46,51,33,47
25831,185,199,186,116,194,125,146,177
78997,2,3,0,1,0,4,1,2
84062,53,51,34,48,51,38,43,54
94103,65,79,44,40,64,58,31,70
54987,168,187,92,101,114,126,97,141
10603,2,1,4,3,4,1,2,3
105377136,1,0,0,0,0,0,0,0
124906349,0,0,0,0,0,0,0,0
57718,6,3,4,8,2,2,4,1
442292,0,0,0,0,0,0,0,0
100505812,6,9,2,1,5,5,6,5
10681,41,35,28,26,33,34,31,45
6525,19,34,11,12,15,14,11,10
100874058,6,7,9,7,9,11,6,11
64841,191,218,118,120,168,168,136,179
220972,17,12,20,14,16,9,16,19
105369323,0,1,0,0,0,1,0,0
4261,3,1,0,0,1,0,0,0
107986856,6,6,3,3,5,16,7,6
56654,108,98,97,82,97,92,101,112
124902859,1,3,0,0,0,1,1,1
644425,1,0,0,0,0,0,0,0
101929602,3,1,0,0,0,0,0,1
689,3346,3754,2934,3057,3570,3294,2945,3300
100191063,4,5,1,0,0,7,3,3
105374836,2,1,0,0,0,0,0,1
8289,80,76,67,64,71,70,68,71
2053,17,21,27,21,25,22,27,33
79801,79,82,45,25,45,80,74,69
124902928,1,1,0,0,0,0,1,0
107987020,1,3,1,2,0,1,2,3
5763,248,281,247,260,348,320,305,319
90488,188,213,167,195,164,156,168,161
9533,190,208,82,80,80,115,120,134
124903740,0,1,0,1,0,0,0,0
148156,10,9,7,11,5,7,13,17
106478919,13,12,5,7,9,13,15,16
4034,8,4,6,0,7,4,8,8
81558,6,12,5,5,6,9,10,8
84660,1,1,1,2,3,2,0,1
54953,86,110,85,72,80,74,81,98
27094,8,2,1,3,3,3,5,6
64772,6,8,4,3,10,8,6,11
121504,1,1,0,2,1,0,0,2
55198,21,16,14,11,18,23,17,22
1070,244,248,190,183,239,198,190,235
5537,115,125,88,74,126,85,100,98
3605,0,0,0,1,0,0,0,0
54460,856,918,666,705,849,813,741,832
378708,68,65,21,32,32,42,42,38
284611,13,21,9,17,16,24,20,9
100527946,994,1113,465,518,674,594,619,655
100189136,0,2,0,0,0,0,0,0
105373928,0,0,0,0,0,0,0,0
64816,0,0,1,0,0,0,0,0
107986631,0,0,0,0,0,0,0,0
25842,141,132,46,49,59,59,86,65
37,76,80,85,65,91,71,77,74
8569,37,56,43,30,34,31,34,46
100101932,2,1,2,2,1,0,4,0
64900,12,9,16,8,11,11,15,16
23632,1,2,0,1,1,0,2,2
205564,182,174,108,100,128,119,97,120
9289,0,0,0,0,0,0,0,0
2169,0,0,0,0,0,0,0,0
105377289,0,0,1,1,0,0,0,0
57685,23,24,12,12,17,14,18,19
221838,5457,6421,6106,5981,6924,5808,5261,5991
105375949,0,0,0,0,0,0,0,0
6863,23,13,6,7,9,22,17,19
57172,1,0,0,0,0,1,1,0
124905534,0,0,1,0,0,0,0,0
54838,50,52,29,27,30,31,30,34
51710,16,17,13,7,13,6,15,12
2601,11,13,9,20,5,9,8,16
126075,1,2,2,3,6,1,2,3
105372884,0,1,0,0,0,0,0,0
4716,1129,1242,1297,1255,1471,1210,1071,1236
57380,146,137,76,63,84,76,89,106
101927550,6,5,3,4,4,0,5,1
100423003,0,0,0,0,0,0,0,0
1028,2,3,11,8,6,7,7,9
4257,287,326,176,166,213,328,299,311
100421350,0,1,0,0,0,0,0,0
84084,3,2,1,3,0,2,2,1
109729137,0,0,1,0,0,0,1,1
100129234,76,74,58,39,46,84,41,51
51290,249,260,133,129,147,150,162,169
79175,37,21,15,7,23,9,17,11
340073,0,0,0,0,0,0,0,0
2695,1,2,3,3,1,3,0,3
4711,213,231,181,168,217,238,191,229
192111,183,186,93,90,90,108,121,103
8416,2,0,0,1,1,1,2,0
25939,83,103,124,116,136,64,72,57
124904469,0,2,1,2,1,1,1,1
741,54,57,22,17,30,31,35,42
84529,15,11,18,19,21,24,21,24
107984092,2,2,3,3,3,4,0,1
29763,20,25,40,30,41,34,34,36
57602,131,122,95,77,105,90,72,88
100132147,2,0,0,0,0,1,1,0
130576,15,13,18,20,24,26,15,15
124909401,0,0,1,0,0,0,0,1
5108,548,512,330,262,365,420,373,460
10434,258,280,166,163,253,227,206,230
399744,5,5,2,2,4,0,1,2
353324,0,0,0,0,0,0,0,0
100874469,11,8,7,5,10,6,7,8
106481716,0,0,0,0,0,0,0,0
105369520,1,0,0,0,0,0,0,1
51720,56,83,77,80,84,70,68,83
55699,287,337,324,305,403,401,389,416
374395,107,116,82,76,91,107,102,104
106478922,1,0,0,1,0,0,0,0
286437,3,6,2,3,5,5,4,2
10437,112,147,67,61,101,147,128,158
124905342,0,0,1,0,1,0,0,0
57018,102,87,104,75,90,68,78,105
55156,152,170,129,108,152,161,154,165
26973,258,264,118,93,142,138,134,151
101060321,4,2,3,2,4,1,4,5
730101,13,17,16,10,30,27,21,22
4126,18,9,15,13,21,11,11,19
144100,9,7,12,9,13,19,12,14
5825,141,112,78,72,86,94,106,116
105378438,0,1,0,0,0,0,0,0
100289574,1,0,0,1,2,0,1,0
1050,40,54,37,27,38,37,47,47
8557,3,1,1,1,1,3,2,1
221301,0,0,0,0,0,0,0,0
390308,8,6,6,11,3,9,3,7
22945,0,2,1,1,1,3,1,1
875,56,83,86,48,71,51,56,65
22838,51,62,89,87,88,78,71,79
105377286,0,0,0,0,0,0,0,0
100189254,0,1,0,0,0,0,0,1
29945,91,66,50,44,58,59,51,76
231,525,614,466,423,574,510,467,537
7207,0,0,0,0,1,0,0,0
401770,10,15,7,5,5,9,17,10
728229,1,4,3,2,10,5,1,4
101060264,23,30,34,29,35,38,32,33
440829,5,4,6,4,3,9,6,9
57144,3,2,4,2,0,0,1,1
26018,19,26,38,23,39,38,41,25
107986374,54,51,24,30,35,41,54,43
101929003,1,1,0,0,0,0,0,0
51393,3,1,2,1,3,5,2,3
1917,13,19,15,13,18,25,9,18
284018,63,72,85,85,119,92,94,107
100128776,2,1,2,0,0,2,1,2
64429,93,78,26,31,44,41,32,46
407043,0,0,0,0,0,0,0,0
57794,57,57,22,15,35,33,33,30
165324,87,81,85,51,82,86,88,85
51136,32,62,14,12,26,29,21,22
101929071,0,0,0,0,0,0,0,0
130271,10,8,13,8,12,14,8,18
735301,225,295,109,114,149,262,228,279
51154,414,496,198,191,213,229,239,264
728537,4,3,1,1,1,2,2,0
105372310,135,121,65,83,23,55,67,55
2098,505,550,476,435,542,422,444,507
31,74,55,82,58,72,85,94,71
79989,41,42,38,20,35,22,25,32
51255,301,302,280,332,379,283,266,320
730177,0,0,1,0,0,1,1,1
124902298,0,1,0,0,0,0,0,0
143903,6,9,6,6,11,14,14,6
23368,13,24,8,4,8,14,15,24
124908002,0,1,1,0,2,3,1,1
3010,0,1,0,0,0,0,0,0
730394,123,157,51,62,79,74,91,108
94162,7,5,5,1,4,3,1,3
23554,80,91,59,58,68,58,50,77
1566,0,0,0,0,0,0,0,0
10234,2,4,3,5,1,5,8,9
1938,3248,3489,3833,3672,4532,3405,3320,3652
55508,71,71,25,22,34,40,34,30
54910,9,6,15,12,29,14,12,16
23275,13,26,12,12,20,12,16,19
728833,28,43,39,27,44,33,35,54
145241,0,0,0,0,0,0,0,0
9738,81,92,92,72,101,65,77,83
85028,58,91,43,43,52,59,50,68
85487,258,326,255,255,265,302,245,245
1719,588,555,451,464,508,493,524,556
203062,1,3,3,3,2,1,3,0
124904085,4,4,0,1,2,2,2,2
51104,12,19,14,17,17,17,18,13
316,0,0,1,0,0,0,0,0
4297,138,127,162,109,123,103,140,150
646255,194,212,162,121,161,183,136,177
5387,6,6,4,6,11,5,4,11
134829,2,1,0,3,3,1,2,1
537,283,278,217,227,295,217,227,255
56829,132,135,90,95,94,71,98,92
51747,778,898,571,495,586,717,640,797
101927895,4,4,6,3,2,4,5,9
124904933,1,0,0,0,0,2,1,1
391378,0,0,0,0,0,1,0,0
79712,11,9,12,12,10,12,11,8
60672,76,85,37,41,47,51,53,48
57664,12,14,23,17,23,33,27,17
51320,17,19,13,15,24,12,16,24
100134368,0,0,0,0,1,0,0,0
360179,2,0,0,0,0,0,0,1
392302,4,7,5,4,3,4,4,1
105369340,8,8,4,6,2,5,9,7
23420,144,134,120,108,127,99,161,130
326300,78,89,74,42,57,69,58,63
11013,33,36,27,21,41,23,17,41
10113,61,60,41,30,36,48,48,57
220930,12,6,19,20,24,17,15,14
10695,127,171,98,97,110,98,104,104
29911,8,4,9,8,8,9,5,15
133874,0,0,0,0,0,0,0,1
100506810,0,0,0,0,0,0,1,0
128125822,1,1,1,2,1,1,0,1
26515,78,75,35,24,26,32,44,32
6404,1,0,0,0,0,1,1,0
645656,63,93,75,78,69,98,86,89
645426,2,5,4,3,5,7,3,2
105373194,5,6,7,9,3,5,9,8
55313,27,35,41,28,41,34,21,38
64924,119,125,65,74,92,95,87,88
340274,3,4,0,4,1,2,3,1
102724168,4,1,6,2,6,4,8,7
3099,46,55,90,105,57,31,46,43
23211,258,252,88,96,35,69,106,84
100101405,3,10,2,7,2,5,5,9
100130178,10,11,4,6,7,3,8,9
51299,82,82,231,215,235,154,126,165
124901800,0,0,1,0,0,0,0,0
86,178,215,150,129,164,173,160,194
55173,370,387,227,200,253,230,241,260
388610,9,17,5,9,15,10,16,9
196294,80,74,67,68,75,73,63,81
4571,485,547,1049,984,1629,1322,1396,1234
100131284,0,0,0,0,0,0,0,0
7754,30,33,34,30,47,37,47,43
59345,76,82,79,58,90,78,96,90
124905557,9,6,1,4,4,16,11,5
440093,308,357,175,163,181,162,125,226
25897,19,16,44,28,38,25,13,27
101928896,0,0,0,0,0,0,0,0
7784,15,12,13,12,6,9,2,7
10298,10,20,7,15,9,11,12,8
692197,0,0,1,0,0,0,1,0
79609,21,18,18,15,14,9,9,21
83989,338,349,277,237,317,321,313,331
10251,0,0,1,1,0,0,0,0
60685,47,36,24,30,51,35,38,30
127379753,2,2,1,2,0,3,1,3
121952,0,0,0,0,0,0,0,0
124905087,0,0,1,1,0,0,0,0
100421148,1,1,1,0,0,1,0,1
123355,36,41,41,31,60,46,45,36
153572,0,0,0,0,0,0,0,0
9246,20,18,72,59,71,23,19,30
284385,13,24,9,2,12,7,7,8
118827809,1,0,0,0,0,0,0,0
51237,0,0,1,0,1,0,0,0
100506443,0,0,0,0,0,0,0,0
101927293,8,9,10,2,6,5,6,5
11160,65,90,43,38,49,63,69,70
645980,0,0,0,0,0,0,0,0
152816,0,0,0,0,1,0,0,0
9212,528,593,417,376,475,411,385,457
124905560,22,33,28,29,39,35,26,33
90407,50,51,25,32,35,29,30,26
128966557,0,1,0,3,0,5,3,2
100130461,1,0,0,0,0,0,0,0
80025,57,63,67,46,70,67,65,69
106633805,1,0,1,0,0,1,0,0
200894,62,90,62,62,87,80,80,76
10498,129,115,94,84,84,74,116,122
51126,362,334,203,191,254,230,243,250
389672,8,3,4,7,3,4,8,7
124900684,1,0,0,0,0,0,0,0
8091,79,60,54,56,60,68,78,52
3482,50,71,57,34,41,51,40,61
23114,1,1,1,2,2,0,1,3
65003,259,280,195,190,201,219,241,229
3547,0,0,1,0,0,0,0,0
6850,42,37,15,11,25,23,34,36
57224,68,71,71,104,63,54,74,61
109617011,0,0,0,0,0,0,0,0
23066,17,12,11,14,17,15,20,27
284100,2,2,0,1,0,1,2,0
117134601,0,3,0,2,1,2,1,3
100101933,5,12,6,9,5,17,6,5
11011,51,45,38,34,43,42,66,60
2108,465,560,349,339,426,414,394,412
105371259,0,0,0,0,0,0,0,0
2671,24,26,23,27,19,19,19,25
390581,29,26,25,14,20,30,26,30
124902297,1,0,0,0,0,0,0,1
4337,17,22,19,21,26,23,24,15
55234,269,265,165,167,162,149,121,170
105372324,0,0,0,0,0,0,0,0
729347,32,63,33,51,55,48,48,46
8574,221,228,262,218,332,199,204,207
100507058,0,0,0,0,0,0,0,0
79953,5,5,16,15,10,11,9,10
100271323,22,27,27,14,28,35,32,20
10116,160,159,115,141,122,162,172,175
79169,179,210,173,170,210,160,199,188
1234,0,0,0,0,0,1,0,0
80306,198,200,147,121,160,126,142,156
338017,2,1,0,0,1,0,0,0
162967,91,94,58,57,57,83,69,78
80213,139,151,126,130,135,163,149,191
105378849,0,0,1,0,0,0,0,0
644511,300,278,252,248,210,284,237,278
9211,0,2,1,3,3,2,2,3
112267918,1,0,0,0,0,0,0,0
3214,48,50,31,16,28,30,42,48
124906262,122,99,51,77,22,51,61,58
254295,11,15,2,8,7,12,15,13
347344,9,5,7,4,7,7,4,3
7392,221,182,132,109,131,130,171,152
57136,142,185,100,97,137,112,98,136
93058,15,16,15,22,27,27,30,26
400658,1,0,0,0,0,0,0,0
105369758,2,5,0,2,3,2,5,0
9617,35,34,17,15,30,18,24,20
26173,25,28,35,32,26,21,31,37
107984018,0,0,0,0,0,0,0,0
105370886,1,0,0,1,0,0,0,0
9878,171,214,135,140,135,138,159,165
677772,0,1,1,0,0,0,0,0
2079,1324,1528,729,696,840,912,975,894
93109,5,5,17,12,24,11,11,16
2639,35,21,17,18,25,28,31,18
387509,6,10,21,6,22,3,7,14
124901766,0,0,0,0,0,0,0,0
841,44,56,27,28,35,30,33,37
54997,24,16,17,20,22,16,20,17
9830,47,60,53,42,49,57,63,71
100128168,28,30,19,13,19,25,23,27
80325,1,1,6,2,0,0,4,2
105369534,0,0,0,0,0,0,0,0
53354,18,14,15,11,18,18,18,9
107987119,0,1,0,1,0,0,0,0
9758,34,34,23,10,16,20,23,26
192683,13,6,8,7,9,8,5,13
280636,639,697,544,484,659,724,579,703
644070,0,0,0,0,0,0,0,0
105378492,1,0,0,0,0,0,0,0
2114,60,65,56,60,64,48,45,56
105373247,0,0,0,1,0,0,2,0
56474,11,20,23,12,17,7,15,19
10818,31,29,28,31,24,23,23,31
5594,81,85,68,44,90,79,112,77
1975,486,485,523,520,537,470,521,566
5428,39,36,48,52,63,53,62,53
124900251,0,1,0,1,0,0,2,1
124903825,5,6,6,2,2,2,6,3
11193,147,175,138,116,178,159,138,196
9489,54,55,32,27,36,45,46,49
54901,85,96,51,71,32,47,55,62
9635,0,0,0,0,0,0,0,0
5037,1660,1974,1616,1464,1892,2030,1649,1810
440078,1,1,0,0,0,1,1,3
645256,0,0,0,0,0,4,2,1
653259,2,1,3,2,4,0,1,1
105376204,1,0,0,2,1,0,0,1
121268,2,5,4,3,6,4,6,3
728226,0,0,0,0,1,1,1,0
128462380,6,2,10,5,4,2,6,12
221481,1,0,0,1,0,1,0,1
8019,411,405,360,351,434,286,319,371
51132,123,124,112,105,109,86,96,111
9782,786,776,693,658,867,856,761,833
9585,439,463,265,257,293,387,361,361
4763,75,67,66,49,49,54,70,79
79441,27,21,18,12,17,17,16,21
9894,45,38,44,31,37,29,46,39
7567,4,3,1,3,7,2,3,0
100189178,0,0,0,0,0,1,0,0
79012,4,2,8,6,8,10,7,5
4259,312,368,297,234,308,306,316,334
124902175,0,0,0,0,0,0,0,0
105371374,0,0,0,0,0,0,0,0
353131,0,0,0,0,0,0,0,0
441376,3,5,3,2,5,8,6,4
7516,88,83,53,53,47,62,55,63
4791,4,3,9,8,13,9,4,11
4281,92,77,93,84,80,82,84,76
22806,25,34,13,13,9,17,17,25
440934,30,37,20,33,24,50,33,40
51009,205,248,86,84,91,130,93,120
10049,169,174,85,91,125,107,90,121
7040,5,2,6,4,5,7,7,9
137290,3,3,1,1,2,1,0,2
115825,24,24,20,13,20,16,26,21
6262,87,91,26,42,49,65,46,51
101927506,2,3,0,1,1,1,1,3
23143,17,15,13,15,12,33,18,20
8100,39,34,20,22,29,39,31,30
124901152,0,0,0,0,0,1,0,0
5253,31,33,26,16,28,16,24,37
10531,171,179,107,111,126,137,141,160
643432,0,0,0,0,0,0,0,1
57232,0,1,2,0,2,0,1,0
3726,8,6,16,22,16,13,13,13
51035,238,280,262,270,348,273,270,299
100628315,0,0,1,0,0,0,0,0
55111,186,216,237,218,247,242,201,235
6320,60,62,38,40,63,90,79,99
56851,296,362,164,153,204,215,192,213
645073,0,0,0,0,0,0,0,0
84958,2,1,3,2,4,3,2,6
9912,4,12,7,12,16,17,13,8
2335,37,41,49,47,51,33,33,41
100289410,9,11,12,7,6,7,9,12
161882,8,7,7,8,8,6,7,10
284697,9,6,9,5,10,16,16,12
105376843,521,656,280,270,329,798,677,816
100420300,7,13,8,12,4,12,3,9
7528,448,470,419,393,454,529,393,434
51096,270,259,152,145,180,190,233,212
101927699,1,1,0,0,0,2,2,1
4771,215,247,127,128,128,134,120,145
5606,107,132,83,94,109,114,94,121
55351,0,0,0,0,0,0,0,0
124901796,0,0,0,1,2,0,1,0
100420159,21,20,32,27,34,17,17,19
105376626,0,1,0,0,0,0,0,0
51564,13,12,24,26,38,35,34,25
3276,484,567,399,357,428,398,400,466
728535,0,0,0,0,0,0,0,1
84182,0,2,1,0,0,0,0,1
728116,3,3,5,1,7,7,5,4
8718,4,2,2,3,4,10,1,4
84916,287,273,142,104,143,167,144,178
384,42,41,48,48,77,54,67,85
100287175,0,0,0,0,1,0,0,0
105371260,2,2,0,0,1,3,0,0
255520,56,78,34,45,54,55,47,62
7514,325,287,221,187,290,257,249,221
79573,50,53,39,29,38,28,39,43
101928433,4,3,3,8,10,16,7,13
100507526,20,18,11,6,11,10,6,10
3420,366,406,367,334,390,400,379,376
106480442,273,328,173,155,177,247,218,255
105374989,2,1,0,0,0,0,0,0
1979,205,205,73,92,72,93,157,114
124905253,0,0,0,0,0,0,0,0
6811,46,60,27,34,31,44,26,30
57494,52,67,88,90,53,69,49,70
100131940,4,6,4,5,3,6,5,5
10901,86,99,112,107,132,105,86,83
441246,1881,2195,1646,1574,1820,2085,1713,2001
3020,393,473,365,349,399,472,402,461
91179,7,2,5,8,5,1,2,3
115482707,4,8,4,3,6,7,6,4
7073,196,166,142,99,119,143,153,190
4513,5298,4638,4955,2529,2885,5795,4496,6110
124902139,1,0,0,0,0,0,3,1
5889,278,285,160,143,199,221,212,238
51545,109,105,186,160,222,122,130,146
283796,2,1,0,1,0,0,1,1
8609,9,5,17,17,12,11,6,7
1314,164,184,167,140,179,167,161,185
79902,176,200,125,127,136,127,110,158
100419780,0,0,0,0,0,0,0,0
399473,0,1,2,3,2,1,5,3
107985097,4,4,2,3,1,6,2,3
440193,29,29,44,36,41,33,43,44
102724751,3,4,0,2,2,3,2,2
84518,126,154,70,67,104,148,134,129
124902262,0,1,0,0,0,0,0,0
133308,27,18,15,14,16,14,12,22
105369464,0,1,0,0,1,0,0,0
105374419,3,3,0,1,1,1,1,2
8193,12,21,16,13,11,16,15,15
8412,8,2,13,12,8,8,9,11
107984641,0,0,0,0,0,0,0,0
55734,68,74,73,48,68,52,55,67
149603,132,178,151,144,153,162,192,154
124903877,5,3,4,6,0,6,7,4
100134868,3,5,1,1,6,3,2,1
102659353,156,141,80,80,65,106,57,104
23135,27,19,36,44,30,19,24,17
2330,256,316,305,260,311,285,229,309
337972,2,2,2,1,2,2,1,1
389901,454,497,408,389,476,445,437,460
57532,235,227,129,118,158,130,159,184
106635615,62,53,36,27,40,58,53,48
1212,52,62,29,51,62,51,57,51
1837,22,43,52,40,35,39,30,34
105376154,1,0,0,0,0,1,0,2
8353,4,23,3,3,2,5,7,1
64787,0,1,1,0,0,1,1,3
100420880,2,8,2,0,3,2,1,1
64901,21,15,15,20,20,16,17,14
105372019,0,0,0,0,0,0,0,0
124901718,1,2,1,0,0,0,2,0
389428,14,24,13,5,16,13,15,18
5910,70,82,34,47,60,56,68,64
23585,431,475,296,224,325,334,329,353
3459,71,83,46,52,51,54,41,58
81035,39,36,22,19,36,29,23,30
152594,9,12,7,3,2,7,6,2
253152,13,15,2,9,4,6,6,5
3598,2,0,0,0,0,0,0,0
4538,4045,3773,4716,2513,2709,4708,4015,5239
100189168,4,0,0,1,3,1,3,2
100131067,11,8,8,9,10,7,5,12
51030,18,20,10,7,14,13,8,13
5663,82,89,61,49,79,55,79,76
51043,1,2,3,3,0,2,4,3
101929709,0,3,0,0,0,1,2,0
26978,42,49,48,37,30,42,39,45
128272,3,3,2,3,3,5,1,2
26807,0,6,2,4,1,1,2,2
3028,534,634,526,540,679,613,539,587
105370346,0,0,0,0,0,0,0,0
7752,31,47,19,22,15,24,32,18
57576,4,1,3,2,12,1,4,3
8312,44,40,25,37,42,27,36,44
6038,6,6,17,15,19,11,11,16
100873786,3,2,1,3,1,1,1,2
10758,7,7,11,19,16,15,18,22
90639,86,81,55,36,60,60,52,60
22994,12,8,14,18,24,21,20,11
105376306,1,0,1,1,1,0,0,1
492295,2,2,2,0,2,0,1,3
100130992,1,1,1,0,0,1,0,0
27249,211,247,162,151,190,171,148,191
100874032,0,0,0,0,0,1,0,0
389119,1,0,1,0,4,1,0,0
160857,31,38,30,24,31,49,34,48
124905541,1,0,1,0,0,1,0,2
107986592,5,3,5,0,1,1,0,3
10606,608,600,561,551,633,561,601,661
124905184,1,1,1,1,0,0,2,1
2562,40,40,18,23,24,24,39,38
101243545,22,16,7,10,6,10,14,17
91351,2,2,5,15,7,1,3,2
124902208,0,0,0,1,0,0,0,0
79469,7,10,5,2,3,4,7,8
2303,0,1,1,4,0,1,2,2
26805,5,6,7,5,8,7,7,7
6996,431,411,193,173,231,247,285,279
107984367,0,0,0,0,0,0,0,0
11257,29,30,21,26,33,23,31,33
677800,10,19,10,7,16,23,9,5
51496,128,108,100,82,110,89,95,110
5168,27,13,13,12,14,7,9,14
11144,7,7,8,1,5,12,4,2
10768,104,94,136,115,138,155,152,161
26035,65,75,32,46,49,45,54,45
100507173,1,2,0,1,1,2,1,0
105379280,4,14,20,17,12,12,15,18
84250,176,189,164,130,188,195,173,219
3021,4377,4621,2595,2472,2879,2587,2334,3020
55255,90,107,74,82,100,97,99,90
51172,16,18,8,12,16,10,14,16
9836,34,28,8,7,9,8,10,10
105370912,0,0,0,0,0,0,0,0
440354,61,78,35,38,31,40,49,36
3135,1,1,0,0,3,1,0,0
9337,59,72,71,72,72,78,62,79
7594,26,35,19,28,24,21,37,29
563,1,0,0,1,2,0,0,0
105373032,0,1,0,0,0,0,0,0
239,0,0,0,0,0,0,0,0
100419768,0,0,0,0,0,0,0,0
100526776,13,17,8,10,4,8,5,10
644538,56,57,66,52,81,102,83,98
101928478,1,0,0,1,0,0,0,0
84285,56,78,25,17,30,39,26,28
100507308,1,0,0,0,2,1,1,1
404672,563,672,526,511,604,489,439,520
105372798,0,0,0,0,0,0,0,0
101930085,13,11,4,8,3,10,11,9
105374842,0,1,0,0,0,0,0,0
9266,39,39,22,24,37,37,39,43
57405,150,136,133,123,199,141,122,128
286239,1,0,2,0,0,4,4,2
581,45,54,35,19,35,30,39,34
55133,47,42,28,24,28,19,23,25
51341,116,159,116,74,130,117,113,118
81550,55,51,42,50,41,46,35,54
146542,9,3,6,2,8,4,3,10
54874,51,54,63,49,73,46,58,51
7416,889,970,705,692,824,826,794,904
124905046,8,5,3,2,2,3,6,7
100874220,0,0,0,0,0,0,0,0
106479751,0,0,1,1,1,0,0,2
63939,118,126,57,61,83,63,57,73
101929128,2,0,0,0,1,0,0,0
88745,148,181,58,53,75,85,120,84
644353,1,1,4,1,6,3,4,5
407975,19,23,15,17,11,25,16,23
127898559,0,0,2,0,0,1,0,0
10412,421,521,310,269,378,384,332,364
23394,119,147,91,98,81,73,103,105
10451,6,11,5,8,7,12,12,13
23288,30,24,17,19,17,27,21,25
646029,1,0,0,0,0,0,0,0
90665,0,0,0,0,0,0,0,0
84293,79,81,68,56,74,108,94,97
100131017,14,9,9,12,6,12,20,18
102723354,0,0,5,2,3,5,5,3
100420062,11,10,9,6,11,7,9,15
3815,5,8,10,8,16,12,10,16
10432,221,187,60,53,73,77,72,94
109617020,0,1,3,2,3,1,1,0
649946,17,21,12,14,19,29,19,14
391566,0,0,0,2,0,1,1,0
91304,92,73,91,85,125,98,98,77
25907,14,16,23,11,15,13,20,17
6293,43,42,36,42,45,48,49,44
101929237,1,0,0,0,0,0,0,0
4733,425,508,252,237,338,282,280,301
254251,48,37,58,65,54,40,42,39
27161,166,151,90,89,96,96,107,120
2979,0,2,0,0,2,2,3,3
286140,41,55,36,35,52,38,32,32
57410,53,55,48,45,59,44,44,61
84961,44,39,41,48,50,40,42,48
105379504,1,0,1,2,0,1,0,2
2029,696,743,435,453,584,608,535,638
101060113,0,0,0,0,0,0,0,0
729737,1,1,0,1,0,2,0,0
55845,530,610,460,365,566,442,477,508
90268,50,36,46,34,33,42,47,35
9826,27,17,19,15,18,21,15,17
3792,0,0,0,0,0,0,0,0
728411,45,46,16,14,18,26,19,17
124904441,0,0,0,0,0,1,0,0
338376,0,0,0,0,0,0,0,0
8666,725,795,479,536,673,611,571,652
55657,5,6,5,8,7,13,14,11
8481,133,142,91,103,97,112,104,122
100189019,0,0,0,0,0,0,2,0
119545628,2,4,4,0,3,3,1,4
124904527,0,0,0,1,0,0,0,0
9712,24,20,22,13,17,15,30,29
9150,8,12,8,4,7,4,14,7
101927610,1,0,0,1,1,1,0,0
647167,6,13,4,9,10,11,3,7
100130531,42,51,35,26,32,41,42,46
1104,213,210,125,102,165,130,128,178
8260,502,632,303,273,384,444,439,473
27166,505,598,417,413,475,461,488,493
4190,443,563,494,516,636,502,455,581
4735,267,289,255,278,314,270,254,270
53827,147,143,165,148,213,133,129,154
7273,2,4,3,1,1,1,1,0
26118,262,253,126,139,79,109,126,133
7499,0,0,0,0,0,0,0,0
107985173,0,0,0,0,0,0,0,0
692106,6,6,1,1,0,3,2,2
54863,4,2,0,1,0,2,5,1
57198,63,58,83,59,77,67,54,77
102724571,1,1,6,6,11,3,2,6
9274,63,65,53,57,71,69,55,65
25945,0,2,2,2,1,0,0,1
23244,103,95,75,60,74,87,109,99
124903697,0,0,0,0,0,0,1,0
105369919,2,0,0,2,0,0,1,1
23042,171,220,199,139,222,191,178,221
2588,13,25,7,10,10,14,25,24
402120,113,121,65,54,27,66,58,58
9353,493,543,398,481,244,361,430,374
282991,219,253,118,114,139,144,146,139
51069,126,124,80,103,113,116,91,122
124901726,0,0,0,0,0,0,0,0
253635,109,127,76,71,100,97,97,97
105372476,1,0,4,1,4,3,0,1
101929760,0,0,1,0,0,0,1,2
84930,56,43,54,48,55,46,51,47
643036,0,0,0,0,0,0,0,0
80270,3,1,4,3,5,5,2,4
65109,576,568,597,600,687,608,596,602
107984311,0,0,0,0,0,0,1,0
83734,17,23,18,17,17,20,25,29
134997,434,523,365,367,496,489,468,463
10513,71,65,39,48,44,61,63,62
80018,170,193,167,140,184,191,188,190
440465,6,1,7,3,10,6,8,5
124903497,3,3,3,1,0,2,1,1
10092,529,558,362,307,394,377,324,444
5372,59,55,76,98,90,83,93,93
334,786,895,450,430,533,566,593,613
3837,1493,1531,1015,1005,1096,1110,1155,1221
55863,136,139,145,96,128,162,130,175
84955,74,76,45,51,60,61,42,64
105373510,9,6,12,10,19,20,13,23
84296,63,74,37,36,34,52,28,39
4729,560,581,382,298,409,449,395,475
100130929,5,4,3,1,3,2,4,5
100421372,113,124,54,39,75,59,65,76
5510,343,376,325,355,387,279,259,265
105369366,0,0,0,0,0,0,0,1
79876,36,42,35,20,26,38,47,34
6498,113,110,82,58,68,81,68,72
955,62,40,33,41,45,30,37,41
5437,294,362,195,229,233,283,231,296
401152,221,293,210,192,219,239,228,243
4267,172,188,273,286,341,133,146,161
8566,112,89,118,95,130,72,93,95
105369783,2,2,0,0,1,1,3,4
10494,77,80,79,84,98,67,111,85
106480165,0,0,0,0,0,0,0,0
349149,0,0,0,0,0,0,0,0
10907,320,397,258,226,311,291,322,329
23180,26,24,27,29,43,27,27,30
266623,14,14,11,9,10,8,8,16
100270833,238,307,210,202,196,260,211,289
5170,53,36,34,23,26,21,40,31
79096,56,84,65,48,68,62,60,78
100144748,7,5,5,2,3,3,3,2
106479420,0,2,0,1,1,2,0,0
55137,31,24,26,17,28,30,21,33
154865,0,4,0,1,3,1,2,2
105375448,0,0,0,0,0,1,0,0
7991,133,106,80,80,91,105,111,98
170261,151,162,19,27,31,43,29,42
54891,56,55,24,26,21,13,25,29
10664,217,183,91,90,88,86,109,107
164091,7,6,10,10,11,2,12,20
4174,146,171,113,105,146,125,139,128
105379438,3,3,2,0,3,3,4,3
4520,63,45,38,29,31,31,25,32
100506569,257,265,91,72,96,127,112,118
3569,0,0,0,0,0,0,0,0
105369968,194,281,38,72,22,23,43,34
165918,85,78,88,77,80,66,64,97
54998,602,666,413,416,524,521,545,541
9823,31,28,26,25,27,19,28,35
399888,0,1,0,0,0,0,0,0
90326,44,76,50,33,62,52,46,50
84302,59,52,52,45,54,48,61,57
54890,264,291,256,244,238,191,210,196
164781,0,0,0,0,0,0,0,0
55810,15,6,8,11,12,8,15,18
6510,404,454,232,244,299,315,315,365
728139,625,632,565,505,715,633,585,683
23508,4,0,7,4,6,6,3,6
105375914,0,0,0,0,0,0,0,0
100131689,8,11,7,9,8,7,6,7
112268126,3,1,1,0,0,2,1,0
107986538,1,3,7,3,7,1,1,1
100271204,33,39,38,50,27,45,35,44
100189197,0,1,0,0,0,0,1,1
79991,40,48,40,39,43,31,28,41
51608,173,175,87,76,93,106,94,106
100169837,3,0,2,1,1,0,0,0
1949,1,3,16,8,11,9,9,12
246715,541,619,423,434,522,460,404,503
10523,116,85,83,68,72,82,106,95
10767,296,319,176,226,213,150,173,157
100271272,4,6,5,3,1,4,1,1
64288,1,3,0,1,1,2,4,5
642236,38,39,30,30,28,45,44,44
55286,1,0,0,2,0,0,0,3
728002,5,11,11,10,1,11,8,10
105378067,2,0,1,1,2,0,0,1
57599,114,107,74,71,74,84,81,88
101929188,2,4,3,0,3,3,0,2
102724467,2,0,0,0,0,0,0,0
79718,230,209,169,157,170,178,145,155
4233,50,41,38,49,50,46,73,51
5592,29,16,39,19,37,34,34,39
101928043,0,0,0,0,0,2,0,1
100129961,2,4,3,5,3,4,2,2
100126799,2817,2766,550,571,665,1792,1376,1223
7922,129,114,74,59,88,89,121,113
11342,74,64,57,53,55,71,52,74
341689,0,0,0,0,0,1,0,0
5469,289,325,208,171,222,192,208,266
695,1,0,1,0,0,0,0,1
9518,8,5,5,10,12,9,4,7
100271400,0,3,2,2,2,0,0,0
101927211,1,0,0,0,0,0,0,0
9508,3,9,7,6,13,2,10,6
124903789,1,0,0,0,0,0,0,0
222699,29,35,15,15,18,17,23,25
105377582,0,0,0,0,0,0,0,0
54934,80,88,70,63,89,76,66,83
57223,46,53,40,36,66,30,38,55
124904681,1,1,3,1,0,0,2,3
23247,8,6,12,9,17,13,6,8
399881,4,3,1,0,2,2,1,5
126308,12,17,11,14,12,11,17,13
6011,1,0,0,0,0,0,0,0
101929464,1,1,0,3,3,0,0,4
889,89,87,62,50,60,76,66,70
2824,133,143,144,119,164,127,120,150
645431,0,1,1,3,4,0,0,0
162968,5,7,5,0,1,2,3,0
9597,6,2,3,2,4,4,3,4
100271300,68,77,70,47,44,91,77,67
6713,485,508,508,489,579,483,331,518
254528,1,0,0,0,0,0,0,0
406903,0,1,3,0,0,3,4,6
908,1247,1285,812,685,1017,1042,987,1046
102724224,0,2,1,1,1,2,1,0
154007,213,249,185,165,250,266,230,256
100996294,2,3,3,2,4,5,5,5
22904,5,3,16,11,19,5,8,17
124902803,226,268,221,216,200,188,190,233
102724437,11,12,8,9,14,8,8,9
730092,3,3,3,4,2,2,1,5
400043,148,146,145,131,194,171,156,190
2324,25,27,41,23,37,36,30,21
23607,161,182,101,105,153,137,115,169
10202,19,21,9,7,8,9,12,15
5151,27,22,20,14,20,24,22,37
339290,24,14,3,6,7,6,6,5
302,375,523,371,373,456,477,448,522
63940,0,1,1,1,1,0,0,1
133283,1748,2043,2098,1998,2206,2026,1754,2081
80005,54,54,30,28,17,27,44,26
64979,892,980,562,523,697,566,529,602
105180391,0,3,2,4,1,1,0,0
64693,5,0,1,2,0,5,5,5
100132562,0,0,1,0,0,0,0,0
8774,115,111,67,52,73,78,65,72
124902152,3,1,1,1,1,0,2,0
51218,264,285,224,196,235,253,237,250
124902292,0,0,0,0,0,0,1,0
6881,78,99,66,67,89,78,103,82
103724388,1,0,0,0,0,0,0,0
375593,1,0,1,0,0,0,0,0
1603,646,728,453,440,565,618,565,629
284106,191,213,134,129,169,155,156,179
11124,56,66,54,53,65,67,75,53
105377023,2,4,3,1,2,4,1,3
158800,0,1,2,1,1,2,2,0
23760,336,302,247,278,310,238,210,239
124905126,1,0,0,0,1,0,0,0
728489,56,58,24,19,39,32,26,25
124901712,1,0,0,0,0,0,0,0
203259,12,9,13,17,18,18,26,23
25959,22,16,17,25,31,30,27,32
677834,1,0,0,0,0,3,0,2
105379203,0,0,0,0,0,0,0,0
84337,291,322,145,127,182,189,165,168
388630,3,2,4,3,4,2,4,3
389432,9,8,17,10,10,6,12,10
104472848,15,15,21,22,13,13,10,24
10228,33,34,24,23,30,25,41,26
101928020,1,4,4,2,0,2,0,0
1727,351,361,281,301,340,317,280,343
83606,67,84,59,47,68,69,82,75
3182,897,938,407,433,463,544,621,540
129401,47,64,28,25,26,27,30,36
106635520,0,0,0,0,0,0,0,0
5000,113,120,111,116,104,94,83,100
9867,98,102,76,88,96,88,98,93
80031,5,9,17,7,18,8,10,15
9699,7,10,8,4,9,14,10,17
107987280,2,3,6,6,9,11,6,9
100422885,609,622,663,638,701,570,584,584
102724397,1,2,5,4,7,15,6,9
642413,0,0,0,0,0,0,0,0
79003,86,84,46,45,63,51,60,66
124901209,0,0,0,0,0,0,0,0
100652736,4,5,4,10,6,9,2,6
22921,64,58,66,64,69,72,72,95
100505506,111,133,79,79,85,114,109,114
93587,68,69,42,43,41,42,47,50
284119,150,206,84,104,100,107,95,91
10099,563,562,313,286,384,405,383,419
109616970,0,0,0,0,0,0,0,0
102723510,1,0,2,0,7,2,4,2
5198,207,227,142,145,83,133,151,142
101929471,0,0,0,0,0,0,0,0
26074,0,0,0,0,0,0,1,0
286006,5,9,7,12,5,6,3,7
3574,4,2,2,1,0,0,0,1
388394,2,4,10,4,4,5,11,5
124902502,2,0,2,1,0,4,4,2
124902563,0,0,0,0,0,0,0,0
51429,68,53,58,43,44,56,75,69
5441,1030,1133,612,547,721,932,928,1005
11219,2,2,3,1,1,1,0,0
23270,19,18,16,27,26,33,27,34
5970,86,74,56,54,48,47,59,66
647979,373,398,178,253,146,158,217,181
55317,63,85,27,22,25,24,22,37
326277,19,23,12,9,11,15,8,8
53373,24,24,9,14,17,19,22,26
9910,33,34,36,33,48,24,34,38
100507316,13,15,40,29,37,49,37,43
440278,7,2,4,5,6,4,0,5
101929423,4,0,1,4,2,0,0,2
151887,13,13,17,18,28,27,18,26
100421235,5,4,1,1,2,5,2,1
27042,98,90,52,41,53,50,59,61
348013,2,1,0,0,1,0,1,2
79089,30,60,44,29,28,36,42,52
105372394,1,0,2,1,1,1,1,2
3217,135,159,114,99,131,110,129,147
27115,0,0,1,1,0,0,2,0
27245,10,17,18,10,12,12,11,12
59274,27,32,21,29,17,18,21,17
7162,26,22,18,22,34,26,33,33
57819,455,574,308,315,376,366,377,416
124902113,2,2,1,0,0,0,0,4
10821,1,0,0,1,0,0,2,0
11337,16,17,6,10,13,10,9,16
57569,15,22,14,25,8,15,9,21
9419,115,170,111,95,102,89,71,99
100270835,0,0,0,0,0,0,1,1
221895,18,16,14,14,33,20,29,17
110806279,1,0,0,0,0,0,0,0
7041,7,7,8,10,14,9,10,12
55654,16,23,12,12,12,7,11,8
4539,725,911,513,396,373,509,597,740
283373,18,23,13,11,19,33,25,22
101752400,2,3,0,2,6,2,0,1
56267,50,57,48,48,51,49,41,40
342931,3,3,1,1,2,2,3,5
22832,49,47,38,35,44,46,24,46
2800,36,30,12,10,11,12,11,17
4496,1,0,0,0,0,0,0,1
9296,751,869,604,594,761,793,756,750
79934,19,29,26,30,23,21,18,19
7543,144,127,73,54,35,55,55,62
89838,11,16,14,11,16,25,18,20
127379715,89,102,78,69,103,108,111,107
100288248,1,5,2,1,1,0,2,0
391490,94,73,89,80,134,120,143,116
134728,81,91,76,68,86,65,83,74
7701,22,34,25,17,25,25,22,19
94031,6,4,1,0,0,0,2,2
4660,9,17,31,22,20,14,24,36
126231,27,21,16,17,19,19,15,31
55603,42,34,59,40,44,36,35,36
729493,46,52,39,37,42,65,37,33
84513,46,55,17,17,32,21,32,43
84326,668,714,472,486,678,491,523,511
55196,47,34,39,24,37,30,26,42
100422330,0,1,0,0,0,1,0,0
27332,223,236,119,112,136,123,135,153
392437,42,53,40,33,45,52,57,50
102724545,1,0,0,1,1,1,0,0
55379,421,483,215,203,285,269,283,287
1318,5,7,4,4,5,3,3,1
126526,30,42,14,8,11,22,20,24
55640,1,0,1,1,0,1,0,0
80344,31,44,37,27,41,27,28,26
26147,90,108,56,49,58,67,67,61
23208,24,43,18,17,16,20,22,13
8907,189,216,144,113,152,135,121,164
65117,575,619,847,846,985,665,632,744
326299,160,179,131,106,102,147,121,114
1859,44,46,48,42,42,33,38,28
8800,29,22,20,17,34,22,22,30
205,217,223,135,121,132,111,135,117
107984990,0,0,0,0,0,0,0,0
259293,0,0,0,0,0,0,0,0
1387,111,115,91,69,71,68,82,72
55972,9,13,14,14,16,13,10,13
51303,167,171,55,54,70,165,169,183
9474,80,83,42,54,44,52,54,50
100049076,0,0,1,0,1,0,0,1
124901716,2,0,0,0,0,0,0,0
3270,3,0,0,1,0,0,1,1
105375847,0,0,0,0,0,0,0,0
103908605,7,5,6,13,6,7,12,6
10651,108,110,116,98,126,119,99,115
9016,79,83,57,38,54,65,59,59
3305,0,0,0,0,0,0,0,1
129881,8,10,5,9,3,4,6,7
80205,124,117,103,78,88,95,106,101
106479662,0,0,0,0,0,1,1,1
124902446,0,0,0,1,0,0,0,0
645916,17,28,9,13,14,18,19,13
79006,59,59,99,99,104,89,83,95
85414,9,8,5,4,7,4,6,4
112268184,116,95,72,70,48,71,71,72
266629,0,0,0,0,0,0,0,0
10888,1,1,1,0,0,0,2,0
5692,864,1048,552,622,560,810,826,807
124902291,0,0,0,0,0,0,0,0
109616976,3,1,0,0,1,0,3,4
124902433,1,0,0,0,0,0,0,0
1657,48,39,44,34,49,54,45,65
5269,124,160,97,93,120,112,123,128
128077,49,50,41,45,59,40,43,43
63875,181,207,138,126,142,147,165,173
53615,209,216,95,83,115,109,112,123
107985388,2,0,0,2,1,0,2,0
121981,8,9,6,5,4,9,4,3
124902503,3,6,4,2,3,4,1,2
113510,30,23,13,8,10,20,12,18
727826,733,1112,868,805,842,1167,837,1005
392256,106,118,70,70,92,95,85,101
2593,182,193,186,199,217,207,176,165
3229,15,14,19,13,28,17,25,19
51728,496,631,432,396,513,410,343,421
105369192,0,0,0,0,0,1,0,1
135138,1,2,4,2,5,3,1,2
100505738,323,382,330,310,434,406,286,417
148398,137,141,117,89,115,95,99,101
326340,0,1,0,0,0,0,0,0
107133515,59,49,55,44,56,53,53,65
107984875,9,9,14,15,8,11,17,16
10472,41,55,18,27,24,33,37,31
6882,171,170,119,99,106,113,142,134
107075092,5,3,3,3,5,5,1,1
222389,26,27,18,18,20,15,24,23
22931,213,189,117,66,97,126,116,145
638,12,13,5,2,8,6,8,9
6396,517,647,420,386,515,469,395,471
22880,59,79,36,43,56,51,64,50
6249,118,115,85,86,126,108,103,114
10408,0,0,1,0,0,1,0,0
23567,52,44,50,35,51,36,35,44
89941,112,149,125,136,141,109,123,134
85446,10,3,8,4,4,7,6,9
54751,16,17,14,15,29,17,15,8
9297,2,1,1,0,1,1,8,6
348751,4,7,8,6,5,8,9,5
112476,1,1,2,1,2,1,1,2
109729174,0,0,0,0,0,0,0,0
10573,570,634,537,501,595,510,452,516
55662,136,157,32,36,52,57,69,81
8914,205,190,235,229,302,266,230,297
84281,6,8,16,9,17,13,18,11
728233,1,3,4,0,5,3,6,2
105377283,1,1,0,1,1,1,2,0
114882,305,319,214,221,304,263,314,312
65010,18,21,20,18,22,19,18,21
3309,660,693,262,255,333,324,323,338
23076,440,435,293,299,369,281,287,305
105375101,0,0,0,0,0,0,0,0
405,48,63,50,48,23,39,47,41
100132683,1,4,2,2,1,1,3,1
7673,23,21,9,6,12,11,19,13
51719,39,42,45,32,35,51,34,35
96610,68,79,52,64,68,57,63,64
1964,1392,1581,739,688,839,989,1065,1053
7368,53,49,28,32,30,49,32,52
124903363,3,1,0,1,1,1,1,2
374882,226,272,169,167,247,249,247,259
11010,54,62,23,19,21,16,21,33
100129196,1,0,1,2,1,2,0,1
100189107,0,0,0,0,0,0,0,0
441108,3,4,6,9,13,2,4,5
3936,38,39,53,47,63,45,31,36
79150,0,1,1,1,0,0,0,0
120017342,1,3,1,2,0,2,0,0
706,257,275,190,200,246,230,203,283
54788,112,114,35,47,67,80,71,76
10282,107,130,101,86,104,96,63,95
79630,29,29,29,19,27,21,19,25
105369779,10,7,4,5,5,4,9,2
283663,3,1,1,3,2,2,0,1
105374952,1,1,0,3,2,0,2,2
1953,1,1,5,4,6,0,3,2
57482,9,7,15,15,11,7,15,11
831,407,413,371,360,412,432,394,488
7469,66,74,81,65,116,72,61,84
105373496,0,0,0,0,0,0,1,0
109616998,1,2,0,0,0,0,0,0
51022,190,171,85,75,104,125,89,104
100132673,16,15,13,10,10,17,11,18
101928176,1,0,0,0,0,1,0,0
5688,2798,3053,1927,1939,2378,2077,1770,2358
9194,16,12,6,1,6,5,5,15
9648,197,215,289,229,289,217,195,214
7270,159,171,138,113,120,121,117,127
440515,7,12,1,1,2,5,6,6
23354,107,123,105,95,102,114,130,134
56994,67,94,62,51,88,73,100,92
441726,2,1,1,1,1,1,1,0
6827,252,312,114,130,143,165,147,161
646592,0,0,0,0,1,0,1,0
124903356,0,0,0,0,0,0,0,0
6618,15,20,22,16,19,10,15,13
100189090,0,2,0,1,0,0,0,3
140755,5,4,5,5,6,5,9,7
10073,207,223,129,122,146,126,141,140
847,37,33,25,40,36,40,37,42
64663,0,0,0,0,0,0,0,0
105374306,2,3,2,2,0,2,3,0
7137,25,19,35,33,44,42,29,28
102723911,0,0,0,0,0,0,0,0
7262,98,110,58,46,47,83,69,71
375295,28,22,9,7,7,16,12,8
4943,8,10,10,9,9,10,9,7
54021,103,118,60,62,44,80,83,69
100271632,6,3,6,2,4,4,2,8
55034,2,4,4,5,7,8,4,6
1240,0,0,0,0,0,1,0,0
124901678,0,0,0,0,0,0,0,0
4293,12,14,8,7,4,5,9,2
160897,53,55,30,32,36,33,38,34
100874034,0,0,0,0,0,2,0,0
29116,25,21,19,22,27,22,31,30
6938,86,54,70,72,88,87,72,85
100132372,8,19,14,7,17,10,16,9
25973,27,15,6,11,11,10,15,12
100131347,2,2,5,6,4,4,4,2
124901423,1,0,2,4,2,1,1,1
25978,242,272,157,137,193,209,192,218
59084,9,4,7,4,2,7,4,3
146198,23,31,29,26,35,36,34,39
728591,1,4,3,6,6,5,4,7
57820,149,161,149,142,183,182,152,175
55075,265,337,387,337,487,440,413,500
55023,567,616,639,571,634,583,552,728
11065,892,992,508,494,677,572,585,644
124902283,0,0,0,1,1,0,0,0
158135,9,7,2,4,8,4,8,9
284352,8,18,9,7,7,11,13,7
79819,3,4,9,3,5,4,3,4
10179,55,63,47,40,42,46,39,42
148430,42,54,63,60,67,50,45,47
100113402,4,2,2,1,3,2,3,5
1659,148,144,79,74,86,76,61,118
684959,1,6,4,1,3,1,0,2
51088,32,54,42,33,66,50,59,55
25870,272,266,151,194,119,148,156,176
8678,112,111,70,73,91,88,83,91
26032,17,14,24,20,19,17,15,5
7087,1,4,7,2,7,8,6,5
9851,27,31,16,8,13,19,22,23
64756,103,106,77,75,76,113,111,115
124902899,0,1,0,0,0,0,0,0
1316,134,158,135,141,119,95,96,137
102723724,120,140,179,165,241,143,152,167
4675,1,7,0,0,1,2,2,1
100289185,0,3,3,1,1,0,0,0
64850,3,1,4,1,3,3,5,7
51227,159,209,146,140,183,141,139,127
51241,51,62,29,36,42,54,34,50
84289,36,22,34,21,33,23,28,31
6748,1127,1328,919,879,989,1139,1078,1141
79665,144,172,143,132,150,155,183,190
105369477,3,2,0,2,0,2,0,2
115557,3,2,7,6,10,5,6,5
9616,260,301,177,146,184,192,156,176
100996419,1,1,3,3,3,5,4,3
344653,2,1,1,0,2,0,1,1
166012,0,0,1,0,0,0,0,1
105369301,0,0,0,0,0,1,0,1
339166,0,0,0,0,0,0,0,0
3069,460,552,542,452,686,485,551,555
10095,170,217,149,143,184,177,159,179
390848,24,26,24,9,19,21,22,20
478,9,5,11,15,18,12,10,16
55151,116,130,102,95,104,123,105,128
338817,0,0,1,0,0,0,0,1
101928527,33,42,12,17,16,24,25,20
10376,3869,4163,3069,3029,3939,4056,4068,4254
101059907,1,1,1,2,1,1,1,0
26999,153,164,168,128,150,119,122,158
64421,79,83,80,72,47,71,66,84
124902377,2,0,4,6,5,2,6,6
2789,42,52,38,35,34,48,46,54
105371870,1,0,3,3,4,2,0,4
25913,31,23,42,31,33,33,35,55
64844,92,86,83,75,93,90,69,89
23450,403,399,271,215,261,345,354,377
10955,168,159,128,119,178,139,156,150
105373910,0,0,0,0,0,0,0,0
107985645,1,0,2,0,0,1,0,0
1901,26,14,13,16,19,11,10,21
79155,25,22,19,9,13,22,18,21
100129555,2,1,0,1,0,0,0,0
105371295,0,1,1,1,0,0,1,1
280637,20,16,14,9,7,21,12,17
103,153,153,184,154,164,128,147,138
56259,229,249,183,177,264,168,194,183
27197,0,0,0,0,0,0,0,0
106146148,1,0,0,0,1,1,0,0
105372579,1,2,0,0,0,0,0,1
102724968,0,0,0,0,0,0,1,0
100288757,0,0,1,0,0,0,0,1
64788,17,14,14,11,22,10,7,6
389293,29,27,27,16,17,18,17,20
8859,13,25,15,10,19,18,29,26
107985813,33,51,19,20,28,35,30,28
6872,54,67,52,30,45,52,65,58
6576,416,477,608,627,676,502,481,580
643911,139,172,79,79,88,112,101,107
768211,117,153,85,87,89,75,58,66
124906255,0,0,0,0,0,0,0,0
4116,547,582,266,251,328,305,329,335
23409,4,6,8,4,8,7,4,11
79717,133,125,58,57,65,75,61,65
100216546,8,9,2,5,6,5,9,6
105375545,0,0,0,0,0,0,0,0
79707,138,123,54,47,44,64,54,75
5696,2,0,0,1,0,0,0,0
64975,222,291,182,155,213,226,226,221
56938,10,7,5,9,5,6,14,14
10168,0,0,0,2,0,1,0,0
23184,404,449,190,167,218,216,217,218
91056,13,12,6,9,11,6,10,10
116485202,0,0,0,0,0,0,0,0
170552,1,0,0,0,0,0,3,1
107985577,0,0,0,0,0,0,0,0
125061,135,152,85,70,48,63,58,50
23671,9,14,10,4,9,1,0,5
23608,102,97,110,99,112,130,125,152
692196,1,1,0,0,1,1,1,3
107985075,16,12,14,13,16,27,15,13
105374746,1,0,2,2,0,0,2,1
57693,92,105,80,69,104,96,82,84
103689917,0,0,0,0,0,1,0,0
100170841,20,17,17,15,23,28,19,23
3321,16,15,33,24,32,15,29,23
81037,228,302,176,162,169,201,215,204
51441,344,386,214,185,290,197,268,266
391828,46,38,48,42,40,48,42,45
54663,133,131,64,66,88,101,91,91
23564,45,49,33,28,50,37,52,45
550112,14,11,3,11,4,6,3,6
148268,67,74,56,55,54,50,50,55
89891,126,112,103,87,125,97,142,105
7409,6,5,7,6,9,9,6,10
7223,2,3,2,1,3,4,2,6
169611,0,1,0,3,3,2,3,0
9052,17,25,26,18,20,23,23,16
388730,10,7,11,1,5,6,4,4
100506710,76,94,72,62,73,71,72,64
84263,77,86,107,72,101,104,113,97
6941,55,44,43,31,57,38,34,44
124904704,1,4,1,3,2,3,2,3
100113386,1,2,0,0,0,0,1,0
100270804,2,2,0,0,3,1,1,2
10875,0,0,0,1,0,0,0,0
80262,25,36,16,12,17,33,25,17
8266,188,174,128,155,166,134,161,187
113402,404,449,315,286,336,301,292,321
57446,76,70,60,71,67,76,80,56
9344,41,34,15,24,22,26,28,28
388536,31,34,30,32,30,22,24,25
527,366,457,374,324,427,381,373,411
10607,70,86,73,78,101,85,68,100
130502,39,47,45,36,34,41,46,47
56992,84,88,75,49,70,63,62,71
10153,438,467,314,300,407,381,310,418
6446,8,10,1,4,3,1,5,5
7884,137,165,167,150,190,167,206,217
219699,42,41,51,43,55,36,38,45
112703,57,46,28,17,40,32,35,25
7151,16,10,3,3,8,4,5,8
105180390,1,2,0,2,0,0,1,0
84455,19,17,27,9,22,22,21,15
124900903,0,1,1,0,0,0,1,0
57486,82,91,62,49,82,75,75,64
2224,403,486,369,353,459,424,403,481
158572,0,3,1,0,2,0,0,2
79836,37,26,19,21,22,20,14,23
100189099,0,0,0,0,0,0,0,0
730144,293,330,197,184,208,196,198,226
3225,155,182,113,107,164,94,116,125
3672,6,12,29,15,15,15,21,14
23082,60,50,35,33,29,33,50,38
51068,89,78,58,46,59,54,68,68
55861,0,1,0,0,0,0,0,0
53944,71,77,44,47,30,36,52,43
338389,4,7,2,1,1,4,0,2
105378687,3,1,2,0,1,2,0,3
8497,2,3,14,19,21,14,9,14
107986092,0,0,0,0,0,0,0,0
5118,13,15,19,10,19,17,19,19
134701,5,5,22,17,18,4,6,14
100271039,0,0,0,0,0,1,0,0
90120,67,46,25,29,32,24,29,25
23119,35,51,70,62,77,49,36,51
645212,7,16,23,23,31,15,24,26
553139,15,7,7,6,1,10,6,8
5998,9,10,10,15,16,14,14,11
3703,351,401,168,174,145,154,208,161
390616,0,1,0,0,0,0,0,0
29841,7,4,3,1,13,5,6,5
80086,0,0,0,0,0,0,0,0
2596,6,2,6,4,2,5,1,4
100506311,75,77,56,68,77,71,72,94
79731,51,53,34,37,43,37,38,46
101929512,3,2,6,2,1,4,5,3
9991,122,87,88,90,93,86,89,87
2042,13,9,7,13,18,9,18,18
51759,280,260,161,153,204,187,176,195
10594,314,350,307,304,312,332,379,358
23683,55,67,52,63,68,67,88,75
7247,166,172,112,105,119,109,107,97
83604,0,0,0,0,0,0,0,0
401218,2,1,0,2,2,0,0,2
124905076,3,0,2,1,4,1,2,3
220786,9,9,4,6,10,9,6,4
9497,57,73,58,66,67,78,66,89
54811,85,103,57,56,49,76,71,57
127295,54,81,63,53,56,62,63,69
3304,2818,2928,978,955,1104,1028,1252,1038
658,40,54,17,25,22,34,18,23
106481841,0,0,0,0,0,0,0,0
8379,42,45,24,24,34,29,23,42
359739,14,20,6,9,5,12,8,10
124905131,0,1,0,0,0,1,0,0
2242,4,0,1,1,0,3,1,2
107984542,0,1,1,0,0,0,0,0
124907859,1,3,1,0,0,2,4,1
7738,15,12,20,14,16,15,17,13
100130049,3,13,3,4,6,7,4,2
100306951,77,93,62,54,72,92,84,105
10717,20,20,12,13,14,15,21,16
56100,0,2,0,1,1,1,0,0
83858,72,74,22,28,26,34,41,34
391850,1,0,2,0,1,1,2,2
105379173,3,3,2,2,0,0,3,5
100130451,0,0,0,1,0,0,1,0
8079,448,533,338,315,395,375,354,411
10484,67,71,69,55,73,68,80,61
6419,24,30,13,12,15,10,17,14
57623,14,16,19,11,19,9,17,14
11231,397,436,440,341,519,448,415,496
121551,16,18,22,26,25,19,19,16
50484,22,30,18,22,22,21,34,20
113218477,0,0,0,0,0,0,0,0
729438,49,49,28,35,32,36,34,40
10809,15,24,10,19,14,26,20,16
5354,0,0,0,0,0,0,0,0
303,5,6,4,6,6,5,4,4
5721,157,151,166,164,204,130,125,126
727919,454,540,404,350,476,437,344,471
10392,5,4,4,0,3,6,6,2
57587,178,234,250,223,273,221,199,241
105372767,0,0,0,0,0,0,0,0
55723,142,127,71,78,79,85,78,92
8036,205,208,108,119,154,175,192,179
100271207,10,15,3,12,5,18,14,10
23190,321,361,337,317,418,331,318,356
115548,39,23,34,21,31,33,47,46
100996266,0,0,0,1,0,0,0,0
54149,16,9,6,9,20,8,5,10
387273,0,0,0,0,0,0,0,1
375133,20,14,40,21,29,21,34,32
100128731,773,884,693,693,819,818,704,816
253190,0,4,0,1,1,0,1,0
230,20,14,81,75,94,32,28,21
100996301,17,18,29,19,24,40,31,39
27333,242,256,164,179,142,176,192,207
360227,2,2,0,3,0,0,2,4
157574,8,20,8,4,7,14,11,18
729830,5,6,4,7,6,9,12,6
51805,87,104,79,76,117,86,72,88
10147,125,114,81,59,72,63,74,98
11243,155,156,87,98,107,86,84,101
390419,1,3,3,3,4,3,4,6
58158,0,0,0,0,0,0,0,0
5577,40,35,55,52,56,48,44,43
100128766,24,36,25,27,28,32,20,20
11152,98,111,56,46,50,51,52,69
134430,186,167,112,93,99,105,92,121
100128733,0,0,0,1,0,0,0,0
401316,391,417,298,301,382,344,318,368
9828,6,6,3,8,9,5,6,9
23008,64,91,68,61,54,73,78,57
348840,5,7,0,0,0,0,2,2
26121,323,342,171,179,182,188,182,232
64175,45,43,27,22,28,46,47,26
128061,354,400,166,180,184,219,221,233
122011,2,4,1,3,1,2,5,1
132,246,250,212,185,270,248,220,271
23404,180,181,97,92,113,127,120,132
64397,198,213,182,139,156,156,178,191
401021,0,2,2,0,3,2,2,0
2879,945,1100,819,917,1097,871,784,949
115677,0,0,0,0,0,0,0,0
100132380,0,4,3,3,3,3,3,1
5922,11,16,18,10,17,18,20,12
9214,1,1,3,2,1,0,2,2
100170219,1483,1647,412,422,452,1052,804,960
100131983,6,6,5,7,3,7,7,6
5921,17,15,8,7,12,12,20,12
57466,102,120,73,76,75,60,73,74
157753,12,13,12,11,14,18,11,9
8644,1,0,0,0,1,0,0,0
389058,0,0,0,0,1,0,0,0
10285,149,168,146,118,187,164,171,165
641364,0,1,0,1,0,0,0,1
100130587,0,0,0,0,0,0,0,0
11284,18,16,23,29,29,29,30,41
1741,51,42,59,42,76,57,55,70
3060,0,0,1,0,0,3,1,2
4830,2175,2596,1548,1476,1759,1909,1812,2088
9682,90,79,65,59,83,62,71,75
51062,12,25,14,16,11,13,18,12
219681,4,0,3,0,0,1,4,7
101927688,0,0,0,0,0,0,0,0
57169,26,33,64,49,58,39,32,36
119863862,2,1,1,3,0,1,0,2
6729,114,129,90,103,113,96,120,107
9294,41,39,49,36,36,50,45,52
400627,1,1,0,0,0,0,0,0
116349,19,27,10,13,15,10,16,16
64073,0,0,0,0,0,1,0,0
101559451,13,14,8,7,11,14,5,21
7936,470,481,288,314,401,389,321,367
55813,207,217,100,105,118,136,127,143
10296,65,99,33,49,51,55,60,59
643992,31,41,34,24,30,43,38,35
259217,14,6,14,17,21,11,20,18
781,24,35,18,19,29,37,25,39
162966,11,3,2,1,3,3,2,2
100506540,8,7,5,8,11,8,8,13
26821,0,2,1,1,0,1,1,0
55027,42,45,17,18,23,25,24,28
1943,1,5,15,13,6,8,9,10
118738,3,0,1,1,2,2,2,6
51265,144,119,55,49,51,52,61,82
2882,0,0,0,0,0,0,0,0
124905006,0,0,0,0,1,0,0,0
3980,96,112,115,105,113,97,127,117
162681,32,31,18,20,16,15,22,23
57089,45,66,19,16,20,16,29,26
100271075,5,5,1,3,3,3,5,7
10575,927,1110,951,903,1109,818,848,963
284306,6,7,1,3,2,3,1,3
494447,6,7,1,1,3,4,6,8
79714,94,91,46,41,68,55,54,53
64170,0,0,0,1,0,0,1,0
388533,9,3,1,2,3,5,7,5
51557,0,0,0,0,0,0,0,0
550,284,315,162,199,258,178,171,191
57715,1,0,4,1,3,2,6,1
123263,73,74,30,38,41,45,46,38
124904648,0,0,0,0,0,0,0,0
159091,7,7,8,9,14,11,17,11
51312,112,125,93,77,74,88,96,101
338773,0,0,0,0,0,0,0,0
83543,220,255,247,200,231,254,190,277
2277,0,0,0,0,0,0,0,0
643770,2,4,2,2,1,5,1,6
401321,15,16,8,4,5,11,14,4
8420,125,123,223,180,238,247,259,310
105370310,0,2,0,0,0,1,0,1
55282,1,1,0,0,0,1,1,2
29789,302,351,287,260,371,294,271,318
107985827,0,0,0,0,0,0,0,0
89848,1,0,3,2,1,3,1,3
1485,1,0,1,0,0,0,0,0
9785,118,128,66,73,100,81,78,102
6256,21,37,33,28,36,27,31,32
124904582,0,1,0,0,0,2,0,0
90231,250,248,213,185,236,220,243,235
9221,893,1013,667,643,833,802,770,911
124902422,2,0,1,0,2,0,3,0
10647,2,0,0,3,2,1,2,1
388753,681,852,474,449,563,545,507,548
375323,29,27,12,8,21,9,20,22
10906,63,80,48,42,54,49,53,55
129285,11,11,10,6,15,9,16,14
5551,0,0,0,0,0,0,0,1
4811,87,101,154,104,122,150,128,134
57147,14,14,12,8,16,21,14,11
440311,14,22,18,6,12,12,4,13
124905330,0,0,0,0,0,0,0,0
29095,168,188,86,87,96,127,120,126
2627,34,40,30,22,33,19,16,21
157285,6,6,3,2,3,5,5,4
8660,23,23,61,69,63,36,49,62
124907854,0,0,0,0,0,0,0,0
83445,0,1,0,0,0,0,0,0
9320,125,121,102,72,111,99,109,99
8636,277,306,240,217,245,247,234,251
23339,29,19,21,20,44,26,31,29
653562,0,0,1,1,0,0,2,2
359817,0,0,0,0,0,0,0,0
729217,5,8,6,5,3,4,9,9
3339,4,3,17,13,9,2,6,7
283431,70,48,44,36,41,57,72,75
7375,37,35,29,34,31,19,13,31
101928389,0,0,0,1,0,0,0,0
8542,0,0,0,0,0,0,2,1
442293,0,1,1,1,1,1,1,1
50863,5,0,1,0,0,1,0,0
54441,6,3,4,1,1,4,5,6
26060,170,196,133,126,164,163,160,171
112268150,0,0,0,0,0,0,0,0
254398,0,0,1,0,0,0,0,2
220906,174,186,146,123,170,146,158,184
23334,8,7,6,3,6,4,4,8
8313,8,9,10,4,4,6,10,9
677773,4,5,4,2,0,7,4,1
51450,1,0,2,0,2,0,0,0
585,54,68,80,71,76,87,75,87
112268016,0,0,0,0,0,1,0,0
124900932,1,0,0,0,0,0,0,0
10051,856,875,749,655,857,953,880,1047
83547,1,2,2,3,5,3,6,5
112268443,0,0,0,0,0,0,0,0
3400,102,128,111,102,124,138,145,151
100129195,107,148,106,117,130,138,98,158
114004351,0,0,0,0,0,0,0,0
5700,330,317,213,194,198,253,240,277
9701,41,42,48,29,33,44,39,37
201595,69,65,53,54,59,68,87,74
1612,13,24,12,12,10,13,23,13
114898,1,0,1,0,0,0,0,1
124783,0,0,0,0,0,0,0,0
319135,19,26,22,18,16,19,29,18
27436,239,251,209,175,235,224,184,231
105378516,0,0,0,0,0,0,0,0
100151683,37,44,31,50,68,64,61,52
374618,44,42,27,31,32,31,40,38
953,4,8,3,3,1,1,5,5
126282,6,5,9,8,4,5,5,5
63971,24,16,27,22,32,34,24,25
124902921,0,0,0,0,0,0,0,0
9133,313,385,161,156,189,188,220,246
6085,5,11,6,6,7,3,4,9
10443,142,168,122,97,131,121,106,140
57691,142,160,131,105,131,141,117,149
55031,124,137,87,88,101,102,85,122
125371,2559,3112,2868,2597,3397,2915,2685,2973
79180,30,22,25,26,39,16,21,37
26037,17,34,25,14,27,22,26,32
158401,0,0,0,0,1,0,1,1
107986717,0,1,0,0,0,0,0,0
8886,808,911,578,543,679,627,518,604
11285,53,40,15,17,12,11,16,19
389866,296,302,222,199,296,259,268,253
90850,55,60,71,63,95,78,98,79
6199,76,91,76,91,93,86,94,86
1861,141,149,54,44,77,72,63,76
55147,137,154,69,69,78,76,106,92
144,155,139,137,101,139,161,126,155
283767,0,1,0,0,0,0,0,0
100127949,12,14,9,8,8,7,15,11
84232,64,54,43,32,42,41,45,47
150538,0,0,0,0,0,0,0,0
55872,289,320,255,223,279,281,290,335
4747,524,531,571,563,750,635,612,737
57447,38,29,29,25,36,31,36,27
2553,57,72,24,41,46,41,50,40
2101,18,27,24,28,31,29,29,25
8565,739,855,561,516,612,685,613,776
9334,39,31,27,20,34,32,35,33
22907,208,229,151,154,182,173,169,183
10075,176,189,286,250,272,222,310,241
105371637,2,0,2,1,2,0,1,2
80736,2,0,0,0,0,0,1,1
55056,7,8,4,6,3,5,5,11
100271538,50,63,40,38,49,54,50,57
100129670,72,88,58,50,55,70,64,56
391560,49,51,41,30,35,59,35,40
101929539,0,0,0,0,0,0,0,0
55227,33,37,31,20,22,37,30,28
93995,11,15,9,4,10,11,3,16
9202,92,87,59,48,65,56,84,86
125206,0,0,0,0,0,0,0,1
100874207,0,0,0,0,0,1,0,0
4836,709,776,579,595,648,653,558,756
29097,1318,1426,808,736,945,1017,835,1075
80227,57,55,49,39,77,52,47,62
107986389,2,0,0,1,0,0,1,1
8139,128,139,80,61,58,77,82,79
55656,28,30,18,26,20,23,29,22
9601,772,808,340,437,329,294,337,339
79174,73,89,29,29,40,37,31,42
55884,225,212,148,172,79,127,154,123
100131089,10,14,13,8,21,19,15,21
80222,94,88,51,47,72,79,63,60
91734,2,3,0,0,0,0,0,1
102723623,0,0,0,0,0,0,0,0
338322,0,0,0,1,0,0,0,0
101928421,2,0,2,0,1,1,1,1
54540,13,21,20,8,8,19,16,16
116988,64,49,64,54,83,73,65,58
90499,0,1,1,1,1,2,1,1
124902710,1,1,1,0,0,0,0,0
1523,131,119,76,99,85,99,87,101
1407,33,34,20,22,27,22,31,27
402057,1164,1447,1108,974,1148,1081,890,1087
79176,74,71,55,56,68,45,75,77
84245,119,118,68,67,82,93,79,105
22850,88,73,65,60,53,67,69,73
112268167,1,0,0,0,0,0,0,1
124905204,1,4,0,0,1,1,1,0
729200,64,69,26,31,35,42,45,33
387119,51,45,57,37,44,31,35,41
124909464,1,1,2,0,1,0,0,0
817,89,93,93,95,94,83,95,86
400026,1,0,0,0,0,1,0,0
9698,262,257,204,175,206,226,207,224
57710,2,0,0,0,0,1,0,0
54541,187,203,801,773,709,458,404,531
9692,6,16,7,6,4,9,11,10
124903167,0,0,0,0,0,0,0,0
5094,1776,2129,881,1129,884,869,1038,903
127665,0,0,0,0,1,0,0,0
10597,74,83,51,32,59,49,60,51
128966726,1,0,0,0,0,0,0,0
643550,19,16,13,9,19,12,11,11
10542,812,942,446,453,620,610,497,678
1465,15,10,8,11,6,12,4,11
4885,67,68,24,59,35,27,46,32
284358,5,7,5,1,6,2,5,8
100418748,41,68,33,30,43,39,43,50
100289131,10,4,10,3,2,4,4,3
79171,460,525,280,294,329,385,358,398
7076,446,501,503,471,585,481,456,509
152206,2,1,0,1,1,0,0,0
105378666,0,0,0,0,0,0,0,0
128153,10,12,14,6,11,14,9,10
2786,108,89,110,98,137,102,108,127
335,6,3,4,2,1,5,3,6
338761,1,1,4,1,1,2,1,1
57109,182,178,78,104,111,115,119,114
26027,2,0,0,2,3,1,0,1
51,80,92,48,51,22,57,67,53
124906110,3,3,0,2,6,2,6,4
390007,5,2,1,0,1,2,0,1
25963,151,142,51,46,53,71,82,89
826,315,359,301,308,393,351,453,347
114112,10,6,10,8,7,8,8,13
25844,108,119,67,82,94,87,102,108
101059924,0,1,1,0,0,1,0,0
92105,34,27,21,25,16,18,27,19
105370820,0,1,0,0,1,0,0,0
285352,4,2,1,1,2,2,1,2
81,439,380,250,234,264,237,262,248
256472,0,1,0,0,0,0,1,0
692076,1,0,1,0,0,0,0,0
6894,59,45,55,52,49,39,64,55
284186,0,0,0,0,0,0,2,0
101928969,0,0,0,1,0,0,0,0
124906053,2,1,0,2,1,0,0,3
107986618,0,0,0,0,0,0,0,0
81932,37,29,28,24,31,36,38,39
84940,4,5,4,3,7,9,10,9
107986278,0,0,0,0,0,0,2,1
1670,1,1,2,1,0,3,0,2
8087,254,286,292,253,400,303,274,297
10444,19,20,13,21,8,12,19,25
861,15,18,12,8,12,12,12,11
124902663,1,0,0,0,0,0,0,0
9816,75,93,43,40,51,44,58,45
81790,25,28,33,21,29,41,23,27
100874042,0,1,0,0,1,0,0,0
105274304,13,18,2,4,4,6,8,8
9879,711,644,768,650,945,891,724,926
5277,32,30,19,12,23,16,17,13
582,16,12,12,7,19,12,14,9
3106,137,163,181,136,185,126,124,134
11226,21,19,42,26,29,40,31,51
149371,42,26,33,20,31,32,23,23
101927571,0,2,1,0,0,0,0,0
441089,9,4,5,1,4,3,9,2
9343,281,312,194,204,269,257,206,246
102723334,0,0,1,1,0,2,1,1
10642,416,395,261,300,225,239,261,246
79746,0,1,0,0,0,0,0,0
100996385,0,1,1,1,0,1,1,1
26297,54,67,90,74,108,80,75,88
100271301,21,25,14,17,19,28,29,15
64777,72,50,38,33,44,39,51,42
124902054,2,0,0,2,0,2,0,0
105374357,0,0,0,0,0,0,0,0
7748,55,63,37,45,55,51,48,56
105378675,0,0,0,0,0,0,0,0
100422343,5,9,7,4,5,9,6,7
64840,8,2,6,5,18,11,7,11
27030,64,67,50,40,55,73,69,46
84300,834,920,725,657,815,759,691,813
7128,1,5,7,2,3,4,3,5
10971,543,564,368,337,446,414,453,430
56681,459,557,222,240,269,283,263,300
146057,31,19,29,27,30,31,34,26
1139,21,17,15,7,16,16,13,13
64135,3,8,18,19,21,12,11,19
9349,12035,12933,8234,9586,7694,8868,8832,8318
3162,4,5,5,8,8,5,10,7
200726,0,0,0,0,0,0,0,0
25962,63,84,49,44,74,66,74,75
645412,15,16,14,3,8,21,12,9
105447645,1,0,1,0,0,0,1,0
645958,1349,1647,1393,1416,1533,1418,1157,1598
9765,82,65,65,46,69,66,61,62
25874,340,361,269,231,235,302,267,320
26354,839,935,587,537,697,676,624,751
6172,2224,2692,2137,2128,2497,2498,1858,2473
22976,43,44,50,28,45,44,49,40
124904403,0,0,1,0,0,0,0,0
100130275,17,10,4,5,3,7,8,10
79784,13,12,24,17,23,27,24,15
105370029,0,0,0,0,0,0,0,0
5130,49,46,11,14,18,34,32,29
124901749,2,1,3,1,1,0,1,0
83852,11,18,21,19,25,22,22,18
1892,1267,1394,1016,954,1116,1266,1029,1281
5027,0,1,1,1,2,2,5,5
100129394,265,293,276,265,286,244,268,311
80135,432,403,234,211,294,245,282,268
124900954,4,0,0,1,0,1,0,0
100101935,1,2,1,0,0,4,5,4
79660,35,25,21,18,29,31,18,25
728564,62,89,77,87,103,77,79,90
7265,441,415,230,210,253,298,279,251
5352,91,90,124,124,133,79,103,97
285237,46,44,20,30,18,24,28,35
10447,113,115,61,56,79,81,86,74
653464,93,101,139,124,161,122,107,127
388677,19,13,19,25,30,33,15,18
64744,77,57,60,62,68,68,64,86
3880,259,279,122,112,149,283,249,284
124905303,1,0,0,0,0,0,0,0
2070,72,83,54,71,60,59,56,66
55608,78,91,142,109,91,81,62,91
107986363,3,2,2,1,1,1,0,1
144348,130,127,114,104,119,88,105,121
10164,0,0,1,1,0,0,1,1
55334,105,110,45,66,81,71,74,69
100189282,3,2,0,1,4,0,0,4
9584,850,897,837,638,969,622,638,702
124901377,0,0,0,0,0,0,0,0
5216,1861,2005,1504,1512,1918,1849,1901,2015
340385,2,0,1,1,3,5,1,1
51430,92,78,51,51,68,41,65,65
101340251,1,0,0,0,0,0,0,0
56478,23,32,19,17,50,31,38,36
101928076,25,27,13,16,15,23,19,19
79586,23,27,21,17,20,18,23,14
23036,142,144,227,238,200,145,152,169
23779,0,0,0,1,0,0,1,0
646970,0,0,1,1,0,0,0,0
391559,27,35,23,21,33,15,30,22
112479,38,42,23,28,32,35,38,23
101929748,4,4,3,4,4,3,1,0
374969,79,77,64,78,93,71,75,74
7280,140,178,65,65,99,95,96,124
246784,46,27,14,28,23,14,9,16
124902281,1,0,0,0,0,0,0,0
23507,26,21,12,9,11,13,16,13
158234,74,72,31,28,36,37,40,43
105372255,1,0,0,1,1,1,1,0
221120,120,135,91,80,90,89,78,83
100189343,1,3,0,2,0,1,0,0
150678,778,899,529,465,595,518,460,563
100616149,0,0,0,0,0,0,0,2
6520,325,407,185,194,219,230,225,226
655,88,75,96,71,87,77,86,61
55082,355,381,347,341,354,281,337,338
4211,39,31,18,22,16,21,20,20
79058,28,43,15,18,22,27,23,32
23469,271,315,272,255,328,302,284,334
90271,42,48,62,75,69,44,53,57
54145,4,9,2,3,0,5,3,8
101060691,24,35,34,31,24,31,26,22
554206,2,3,4,3,5,8,5,6
645700,1,0,1,0,0,1,0,0
727874,10,10,2,2,5,7,5,12
7511,213,280,304,241,274,325,258,338
64718,37,34,23,26,28,25,27,34
147798,1,1,1,1,2,0,1,3
285634,3,0,0,1,2,2,3,0
100271637,12,14,11,8,12,13,11,14
811,2011,2283,726,1031,599,932,1056,940
6093,198,159,158,136,159,224,167,163
104266956,0,0,0,0,0,0,0,0
55084,26,21,30,22,23,25,22,24
109729172,0,0,0,0,0,0,0,0
3556,11,7,12,7,8,7,13,7
100287425,15,15,15,10,11,10,14,14
2897,1,0,0,0,1,1,0,0
134266,119,162,152,163,130,151,167,154
163154,10,8,1,5,2,1,5,4
105371818,0,0,2,0,1,2,0,3
246269,11,11,16,15,19,13,10,16
1350,3296,3737,2989,2756,3501,3341,3103,3594
145259,27,53,26,23,23,37,39,39
92342,33,39,24,15,27,33,21,26
10068,4,4,1,3,0,2,1,5
57211,17,20,20,19,23,32,26,36
81490,31,37,16,14,25,36,37,26
4712,718,783,642,504,654,673,600,705
124901029,3,2,1,3,3,0,2,3
7643,1,1,0,0,0,0,1,1
677882,8,8,2,6,4,4,4,11
55534,8,8,13,14,5,8,9,8
124902384,2,2,0,2,0,0,4,1
27154,24,23,6,10,14,10,7,17
100130497,0,0,0,0,0,1,0,0
112942,164,205,160,126,181,146,168,146
80145,271,270,142,108,166,209,198,227
55844,56,51,40,35,33,39,58,45
8350,1,1,1,1,0,3,0,0
729739,1,0,0,0,0,1,1,0
5649,0,1,0,0,0,0,1,0
124903191,1,1,0,1,0,2,2,2
654483,1224,1493,976,963,1198,1172,1067,1116
101929285,2,2,3,0,0,0,1,1
3227,71,78,52,55,31,40,43,32
7272,179,191,116,122,141,119,142,166
84329,1,0,0,1,1,1,0,2
26471,35,36,30,30,41,23,17,22
91373,5,6,9,5,5,8,5,8
119545626,1,3,1,0,1,1,0,1
119139901,2,6,7,5,6,6,5,3
1918,52,59,64,75,63,154,66,100
3035,316,387,135,145,159,188,176,165
81786,3,1,3,8,8,6,14,6
8552,3,1,0,0,0,0,0,1
441733,5,7,0,2,2,2,2,3
7373,112,123,146,146,205,139,132,138
257019,0,0,2,0,1,0,0,0
618,357,357,646,470,622,311,295,276
643253,30,25,25,31,18,22,23,20
2644,134,162,152,129,156,158,133,161
144699,0,3,6,1,1,0,3,4
124901231,1,0,1,3,1,0,2,2
22868,74,67,49,37,49,30,44,37
4591,76,71,58,63,69,69,79,101
728532,96,86,108,110,135,108,78,93
7155,124,100,125,99,155,107,168,135
81579,122,162,132,122,142,128,139,178
375748,64,76,30,30,27,38,50,53
8913,0,1,2,4,2,2,2,2
646471,1,0,0,0,0,0,2,0
118827812,0,0,0,0,0,0,0,0
388344,7002,7323,5248,5486,6519,6329,6267,6508
9148,2,2,1,5,4,2,3,4
254863,507,532,492,476,544,546,552,588
4706,1052,1202,873,747,970,895,833,921
105377261,0,2,0,0,1,0,0,0
55011,208,188,205,217,247,260,243,282
124904625,2,1,4,0,0,1,6,3
79657,244,266,147,106,158,180,154,193
51098,82,76,64,53,67,56,46,70
442603,143,152,53,64,35,55,60,48
80331,73,56,35,36,44,45,42,43
100189082,1,1,0,0,0,0,0,0
1857,21,15,6,18,15,21,18,12
9657,49,46,85,84,122,58,72,76
100419892,0,0,0,0,0,0,0,0
51678,157,141,113,118,133,132,110,127
280657,0,0,0,0,0,1,0,0
683,2,0,2,0,1,0,2,0
84720,28,26,24,19,22,32,17,15
647135,413,393,543,483,512,377,402,524
55787,160,155,77,76,104,131,126,152
100129361,210,263,124,131,134,183,177,179
130773,39,40,33,22,21,43,35,42
400073,7,14,19,18,32,20,23,23
107984713,7,5,12,12,8,5,6,2
329,62,74,47,35,44,47,45,46
64769,232,326,212,192,228,234,203,235
100128750,1,0,0,0,1,0,0,1
6624,78,78,86,75,85,72,93,102
124900543,3,3,5,8,2,3,4,2
3621,48,71,71,67,63,52,58,65
57338,8,16,12,13,16,16,18,12
3386,8,4,10,14,14,10,10,11
80351,86,119,53,63,57,74,83,95
255252,28,43,28,15,27,14,18,27
92703,130,96,44,54,41,71,89,90
347,0,1,2,2,1,0,0,1
102724427,0,0,0,0,0,1,0,0
55857,35,36,39,25,43,31,47,28
3453,0,0,0,0,0,0,0,0
51293,722,855,393,328,435,486,405,479
9491,338,386,228,222,296,235,270,284
124245,124,115,61,55,67,81,80,105
114801,1,0,0,0,1,0,0,0
100419854,0,0,0,0,0,0,0,0
23556,24,24,33,22,32,22,29,25
3757,2,2,6,5,9,7,10,7
3007,110,112,31,22,54,126,140,169
100271604,13,13,3,7,8,8,7,12
22877,95,71,60,41,63,61,76,56
518,1752,2116,1552,1512,1860,1736,1643,1843
9263,54,37,42,18,36,19,28,38
4665,9,8,6,15,6,7,8,10
22979,28,26,23,26,27,34,19,24
54511,5,4,4,5,8,7,5,4
4673,3077,3644,3255,3129,3463,3422,3061,3367
57181,145,154,242,196,240,181,181,208
10622,61,56,51,32,69,75,68,55
204962,13,11,11,6,8,10,7,13
100270960,2,2,1,1,0,6,6,4
58491,15,14,8,3,12,7,7,7
57461,53,66,38,40,40,31,40,40
91368,221,239,175,130,173,187,170,186
3269,0,2,3,0,0,1,0,0
100170218,27,29,10,7,9,23,11,13
10139,45,61,43,37,45,37,43,37
23015,38,39,56,35,31,33,47,49
285172,32,29,33,22,22,25,30,22
102724677,0,0,0,0,0,0,0,0
391485,1,4,4,3,0,4,3,1
112268474,1,1,0,1,0,1,1,0
106479301,0,1,0,0,0,0,0,1
125208,2606,3021,3184,3184,3845,2867,2861,3134
100037417,34,25,18,24,26,12,13,29
2720,57,65,50,41,47,58,40,60
50515,26,21,14,20,33,22,37,15
106478914,3,5,4,2,3,6,5,8
100506282,6,8,5,3,5,2,5,9
124905201,1,1,1,0,0,1,1,0
55285,75,73,74,53,75,75,81,71
65975,33,37,20,38,44,39,35,28
5516,63,68,57,48,69,60,96,53
164,329,337,77,108,39,79,136,110
10922,30,36,19,26,19,16,27,31
107985362,0,0,0,0,0,0,0,0
4616,31,39,37,35,35,37,35,39
158160,19,19,24,8,20,14,15,16
107986992,0,0,0,0,1,0,1,1
105374235,0,0,0,0,0,0,0,0
7415,469,438,312,288,351,405,423,416
653073,2,1,0,0,0,3,0,1
6535,78,65,39,58,44,57,79,61
100506874,3,0,1,1,1,2,0,0
5977,82,74,74,58,86,55,51,79
101927056,2,2,3,2,2,2,1,2
7336,590,625,331,315,449,417,369,430
80035,1,0,0,0,0,0,0,2
22985,693,629,434,332,620,539,537,580
100129755,38,20,17,22,35,30,29,48
102465257,0,0,0,0,0,0,0,0
653687,1,0,0,0,2,1,0,2
1463,0,1,0,1,0,0,0,0
105378561,1,0,3,0,0,2,0,1
55638,4,5,7,7,12,6,17,12
25932,183,180,135,124,174,129,184,162
107984349,3,4,6,1,2,2,1,2
27013,30,27,36,37,25,15,24,33
100131454,1,3,0,0,1,2,2,3
7486,72,78,38,32,51,62,57,52
54432,71,101,40,69,56,60,68,46
23558,170,187,151,118,183,163,146,202
23261,564,660,457,472,555,479,466,468
79642,9,7,19,11,17,15,24,13
101927060,38,34,22,44,24,36,31,25
55601,3,6,26,32,37,6,9,10
10362,46,36,45,49,79,57,67,47
25798,80,100,77,63,90,66,85,70
168090,2,3,6,4,5,4,1,2
23263,2,6,7,3,7,6,7,5
56257,98,74,37,41,53,48,49,46
107984940,2,4,3,0,1,1,0,1
9144,382,446,239,223,291,294,320,321
53829,0,0,1,0,0,0,0,0
5756,156,159,83,69,95,104,95,109
5937,84,113,67,75,83,55,72,57
5994,24,17,16,13,24,15,35,15
6182,560,686,420,399,502,543,475,485
11281,0,1,0,0,0,0,0,0
389813,4,2,3,0,3,4,0,2
121053,310,306,166,162,194,165,163,203
1284,63,38,67,69,93,49,59,42
9673,40,40,12,10,23,16,11,22
110091777,6,2,2,5,0,0,1,2
6452,12,11,9,11,6,12,18,8
55246,388,401,281,267,362,450,325,443
100130270,0,0,0,0,0,1,0,1
105377199,0,3,1,0,1,1,3,1
2065,8,3,15,4,11,13,17,9
326289,211,202,145,156,171,201,160,188
87769,11,12,5,1,4,7,6,8
7105,70,106,67,88,101,88,92,79
55125,29,30,22,14,19,13,34,25
6164,6428,6679,5832,5305,6279,5926,5304,5934
93627,7,10,7,6,10,11,15,8
11142,61,73,48,46,74,69,50,49
101059990,1,0,3,1,0,1,0,1
92291,1,1,0,0,0,2,0,1
94097,8,8,5,4,6,2,8,11
100505666,5,7,33,18,22,26,26,32
3674,1,5,2,2,2,2,4,5
7572,185,175,130,118,115,136,154,131
23604,4,1,5,3,1,8,2,5
401018,1,1,0,0,0,1,0,1
100130890,33,34,32,33,36,37,28,33
124906234,0,0,0,0,0,0,0,0
10436,242,252,142,115,172,161,171,174
2187,130,100,81,75,94,88,90,62
26994,57,40,50,32,35,29,48,41
9604,57,67,41,36,60,63,51,63
84316,850,933,700,743,850,889,727,868
124901096,1,0,1,1,2,1,2,2
8471,1007,1022,1048,858,964,1203,1347,1400
2203,0,0,0,0,1,0,1,0
27147,1,1,3,1,3,2,3,2
124902829,0,0,0,0,0,0,0,0
27072,55,59,25,34,37,47,45,51
100128260,11,15,25,9,30,32,18,24
56925,49,51,38,30,33,41,43,63
83658,564,683,573,566,699,554,541,606
123283,53,53,34,26,35,34,48,40
101929536,1,1,1,1,0,1,1,1
389141,26,21,15,11,23,32,18,26
100507336,1,0,0,0,0,0,0,0
54093,44,36,37,24,31,26,30,32
107986311,0,0,0,0,0,0,0,0
79018,36,39,42,35,61,50,44,39
51225,1,0,0,0,0,0,0,0
401149,7,2,1,2,1,4,2,0
26151,72,82,31,20,48,38,40,52
389831,4,3,3,5,7,3,8,3
51079,1608,1947,1235,1293,1584,1572,1337,1625
124903841,0,0,0,1,1,0,0,0
460,5,8,7,6,9,8,10,12
23271,100,81,61,60,79,70,79,90
645571,2,0,0,0,1,1,0,2
286467,24,13,19,9,18,21,27,17
9842,16,13,11,9,17,7,11,2
100532749,1,0,1,0,0,1,0,0
10336,44,38,45,36,39,39,35,26
8482,1,0,1,1,3,3,2,2
7818,211,238,169,179,230,223,211,217
100873979,2,1,1,0,0,5,1,2
100289320,2,4,1,2,0,3,2,2
100124534,0,1,0,0,0,0,0,0
105371956,1,0,0,0,0,0,0,0
51773,208,268,258,207,275,256,234,217
341230,9,5,3,2,1,5,3,6
132321,20,24,20,13,17,31,33,35
4609,160,172,300,305,422,271,288,333
51574,535,629,369,347,440,442,382,416
56241,1,0,2,0,0,0,0,0
105375434,5,6,2,2,5,3,0,1
65992,182,186,115,108,136,146,126,136
55233,205,235,181,147,200,161,187,191
386757,2,0,0,1,1,1,2,1
5045,18,17,22,25,34,24,29,34
10549,1635,1956,1133,1262,1423,1307,1255,1424
101927098,0,0,0,0,0,0,0,0
124907766,0,0,0,0,0,1,0,0
2648,54,78,37,22,23,27,43,34
54805,9,2,7,11,11,14,15,13
101930090,0,1,1,0,0,0,0,0
96459,55,58,30,29,23,34,40,41
127253,280,270,158,136,203,161,198,211
106481855,0,0,0,0,1,0,0,0
11264,25,18,17,29,20,17,17,19
124900459,11,5,9,1,5,4,6,4
7314,5626,5885,3817,3846,4563,4547,4072,4573
64080,2,2,6,5,4,1,0,3
245711,1,1,0,0,1,0,0,0
121601,2,1,1,4,2,1,1,0
11017,223,255,168,151,194,170,178,161
57050,100,86,47,38,60,65,76,77
23089,633,580,722,655,785,688,554,795
100131434,1,2,0,0,2,0,2,2
196528,135,129,63,60,57,83,77,90
105379028,1,2,0,1,1,3,0,3
105369446,34,43,35,26,26,60,33,54
205327,74,90,57,60,56,55,62,62
4700,620,718,456,429,516,515,439,499
342372,0,0,0,0,0,0,1,0
200030,27,28,13,15,16,15,25,27
5054,1,1,0,1,0,0,0,0
79027,33,43,25,23,22,24,30,28
6832,90,84,47,48,55,48,55,58
9757,46,48,54,59,31,39,56,64
127018,169,154,80,80,90,104,108,115
27239,2,1,0,1,4,0,6,4
51542,26,15,21,18,19,13,26,15
51504,780,911,601,602,761,731,689,767
1583,0,0,0,0,0,0,0,0
146206,4,7,10,4,8,4,7,6
85359,250,335,212,238,257,248,211,256
374491,0,0,0,0,0,0,0,0
114804,46,44,49,49,56,63,66,72
58487,42,66,48,46,47,46,61,55
124904386,0,1,0,0,0,0,1,0
57687,2,2,0,1,2,0,0,1
100131859,61,69,41,46,53,64,56,53
107986583,4,3,2,1,1,1,4,0
6165,6715,7230,6142,5674,6763,6527,5607,6828
23011,128,163,80,71,77,81,77,111
112268044,2,0,0,0,0,1,1,0
284098,55,63,17,19,23,28,32,29
3799,1415,1377,770,685,904,856,765,924
84108,131,151,87,82,79,109,103,124
28976,40,57,33,27,39,36,36,33
414254,1,4,0,0,0,0,0,1
5488,13,18,21,5,12,22,12,9
101929147,13,15,6,7,11,7,11,8
139135,0,0,0,0,0,0,0,0
10299,581,524,512,483,459,467,386,500
1207,314,371,336,251,307,289,267,301
1054,193,204,208,181,171,193,201,197
105375444,1,0,0,0,0,0,0,0
124903869,0,0,0,0,0,1,0,0
84795,0,3,1,0,0,0,1,3
101060066,1,2,0,0,0,0,2,1
84248,147,141,93,86,123,106,104,124
81627,103,68,53,42,91,72,69,58
55009,230,256,100,88,111,102,130,143
155368,1,1,2,1,2,3,1,4
9351,10,14,16,12,17,8,16,22
84667,6,12,29,26,34,44,38,57
214,173,190,117,103,150,156,157,158
11177,289,309,282,305,375,331,279,327
5346,0,0,0,0,0,0,0,0
100130225,36,41,21,17,24,32,31,34
124905337,1,2,1,0,0,1,0,0
84934,70,73,49,60,61,62,63,65
100130990,0,0,0,0,0,0,0,0
1113,3,1,0,2,3,0,2,0
7596,76,80,39,39,51,39,36,44
402149,2,1,2,1,0,1,0,2
3008,223,226,84,140,145,141,110,431
4725,2014,2312,1633,1511,1823,2269,1976,2259
84909,11,21,15,18,15,16,17,15
51181,768,868,592,717,735,655,721,783
57597,16,19,13,14,10,16,16,13
124904627,5,6,1,0,1,1,1,4
100131143,3,4,4,2,0,10,7,4
619208,75,83,88,76,87,74,67,73
1181,3,5,7,2,10,3,9,4
23380,59,55,66,51,43,60,49,42
106660610,0,0,0,0,0,0,0,0
3081,0,0,0,0,0,1,0,0
124900335,14,21,4,2,1,3,6,6
107986514,0,2,1,3,0,2,1,2
7153,1880,1948,1749,1510,1925,1768,1673,1907
100133251,1,0,0,0,0,0,0,0
285958,240,264,202,184,229,226,184,260
102723780,18,17,10,12,5,13,11,16
6594,108,98,122,134,147,162,187,221
4710,620,757,528,541,659,610,570,639
54908,388,462,265,241,318,338,257,343
105373124,2,1,1,0,0,0,1,0
112268031,1,0,0,0,0,0,1,0
83475,61,61,18,15,28,26,25,37
29926,36,36,44,36,63,38,46,38
101927352,0,0,0,0,1,0,1,0
54482,100,103,41,31,41,58,54,74
1653,688,776,422,434,454,616,624,555
4359,0,0,0,0,0,0,0,0
100419624,1,0,0,0,0,0,0,0
84895,45,39,15,8,11,15,26,27
100270860,6,13,4,13,6,17,10,9
51605,176,183,65,41,76,91,73,73
158,369,440,199,196,255,302,323,261
342926,23,33,13,15,11,16,24,19
100271102,0,1,0,0,0,0,0,0
326613,16,18,12,5,12,15,16,14
100093630,542,548,385,385,453,771,588,736
100287610,1,0,0,0,0,0,0,1
100288613,3,5,1,1,2,2,3,3
11132,15,19,22,7,16,16,24,21
129642,45,47,44,45,75,43,65,63
120766144,3,1,2,1,1,2,1,1
59285,0,1,0,0,0,0,1,1
100287497,9,4,7,13,7,4,14,9
79869,74,79,41,35,45,39,47,50
106479578,0,3,3,6,4,9,3,12
8835,9,6,13,11,14,20,18,20
340252,27,21,19,23,26,24,23,17
57332,4,14,8,10,9,11,9,14
4299,41,41,33,33,36,35,38,38
102724908,0,0,0,0,0,0,0,0
51611,80,106,94,102,109,114,85,110
51634,227,226,161,146,192,186,168,204
8742,0,0,1,0,0,0,0,1
105374727,1,15,10,7,7,8,5,10
107984852,2,2,0,3,1,1,0,3
51264,457,508,146,146,182,223,204,224
646083,99,120,131,104,94,114,97,110
80313,4,5,3,4,5,2,7,5
3248,16,16,11,18,11,27,19,21
107983998,0,0,0,1,0,0,0,0
222166,68,61,31,41,52,41,57,54
85486,866,1000,841,841,767,975,777,845
132949,48,41,30,41,36,51,56,47
102723629,0,0,0,0,0,0,0,0
56944,0,0,1,0,0,0,1,1
8897,24,19,25,15,23,16,24,21
6494,4,6,3,3,2,5,4,3
124901108,0,0,0,0,0,0,0,0
57003,235,244,110,109,142,151,134,185
101928578,7,6,0,2,3,5,4,5
84612,76,79,65,76,47,47,66,62
54834,29,23,12,16,17,18,20,19
55335,2,2,2,4,1,7,8,7
105373945,1,1,0,1,0,0,0,1
1267,202,200,145,160,162,145,149,155
221037,143,135,102,99,120,110,105,128
646520,3,0,0,3,3,5,1,1
158358,26,16,16,13,17,19,22,21
4537,2152,2031,1584,814,999,2307,1781,2494
105377327,0,1,0,0,0,0,0,0
100271846,0,0,0,0,0,0,0,0
7633,5,3,1,1,3,1,1,6
142,2678,2703,2273,2027,2778,2472,2384,2664
11098,98,83,25,30,43,54,41,32
7027,143,161,147,150,145,130,155,138
29100,180,194,67,79,74,96,109,123
124900391,13,16,29,20,13,22,26,25
51451,171,203,152,136,157,138,141,145
124903713,1,2,5,1,1,1,2,2
22971,1966,2301,1786,1690,1983,2230,1546,1932
158104,104,148,119,88,127,139,121,130
105369900,0,0,0,0,0,0,0,0
10534,126,164,140,113,191,189,159,178
9168,1819,2193,1975,1870,2200,1932,1653,2011
4123,24,24,29,15,15,24,19,16
101929135,0,0,0,0,0,0,0,0
54103,3,1,1,0,1,1,2,2
23093,17,16,4,13,19,9,13,10
5928,1013,1094,574,636,541,517,563,594
5886,777,805,735,709,952,823,740,866
2874,270,326,193,217,246,236,256,261
83955,117,136,86,97,98,110,99,109
124900623,0,2,0,2,1,1,0,1
101928386,0,1,0,0,0,0,0,0
124904500,0,0,0,0,0,0,0,0
729956,0,0,1,0,0,0,0,0
9050,55,55,37,52,52,55,51,67
84542,18,23,17,16,18,15,19,24
79622,420,483,229,210,276,259,264,284
64839,13,17,12,14,5,7,20,7
1408,1,10,5,2,3,3,3,6
10605,167,189,124,114,131,143,173,161
1123,27,26,23,40,40,17,28,27
84311,253,270,175,145,203,198,160,225
23078,26,26,18,18,30,37,27,27
8941,0,0,2,1,1,0,0,0
50999,133,136,78,98,116,98,92,105
545,41,52,35,35,43,48,49,54
105374938,1,0,0,0,0,1,0,1
11261,167,181,112,131,121,146,133,142
101927770,0,0,0,0,0,0,0,0
101928111,0,3,4,2,5,6,4,12
84894,7,11,7,8,11,5,21,15
84364,58,61,37,41,23,42,37,44
107987215,10,4,6,6,5,2,0,5
26869,5,5,5,6,10,7,4,3
7559,13,18,23,21,18,18,24,23
84879,50,50,22,17,20,25,30,24
7905,375,390,182,204,260,313,265,329
83699,46,40,52,49,58,32,43,37
441601,28,37,22,23,20,23,32,20
55790,2,2,5,4,6,2,4,3
942,0,0,0,0,0,0,0,0
3929,1,1,2,0,0,0,0,0
3821,0,0,2,0,1,1,0,0
83743,276,302,82,97,106,97,126,124
100861515,0,0,0,1,1,0,1,1
822,3,5,7,1,6,2,3,2
4090,238,251,209,182,207,191,188,245
105374040,1,0,0,0,0,0,0,0
8241,208,223,121,153,149,133,140,165
134553,214,236,228,190,237,308,256,277
107986457,1,0,1,0,0,0,0,0
22872,127,135,97,78,76,81,110,110
10196,36,51,27,26,41,30,28,26
100652999,1,0,0,1,0,0,0,0
55781,89,81,47,42,73,56,47,51
1174,23,34,22,17,21,25,25,31
100129650,7,8,2,8,6,3,4,6
10983,417,443,469,501,558,456,547,534
3125,1,2,2,0,2,1,5,4
10018,56,57,47,51,57,59,43,54
100270933,22,27,16,16,17,37,25,8
51147,39,46,33,49,58,39,53,47
11005,1,0,0,0,0,0,1,0
5048,144,149,87,85,96,149,124,145
8458,147,115,120,89,136,120,129,154
84705,93,94,52,44,58,55,45,64
102724322,1,0,0,0,0,1,0,1
2045,138,126,58,69,97,64,65,71
100132287,2,0,0,2,4,1,1,1
106480993,0,1,1,0,0,0,0,0
387712,5,4,3,2,4,3,4,5
8854,110,123,114,108,131,122,112,139
51690,1133,1244,821,859,1048,854,812,915
245812,20,25,19,32,26,41,26,39
387758,1,1,0,0,4,2,0,0
124906209,1,0,0,1,0,0,0,1
401548,9,12,13,12,16,8,8,18
115106,192,208,174,187,187,193,191,194
6134,3407,3802,3212,3299,3938,3247,2972,3550
9667,428,432,101,109,156,176,177,220
84074,1,0,0,3,1,2,2,1
124901346,7,4,3,2,4,2,0,2
1278,0,0,0,0,0,2,0,0
3840,114,117,84,78,82,79,81,93
11282,39,43,38,36,38,34,53,27
51529,1199,1414,938,953,1175,1093,961,1196
192669,56,51,54,45,34,46,40,44
85027,23,15,28,28,25,32,26,29
5486,2,3,0,0,3,2,2,3
101,2,1,0,0,2,2,1,1
646013,17,13,8,9,9,15,11,13
4035,2,3,10,5,7,3,6,5
3551,23,23,26,22,25,24,20,44
29978,121,129,116,125,182,138,118,130
59,53,40,21,28,44,38,31,38
101927226,0,0,0,0,0,0,0,0
84166,9,12,2,4,5,3,6,6
10184,18,15,12,9,16,15,16,12
124901365,2,4,1,0,0,0,1,1
124903314,0,0,2,0,0,0,0,0
10557,140,106,76,66,86,87,87,103
101929594,2,4,2,3,4,0,1,1
6603,458,496,378,312,432,417,446,482
106481135,1,0,0,0,0,0,0,0
51560,12,8,23,21,29,14,18,25
107986378,57,82,52,47,33,59,56,58
643101,16,21,14,16,14,18,11,8
102723570,3,2,2,1,1,0,0,2
25886,70,93,36,49,52,59,49,61
7072,85,87,81,60,74,91,71,85
1869,31,32,36,36,31,36,36,42
1209,33,43,14,21,19,21,25,44
100874069,0,0,0,0,1,0,1,0
2767,119,101,54,44,67,69,70,69
5487,416,464,311,307,423,365,384,417
124903041,0,0,0,0,0,0,0,0
8661,1773,1734,1328,1146,1594,1371,1343,1609
3767,6,7,7,10,12,7,11,7
4553,11,9,1,3,5,6,3,4
93100,25,39,45,32,56,45,41,49
29883,494,570,288,261,294,342,352,347
284338,4,7,1,3,3,3,4,3
56905,82,48,43,36,41,34,37,48
55623,260,288,176,171,171,142,136,146
149013,25,35,21,20,17,36,50,36
9710,139,128,88,116,117,133,111,157
892,396,372,218,213,254,268,262,269
9610,0,0,0,0,0,0,0,0
6210,5674,5942,6068,4781,5745,5458,4421,5679
28982,59,82,58,56,46,75,70,67
701,256,267,201,190,254,184,227,253
150776,21,16,21,22,12,17,14,16
84790,714,818,411,407,485,644,661,647
92675,238,246,174,180,221,209,194,201
153769,2,2,2,2,1,3,2,3
4555,1032,915,1233,561,574,1011,939,1078
728698,44,46,26,23,34,33,36,35
100132808,6,7,5,5,3,5,5,5
124904720,6,6,4,1,4,3,5,1
7766,21,20,8,5,17,12,10,15
105375884,0,3,6,6,3,5,6,3
5687,1,3,2,0,0,0,1,1
2050,32,29,34,31,46,31,39,36
101059986,1,1,0,0,1,0,0,0
55118,5,9,8,10,9,5,7,6
100271406,264,287,278,242,352,250,239,279
124900232,10,3,7,3,5,10,10,7
22826,728,772,553,507,692,647,689,671
646093,2,7,5,3,2,4,1,3
51567,72,70,40,31,53,49,59,54
140696,7,12,5,1,1,6,3,6
124904988,8,7,3,5,4,7,5,5
5717,920,1038,506,508,606,670,644,671
407014,1,0,0,0,0,0,0,0
51510,127,138,119,100,162,118,93,137
55660,751,865,821,781,979,795,634,808
7008,3,3,6,4,4,3,7,3
92949,0,0,1,1,1,0,0,1
10276,206,195,168,144,217,216,170,195
654434,26,30,11,9,13,19,21,21
100996756,2,5,7,2,1,3,9,6
101929784,0,1,0,0,0,0,0,0
90990,3,0,4,5,3,9,9,5
4718,762,898,601,579,720,727,687,768
84818,2,0,1,0,0,0,2,0
730112,0,0,0,0,0,0,0,0
56674,54,64,20,25,22,35,37,24
10856,469,584,333,362,407,426,412,486
345930,5,3,1,0,0,1,1,0
29901,46,63,35,44,42,41,34,35
1968,1196,1266,904,890,851,964,919,1127
368,7,6,5,4,4,4,7,9
342945,14,18,7,7,8,6,3,4
84056,31,32,21,22,21,22,22,28
105370359,0,0,0,0,0,0,0,0
124904387,0,1,0,1,1,0,0,0
440459,9,4,2,4,0,3,3,2
124904633,0,1,1,1,0,0,0,0
5520,299,351,198,191,183,238,231,279
105376447,1,0,0,0,1,1,1,0
101930071,28,35,29,31,28,45,50,39
25,41,28,34,37,47,40,43,33
10066,212,240,156,112,171,166,135,186
642305,61,61,36,30,42,39,30,35
2261,5,5,20,12,16,17,19,17
1302,2,1,0,0,2,2,0,1
23603,413,504,165,169,162,164,175,220
246126,0,2,0,1,1,0,2,1
150244,5,1,1,2,1,0,3,2
124904937,0,1,0,0,0,0,0,0
23423,336,403,205,235,240,230,213,234
100170226,7051,7591,2343,2211,2113,5186,3872,4525
8804,72,78,73,57,67,63,91,61
5126,2,2,0,1,0,0,1,0
121232370,12,10,6,4,8,8,5,13
387845,4,6,3,3,2,6,4,7
253665,25,20,16,8,10,11,15,15
391587,3,0,1,0,1,1,1,0
55326,173,190,94,75,79,99,87,126
3931,2,1,2,0,4,3,0,6
7716,79,78,60,47,63,57,75,68
390228,1,0,1,0,0,0,0,0
107987004,1,1,0,0,0,0,0,0
8895,475,513,355,355,451,409,401,433
101928734,0,0,0,0,0,0,0,0
4573,4,2,8,13,18,19,4,10
124900986,2,5,4,2,1,3,4,7
339803,65,75,30,39,30,48,57,51
10576,1544,1668,814,739,1036,1091,1130,1047
92070,10,11,7,6,7,8,17,8
29960,145,140,61,61,74,64,71,99
101928234,0,0,0,0,1,0,0,1
109136579,397,365,411,351,232,224,203,408
10360,301,294,187,172,242,272,274,304
144193,0,0,0,0,1,0,0,0
124901673,1,5,3,2,2,3,3,1
51668,307,348,262,213,262,258,253,267
440585,1,2,2,1,3,1,2,1
153328,11,16,10,8,19,17,13,14
124903866,0,2,0,1,0,1,1,0
10528,1200,1396,800,776,870,1008,947,1026
84058,134,160,235,257,325,185,176,176
64412,19,23,20,23,20,16,26,22
78995,26,18,20,15,22,18,11,17
100507002,23,21,25,17,26,31,37,30
91694,29,43,28,29,33,45,34,34
9898,257,277,128,109,136,152,139,156
3434,5,7,170,152,185,8,8,12
124903126,0,0,1,0,0,0,0,0
10920,202,224,168,152,192,165,127,153
124902904,14,15,16,12,14,17,8,18
4666,4111,4221,3421,3165,3987,3310,3052,3502
106480979,0,0,0,0,0,0,1,0
2679,0,1,0,0,0,0,0,1
219749,18,16,17,13,11,13,22,23
144581,1503,1731,1312,1323,1602,1443,1341,1469
23269,143,177,102,89,95,85,101,117
158471,11,5,17,9,17,8,18,12
54851,85,122,89,73,116,92,83,98
374403,0,0,0,0,0,0,0,1
8721,971,1210,794,836,955,918,911,916
54823,14,12,18,21,24,28,23,35
252995,2,3,1,1,3,2,1,2
100169956,8048,7554,2033,2156,2851,5123,3912,4299
22809,81,70,8,20,17,26,19,14
1912,31,29,37,23,24,22,30,26
84952,10,8,11,10,19,15,15,15
126375,7,6,6,10,9,4,4,9
284021,1,0,0,0,0,1,3,0
730647,288,334,227,241,311,306,276,298
102723564,1,0,1,0,0,2,0,2
124905251,2,1,1,0,0,2,0,0
131408,5,8,20,21,19,20,21,27
401466,583,610,418,371,473,508,386,478
124902671,0,1,1,0,1,0,0,1
727957,4,7,6,0,6,5,6,3
8446,60,64,36,33,44,31,31,35
925,0,0,1,0,0,0,0,0
25825,51,68,111,91,98,71,113,80
100131971,0,5,0,2,0,0,0,0
7855,14,23,21,13,15,10,13,14
124907905,0,0,0,0,0,0,0,0
153657,4,6,3,2,0,5,2,3
124900288,1,2,0,1,3,0,2,1
646196,23,17,10,7,17,19,17,25
643707,2,3,0,3,4,3,2,4
154761,1,0,1,0,1,0,0,1
5930,570,575,452,408,545,469,410,530
56683,296,499,392,416,538,449,410,470
9455,36,34,39,43,37,29,40,33
51093,64,64,51,51,65,65,66,83
55370,1,1,3,1,1,1,0,0
29028,246,263,254,247,344,318,277,331
124900301,6,6,3,1,6,5,5,9
124402,18,32,23,24,26,11,9,18
8932,63,63,34,45,42,66,64,50
3284,0,0,0,0,0,0,0,0
116138,177,202,156,136,168,189,193,221
1062,310,425,161,159,167,228,250,264
100271238,3,3,1,1,2,4,1,3
729870,2,1,3,3,0,3,2,7
79446,25,30,13,10,12,20,15,19
54332,53,41,23,28,25,40,28,23
7681,3,4,2,5,6,3,2,7
6726,1022,1049,821,717,953,939,815,1002
204801,1,2,1,0,1,0,0,0
100189291,1,0,1,0,0,0,0,0
109616971,0,0,0,0,0,0,0,0
2630,13,13,8,8,10,7,12,8
23331,22,26,44,35,31,44,33,29
389856,9,18,9,8,12,11,15,6
2677,180,166,47,47,53,73,69,59
646309,70,88,97,106,91,77,75,99
7290,42,47,37,26,32,39,40,52
124902857,0,0,0,0,0,0,0,1
100913187,4,3,0,2,1,3,1,0
116966,4,5,3,5,4,3,8,6
873,359,401,237,264,344,247,251,254
7175,979,954,852,778,963,821,847,933
647132,8,2,4,0,1,2,0,3
10388,3,3,2,4,3,4,3,2
347404,0,0,1,1,0,0,2,2
7727,5,18,13,5,10,10,11,15
3336,1390,1512,951,868,1179,1003,963,1075
100271009,11,8,10,6,5,11,10,8
139411,4,1,6,6,6,5,2,9
9031,505,535,267,269,353,364,321,339
23306,97,86,60,44,41,67,77,83
100847059,3,0,1,0,0,0,2,0
80146,50,42,45,25,43,30,29,40
6453,106,126,129,125,158,109,121,143
143098,36,38,40,31,35,31,37,54
29928,163,174,76,59,92,100,94,113
7417,681,785,611,663,779,726,677,744
150353,1,0,1,0,0,0,0,2
55968,187,201,122,105,113,129,114,147
285626,1,0,0,0,1,0,0,0
220164,0,0,0,0,0,1,0,0
100996255,1,3,7,5,5,4,2,4
10939,272,273,196,173,281,248,218,249
91612,345,394,222,195,243,280,236,277
100131980,1,3,2,2,1,1,2,3
64118,166,155,100,88,87,116,137,128
8848,84,86,82,65,84,70,89,87
51390,170,179,184,168,165,148,177,191
128966556,0,0,0,0,0,0,0,0
55646,397,446,241,203,298,270,291,272
124904395,5,3,3,2,1,3,1,0
11218,61,64,26,34,44,37,41,43
221711,12,19,12,14,17,14,22,20
101929407,6,5,1,2,3,4,3,0
4154,125,146,60,61,59,89,94,95
665,159,154,252,272,289,206,196,251
107987132,0,0,0,1,0,0,0,0
57758,0,0,0,0,0,0,0,1
2149,34,28,32,48,42,39,55,43
5569,25,14,19,22,23,15,23,20
262,518,662,502,448,571,559,509,603
100506637,2,0,1,2,0,2,0,0
6885,109,96,83,99,95,99,87,79
100874308,1,0,0,0,0,0,0,1
58477,587,658,158,148,152,181,204,227
9373,61,59,45,41,47,43,50,50
9973,32,36,40,22,27,40,38,35
92346,0,0,0,0,0,0,0,0
51065,1055,1125,593,580,690,670,562,664
196383,36,45,35,25,46,50,50,53
23417,16,9,8,4,7,14,11,20
341640,18,16,16,23,19,16,27,24
728509,2465,2731,2669,2517,3090,2821,2369,2742
60313,227,228,123,142,120,135,130,119
100861548,3,5,3,8,5,3,6,6
648729,445,571,486,383,452,430,341,448
25851,33,26,26,13,32,22,26,39
51193,44,42,32,24,32,34,34,49
8318,118,163,112,85,119,141,126,126
92170,154,190,107,88,123,119,139,121
3454,111,120,69,62,88,65,85,59
389033,0,0,0,0,0,0,0,0
64919,34,25,33,39,34,18,40,34
23112,409,422,295,327,211,278,271,319
55720,333,402,220,239,309,257,284,313
10409,216,252,246,253,262,175,179,195
7334,640,734,404,341,434,418,456,500
85461,27,23,25,21,34,25,21,14
107984210,2,0,0,0,0,1,0,0
81578,25,20,20,14,30,22,20,27
8621,76,71,38,30,37,36,43,34
1213,288,335,300,241,337,356,357,409
91746,294,290,208,184,271,238,223,231
54806,124,132,208,155,214,191,143,180
102157401,3,3,3,3,1,3,4,3
51751,1,1,1,0,0,1,0,3
9375,167,183,137,106,143,122,129,151
151647,1,0,0,0,0,0,0,0
30833,197,204,142,139,177,168,179,171
9135,316,326,239,211,291,289,273,276
285613,0,1,9,9,8,2,11,5
83463,19,15,14,18,15,16,14,18
3275,180,201,202,160,260,205,188,202
7988,26,19,19,19,16,22,15,26
401494,2,3,3,3,3,1,3,2
6402,0,0,0,0,0,0,1,0
28971,152,183,106,121,132,138,111,130
11317,0,0,0,0,0,0,0,0
728589,28,30,17,7,18,15,18,14
149297,0,4,4,2,0,1,2,0
869,0,0,0,0,1,0,0,1
2787,856,940,688,706,889,884,801,906
106480291,0,0,0,0,1,0,0,0
8829,85,76,51,70,78,53,51,67
3700,2,0,0,1,0,0,1,0
3149,609,628,279,251,335,363,366,365
729967,112,123,64,63,73,82,86,92
100507633,6,9,4,3,4,7,3,6
25998,165,132,132,135,155,159,181,204
107986985,6,9,2,1,0,3,4,3
102,74,94,56,62,43,61,62,77
7118,8,6,2,2,3,6,0,4
124903092,0,2,4,2,0,1,2,1
6006,3,1,0,2,1,1,0,0
9045,2681,3080,2409,2329,2890,2501,2297,2629
100128711,14,19,19,24,20,16,21,20
343930,0,0,0,0,0,0,0,0
64282,92,87,53,66,64,54,88,58
9746,4,5,11,9,4,12,6,8
79897,6,8,5,2,5,4,4,6
9219,173,191,43,68,23,40,69,59
5089,29,30,46,44,40,29,37,40
51085,2,4,9,6,8,6,7,5
27336,186,195,161,136,225,161,196,183
64062,163,187,152,116,124,131,131,132
128344,0,0,1,0,0,0,1,0
51250,81,94,51,46,56,68,55,44
65059,18,18,22,21,12,22,20,21
54894,19,27,19,20,44,27,26,23
10595,0,2,1,1,0,2,0,0
3131,4,3,7,0,6,2,4,1
728741,3,3,3,1,0,1,2,1
57179,166,227,119,116,155,146,151,156
8857,0,0,1,1,0,1,2,2
148534,44,52,47,37,42,51,39,49
90249,1,0,2,0,3,0,1,2
3607,119,146,68,88,81,95,98,101
641,127,135,96,78,81,120,102,112
79699,245,256,245,197,235,265,241,310
100271519,41,43,26,18,17,27,28,21
11311,70,52,30,29,49,42,45,54
6583,1,0,0,1,0,0,0,0
3313,943,997,616,510,692,666,738,698
64167,15,21,23,29,28,20,26,37
64151,157,176,121,129,140,139,157,160
100128725,4,3,3,7,6,4,4,3
286336,3,2,7,3,3,3,6,3
9534,21,34,11,20,23,20,19,23
645573,5,13,6,2,2,7,6,6
112268009,13,5,7,3,4,4,5,4
126823,19,26,17,17,28,25,37,45
79810,35,61,30,24,42,31,45,49
56853,1,1,3,2,3,4,1,4
83596,106,131,70,79,78,88,80,102
100505690,2,3,5,4,3,5,4,9
106480618,0,0,0,0,0,0,0,0
10763,1,3,7,2,2,7,4,1
80063,16,10,9,5,7,9,7,12
5281,58,87,53,78,91,82,58,78
9589,275,292,160,197,110,119,108,172
84259,202,219,106,106,128,149,142,147
90390,43,53,54,51,62,61,54,47
390010,2,2,5,2,6,5,3,4
58476,6,5,5,4,12,9,10,8
10987,203,241,123,92,148,169,147,176
60625,9,21,8,10,9,13,8,12
55773,52,58,47,48,85,53,64,69
5706,130,187,111,130,127,157,128,159
284656,4,1,1,0,0,3,2,1
7580,52,46,20,23,40,37,23,39
401431,9,5,1,2,3,2,4,1
4087,620,579,531,309,307,691,519,659
100271215,0,0,0,1,0,0,0,0
387893,111,104,53,67,70,90,95,76
55226,116,130,67,62,83,92,83,99
7411,530,581,399,369,416,447,415,471
129522,6,9,2,5,2,4,1,4
79823,21,23,17,23,30,19,23,29
101929566,1,3,1,4,2,1,4,1
102723166,4,2,3,3,3,3,5,3
100287902,2,0,1,1,2,0,3,1
100505592,0,0,0,0,0,0,0,0
11266,87,101,71,59,81,97,85,81
79571,34,41,20,12,25,23,21,11
100506881,1,1,0,0,1,0,3,2
124901039,0,0,0,0,0,0,0,0
729467,0,0,0,0,0,0,0,0
101928510,0,0,0,0,0,1,0,0
10446,1,0,0,0,4,3,3,2
57185,144,144,97,112,126,103,103,113
105369807,0,0,0,0,0,0,0,0
5631,239,246,195,212,288,195,193,229
100131539,0,0,0,0,0,0,0,0
79629,15,13,25,15,15,15,25,13
124905529,3,1,0,0,1,1,0,1
55219,48,39,42,27,29,25,41,40
8607,398,413,272,276,346,363,303,334
105379272,0,0,0,0,0,0,0,0
54536,102,104,91,79,96,98,99,106
3091,148,164,78,64,87,96,84,107
7761,5,2,3,1,1,5,4,4
5792,310,318,383,418,286,345,386,329
56262,89,110,41,56,49,52,40,66
100129516,0,0,0,0,0,0,0,0
102724813,3,9,6,7,4,8,3,5
136319,617,632,474,446,527,512,506,481
197187,2,5,2,3,2,5,1,7
22974,614,624,456,459,531,458,442,515
8533,483,565,244,240,307,295,301,342
7374,176,180,123,115,145,140,175,121
100422495,0,2,2,1,2,2,1,1
25873,8393,8977,7335,7094,7960,8572,7125,8506
55748,90,99,56,45,54,67,68,64
6219,1327,1456,1189,938,1331,1115,951,1182
79663,14,19,14,11,11,18,13,13
57613,46,47,52,55,58,42,33,35
401647,2,1,2,0,2,0,0,0
26814,1,1,1,0,2,3,0,0
64852,25,29,25,27,24,32,29,26
2792,8,6,2,4,6,8,5,10
823,46,53,49,45,67,60,66,62
29968,352,341,155,163,226,199,199,198
110806301,0,0,0,0,0,0,0,0
326296,10,5,3,6,1,0,5,4
767,26,36,52,38,47,38,37,34
10480,559,622,403,399,511,457,424,447
54765,271,274,183,142,184,194,195,189
6785,122,134,82,77,89,98,81,88
106480767,2,1,0,0,0,0,4,0
100291105,1,0,0,0,0,1,0,0
1604,94,93,114,97,109,96,91,124
159090,42,23,36,49,38,37,41,41
112268174,1,0,0,0,0,0,1,0
154467,295,344,220,216,241,251,209,259
8888,72,84,52,48,40,56,73,62
403312,0,0,1,3,0,2,0,0
116841,186,259,164,137,150,163,144,174
54704,12,23,17,9,15,14,12,12
1810,197,215,112,92,91,106,110,110
6385,53,50,50,57,38,36,39,52
79915,172,193,186,122,151,195,183,182
55320,115,176,103,74,108,122,125,123
9472,1,2,1,1,0,0,2,2
2339,85,104,60,57,55,63,91,86
51540,0,0,0,0,0,0,0,0
728658,2595,3220,2572,2588,2889,2696,2294,2787
102724223,0,0,2,0,0,0,0,0
4999,71,78,68,67,61,57,88,78
100132403,1,0,0,0,0,0,0,0
101929828,2,3,2,0,0,1,1,0
112268227,2,1,2,3,5,1,1,0
101928000,166,168,107,90,123,137,137,142
283652,3,2,1,2,3,2,2,3
8270,144,177,139,119,148,118,130,139
23170,189,197,70,79,122,114,136,118
100131713,191,218,173,206,197,170,170,191
105372185,0,0,0,0,0,0,0,0
5160,671,779,585,562,825,680,574,694
54757,0,0,0,0,0,1,0,0
100874321,0,1,0,0,0,0,0,0
100289102,2,0,0,0,0,0,0,0
8065,302,311,178,204,185,174,163,176
55625,34,27,19,19,34,28,33,28
91452,94,126,105,117,152,178,147,154
100271364,5,11,10,8,10,7,10,10
84262,276,379,156,163,153,161,161,173
136,9,11,12,21,13,10,11,9
10910,246,288,178,192,239,199,178,198
124900704,1,0,0,0,2,1,0,1
6873,117,139,61,72,79,82,69,92
9869,70,68,56,39,46,52,49,63
124905422,2,0,1,2,2,4,4,1
388965,9,7,4,4,5,4,4,0
23194,1,0,0,1,0,0,1,0
139341,115,141,64,57,94,106,88,97
80059,8,6,11,6,6,8,8,9
23580,40,46,40,28,42,42,47,41
8632,2,2,3,0,6,3,1,3
389240,978,1054,834,753,1000,834,740,935
134285,1,0,1,7,0,2,2,2
106736475,3,2,4,1,0,2,3,2
5201,523,580,342,339,458,392,353,428
114881,2,4,5,4,3,9,8,8
6749,584,622,532,493,638,575,614,557
1544,1,0,0,0,0,0,0,0
2016,3,4,2,2,5,6,2,6
79993,10,16,21,25,20,13,29,20
107985357,0,0,0,0,0,0,0,0
10015,120,120,99,71,107,84,109,107
101409258,1,4,2,2,1,2,0,2
83959,9,2,5,0,3,5,2,3
127687,180,220,127,98,148,149,148,175
27292,194,229,94,98,109,143,106,155
55272,307,344,139,145,210,198,264,218
643623,1,0,0,0,0,0,0,0
442720,10,12,9,16,11,9,8,10
441727,19,24,20,6,7,19,11,15
100271136,1,0,0,0,0,0,2,0
54438,54,53,46,41,32,50,37,53
154386,1,0,0,0,0,0,0,0
388242,0,1,0,1,1,1,1,1
100862668,0,0,0,0,0,0,0,0
182,27,20,46,53,62,35,42,53
105377358,0,1,0,0,0,0,0,0
90637,45,34,27,21,29,25,22,21
8220,44,42,35,28,37,33,23,31
2764,68,76,40,40,62,55,68,71
11104,116,126,107,103,148,109,100,104
100652759,1,2,7,4,4,4,1,7
56006,111,104,61,60,55,61,56,70
79613,8,8,10,4,5,2,10,4
7421,6,8,18,12,15,12,10,12
51442,0,0,0,0,0,0,0,0
101929154,0,0,0,0,0,0,0,1
115694671,1,2,3,1,2,5,0,5
11325,134,144,90,85,85,93,97,88
124199,51,42,39,37,37,48,50,30
254065,61,62,79,68,74,68,67,76
79962,7,9,8,8,13,13,19,19
100873790,3,1,0,2,0,0,1,3
390354,1023,1282,880,951,1027,1026,838,1037
3875,340,417,286,308,387,314,323,379
369,111,111,82,70,74,75,92,83
8896,575,718,322,280,363,407,364,462
9796,0,0,0,0,0,0,0,0
124904632,11,22,3,2,0,3,5,3
122704,501,542,306,292,317,391,365,425
7562,17,16,4,6,6,7,6,12
105376624,0,0,0,0,0,0,0,0
27304,20,34,9,7,21,13,21,9
106481314,0,0,0,0,0,0,0,0
90135,75,74,52,44,37,57,57,56
5336,8,8,7,7,12,9,15,8
84950,234,256,116,114,148,132,143,159
124902389,0,4,0,4,1,0,2,0
51322,191,192,176,138,176,205,209,214
1025,24,23,26,21,19,28,28,21
84695,6,9,6,7,6,3,7,5
442237,44,47,23,41,28,53,40,33
7117,116,126,62,66,83,76,63,80
4131,782,815,943,798,945,857,923,1000
112268032,0,0,1,1,1,0,0,0
100270914,4,1,2,2,3,0,0,1
84060,45,22,17,11,26,15,23,18
6815,80,75,31,39,21,30,41,35
119545625,3,1,0,1,1,0,2,4
389179,6,6,9,8,10,7,6,7
27183,150,135,82,79,93,91,112,107
9543,7,7,15,20,23,9,15,18
4683,148,186,70,79,82,93,85,113
10403,109,133,101,87,143,120,121,125
1345,1413,1438,1536,1299,1718,1293,1127,1389
100913183,2,7,1,4,2,6,3,0
105370207,0,1,0,0,0,0,1,0
124903248,0,1,0,0,0,0,0,0
7556,14,11,10,8,6,3,7,6
83468,12,9,10,11,9,14,10,13
2322,0,0,0,0,0,0,0,1
124904317,1,0,0,0,0,0,1,2
64426,76,70,76,62,104,88,66,71
26808,1,1,3,3,3,5,4,3
55140,96,106,62,67,81,89,80,108
8786,0,1,0,0,0,0,0,0
105376778,0,0,0,0,0,0,0,0
7326,100,118,68,57,60,87,88,88
100420450,136,145,94,87,166,146,113,128
124903618,0,1,0,0,0,0,1,0
10383,1197,1414,544,537,649,813,765,731
124904337,1,2,1,0,0,1,1,1
100169850,1,2,3,6,2,4,0,3
25852,53,61,35,34,32,31,35,38
51148,37,46,24,32,16,43,52,48
255082,9,6,9,8,6,12,8,10
57472,63,67,63,57,50,41,57,51
55014,75,125,104,76,112,98,96,127
10891,4,3,9,12,9,8,7,7
100131339,6,10,4,5,4,14,6,6
54331,2,5,4,1,3,4,6,7
124901945,0,0,0,0,0,0,0,0
26779,1,0,0,1,1,1,0,0
283481,1,0,1,0,0,1,0,0
10190,85,98,49,43,49,51,44,53
81606,25,35,229,283,249,28,33,32
105370224,0,0,0,0,0,0,0,0
1140,7,4,9,7,6,5,4,5
124902332,0,0,0,0,0,0,0,0
107985219,0,2,0,0,0,0,0,0
1444,1,0,0,0,0,0,0,0
26094,14,26,11,20,20,17,13,23
4833,325,323,394,381,421,425,386,412
124902362,0,1,0,0,0,2,1,0
6647,2154,2340,2194,2033,2688,2209,2071,2291
124901750,0,0,1,1,1,1,0,1
80824,26,18,24,39,21,29,29,35
645693,43,51,54,41,49,64,63,47
58496,6,8,1,3,1,5,4,10
643997,39,41,39,19,21,49,29,28
124902366,0,0,0,0,0,0,0,0
200162,0,0,0,0,0,1,0,0
106480258,0,3,0,0,1,1,2,0
23029,354,384,242,237,297,260,270,315
692084,195,225,92,100,120,196,183,196
100129351,1,0,0,0,0,0,0,0
23005,6,6,5,8,8,4,7,7
10450,341,406,309,316,437,363,328,384
26286,86,107,110,102,153,176,89,133
113246,565,758,653,637,753,652,657,771
79944,34,34,49,36,45,36,46,30
3251,729,826,585,535,628,611,566,636
27000,441,531,330,329,400,355,328,393
51075,195,232,109,102,111,118,139,139
84514,44,55,35,42,31,34,40,54
2002,84,99,60,63,75,73,72,71
56672,64,85,55,55,72,70,68,65
85320,1,0,2,0,1,1,1,0
105375554,1,0,0,0,0,0,0,0
401474,7,3,12,12,11,14,9,10
124906169,0,0,0,0,0,0,0,0
107986195,0,0,0,0,1,1,0,1
731741,34,28,26,19,18,34,18,28
26827,1,5,1,5,2,5,2,5
221545,34,27,43,33,44,45,39,42
55898,96,108,109,79,122,100,95,107
100419903,6,6,9,3,8,4,3,3
364,0,0,0,0,0,0,0,0
157773,14,8,4,6,5,4,2,6
5489,9,15,6,8,7,11,6,4
5378,78,84,93,79,106,83,91,89
6695,3,7,16,10,17,1,8,3
55052,965,1039,484,445,594,606,634,603
29920,196,253,161,151,194,215,212,229
100996362,0,0,0,0,0,0,0,0
100271907,0,0,0,0,0,0,0,0
6727,1496,1644,1226,1239,1435,1340,1355,1366
196441,77,62,73,67,88,91,109,108
63905,205,226,131,115,149,131,131,154
8603,16,33,28,22,39,32,34,38
80757,9,8,12,11,15,11,14,14
26065,551,634,388,448,485,433,432,439
130733,1,0,2,2,0,0,0,1
51100,186,195,113,123,137,144,147,152
65249,4,4,1,1,8,3,3,2
68,18,27,7,9,12,15,4,10
5214,283,312,307,280,365,296,347,320
124904241,0,0,0,0,1,0,0,0
116804915,0,3,1,1,2,6,3,4
100189015,1,3,1,1,2,0,0,3
293,1805,2118,2063,1950,2466,2128,1870,2195
100527947,121,130,53,65,87,88,77,75
83874,4,4,4,2,8,6,3,5
100129325,0,0,0,0,1,0,0,2
27164,0,0,0,0,0,0,0,0
400954,0,2,3,2,2,5,4,6
10308,49,41,43,35,54,35,35,32
55552,13,12,0,10,10,6,8,14
10567,592,675,555,580,714,717,620,685
105378694,0,0,0,0,0,0,0,1
84787,12,9,15,12,8,14,18,18
103504734,64,62,64,61,53,70,58,54
100133165,1,2,1,0,1,3,1,0
54457,1,1,2,1,1,0,0,2
359845,138,150,152,154,157,166,151,167
219293,5,4,3,3,1,2,2,2
6187,6025,6737,7398,6962,8567,6724,6547,7200
124904954,3,0,0,0,1,1,0,1
92806,31,39,22,14,24,26,32,36
221937,61,65,63,52,66,64,60,55
124904583,0,0,0,0,0,0,0,0
93323,55,79,52,38,54,52,57,58
48,34,49,32,31,34,34,34,37
9407,0,0,0,0,0,0,0,0
753,2,4,0,8,5,7,10,8
83786,22,30,12,6,9,14,13,9
142910,0,0,0,0,0,0,0,0
105370921,0,0,0,0,0,0,0,0
9382,39,41,25,29,30,24,31,30
1155,1252,1393,939,986,1155,1020,1057,1084
55794,72,67,22,25,26,32,30,28
2313,8,3,3,7,5,6,1,9
102724533,0,0,0,0,0,0,0,0
56903,0,1,0,0,1,0,0,0
6133,2189,2456,1991,1814,2125,2143,2046,2298
1258,0,0,0,0,0,0,0,0
10602,47,40,25,21,18,34,36,28
84164,95,101,58,50,68,49,57,73
124904179,0,0,0,0,0,0,0,0
23312,13,8,10,16,15,16,18,11
9326,213,287,210,175,235,222,199,243
339799,647,744,744,668,867,718,658,753
4670,2202,2199,972,852,1290,1456,1318,1444
101060089,0,0,0,0,0,1,0,0
102723716,4,1,0,0,0,0,0,1
55135,55,61,34,40,46,23,43,27
5600,6,6,5,5,9,3,4,2
8936,43,58,41,34,59,34,33,33
84833,2075,2417,1587,1252,1700,2083,1635,2054
23443,45,32,24,25,29,23,20,29
55771,383,383,222,208,190,246,245,254
140459,72,66,54,52,52,45,59,62
26046,220,214,205,218,255,191,168,230
23234,223,259,94,87,109,124,110,130
162962,8,9,5,14,9,11,10,13
124904935,0,0,0,1,0,0,0,0
100131593,6,6,5,2,5,10,2,0
272,1,1,3,0,0,0,0,0
101927437,0,0,1,0,0,0,0,0
392255,0,1,2,0,1,0,2,0
100507459,9,3,6,7,7,10,3,9
2237,238,271,115,107,186,164,155,171
124901295,0,0,0,1,0,0,0,0
100271017,3,2,1,1,1,0,1,2
94121,6,8,10,6,7,14,14,14
89953,31,27,16,31,37,24,23,31
5701,361,408,211,190,279,264,232,313
79955,1,2,1,1,3,4,2,1
391834,1,0,2,2,0,5,0,4
124905135,1,0,1,0,0,0,0,1
54991,32,30,22,11,23,31,27,28
107985192,0,0,0,0,0,0,0,0
652983,1,2,1,1,1,3,1,1
85352,2,2,3,2,5,3,4,2
326307,6245,6759,6852,6899,8725,6832,6351,7173
124904533,0,0,0,0,1,0,0,0
285489,0,0,0,0,0,1,0,0
9077,1,3,3,0,1,3,2,1
51067,124,119,60,57,71,75,83,76
285872,20,29,8,11,10,21,17,23
104355295,1,0,1,0,0,0,0,0
11052,236,270,92,112,90,124,133,129
284365,1,0,1,1,2,0,2,0
84993,258,329,209,233,288,254,212,270
54512,177,206,91,86,90,126,111,98
55008,12,14,17,14,11,12,8,12
4528,119,159,143,146,197,113,108,98
128312,4,3,2,4,0,2,6,5
285043,0,0,0,0,0,0,0,0
254887,6,3,6,6,5,8,9,8
255426,1,3,0,1,1,0,2,1
57719,0,2,4,4,3,5,1,13
79922,19,26,17,17,24,14,23,22
441728,1,0,0,0,0,0,0,0
105374845,1,2,0,0,1,1,0,0
10916,140,156,118,87,133,107,107,143
10975,2247,2476,1910,1763,2188,2007,1690,2102
100189033,0,0,2,0,0,0,0,0
112268271,9,4,10,8,12,11,9,8
102723409,0,1,1,1,0,0,0,0
58155,72,53,54,67,55,55,50,71
105374454,1,1,0,0,0,1,1,2
55069,44,38,27,18,49,26,31,35
107986578,0,0,0,0,0,0,0,0
107986520,1,0,0,2,0,0,0,0
79033,266,261,169,155,194,212,187,223
221935,12,8,8,6,7,8,8,7
3213,36,62,27,32,32,32,47,45
105374343,0,0,0,0,0,0,0,0
938,0,4,4,2,3,4,4,3
3163,158,185,135,128,180,131,141,137
154215,7,5,4,0,5,4,9,10
3136,4,0,0,1,1,0,2,1
2762,85,119,78,56,93,103,101,113
2151,0,0,0,0,0,0,0,0
66036,40,44,19,24,26,37,24,45
105379544,0,2,0,1,0,1,1,0
7917,200,189,211,181,230,185,229,213
728517,5,1,5,4,2,1,1,0
375035,253,216,105,71,126,119,120,149
84109,4,14,7,11,5,17,15,14
55166,98,121,98,108,108,104,67,98
26986,2855,2990,3413,3045,3617,3338,3027,3114
100129995,0,0,1,0,1,0,0,1
144983,64,55,54,45,65,58,68,52
9770,14,12,25,17,29,34,28,29
890,208,225,91,84,107,167,158,184
105373042,1,0,0,0,1,0,1,0
644079,14,6,8,6,8,9,16,8
10146,1373,1441,552,503,564,560,601,645
55328,0,2,6,3,6,3,3,1
100287868,21,19,11,4,11,10,14,12
23505,39,42,27,32,25,41,27,40
6865,1,1,0,0,0,0,0,0
55247,34,40,34,26,51,32,32,35
644333,2,2,0,3,0,0,0,1
26609,0,0,0,0,0,0,0,0
101929693,2,3,4,2,3,2,3,3
651302,9,10,9,1,6,8,10,6
105379557,0,0,0,0,0,0,0,0
440804,1,1,0,1,0,2,0,0
4627,328,292,208,207,204,196,213,217
79153,2,2,1,2,3,2,4,1
9124,129,181,221,224,250,209,197,250
102724927,2,0,1,0,1,1,0,0
51019,106,97,67,51,73,97,58,91
57835,2,2,1,4,0,0,0,3
26050,2,3,0,0,0,2,7,4
27130,15,13,13,10,14,13,14,8
692149,1,3,0,0,1,0,0,0
4637,1824,2166,1282,1397,1708,2068,1917,2017
123688,24,21,14,17,25,15,29,26
23246,87,67,79,71,78,76,105,108
5532,52,37,30,34,20,44,62,32
388389,1,3,1,1,1,3,1,5
10487,375,426,226,244,278,282,295,339
552853,0,0,0,0,1,0,0,1
406962,0,0,0,2,1,2,1,0
8899,546,477,396,324,422,401,394,454
107986952,0,0,0,0,0,1,0,0
92106,50,59,28,29,40,32,28,34
100189237,0,1,0,0,0,0,0,0
5436,387,437,299,282,347,404,351,397
4514,7846,5871,3890,2338,2521,6168,5450,6804
23412,138,153,89,110,128,153,132,152
106480236,1,1,3,2,1,3,2,4
57019,222,290,84,94,162,156,138,163
284370,12,10,11,16,9,14,16,16
124901455,1,0,0,0,0,0,0,0
5451,64,75,97,89,83,69,66,85
22803,536,593,435,394,546,470,431,498
401585,0,0,0,0,0,0,0,0
442195,96,99,75,63,64,67,70,76
166968,31,31,27,27,39,44,32,37
6789,334,295,165,202,130,142,171,155
9107,60,83,20,21,34,39,45,37
100128017,0,0,0,0,0,0,0,0
124903855,5,8,4,4,2,0,2,1
3516,342,336,445,408,441,397,331,401
105378349,0,0,0,0,0,0,0,0
23512,195,211,123,119,128,141,177,200
100874183,0,0,0,0,0,1,0,1
124905122,1,1,3,5,3,1,3,2
105379771,0,0,0,0,0,0,0,1
654170,1,1,1,3,3,3,2,0
865,98,100,47,33,46,55,64,53
5783,157,160,113,110,117,130,165,162
105616981,0,0,0,0,0,0,0,0
27086,212,245,168,198,161,137,175,169
5980,89,104,93,77,88,76,95,95
101928973,0,0,0,0,0,0,0,0
283807,3,5,6,4,9,15,8,8
124900511,5,4,1,4,3,0,2,4
3190,1399,1564,1015,1041,1243,1210,1108,1259
8407,751,892,575,527,721,717,699,781
122509,69,56,47,48,58,50,65,66
100132273,5,4,3,4,2,4,3,6
643427,3,6,2,2,2,1,5,5
123706544,4,3,4,4,0,4,8,3
128486,21,22,9,11,9,7,24,9
9033,0,0,0,0,1,0,0,0
81493,699,835,283,396,130,198,229,214
51406,384,371,177,189,254,253,221,250
84254,17,27,23,20,21,26,29,29
100421465,3,1,5,2,2,4,3,2
643155,168,192,106,103,123,119,117,126
8357,1,0,1,0,0,3,1,1
10787,68,69,78,71,92,65,64,71
100507003,4,4,2,3,3,2,5,3
1675,24,18,22,24,27,21,12,24
26985,109,98,90,83,93,82,99,119
107984151,1,0,0,0,0,0,0,0
64897,125,141,51,57,54,55,47,64
5066,77,70,85,71,79,89,79,93
27020,168,188,96,82,92,144,121,119
653125,2,2,4,2,4,2,2,6
5917,633,702,240,243,331,340,306,356
100129973,0,0,0,0,1,1,0,1
5468,41,34,50,42,29,29,34,24
221468,4,0,1,0,1,1,0,2
149465,0,0,0,0,1,0,0,1
11140,384,396,235,225,312,265,308,318
51246,194,221,245,252,325,163,166,195
50640,60,69,49,48,74,57,54,62
5483,1702,1924,1496,1390,1887,1701,1748,1789
29980,38,49,47,53,71,56,63,53
4040,69,61,63,51,56,62,73,53
124901628,1,0,0,0,0,0,0,0
284230,267,287,210,231,225,348,214,242
317726,110,116,48,54,54,91,81,76
124902717,0,0,0,0,0,0,0,1
124900959,0,0,0,0,0,1,0,0
64577,0,0,1,1,1,1,1,3
1075,172,171,94,94,127,136,128,130
85416,148,168,107,107,81,85,85,83
131474,145,139,91,97,135,97,102,126
170536,4,0,1,2,0,3,3,3
8801,99,116,99,114,126,87,101,104
5987,159,152,87,100,99,116,104,143
107986683,1,0,0,0,0,0,0,0
401720,0,0,0,0,0,0,0,0
105372799,0,0,0,0,0,0,0,0
100847041,0,0,0,0,0,0,0,0
442112,415,423,255,247,454,346,338,345
100287808,2,0,0,2,2,1,3,1
57506,141,131,84,81,87,103,102,128
9241,14,19,50,116,32,17,33,32
728350,715,776,602,670,761,632,532,612
643988,22,19,18,12,20,10,23,28
105371927,0,0,1,0,0,0,0,0
9315,25,19,37,32,43,26,23,31
107986700,1,2,6,0,2,1,4,9
9907,12,13,4,0,4,4,5,5
222183,2,2,3,1,7,2,3,2
10081,68,66,68,45,61,46,48,63
100129739,4,7,0,0,0,3,1,1
124901189,0,0,0,0,0,0,0,0
988,663,683,519,460,561,560,491,634
286053,63,60,60,51,76,69,60,70
10529,24,17,15,16,28,19,27,22
105379478,0,0,0,2,1,0,0,3
255104,17,15,1,2,9,14,10,6
85415,34,45,48,43,49,51,50,47
56979,0,0,0,0,0,0,0,0
144363,98,96,50,53,58,61,67,84
645121,1,1,0,0,2,0,2,2
26099,215,234,138,152,172,167,124,173
55670,143,178,83,89,78,80,81,81
145499,69,94,66,54,58,58,66,67
2811,5,5,2,1,0,0,1,1
2030,165,177,114,118,128,123,100,125
723972,12,8,6,10,14,6,6,9
339327,43,28,18,10,14,20,15,30
442578,11,18,11,7,9,12,14,12
3842,349,398,240,241,291,257,272,307
55957,43,51,28,35,37,38,27,32
84524,88,91,61,59,73,46,47,66
728244,548,638,684,538,632,636,521,586
22984,507,500,217,221,271,269,266,311
101927323,0,0,0,0,0,0,0,0
8703,124,132,79,68,85,91,70,115
677770,240,264,184,172,255,227,234,275
90592,10,14,15,10,13,8,17,12
23258,53,45,30,36,34,30,54,31
246717,132,205,170,156,148,142,133,172
100874169,0,1,0,0,0,1,0,1
100506897,1,1,0,0,0,0,1,0
8802,463,530,429,401,520,425,368,446
101928222,1,0,0,1,0,0,0,1
338095,9,15,11,15,17,6,6,7
10399,10219,10871,9919,9941,11858,9462,8705,9746
55906,11,12,16,13,24,19,14,12
780854,3,8,12,13,8,18,8,17
51714,160,207,68,60,73,117,113,98
728467,9,6,6,9,11,6,7,11
83871,189,203,155,169,226,177,207,195
26135,3222,3361,2557,2435,3069,2638,2546,2930
149420,28,29,35,23,40,26,29,39
57644,0,0,0,0,0,1,0,0
100507361,11,8,7,7,14,7,7,8
4728,573,639,455,467,536,474,456,553
83694,10,16,6,8,3,16,7,16
151393,6,2,0,3,1,1,2,1
9562,53,57,26,32,33,44,52,34
53335,149,146,138,154,160,94,116,120
57453,0,0,2,0,0,0,0,1
646791,41,64,33,26,35,39,36,44
107985684,0,0,0,0,0,0,0,0
391019,2,0,1,5,1,2,1,2
646949,3402,3955,2372,2704,2186,2372,2569,2315
23116,35,33,29,21,31,42,31,34
3249,0,0,0,0,0,0,0,0
348327,79,73,44,49,42,43,32,39
693194,0,0,0,0,0,0,0,0
4857,17,16,26,22,24,12,11,15
101927740,0,0,0,0,0,0,0,0
100288517,1,2,1,0,0,0,0,1
8110,8,2,4,1,7,12,7,2
55617,35,38,11,22,19,28,11,20
6154,7659,8390,7201,6010,7247,7051,5887,7189
285672,347,357,296,225,270,346,294,368
100271373,0,1,0,0,0,1,3,0
391124,20,24,20,18,11,25,25,23
152518,57,61,59,62,65,69,62,59
25828,332,439,279,296,364,324,318,325
107984315,0,0,0,0,0,0,0,1
8329,8,16,6,8,11,14,19,21
124976,52,50,16,23,6,10,20,10
9541,211,224,274,259,332,238,204,219
153893,2,1,2,0,4,1,2,1
387066,2494,2690,2175,1973,2299,2574,1999,2681
10000,80,72,97,106,107,93,122,100
84418,349,404,419,375,486,462,401,431
58985,0,0,1,0,0,0,0,0
105378867,0,1,0,0,0,0,0,0
115948,4,1,0,0,1,2,2,0
90768,5,8,3,8,3,6,4,3
100421433,1,0,2,0,1,1,0,1
6128,3292,3474,2438,2299,2855,2834,2579,2846
4983,11,3,2,2,5,4,2,10
6397,56,50,43,35,66,52,67,57
6868,112,128,99,82,48,75,67,75
6205,7888,9145,7475,7501,7925,8605,7473,8536
100128162,0,0,1,0,0,1,1,0
221656,16,14,20,12,18,25,14,11
10499,17,22,18,22,11,14,25,19
100101490,12,10,5,7,11,13,11,7
124905094,7,5,3,4,9,9,5,5
10020,20,28,22,26,23,22,35,27
54763,0,0,0,0,0,0,1,0
101928063,9,12,2,5,4,4,7,6
29075,3,4,2,4,1,3,2,3
54946,38,37,37,31,44,30,39,38
23643,0,0,0,0,0,0,0,0
23321,55,74,57,71,55,54,62,82
117532,0,0,0,0,0,0,0,0
124902178,0,1,0,0,0,0,0,0
124902764,0,1,0,0,0,0,0,0
105375947,0,0,0,0,0,0,0,0
100288031,3,2,4,0,0,2,0,1
8733,168,165,146,138,165,160,154,149
3921,506,648,470,415,538,611,545,542
6230,3706,4018,3511,3263,3824,3359,2967,3462
105370646,0,0,0,0,0,0,0,0
148223,60,103,38,43,41,49,45,44
201626,53,56,31,26,26,49,36,42
126432,4,2,9,7,14,5,5,6
5134,166,191,142,122,146,156,182,179
220832,2,4,0,0,0,2,1,2
25988,23,15,12,12,18,18,15,14
118433,38,39,38,30,43,38,41,36
100506599,9,6,7,6,6,4,4,10
729769,40,50,28,21,36,45,41,43
1778,537,623,577,483,506,610,685,675
28951,93,71,82,77,73,46,52,57
124901722,0,0,0,0,0,0,0,0
124900758,1,0,0,0,1,0,1,3
105378690,0,1,0,0,1,0,1,0
26150,39,36,5,3,12,19,17,22
121273,2,0,1,1,1,1,0,1
64132,57,72,47,51,52,48,60,51
135293,139,136,142,127,115,117,125,123
106479178,1,5,1,3,3,1,4,3
54499,563,588,225,226,302,361,305,315
677885,5,2,8,10,8,5,9,7
81572,268,252,159,166,198,191,169,210
84815,4,6,5,3,5,5,5,7
57519,2,7,5,15,4,5,9,8
113000,35,53,27,21,23,38,19,35
8341,10,11,12,9,7,9,5,7
23014,329,369,303,286,321,309,252,306
55260,22,16,16,19,19,13,11,8
124900192,4,6,0,0,2,2,3,3
107985939,3,1,1,0,2,0,0,0
101929184,0,0,0,0,0,0,0,1
6602,172,169,132,102,114,122,116,138
105376752,7,3,5,3,4,8,4,3
285367,194,205,242,232,307,219,204,224
57722,9,16,14,10,10,5,9,10
51185,226,268,156,178,143,151,126,164
81789,12,17,6,7,10,8,11,15
11269,46,45,65,57,90,49,44,47
6434,732,734,290,287,384,389,375,425
105371434,1,1,0,0,0,0,1,0
10133,78,86,87,75,101,123,121,113
123466206,0,2,0,0,0,0,0,2
3237,69,59,59,38,41,44,63,35
260334,1,1,2,2,1,1,0,0
55815,0,1,0,0,0,2,1,0
8470,2,7,10,7,9,11,11,12
22978,82,77,38,27,34,31,47,49
100189287,4,9,0,1,2,3,1,4
57708,194,189,177,135,186,159,165,188
105377604,0,0,0,0,0,0,0,1
11095,26,15,25,21,23,22,15,19
339456,1,3,5,5,7,4,3,2
107986382,0,0,0,0,0,0,0,0
51248,210,206,164,169,195,186,196,200
57677,15,9,19,20,20,26,25,23
23432,45,49,50,51,50,39,51,57
157313,165,144,72,40,96,106,102,118
158381,72,67,60,53,63,57,66,74
157697,209,218,157,145,172,204,206,229
9580,6,5,2,4,11,4,4,5
375,1546,1734,1141,1169,1425,1215,1203,1346
283603,203,227,192,122,146,199,162,160
3751,4,1,2,0,2,2,1,2
124904195,3,3,0,1,2,2,1,2
158078,2478,3069,2998,3064,3341,3415,2730,3263
9567,50,40,72,56,78,55,59,61
9238,150,177,111,121,136,102,125,114
80152,14,20,14,4,13,15,32,21
6237,11,9,16,10,26,6,16,14
140809,71,70,52,38,54,55,51,55
29899,27,29,27,24,29,40,27,42
105378858,0,0,1,0,0,0,0,0
102723573,568,560,514,410,553,558,489,552
79031,215,227,157,129,204,145,107,148
124901569,0,0,0,0,1,0,0,0
79833,214,260,102,110,107,105,121,135
100128675,0,0,0,0,0,0,0,0
101928868,9,7,21,22,16,10,9,16
101926908,0,0,0,0,0,0,0,0
23464,86,120,85,95,95,105,106,105
57622,27,25,19,25,27,19,30,18
645339,3,11,7,4,6,2,8,3
79753,28,48,13,18,24,18,20,39
140901,59,54,43,32,43,45,56,39
23389,71,110,91,69,68,89,90,80
90161,69,67,44,22,37,33,44,43
105377394,0,0,0,0,0,0,0,0
101926977,0,1,1,0,1,0,3,0
5110,701,743,587,539,714,602,568,644
2043,35,38,33,42,47,31,36,34
100874222,2,1,1,0,1,2,0,0
124902551,1,0,0,0,0,0,1,1
607,10,8,14,9,18,11,9,10
84793,1,2,1,0,4,2,1,2
107985657,0,0,1,0,0,2,0,1
200014,23,19,14,5,10,10,15,17
5370,0,1,0,1,0,1,1,1
54741,107,125,90,81,105,135,107,109
200916,88,111,112,76,85,105,68,126
729196,0,0,0,0,0,0,1,0
3609,790,870,611,569,716,731,707,803
107986716,0,0,0,0,1,0,0,0
112268123,1,5,1,4,3,0,5,4
85478,3,7,2,0,0,1,1,1
124900480,8,2,4,2,8,2,4,5
148113,5,8,1,2,5,3,11,4
2140,89,105,69,77,69,81,67,80
8364,6794,6735,3435,3056,4055,5961,4441,4802
360132,44,37,51,52,36,47,34,50
124905471,1,0,2,1,0,0,0,2
402176,10,12,6,9,8,8,9,9
115123,30,29,11,6,17,25,16,30
124901912,7,0,3,0,1,2,3,7
105371271,1,0,0,0,1,0,0,0
100271239,1,3,2,1,1,1,1,2
105379273,2,1,1,0,0,0,1,0
100287616,9,7,5,3,6,6,7,12
80339,14,9,25,17,21,14,21,18
54861,25,27,23,9,15,15,16,28
84261,56,52,24,30,42,32,36,43
29092,41,41,28,33,20,22,18,26
23060,68,78,72,56,62,69,58,81
109864269,5,8,1,2,0,2,1,0
84687,17,17,24,23,34,26,31,37
387319,0,0,0,0,0,0,0,0
107986878,0,0,0,0,0,0,0,0
134957,18,14,8,9,11,15,15,4
401074,3,4,1,1,0,2,3,2
105373043,3,1,0,1,1,1,0,0
55289,5,4,4,2,2,7,6,6
124905569,11,15,15,20,12,13,14,29
5539,0,0,0,0,0,0,0,0
51582,100,119,96,85,75,96,96,109
3326,4104,4129,3264,2975,4213,3923,4008,4196
27248,181,165,120,112,148,121,118,141
644295,21,27,17,18,25,25,18,29
54733,161,173,93,76,101,80,98,101
128609,2,0,0,1,0,1,2,1
85026,34,36,34,38,47,48,48,50
6790,203,252,160,166,217,236,242,226
161725,3,0,8,4,5,7,7,5
200958,1,0,0,0,0,0,0,0
100189260,1,3,1,2,0,0,2,1
4217,27,32,29,32,37,40,31,28
819,230,295,306,243,318,273,287,341
199720,2,1,1,0,0,0,0,1
81602,41,60,23,32,55,50,33,51
101929937,1,0,3,1,0,1,2,1
106480393,0,0,0,0,0,0,1,0
9685,325,287,174,182,185,200,231,224
56901,1,0,7,2,3,3,1,2
326292,215,258,218,212,269,239,219,287
23105,8,1,17,11,12,14,17,4
359948,305,371,315,320,287,285,251,321
2117,29,54,21,22,24,22,31,24
23361,76,84,66,56,84,53,90,61
7533,264,299,105,143,122,99,158,139
6247,0,1,0,0,0,0,0,0
339926,0,0,0,0,0,0,0,0
81562,59,47,34,22,32,31,32,20
100129245,9,3,1,1,1,4,6,6
22873,129,125,200,152,176,148,174,173
56180,53,53,28,24,30,20,23,39
401409,1,0,1,1,1,0,1,0
11041,130,116,140,149,189,141,149,168
130535,11,13,15,7,13,9,6,12
100287216,1,1,2,0,1,1,1,2
116730,1522,1853,1448,1306,1645,1512,1276,1438
79943,9,6,3,6,10,5,5,4
23480,714,751,524,438,546,519,481,665
3308,466,528,281,310,284,311,356,337
57703,85,105,98,87,114,79,90,110
57577,9,6,12,10,20,8,15,15
220074,0,1,0,0,0,0,2,0
100288801,1,1,0,0,0,0,0,0
5147,55,71,53,60,81,61,54,69
375189,1,0,1,1,1,1,0,1
27067,113,126,120,111,143,143,139,160
10643,81,84,116,90,123,131,115,141
124903828,2,0,0,0,0,0,0,0
4512,6564,5234,5589,3050,3319,5631,4914,6067
124900752,1,0,1,1,2,1,4,4
2539,36,48,54,56,66,66,48,62
2026,95,116,263,240,316,227,238,269
124900208,1,0,0,0,0,1,0,1
27301,38,46,20,17,30,40,33,40
283232,36,31,22,34,28,32,38,36
6324,1,1,2,4,3,2,5,7
6902,1462,1629,1261,1199,1434,1541,1443,1592
8028,66,82,67,67,78,71,83,71
4726,1760,2005,1447,1453,1877,1530,1527,1652
57062,645,674,513,507,617,599,586,634
6829,383,394,250,211,327,257,358,311
27068,239,255,152,146,183,221,197,260
337875,0,0,0,0,0,0,1,0
100505894,53,52,35,58,69,82,56,73
954,0,0,1,0,1,0,0,0
100130283,2,2,0,0,2,1,1,1
9791,132,130,64,65,74,89,92,73
100271290,4,9,8,8,8,4,15,10
124907734,0,0,0,0,0,0,0,0
57176,36,38,59,40,41,29,54,54
29087,105,122,89,87,104,99,93,121
27300,157,194,101,74,122,110,88,114
112451549,0,1,0,0,2,0,0,0
375757,76,68,37,47,52,47,47,69
116435281,0,0,0,0,0,0,0,0
4045,10,9,17,15,23,16,5,14
2128,0,0,0,0,0,1,0,0
100130403,13,18,17,8,9,14,9,5
116844,0,0,0,0,1,0,0,0
729042,23,25,17,14,13,19,14,24
80274,5,3,5,2,2,2,3,1
895,0,0,1,0,0,0,0,1
9368,75,78,54,37,48,53,52,75
4674,3,2,0,0,1,3,4,4
105373071,1,0,1,0,1,0,1,3
7756,539,616,215,175,247,266,264,272
109729182,0,1,0,0,0,0,0,0
9520,291,280,195,161,185,231,249,266
3490,5,9,3,1,6,3,1,2
7360,99,86,75,95,108,97,76,90
5720,368,443,343,413,508,394,303,403
54433,359,348,129,111,165,132,176,178
23491,6,11,12,14,11,16,12,23
105375154,0,0,0,0,0,0,0,0
55697,28,18,25,16,19,22,29,33
762,0,0,0,1,1,0,0,1
22848,36,47,42,31,27,40,30,48
23527,126,144,122,134,145,156,110,163
10347,6,5,10,8,9,5,10,11
112840933,0,0,0,0,0,0,0,0
51575,562,648,413,362,450,434,369,444
157956,97,106,56,34,58,57,55,65
3550,542,601,355,339,423,458,368,446
109616975,1,2,0,2,3,2,1,1
106635550,1,0,0,0,0,0,0,0
124906236,2,0,0,1,3,3,2,0
124904629,2,1,0,0,1,1,3,3
102724793,0,0,0,0,0,0,0,0
57413,0,0,0,0,0,0,0,0
642273,1,0,19,10,9,1,2,0
100101267,147,140,97,73,81,113,136,103
113444,145,199,59,77,85,119,96,89
5699,97,113,61,60,83,93,81,104
105376527,0,0,0,0,0,0,0,0
23510,22,15,10,15,9,10,12,9
688,24,30,34,32,25,10,12,25
2319,69,88,74,70,86,76,77,97
4060,3,0,2,0,2,0,2,0
100128378,0,0,0,0,0,0,0,0
9076,17,12,11,17,24,19,18,24
11214,123,142,102,113,139,119,114,142
9650,50,40,49,42,59,66,54,58
389692,2,1,4,1,2,2,1,0
57481,1,0,0,0,0,0,0,0
1355,168,162,101,103,129,116,116,145
124903766,0,0,0,0,0,0,0,0
124901522,0,2,2,0,1,1,0,1
79807,53,52,37,26,30,33,30,42
105374304,0,3,2,0,1,0,0,3
160335,11,16,9,10,12,16,11,6
107985946,1,0,0,0,1,1,0,1
27247,121,128,92,88,120,98,99,117
100189400,7,10,6,4,3,1,6,4
100130302,0,0,0,0,1,0,0,0
4362,2,4,1,0,3,0,0,6
101928077,0,0,0,0,1,1,1,0
929,1,0,0,0,0,0,0,0
23168,281,343,273,217,296,324,293,329
79882,153,151,101,96,107,117,100,101
100125556,6,0,0,3,10,4,5,4
133746,58,41,64,57,72,48,76,60
107985079,0,0,0,1,0,0,0,0
55299,88,54,46,43,62,52,13,70
6750,0,1,0,0,0,0,0,0
106479007,1,0,0,0,0,0,0,1
84525,15,12,5,4,11,15,18,24
55269,142,163,51,45,66,68,57,62
200185,744,767,490,488,607,618,594,597
53344,7,11,9,3,14,6,8,12
107984439,0,0,0,0,0,0,0,0
54496,73,72,27,24,30,34,39,48
114803,63,70,38,33,50,62,71,73
124901321,8,10,2,3,7,5,5,6
7210,0,0,0,1,0,0,0,0
100506779,1,0,0,0,0,1,0,1
23366,15,6,15,17,12,10,17,13
100131160,75,63,75,44,52,72,43,80
3835,266,316,203,260,283,230,246,235
100505518,1,0,0,1,0,0,1,0
100128984,22,20,16,8,12,20,21,20
22845,76,99,24,16,40,37,41,39
10813,279,251,77,70,90,98,87,88
112268102,0,0,0,0,0,0,0,1
51379,63,58,41,34,30,37,41,37
646672,85,105,81,78,63,100,64,58
79896,43,54,26,26,30,34,34,32
100133091,4,4,1,1,1,4,7,6
4515,2,1,0,1,1,0,0,1
7036,0,0,0,1,0,0,0,1
9453,167,215,118,139,193,183,157,178
53338,10,5,4,5,4,5,4,6
148014,1,2,0,0,0,2,0,0
11007,47,47,31,49,43,41,62,56
84320,197,225,154,134,193,169,170,176
84313,320,370,139,118,146,168,166,175
9465,11,15,11,10,16,19,14,20
100189352,1,2,0,1,1,1,0,0
26024,0,1,0,0,0,0,0,0
221443,58,59,55,38,63,51,47,62
8675,86,95,91,107,98,89,84,117
643627,5,6,7,8,8,6,3,6
83478,2,2,2,4,1,1,4,5
64928,748,900,526,477,603,605,577,645
5217,157,161,146,125,174,163,174,171
105370050,1,0,0,0,0,0,0,0
105372790,0,1,0,0,0,0,0,0
64065,259,269,264,282,318,279,262,309
107984720,143,148,112,87,132,146,135,126
643531,1066,1173,1001,933,1083,1040,919,1123
26030,20,13,17,17,18,24,16,15
646753,8,24,6,13,10,17,10,18
10171,42,58,26,24,25,39,33,42
101928419,0,0,0,1,1,0,0,0
5300,337,382,311,259,324,292,283,326
124902201,1,2,0,0,0,1,0,0
124909472,1,0,0,0,0,0,0,0
5872,332,308,369,350,430,531,464,478
100288425,3,2,2,0,0,1,1,0
647276,2292,2450,2191,2079,2488,2162,1925,2443
440957,261,308,150,147,163,253,211,255
250,2,2,5,4,2,5,5,3
51807,1,0,1,0,0,6,0,1
3801,1,2,11,5,4,5,9,4
55830,34,33,31,13,27,20,32,30
10505,10,12,12,9,8,10,9,10
101927809,25,14,13,18,15,14,18,22
10295,146,187,167,171,238,160,187,192
5527,197,199,207,169,198,231,212,241
9919,72,74,40,47,51,56,58,56
9470,318,327,232,197,307,204,213,268
143162,0,0,0,0,0,0,0,0
124903475,4,3,6,2,5,2,4,4
8989,2,3,0,0,0,1,2,1
145,19,12,14,9,8,14,13,18
388789,683,764,600,608,769,682,608,710
10521,382,429,168,139,179,232,277,269
105371097,0,0,1,0,0,0,0,0
1020,92,117,88,92,109,97,76,105
27237,2,4,6,4,5,2,8,7
151246,116,145,91,96,107,98,95,98
51170,55,47,35,46,61,56,35,57
100287243,33,47,19,19,31,29,31,41
3939,1738,1845,2147,2090,2422,1844,1654,2007
728675,5,5,1,0,1,3,1,2
105375024,1,0,0,0,0,0,0,0
221786,22,35,11,12,7,22,16,15
107,22,24,23,22,36,25,25,28
2643,22,27,17,11,11,15,16,14
26052,7,3,7,1,5,4,5,6
105369942,1,2,0,0,0,0,0,1
10440,387,398,214,164,225,259,235,244
6401,0,0,0,0,0,0,0,0
161753,1,0,2,0,3,1,0,0
23175,27,45,65,34,48,44,51,39
101927813,0,0,1,2,0,0,0,0
105374925,1,0,0,0,1,0,0,0
100131866,92,115,144,148,170,134,106,155
387715,1,0,0,0,0,0,0,0
2157,9,15,2,6,1,7,4,4
170516,3,2,0,0,2,4,2,4
4522,316,266,256,213,276,243,231,276
3832,221,267,160,153,185,199,225,198
100132202,0,0,0,2,0,0,0,0
644714,10,8,6,3,4,5,4,8
8408,13,15,15,13,22,28,34,31
54069,244,251,230,212,258,179,232,224
28512,41,50,26,27,36,41,26,44
5101,113,139,98,107,94,59,78,66
124905037,0,0,0,0,0,0,1,0
56063,31,22,18,10,16,23,17,12
400657,43,41,15,20,19,26,20,22
29896,831,922,272,297,184,269,312,265
151649,1,0,0,0,0,0,0,0
727851,64,58,50,36,55,47,60,59
4738,899,1032,853,773,1031,902,752,952
105371620,0,0,0,0,0,1,0,0
5927,269,267,173,174,201,230,184,225
5050,306,368,316,344,419,363,339,354
283922,2,0,1,2,0,0,0,2
101290504,2,7,2,2,3,1,4,4
23214,81,104,67,64,88,97,106,69
107985907,16,20,11,3,12,16,13,14
401470,80,91,43,55,62,87,76,81
439931,35,28,13,23,19,25,26,28
152926,110,81,91,93,133,101,100,100
392225,1,0,0,0,1,0,0,0
105379102,3,1,4,0,2,6,0,0
4043,466,539,208,209,215,287,264,319
110599564,38,69,30,15,35,31,25,34
124904412,1,1,0,0,1,0,0,1
100270950,35,33,28,19,24,32,31,41
3169,18,15,20,12,11,12,12,17
346950,1324,1503,1220,1145,1384,1289,1098,1218
105378663,1,1,0,0,0,2,0,1
133015,22,42,28,25,29,32,17,30
23059,55,70,55,75,95,70,56,82
4192,485,521,292,289,407,471,452,545
124902808,0,0,0,0,0,0,0,0
105379382,6,16,1,1,1,1,0,0
65094,153,195,71,66,92,107,91,108
26205,22,15,11,17,22,13,16,18
442582,19,26,13,7,8,15,9,18
6857,4,8,10,5,9,12,16,14
8976,132,148,114,86,112,142,122,141
9887,100,108,79,56,84,73,68,74
150483,2,3,1,1,2,3,2,3
55357,3,3,1,2,1,2,2,1
4809,1091,1233,775,796,1009,972,894,1016
105373836,1,0,0,0,0,0,0,0
124903286,3,0,0,0,1,1,0,1
5822,75,75,75,47,73,69,51,39
57572,7,1,11,10,9,6,12,7
2749,1,2,0,2,1,1,0,2
5226,619,734,409,425,504,435,465,515
23225,108,81,123,99,111,113,123,109
84722,60,92,27,47,41,44,39,55
731308,82,89,16,14,15,36,36,20
6512,0,0,0,0,0,0,0,0
57478,43,43,27,26,29,28,31,33
6628,1862,2104,1140,1169,1403,1498,1456,1624
121906,0,3,0,1,0,1,1,1
391183,0,0,1,2,1,2,1,1
653333,17,11,7,11,21,14,15,14
10694,990,1022,1072,994,1302,953,909,1043
442777,410,454,441,424,527,469,404,544
101927777,3,1,1,0,1,1,1,1
517,1736,1950,1479,1420,1883,1582,1534,1748
101410538,30,48,51,44,64,61,41,51
340543,2,2,2,2,4,3,2,6
4291,81,67,66,79,107,70,45,76
55876,2,1,5,2,1,1,6,0
10273,334,346,414,375,474,379,423,406
79649,347,391,275,269,350,368,303,366
124901256,0,0,0,0,0,0,0,0
284085,4,6,2,2,2,1,3,2
27445,23,29,36,35,28,22,28,28
158960,28,32,21,11,15,23,18,28
8560,448,467,214,218,242,279,255,309
51741,113,104,53,64,77,73,82,91
3065,352,434,223,197,277,321,313,342
203427,0,0,0,0,0,1,0,0
102724127,0,0,0,1,1,1,0,1
58499,89,83,67,68,41,47,79,64
1965,568,630,330,311,390,402,394,426
105376384,1,1,0,0,0,1,2,1
51101,46,51,38,39,41,38,38,40
4508,2941,2163,2019,1082,1278,2849,2568,3033
25802,5,8,14,15,17,21,16,20
441381,4,5,1,1,1,0,1,1
92162,1,0,1,0,2,2,1,0
646348,8,17,3,7,2,2,12,6
284348,0,4,0,0,3,2,1,1
105377731,0,0,0,0,0,0,0,0
107985631,0,1,0,0,0,1,0,0
4326,0,2,1,0,1,1,2,1
101954275,0,1,0,0,0,0,0,0
643199,0,0,0,0,0,0,0,0
101927300,0,1,6,3,8,7,6,4
646785,95,153,75,78,103,135,107,114
10588,0,1,1,0,0,0,0,0
147948,24,26,9,8,7,8,7,9
100128056,0,2,1,2,0,1,1,0
3592,0,4,12,16,16,15,5,9
4991,0,1,0,0,0,0,0,0
119863870,10,10,10,6,9,11,11,13
105375592,0,1,0,1,0,0,0,1
124901316,0,1,1,0,0,0,0,0
118732304,0,6,1,0,0,3,0,1
5196,0,3,2,0,1,1,2,3
105374729,0,0,3,0,0,0,0,0
84517,0,5,0,1,0,1,2,0
5063,0,3,7,2,8,1,6,3
5836,140,143,158,140,166,203,151,173
54466,0,6,1,2,0,2,3,3
124903951,0,1,0,0,3,0,1,1
1947,29,28,19,26,27,18,32,20
100272220,2,6,0,2,1,3,2,0
6862,0,1,0,2,0,0,1,0
124903042,0,1,1,4,0,1,1,2
728577,2,4,3,4,1,0,12,7
342035,0,2,1,1,1,2,0,0
9075,0,1,0,0,0,1,0,0
654338,0,2,1,3,4,1,3,2
7296,226,246,193,167,204,235,233,231
124907768,0,1,0,0,0,0,0,1
430,0,1,0,0,0,0,0,0
100132967,0,1,0,0,0,0,0,0
57213,110,131,106,81,109,130,114,129
11275,7,9,6,5,8,15,7,11
124909435,0,2,0,1,0,0,1,2
283208,0,0,0,0,0,0,0,1
387104,1,0,0,0,1,0,0,0
3071,0,3,5,3,4,2,5,2
57030,0,2,1,0,0,0,1,1
105375236,0,1,0,1,0,1,2,2
124904112,0,1,2,0,0,1,0,0
286103,0,1,0,0,0,0,0,0
100132774,0,13,1,4,1,3,8,1
124901473,0,1,0,1,0,0,0,0
124905466,0,4,0,1,2,1,1,2
124901362,0,0,0,0,0,0,0,0
101927891,0,3,0,1,1,1,0,1
105375363,0,3,0,0,0,1,1,0
23590,47,35,18,13,21,22,31,27
100189052,0,1,0,0,0,0,0,0
101928689,0,0,0,0,0,0,0,1
105379123,0,2,0,0,0,1,0,0
100507582,0,2,0,0,0,0,1,2
27199,0,1,0,0,1,0,1,1
441454,18,16,23,21,32,29,29,13
440,0,4,2,2,1,2,2,3
107986010,1,1,0,1,0,1,0,0
25764,0,1,2,1,0,1,1,0
100129144,0,0,0,0,0,0,0,0
9242,0,5,1,0,1,3,5,3
100419572,0,1,0,0,0,0,0,0
101928636,0,1,0,0,0,0,0,0
23037,0,3,4,3,5,3,5,4
105377382,0,1,0,0,0,0,0,0
81689,128,131,90,77,94,97,102,87
645579,121,115,92,121,133,113,120,120
105370894,0,1,0,0,0,0,0,0
6508,0,1,4,2,4,1,1,1
255394,0,2,5,8,8,5,3,10
100616436,0,0,0,0,0,0,0,0
84216,9,10,10,4,8,7,6,5
124900769,0,1,0,0,0,0,0,0
100462953,6,5,5,3,1,5,6,7
7196,0,2,1,0,0,0,0,0
124905310,6,4,2,3,4,2,4,3
646864,0,1,0,0,0,0,0,0
136051,33,23,5,7,5,5,7,4
64801,225,284,136,153,188,205,169,208
105375382,0,1,1,0,0,0,1,0
338755,0,1,2,0,1,0,0,0
101929617,0,1,0,0,0,0,0,0
124903203,0,0,0,0,0,0,0,0
7652,0,2,0,0,0,0,0,0
100418943,0,0,0,0,0,0,0,0
8789,0,1,0,0,0,0,0,0
107987165,0,1,0,0,0,0,0,0
107986196,0,1,1,2,2,0,0,1
387646,0,1,0,0,0,1,0,0
123706545,5,4,2,2,2,3,3,3
220416,0,2,0,4,1,2,4,1
105373031,0,0,4,0,2,2,2,3
79645,0,1,0,0,0,0,0,0
100133259,0,1,0,0,1,1,0,1
23434,0,0,0,0,0,0,0,0
112268269,0,1,5,3,4,4,3,6
9963,0,1,0,0,1,1,2,2
105371274,0,1,0,0,0,0,0,0
100189394,0,0,0,0,0,0,0,0
23241,43,27,29,29,34,29,25,30
124903997,0,1,0,1,1,1,0,2
203547,385,443,286,242,282,317,302,323
91370,0,2,3,1,2,0,2,2
124901329,0,0,0,0,0,0,0,0
124902839,0,1,2,2,1,0,0,0
503569,1,2,1,1,2,3,2,0
374887,8,10,7,7,8,10,15,11
50943,0,1,0,0,1,0,1,0
105369403,0,1,0,1,1,0,3,1
83941,113,112,82,84,94,102,96,109
401472,0,4,1,1,3,3,2,4
105374789,0,1,0,0,0,0,0,0
260425,39,66,63,62,77,67,73,82
100127206,0,1,0,0,0,0,0,0
101928369,0,2,2,2,2,3,1,2
344405,0,1,0,2,3,1,3,0
124906145,0,2,0,2,0,2,1,0
158880,0,3,2,1,1,5,3,3
378805,0,2,2,1,7,1,2,6
100130075,0,0,0,0,0,0,0,0
107984281,0,1,1,0,0,0,0,2
100289143,2,1,1,1,2,1,0,1
56961,0,1,2,1,2,1,2,4
100505683,0,1,2,3,3,2,0,3
4285,35,30,39,46,53,45,44,36
284427,0,2,0,0,1,0,0,0
112755,0,1,1,0,0,0,0,0
105373743,0,0,0,0,0,0,0,0
11178,0,1,3,6,1,1,2,0
107986660,0,1,0,1,1,0,0,0
57826,62,76,40,47,60,48,47,60
124900869,0,2,0,0,0,0,0,0
105374852,1,0,1,1,2,5,2,3
124904609,0,1,0,1,0,0,0,0
131696449,0,1,0,0,0,0,0,0
3299,0,1,1,1,0,2,1,1
124907997,0,0,0,1,0,0,1,1
340204,0,1,0,1,1,0,1,1
153,2,2,3,4,1,3,1,1
83894,0,1,0,0,0,0,0,0
124904699,0,1,1,0,0,0,0,0
105374418,0,1,0,0,0,0,0,0
107984352,0,1,0,0,0,0,0,0
441430,0,1,0,2,2,3,4,1
105378026,0,1,0,0,0,0,0,0
440712,0,1,0,1,0,0,0,0
124906091,0,2,0,0,0,0,1,0
100132766,0,1,1,1,0,3,2,3
441878,0,3,0,2,1,0,0,1
105372429,0,2,2,2,1,0,2,1
1879,11,12,7,6,6,1,4,7
399948,0,1,0,0,0,0,0,0
442524,0,2,3,2,3,2,5,3
124901031,0,2,0,0,0,0,1,0
284359,0,1,0,0,0,0,2,0
124903625,3,6,4,10,8,3,1,7
100038246,0,1,2,1,0,1,0,6
8128,0,0,4,3,0,0,2,1
101928387,0,1,0,1,0,0,0,0
100652865,0,0,0,0,0,0,0,0
23228,21,19,17,23,18,11,22,20
101928483,0,1,1,1,2,0,2,2
124904718,0,3,0,0,1,0,1,1
648740,5,2,1,2,1,5,2,3
124906078,0,2,2,0,0,0,1,1
124904088,0,1,0,0,0,1,1,1
22941,0,2,3,0,0,1,2,0
80320,0,0,1,1,1,0,2,4
107986824,0,1,2,1,0,1,0,0
6334,5,5,1,5,3,2,3,5
677763,0,1,1,0,5,1,4,0
101927345,3,0,1,0,0,0,0,0
124900718,0,2,0,1,1,0,0,3
101927088,1,0,0,0,0,0,0,0
100189419,0,1,1,1,2,0,1,1
105372558,0,3,2,3,2,10,5,10
2965,57,51,28,32,29,34,46,37
100873965,0,2,1,0,1,1,0,2
84814,3,1,2,2,5,1,0,4
105370960,0,1,0,1,0,0,0,0
121006,0,0,0,0,0,0,0,0
2558,0,3,1,0,1,2,0,5
440603,0,1,0,0,0,1,1,0
100189065,0,2,0,0,2,0,2,2
3955,0,2,1,0,0,2,0,0
100420351,0,1,0,1,1,1,2,1
168544,0,1,2,7,7,4,1,5
4585,0,1,0,0,1,0,0,0
108,0,0,0,0,0,0,0,0
124900394,0,1,0,0,0,0,0,0
684,25,20,149,128,142,14,12,14
100189179,0,3,1,0,0,0,0,0
55973,0,4,0,1,2,1,3,2
105371723,0,1,0,0,0,0,0,0
55231,0,0,0,0,0,3,0,0
100271871,0,1,0,1,0,1,0,0
105,0,0,0,0,0,1,0,0
124906032,0,0,0,0,0,0,0,0
100271357,1,0,0,0,1,1,0,1
100133234,1,0,1,1,1,0,0,0
100130481,0,2,1,1,0,3,1,0
3972,1,0,0,0,0,0,1,1
340037,0,1,0,0,0,0,0,0
692094,0,1,0,1,0,0,0,1
3855,0,1,1,0,0,0,0,0
124902129,0,1,0,0,0,0,0,0
107987228,0,3,1,4,1,3,6,2
124904800,0,1,0,0,1,0,0,0
4498,0,0,0,0,0,0,0,0
404636,105,143,92,84,107,125,112,147
101927751,0,1,0,1,0,0,0,1
101928278,0,2,0,1,0,0,1,0
5460,0,0,0,0,0,1,0,0
140564,0,2,2,6,5,4,0,0
118732303,0,1,0,0,0,0,0,0
124903312,0,1,1,0,0,0,2,1
102724030,0,1,1,1,1,1,0,0
474174,0,1,0,0,0,0,1,0
102060414,0,2,0,1,1,0,0,1
124907739,0,1,0,0,0,0,0,0
6860,0,1,1,2,0,2,0,0
124904069,0,2,0,0,2,2,1,0
105369226,0,1,1,0,0,0,0,0
100506433,0,1,0,0,0,1,0,2
105378724,0,1,0,0,0,0,0,0
29881,0,1,2,0,2,1,1,2
101926971,0,0,0,0,0,0,0,0
112268435,0,3,3,2,2,6,2,3
100996539,0,2,1,3,4,2,2,0
124903064,0,1,1,0,0,2,0,0
124906304,4,1,1,0,0,0,1,1
119139906,0,1,0,0,2,0,0,1
106479955,0,2,0,0,0,0,0,0
101929272,0,1,0,0,0,0,1,0
23552,8,14,7,10,14,14,9,15
105371493,0,1,0,0,1,0,0,1
115827,0,4,2,1,4,0,1,1
4761,0,1,2,0,1,0,1,0
107987095,1,3,2,2,0,7,1,2
101928529,0,1,2,1,2,2,2,1
4014,0,1,0,0,0,0,0,0
220115,0,1,0,0,0,1,0,0
1238,0,1,0,0,0,0,0,0
105379246,0,0,0,1,0,0,0,0
10467,618,708,487,473,568,569,481,591
100130934,0,2,0,0,0,1,0,1
100130331,0,2,0,0,1,0,0,1
124902708,0,1,0,0,0,0,0,0
643904,0,2,0,1,0,2,0,1
107985963,0,2,0,0,0,0,0,0
122152330,0,2,0,0,0,0,0,0
105370227,1,1,0,0,0,0,0,0
4654,0,1,0,1,2,1,2,2
51738,0,1,0,0,0,0,0,0
89,0,1,0,0,0,0,0,0
9427,4,7,2,2,1,3,5,7
1813,1,0,2,1,0,0,0,0
8711,0,2,0,0,0,0,1,2
107985830,0,2,1,0,1,1,0,0
79191,79,65,78,79,91,66,71,101
124872,0,1,0,0,0,0,0,0
339366,0,2,2,0,0,3,2,0
4057,0,1,0,1,0,0,0,0
101929479,0,1,2,0,0,0,0,0
30000,157,149,120,87,70,94,116,102
6853,0,1,0,0,0,0,1,0
441161,0,1,1,0,0,0,0,0
84922,7,10,6,8,13,2,8,9
124904957,0,1,0,1,0,0,0,0
159686,0,0,0,1,0,0,1,3
653658,1174,1394,1138,1056,1301,1305,1084,1243
100101440,0,1,0,0,1,0,0,0
645691,14,24,13,20,16,22,16,16
100421131,0,1,0,0,0,0,0,0
105373511,0,0,0,1,0,0,0,0
9456,73,66,66,61,82,71,84,77
84258,0,5,5,3,4,3,2,7
375759,0,0,0,0,0,0,0,0
3600,0,4,1,2,2,6,2,4
285819,0,0,0,0,0,0,2,0
10069,74,90,70,74,78,68,77,81
100128966,1,3,5,4,6,2,0,5
84777,0,1,0,0,0,0,1,0
100996384,0,2,0,0,0,0,0,1
100271398,0,1,1,1,0,1,1,1
731157,0,1,0,2,1,0,0,0
7850,0,1,0,0,0,0,0,0
101927944,0,1,0,0,0,0,0,0
105370177,2,0,0,0,0,0,0,0
5753,0,2,0,0,0,0,0,0
100128285,1,0,0,0,0,0,0,0
101928346,0,1,0,3,0,0,0,0
100189005,0,0,0,0,1,0,0,0
935,0,2,0,0,0,0,0,1
124902334,1,0,0,0,0,0,0,0
105372631,0,2,0,1,0,0,0,0
124901084,1,0,0,0,0,0,0,0
124905545,0,2,1,2,0,0,2,0
100421397,0,2,6,3,1,6,5,1
54106,0,0,0,0,0,0,0,0
124906274,0,1,0,0,1,0,0,0
948,0,1,0,0,0,0,0,0
100381215,1,2,4,3,6,1,2,0
285220,2,1,1,1,1,0,1,2
101060553,0,2,1,0,0,0,0,0
105372146,0,0,0,0,0,0,0,0
83451,22,35,7,12,12,13,26,27
107986455,0,1,1,1,1,2,0,2
124902383,0,1,5,3,0,2,0,0
124904170,0,1,0,0,0,2,0,0
124904255,0,1,0,0,0,0,0,0
124900512,0,1,1,2,3,0,1,1
122455341,0,2,0,0,0,1,0,0
105374749,0,1,0,1,0,1,1,1
7477,0,1,2,3,2,3,3,4
100128054,0,0,0,0,1,0,0,0
176,1,0,0,0,0,0,0,0
124903940,0,1,2,0,0,0,1,1
84870,0,3,4,1,4,3,1,1
130752,2,2,4,2,2,1,3,1
105374689,0,1,0,0,0,0,0,0
102723338,0,0,0,1,0,0,0,0
6573,149,132,64,65,82,55,64,59
105375378,0,3,0,1,0,0,0,0
414060,0,1,0,0,0,0,0,0
105369373,0,1,0,0,0,0,0,0
8807,0,1,0,0,0,0,1,0
100420423,0,2,0,0,0,0,1,0
253512,11,15,20,19,14,14,19,29
8826,192,190,199,170,206,219,205,248
646954,0,1,0,0,0,1,0,0
124904120,0,1,0,0,0,0,0,0
100874095,0,0,0,0,0,0,0,0
124900576,0,0,0,0,0,0,1,0
643339,0,1,1,1,1,6,2,0
105371311,0,1,0,0,0,0,0,0
124901067,0,1,0,0,0,0,0,1
124902968,0,0,1,0,1,0,0,1
124901331,0,1,0,0,0,0,0,1
146857,0,1,1,1,3,0,0,0
100506133,0,1,0,0,0,0,1,1
152641,0,0,0,0,0,0,0,0
57579,22,23,16,11,8,18,13,20
286967,0,1,1,0,0,0,1,0
728752,0,2,0,2,3,3,2,3
30835,0,1,0,0,0,0,0,0
147906,3,0,2,0,2,2,4,0
110841581,0,1,1,4,4,2,5,4
105370791,0,2,0,1,0,0,0,1
100506334,0,1,1,1,1,2,0,2
374393,148,165,90,78,85,113,133,126
692223,0,1,1,0,0,0,0,0
1600,0,3,3,1,5,1,4,2
124904125,0,0,0,0,0,0,1,0
7277,7,5,4,2,3,2,3,2
105369728,0,2,0,0,0,1,2,2
8495,0,3,2,3,1,2,2,2
105370384,0,1,0,1,0,0,0,0
459,2,1,1,2,2,4,3,2
124904610,0,2,2,0,2,2,1,3
100419880,1,0,0,0,0,0,0,0
3633,40,32,34,27,25,37,33,32
124903246,0,2,2,0,0,0,0,0
776,0,1,1,1,1,0,2,0
2912,0,0,0,0,0,0,0,0
101927647,0,1,0,0,1,0,0,0
124904657,0,2,0,0,0,1,0,0
124901419,0,1,0,0,0,0,0,0
107987266,0,1,1,0,1,0,0,3
2690,0,1,3,3,3,4,1,1
729178,0,0,0,0,1,0,0,0
9208,189,170,248,230,233,200,203,173
326305,0,6,1,2,0,0,1,1
127752397,0,0,0,0,0,0,0,0
10633,3,1,2,5,2,5,3,5
55561,0,3,1,2,0,0,3,1
100294160,0,1,0,0,0,1,0,1
84141,0,3,2,3,3,4,2,2
152185,2,8,8,6,6,2,7,4
3199,1,1,2,0,2,1,1,1
347689,0,1,1,0,3,0,0,0
124901024,0,0,0,0,1,0,0,0
124900913,0,1,0,1,0,0,0,0
124903974,0,2,0,0,0,0,0,0
124907919,0,1,0,0,0,0,0,0
124905042,0,0,0,1,0,1,0,0
442272,0,2,0,0,0,0,0,0
649264,0,0,0,0,1,0,0,0
100009613,0,0,0,0,0,0,0,0
128346,0,2,0,0,0,0,1,0
23645,38,42,53,53,44,39,42,57
100874479,0,1,0,0,1,1,1,0
105379426,0,1,2,1,0,1,2,1
124902946,0,0,0,0,0,0,0,0
160518,15,21,24,23,29,29,32,27
105376063,0,1,1,0,2,1,1,0
390688,0,0,0,0,0,0,0,0
105371348,1,0,2,4,2,1,0,2
100188987,0,3,0,0,1,1,0,0
107986586,0,0,0,0,0,0,0,0
140706,0,0,2,1,3,1,1,1
124903822,0,1,0,1,1,0,0,1
102723834,0,0,0,1,0,0,0,0
347097,0,2,0,0,1,0,1,0
107985184,0,1,1,0,0,0,0,0
124902929,0,1,0,0,0,0,0,0
758,0,1,1,1,0,0,0,0
728945,1,2,1,0,2,3,0,0
326309,5,7,6,0,6,6,5,2
100128568,1,0,0,0,0,1,1,0
8447,0,1,1,0,0,1,0,0
124901010,0,1,0,0,0,0,0,0
105373759,0,2,0,0,0,1,0,0
4320,0,2,1,0,0,1,2,2
150356,0,3,0,0,0,1,0,0
124907763,0,1,0,0,0,0,0,0
9750,0,1,0,0,0,3,1,0
54760,0,1,2,0,1,1,1,1
284353,0,1,0,0,0,0,0,2
652966,0,1,1,0,3,0,0,0
100189354,0,1,0,0,0,0,0,0
124905322,0,1,0,0,0,1,0,0
647859,1,1,2,2,5,2,3,2
401097,0,3,5,2,2,1,7,4
100422556,0,1,2,0,2,2,2,1
105372671,0,0,0,0,0,0,0,0
58473,9,12,5,6,6,4,5,4
124900419,0,1,0,0,1,0,0,0
449520,0,1,0,0,0,0,0,0
124900794,0,1,0,0,0,1,0,0
4023,9,8,19,19,12,22,14,20
226,0,5,2,4,0,2,4,6
124903510,0,1,0,0,1,0,1,0
84504,0,0,1,0,4,1,0,0
101929563,0,1,3,0,2,0,0,0
105373509,0,0,0,0,0,0,0,0
124903009,0,1,0,0,0,0,0,0
124902769,0,2,0,0,0,0,0,0
100189185,0,1,0,0,0,1,2,0
101927390,0,1,1,0,0,0,0,0
84231,51,37,66,52,57,36,58,54
101926889,0,2,4,0,1,2,1,2
109623472,0,1,0,0,0,0,0,0
25923,6,5,9,3,7,9,12,12
9535,0,1,6,3,5,3,0,2
2788,6,4,12,15,18,11,10,14
105370941,0,1,1,0,0,1,0,0
728643,0,1,1,0,1,1,0,0
145226,0,1,0,0,0,0,0,0
11346,1,1,2,2,2,0,4,6
567,1169,1193,1133,1008,1368,984,853,1059
6423,0,3,0,1,1,8,8,2
124905532,0,1,0,0,0,0,0,1
474,0,1,1,1,1,4,0,3
10804,0,0,0,0,0,0,0,0
105372705,0,0,0,0,2,2,1,0
101928824,0,1,0,0,0,1,0,1
6820,0,2,2,2,1,0,1,1
220359,1,0,3,2,0,1,2,1
326317,0,1,0,1,0,1,0,0
105375470,0,1,0,0,1,0,1,0
221613,0,0,0,0,0,0,0,0
100289511,3,5,1,0,0,0,2,1
4549,4357,4345,4144,3538,3198,3850,3715,4410
347716,0,2,2,0,0,2,0,3
7274,2,0,2,2,3,0,2,1
124903507,0,1,1,0,1,0,0,0
124907731,0,0,0,1,0,0,0,0
729218,1,1,1,0,2,1,1,0
124903892,0,1,2,1,0,1,1,0
359819,4,4,5,3,4,0,3,2
101927257,0,2,1,0,0,0,0,2
100130705,1,0,0,3,1,0,0,0
79727,0,1,0,0,0,0,0,0
105369864,0,1,0,1,0,0,1,0
101060632,0,1,0,0,0,0,0,1
26206,0,1,0,0,1,1,1,0
93487,400,394,168,185,236,194,214,209
285126,0,1,0,0,0,1,0,0
91653,6,2,9,9,7,7,9,18
112577462,0,1,0,0,0,0,0,0
402182,0,1,0,0,4,3,1,0
124904145,0,1,2,1,1,3,4,1
57337,15,15,28,26,24,27,22,19
100189387,0,2,0,0,0,0,0,0
644029,146,179,124,103,129,146,136,133
124902932,0,1,0,0,0,0,0,0
1268,0,1,0,1,2,0,0,0
400927,0,2,0,0,0,0,0,0
124901389,0,1,0,0,1,0,0,0
90827,0,1,0,0,0,0,0,0
106480959,0,1,0,0,0,0,0,0
50614,0,1,0,0,0,0,0,0
728602,0,6,1,1,3,4,4,1
29802,0,2,0,2,1,1,1,4
5549,0,1,0,0,0,0,0,3
351,130,140,165,168,204,130,161,151
105378421,0,1,6,4,3,2,3,3
105373414,0,1,0,0,0,0,0,0
28959,0,1,3,1,2,0,1,2
100287846,1,0,0,0,0,0,0,0
100189277,0,1,3,2,3,1,1,0
124903957,0,1,0,0,0,0,0,0
100996649,1,0,0,0,0,0,0,0
51513,0,1,2,0,5,2,6,3
641700,0,0,0,0,0,0,0,0
29066,160,184,137,117,130,152,140,140
100271062,0,1,0,1,0,1,0,1
100132103,0,0,0,0,1,0,0,0
374875,0,2,4,3,6,4,2,3
